frame_id,vehicle_id,class,x1,y1,x2,y2,confidence
0,1,car,587.15,39.62,689.77,76.03,0.878
0,2,car,745.1,303.3,958.26,482.03,0.8675
0,3,car,655.75,26.81,732.0,56.95,0.8526
0,4,car,442.56,32.65,507.74,65.12,0.7616
0,5,car,919.49,21.11,959.71,46.89,0.6877
0,6,car,239.52,21.22,314.65,60.97,0.393
0,7,car,611.54,9.22,663.42,42.64,0.3765
0,8,car,337.05,12.86,366.54,36.3,0.3584
0,9,car,446.21,0.32,493.2,22.14,0.2775
0,10,car,680.18,516.6,821.2,540.0,0.2619
0,11,car,418.3,0.26,446.51,20.8,0.2367
0,12,bike,754.68,68.79,790.54,89.97,0.2077
0,13,car,807.54,50.46,864.01,85.08,0.2048
0,14,bike,798.82,22.06,821.86,46.47,0.1735
0,15,bike,218.72,108.03,258.98,140.97,0.1693
0,16,bike,586.25,83.61,633.38,129.86,0.1591
0,17,bike,49.46,118.93,71.79,148.25,0.1542
0,18,car,405.44,0.23,427.91,18.99,0.1024
0,19,car,381.32,14.88,426.7,47.31,0.1007
1,1,car,588.59,39.52,692.42,76.37,0.8885
1,2,car,743.62,300.44,952.03,475.19,0.8509
1,3,car,654.21,26.76,730.54,56.95,0.8292
1,4,car,443.69,32.46,508.8,64.89,0.7657
1,5,car,919.27,20.62,959.72,46.55,0.7539
1,6,car,240.95,20.94,316.32,60.78,0.3084
1,7,car,611.49,8.94,662.76,41.97,0.4512
1,8,car,337.36,12.95,366.2,35.89,0.3666
1,9,car,445.29,0.38,491.64,21.97,0.3258
1,10,car,642.66,503.66,857.48,539.54,0.5857
1,12,bike,754.3,68.57,793.12,91.51,0.3109
1,13,car,810.05,50.0,867.31,85.08,0.3875
2,1,car,591.75,39.96,695.08,76.65,0.8712
2,2,car,742.33,296.85,949.11,470.31,0.8676
2,3,car,652.32,26.73,727.74,56.55,0.6828
2,4,car,445.35,32.63,510.58,65.07,0.7691
2,5,car,918.82,19.98,960.0,46.52,0.738
2,6,truck,243.77,21.04,319.26,60.88,0.2499
2,7,car,611.67,9.45,661.42,41.51,0.4891
2,8,car,337.68,12.97,366.55,35.95,0.3636
2,10,car,611.1,491.85,892.53,539.46,0.6991
2,13,car,813.67,50.59,868.42,84.07,0.2334
3,1,car,594.36,39.11,700.16,76.71,0.8454
3,2,car,742.6,294.1,943.84,462.84,0.7682
3,3,car,650.06,27.26,726.97,57.75,0.6813
3,4,car,446.92,32.61,513.26,65.56,0.7651
3,5,car,919.23,20.77,959.84,46.82,0.6911
3,6,truck,244.07,21.04,319.96,61.06,0.2429
3,7,car,610.47,8.64,660.38,40.83,0.4246
3,8,car,337.86,12.95,366.05,35.39,0.3076
3,10,car,575.35,478.4,928.22,539.31,0.762
4,1,car,596.87,38.96,703.44,76.87,0.8345
4,2,car,741.56,291.33,939.47,457.3,0.7249
4,3,car,650.04,27.08,724.72,56.76,0.6542
4,4,car,448.94,32.81,515.03,65.54,0.7772
4,5,car,918.6,20.16,959.99,46.73,0.7472
4,6,truck,243.76,21.08,320.25,61.4,0.2228
4,7,car,609.56,8.59,658.96,40.47,0.486
4,8,car,338.71,13.2,366.17,35.08,0.2792
4,10,car,536.77,464.78,958.14,539.46,0.7123
5,1,car,598.93,38.96,705.27,76.82,0.8259
5,2,car,738.67,287.86,932.95,450.76,0.6947
5,3,car,649.83,26.61,724.16,56.35,0.6176
5,4,car,450.84,33.02,516.53,65.4,0.7505
5,5,car,919.02,20.54,959.55,46.53,0.7354
5,6,car,244.16,21.48,321.03,61.87,0.2945
5,7,car,609.13,8.82,659.82,41.53,0.4992
5,8,car,336.88,12.76,365.01,35.02,0.2786
5,10,car,503.41,450.75,960.0,538.93,0.7179
5,60,car,451.48,1.17,508.97,22.24,0.3483
5,11,car,418.63,1.43,446.12,21.57,0.267
6,1,car,602.22,38.92,708.8,76.97,0.8329
6,2,car,736.33,285.6,926.67,444.9,0.6645
6,3,car,648.66,26.11,721.09,55.22,0.5762
6,4,car,452.77,32.97,519.04,65.51,0.7782
6,5,car,918.38,20.14,959.55,46.53,0.7021
6,6,car,246.16,21.64,324.47,62.51,0.291
6,7,car,608.28,8.35,660.2,41.95,0.4296
6,8,car,337.16,12.67,365.35,34.86,0.3076
6,10,car,479.21,438.1,960.0,538.77,0.8248
6,60,car,452.29,1.08,510.18,22.33,0.4826
7,1,car,606.73,39.45,710.84,76.6,0.8232
7,2,car,734.51,282.22,921.88,438.64,0.7922
7,3,car,647.12,25.42,717.37,53.72,0.5013
7,4,car,455.2,33.21,521.69,65.71,0.7275
7,5,car,918.44,20.34,959.35,46.53,0.6913
7,6,truck,249.88,21.82,327.74,62.17,0.225
7,7,car,607.02,7.85,659.25,41.69,0.4186
7,8,car,337.78,12.72,366.23,35.06,0.2683
7,10,car,452.48,424.6,960.0,538.99,0.7802
7,60,car,453.44,0.96,511.17,22.21,0.5184
7,11,car,418.3,1.45,445.33,21.5,0.2557
8,1,car,609.41,39.51,713.99,76.85,0.8192
8,2,car,732.67,279.16,918.79,434.34,0.7338
8,3,car,640.53,25.03,711.02,53.24,0.5659
8,4,car,456.87,33.04,524.27,65.81,0.7452
8,5,car,918.29,20.39,959.85,47.04,0.7358
8,6,car,249.94,21.42,328.96,62.16,0.2909
8,7,car,606.01,7.82,658.66,41.93,0.5192
8,8,car,337.41,12.7,366.18,35.07,0.2983
8,10,car,439.99,414.44,960.0,538.67,0.7825
8,60,car,454.93,1.18,512.34,22.33,0.5852
8,11,car,418.37,1.39,445.15,21.47,0.254
9,1,car,614.09,40.18,716.13,76.52,0.8101
9,2,car,731.07,277.2,915.47,431.02,0.6801
9,3,car,637.69,24.39,707.46,52.04,0.37
9,4,car,458.2,33.17,526.29,66.11,0.7794
9,5,car,918.65,20.31,959.47,46.44,0.768
9,6,truck,248.43,21.51,327.43,62.15,0.2604
9,7,car,605.81,7.76,657.76,41.36,0.5138
9,8,car,335.42,11.86,365.78,35.19,0.2895
9,10,car,429.52,404.54,960.0,538.47,0.801
9,60,car,456.11,1.44,513.34,22.52,0.5473
10,1,car,617.36,40.4,718.91,76.51,0.8328
10,2,car,730.61,274.9,911.01,425.11,0.5788
10,3,car,634.51,23.84,705.42,51.75,0.2981
10,4,car,460.08,33.14,528.79,66.23,0.7481
10,5,car,918.54,20.21,959.32,46.27,0.7621
10,6,truck,246.62,21.61,325.02,61.92,0.2678
10,7,car,605.58,7.47,658.42,41.56,0.5055
10,8,car,337.18,12.66,366.53,35.17,0.2522
10,10,car,421.35,394.91,960.0,538.55,0.7031
10,60,car,457.73,1.81,514.11,22.49,0.4207
11,1,car,619.25,40.5,721.59,76.89,0.8079
11,2,car,728.82,271.34,908.45,420.75,0.539
11,3,car,631.79,23.65,702.65,51.34,0.3097
11,4,car,460.92,33.13,530.05,66.17,0.7628
11,5,car,918.94,20.6,958.96,46.07,0.7042
11,7,car,602.86,6.65,656.49,41.51,0.4762
11,8,car,337.05,12.83,367.06,35.8,0.2626
11,10,car,412.76,385.33,960.0,538.24,0.7104
11,60,car,458.34,1.75,515.15,22.5,0.4937
12,1,car,620.89,40.21,726.7,77.89,0.8332
12,2,car,728.68,268.8,904.51,414.73,0.7343
12,3,car,629.24,23.64,700.51,51.31,0.3188
12,4,car,462.68,33.41,532.24,66.45,0.7786
12,5,car,918.92,20.98,959.0,46.4,0.6818
12,7,car,601.73,5.83,655.78,41.17,0.5731
12,8,car,330.95,11.04,365.16,36.64,0.3815
12,10,car,411.36,374.92,960.0,538.37,0.8362
12,60,car,459.26,1.69,516.65,22.5,0.2574
12,141,car,694.26,0.2,728.64,21.89,0.3172
12,6,car,246.3,21.97,321.71,61.39,0.3526
13,1,car,624.08,40.48,728.81,77.77,0.8203
13,2,car,725.91,266.79,899.83,410.64,0.6858
13,3,car,628.99,24.23,696.17,49.91,0.3421
13,4,car,463.86,33.49,535.27,67.23,0.7885
13,5,car,918.85,20.42,959.5,46.22,0.7341
13,7,car,600.23,5.62,653.09,40.48,0.5914
13,8,car,329.5,11.22,364.41,36.73,0.3017
13,10,car,410.86,365.86,960.0,538.69,0.8325
13,60,car,447.48,1.56,529.82,32.09,0.4403
13,151,bike,53.26,109.56,80.01,147.91,0.4055
13,6,car,247.8,22.38,321.12,61.34,0.2955
14,1,car,627.38,41.14,730.3,77.7,0.8457
14,2,car,724.17,265.19,896.78,407.52,0.5687
14,3,car,623.38,24.2,697.78,52.83,0.3752
14,4,car,465.61,33.41,537.72,67.3,0.748
14,5,car,919.32,20.83,959.96,46.69,0.733
14,7,car,599.34,5.47,650.75,39.73,0.5696
14,10,car,408.43,358.58,960.0,539.26,0.8336
14,60,car,453.58,1.69,526.39,28.53,0.4479
14,151,bike,53.81,110.64,79.66,147.69,0.3164
15,1,car,630.55,41.27,733.4,77.68,0.8541
15,2,car,721.92,263.31,894.36,405.23,0.6892
15,3,car,620.16,24.47,696.01,53.71,0.5834
15,4,car,467.51,33.67,539.71,67.39,0.7539
15,5,car,919.15,20.51,959.81,46.38,0.7529
15,7,car,599.62,5.39,650.29,39.28,0.5684
15,10,car,411.3,350.36,960.0,538.21,0.8759
15,60,car,458.88,1.46,523.37,24.98,0.5038
15,8,car,326.33,9.68,364.18,36.72,0.2973
16,1,car,633.36,41.7,736.21,77.98,0.8853
16,2,car,721.5,260.67,891.9,400.5,0.6548
16,3,car,617.81,24.4,693.62,53.68,0.7059
16,4,car,468.74,33.67,542.69,68.09,0.7429
16,5,car,918.55,19.76,960.0,46.7,0.6951
16,7,car,597.99,5.4,647.52,38.99,0.6124
16,10,car,424.68,342.8,960.0,531.18,0.8335
16,60,car,462.06,1.46,523.0,23.45,0.4661
16,8,car,325.89,7.54,367.46,37.14,0.2825
16,141,car,693.05,0.32,726.95,21.8,0.2678
16,6,truck,256.73,21.08,331.34,60.47,0.322
17,1,car,636.39,41.88,740.04,78.44,0.8496
17,2,car,719.25,258.8,888.01,396.81,0.6208
17,3,car,615.8,24.44,691.24,53.71,0.6976
17,4,car,470.8,33.4,544.56,67.55,0.68
17,5,car,918.8,20.04,960.0,46.72,0.712
17,7,car,598.24,5.29,647.26,38.79,0.7064
17,10,car,441.98,335.67,960.0,521.63,0.7754
17,60,car,464.06,1.37,524.16,22.78,0.4713
17,8,car,326.67,7.5,368.76,37.48,0.2697
17,141,car,692.05,0.25,726.02,21.83,0.365
17,6,truck,258.54,20.47,334.83,60.5,0.3732
17,151,bike,57.27,113.09,83.05,149.94,0.3941
18,1,car,637.4,41.77,743.23,79.13,0.835
18,2,car,717.4,256.74,885.08,393.43,0.4937
18,3,car,614.02,24.36,688.89,53.56,0.7041
18,4,car,473.23,33.41,546.99,67.44,0.6679
18,5,car,919.3,20.27,960.0,46.49,0.7313
18,7,car,597.97,5.3,646.72,38.86,0.6379
18,10,car,459.9,330.01,932.13,509.38,0.7399
18,60,car,465.23,1.08,526.19,22.56,0.4855
18,141,car,692.56,0.32,725.96,21.65,0.3426
18,6,truck,259.63,20.59,336.28,60.64,0.3123
19,1,car,641.29,42.22,746.55,79.33,0.8495
19,2,car,714.92,255.97,881.47,391.27,0.7165
19,3,car,612.65,24.51,686.22,53.42,0.7556
19,4,car,474.56,34.68,548.56,68.53,0.7266
19,5,car,919.2,20.16,960.0,46.59,0.6956
19,7,car,596.96,4.97,645.96,38.99,0.6416
19,10,car,472.4,322.94,907.84,498.09,0.8041
19,60,car,465.51,1.34,527.51,22.89,0.4176
19,141,car,692.26,0.34,725.77,21.83,0.3069
19,6,truck,260.01,20.52,337.17,60.64,0.3637
20,1,car,643.3,42.36,750.65,80.22,0.8584
20,2,car,714.38,253.71,878.89,386.87,0.6712
20,3,car,610.71,24.62,683.71,53.59,0.7542
20,4,car,474.99,34.83,551.15,69.41,0.7037
20,5,car,918.3,19.55,960.0,46.97,0.6277
20,7,car,595.88,5.01,643.64,38.39,0.6289
20,10,car,484.74,318.02,884.1,487.79,0.8232
20,60,car,466.67,1.04,528.92,22.47,0.4849
20,141,car,690.06,0.13,724.62,22.14,0.4038
20,6,car,260.02,20.97,337.81,61.31,0.3343
21,1,car,646.17,42.64,754.22,80.91,0.8835
21,2,car,712.31,251.49,877.64,385.18,0.6399
21,3,car,609.08,24.76,682.51,54.17,0.7632
21,4,car,477.99,36.55,552.05,69.68,0.7303
21,5,car,917.91,19.38,960.0,47.26,0.6705
21,7,car,594.4,4.99,640.98,37.9,0.6187
21,10,car,498.4,311.11,863.61,474.75,0.7869
21,60,car,466.85,1.54,529.26,22.61,0.4346
21,141,car,690.11,0.07,724.47,21.96,0.4703
21,6,car,260.05,21.24,337.42,61.28,0.4602
22,1,car,650.34,42.91,756.58,80.56,0.8688
22,2,car,710.39,250.03,876.2,383.97,0.7461
22,3,car,606.78,23.99,681.34,54.19,0.6907
22,4,car,480.3,37.11,554.61,70.0,0.7241
22,5,car,918.41,19.04,960.0,47.19,0.6519
22,7,car,593.75,4.92,638.97,37.19,0.4747
22,10,car,509.83,305.35,845.94,463.89,0.8286
22,60,car,467.62,1.49,530.88,22.62,0.4133
22,141,car,691.73,0.29,725.1,21.62,0.4495
22,6,car,260.93,21.47,338.05,61.3,0.4317
22,11,car,412.16,0.58,441.95,23.26,0.2906
23,1,car,654.54,43.43,759.33,80.43,0.8772
23,2,car,709.8,247.58,873.3,379.51,0.7351
23,3,car,605.05,23.75,680.71,54.73,0.7513
23,4,car,482.54,37.37,557.4,70.22,0.7683
23,5,car,918.71,19.34,960.0,47.34,0.5583
23,7,car,592.93,4.79,637.33,36.82,0.5214
23,10,car,523.56,299.42,832.5,452.71,0.831
23,60,car,466.86,1.93,534.04,24.19,0.3486
23,141,car,692.55,0.49,725.51,21.7,0.4071
23,6,car,262.29,21.65,338.77,61.13,0.3189
23,11,car,412.76,0.63,442.37,23.74,0.2794
24,1,car,656.6,43.66,762.84,81.16,0.8787
24,2,car,708.93,245.6,870.79,375.9,0.7546
24,3,car,603.62,23.85,678.61,54.82,0.7745
24,4,car,483.76,37.26,560.86,70.93,0.7163
24,5,car,918.76,19.65,960.0,47.43,0.724
24,7,car,591.69,4.77,635.88,37.07,0.5397
24,10,car,527.26,293.68,817.19,444.24,0.8135
24,60,car,469.65,1.76,534.84,23.16,0.3015
24,141,car,692.53,0.39,725.57,21.87,0.4609
24,6,car,262.4,21.57,339.02,61.16,0.332
24,11,car,411.52,0.56,441.68,24.44,0.2815
25,1,car,658.89,43.19,766.45,81.29,0.8766
25,2,car,709.32,243.97,869.28,372.68,0.7402
25,3,car,601.54,23.68,675.91,54.74,0.7961
25,4,car,485.36,36.82,563.3,70.7,0.6842
25,5,car,918.91,20.01,960.0,47.35,0.6895
25,7,car,591.73,5.09,635.02,37.02,0.4619
25,10,car,535.57,288.32,804.31,434.34,0.8339
25,60,car,469.57,1.56,536.13,23.15,0.3696
25,141,car,692.55,0.47,724.96,21.77,0.2772
25,6,bus,262.31,22.25,337.89,61.29,0.3127
25,11,car,411.99,0.7,441.65,24.66,0.3275
26,1,car,660.65,43.02,770.73,82.32,0.868
26,2,car,708.6,242.88,866.6,369.66,0.6686
26,3,car,600.24,23.66,673.58,54.64,0.8086
26,4,car,488.03,36.97,565.06,70.16,0.6731
26,5,car,919.11,20.3,960.0,47.62,0.7005
26,7,car,591.5,5.27,633.74,36.7,0.3894
26,10,car,542.09,283.46,791.92,424.84,0.8167
26,60,car,470.63,1.69,536.67,22.91,0.4475
26,141,car,692.75,0.56,724.72,21.7,0.3983
26,6,car,261.85,21.67,338.57,61.28,0.3066
26,11,car,410.19,0.71,440.68,25.35,0.2757
27,1,car,665.11,43.32,773.53,82.01,0.8729
27,2,car,707.92,241.52,864.52,367.0,0.7312
27,3,car,598.89,23.58,670.49,54.05,0.8035
27,4,car,490.22,37.64,566.97,70.34,0.6945
27,5,car,919.34,20.71,959.78,47.67,0.7195
27,7,car,591.13,4.63,632.05,35.42,0.3448
27,10,car,546.72,278.24,779.84,415.22,0.824
27,60,car,472.62,1.69,538.33,22.71,0.4034
27,141,car,692.34,0.48,724.14,21.5,0.5022
27,6,bus,261.96,21.91,338.36,61.2,0.2679
27,11,car,407.38,0.64,439.34,26.3,0.2896
28,1,car,667.04,43.0,777.27,82.49,0.8899
28,2,car,706.05,240.16,862.3,365.23,0.797
28,3,car,597.49,23.17,668.56,53.69,0.8167
28,4,car,492.57,38.1,568.76,70.23,0.7074
28,5,car,919.67,21.13,959.49,47.65,0.6908
28,7,car,589.79,4.56,631.31,36.18,0.3599
28,10,car,550.09,273.3,772.69,409.17,0.822
28,60,car,475.63,1.57,540.98,22.41,0.4697
28,141,car,693.15,0.54,724.81,21.64,0.4604
28,6,bus,262.29,22.24,338.48,61.38,0.2582
28,11,car,407.55,0.8,439.91,27.03,0.3201
29,1,car,670.35,43.11,779.37,82.26,0.8945
29,2,car,704.42,239.27,860.91,364.51,0.746
29,3,car,594.84,21.94,667.48,53.48,0.7986
29,4,car,493.32,37.97,573.45,71.62,0.7
29,5,car,919.63,20.96,959.72,47.71,0.6637
29,7,car,589.53,3.71,629.55,34.27,0.5071
29,10,car,553.46,268.47,762.83,400.3,0.8305
29,60,car,476.78,1.46,543.28,22.68,0.584
29,141,car,691.91,0.42,723.76,21.61,0.5564
29,6,car,261.31,21.77,338.71,61.37,0.4312
29,11,car,407.3,0.71,439.97,27.43,0.31
30,1,car,674.44,43.08,782.95,82.07,0.8873
30,2,car,703.48,238.21,858.99,362.59,0.7068
30,3,car,593.13,21.65,665.93,53.57,0.8148
30,4,car,494.81,38.08,576.98,72.52,0.714
30,5,car,919.38,20.86,959.71,47.8,0.7421
30,7,car,589.0,3.36,628.77,33.82,0.4278
30,10,car,557.37,264.08,755.15,392.48,0.813
30,60,car,478.46,1.43,545.04,22.7,0.6197
30,141,car,691.72,0.34,723.55,21.54,0.5418
30,6,car,261.32,22.13,338.5,61.41,0.3705
30,11,car,406.95,0.6,439.71,27.51,0.308
31,1,car,677.7,43.12,786.26,82.16,0.896
31,2,car,700.56,236.59,857.44,361.94,0.7098
31,3,car,591.77,21.22,664.42,53.41,0.814
31,4,car,497.67,38.18,579.02,72.07,0.7272
31,5,car,919.05,20.7,959.73,47.91,0.7284
31,7,car,588.02,2.9,628.16,33.95,0.4101
31,10,car,561.35,260.44,748.96,386.04,0.8023
31,60,car,478.9,1.5,545.32,22.81,0.6408
31,141,car,692.69,0.42,723.88,21.3,0.567
31,6,truck,263.03,22.24,340.29,61.36,0.3063
32,1,car,679.91,42.63,789.71,82.23,0.8994
32,2,car,700.34,234.51,856.15,358.89,0.8312
32,3,car,589.72,20.39,663.26,53.43,0.8189
32,4,car,499.58,38.27,581.18,72.11,0.7259
32,5,car,919.01,20.6,959.97,48.08,0.7207
32,7,car,587.06,2.35,626.98,33.62,0.4901
32,10,car,564.08,256.59,741.11,378.23,0.8289
32,60,car,480.19,1.64,545.7,22.75,0.5946
32,141,car,692.47,0.48,723.39,21.3,0.5771
32,6,bus,264.03,22.63,341.24,61.5,0.3133
33,1,car,683.05,43.06,791.84,82.37,0.9025
33,2,car,698.72,233.49,853.74,357.07,0.8397
33,3,car,588.5,19.57,661.95,53.07,0.7853
33,4,car,501.21,38.18,584.61,72.68,0.7222
33,5,car,918.7,21.08,960.0,48.93,0.704
33,7,car,586.84,2.58,625.35,33.06,0.3845
33,10,car,564.57,251.24,736.29,372.36,0.8138
33,60,car,481.89,1.9,545.95,22.57,0.5027
33,141,car,690.64,0.48,721.96,21.53,0.4965
33,6,car,265.13,22.91,341.58,61.45,0.3485
34,1,car,685.71,42.88,795.96,82.86,0.8945
34,2,car,699.86,231.81,851.29,352.15,0.8227
34,3,car,587.24,19.46,659.26,52.72,0.7485
34,4,car,503.47,38.4,587.96,73.31,0.7623
34,5,car,919.2,21.07,959.78,48.4,0.717
34,7,car,585.16,1.8,624.52,33.32,0.3912
34,10,car,566.06,246.86,732.27,367.28,0.8209
34,60,car,482.9,1.65,547.04,22.5,0.4318
34,141,car,690.61,0.43,722.1,21.63,0.5054
34,6,truck,265.53,22.35,343.36,61.47,0.2909
35,1,car,689.61,43.29,799.6,83.25,0.871
35,2,car,699.23,230.29,849.75,349.71,0.7864
35,3,car,586.76,18.9,657.26,51.9,0.7601
35,4,car,505.36,38.46,591.39,74.05,0.7403
35,5,car,919.7,21.08,959.71,48.04,0.711
35,7,car,584.47,1.33,622.82,32.34,0.2868
35,10,car,564.85,240.16,729.4,362.66,0.8079
35,60,car,484.47,0.99,550.27,22.49,0.632
35,141,car,690.9,0.37,722.88,22.0,0.5464
35,6,car,265.9,22.57,343.53,61.55,0.289
36,1,car,693.51,43.76,801.62,83.02,0.8773
36,2,car,697.87,228.78,848.12,347.81,0.8208
36,3,car,585.94,18.76,655.39,51.66,0.7663
36,4,car,507.2,38.3,594.37,74.35,0.7608
36,5,car,920.08,21.73,959.27,48.02,0.6714
36,10,car,566.09,237.96,723.18,357.55,0.8436
36,60,car,486.0,0.67,552.13,22.36,0.7121
36,141,car,690.62,0.29,722.81,22.14,0.5273
36,6,bus,266.24,22.3,345.08,61.89,0.2479
37,1,car,697.32,43.69,805.1,82.83,0.8747
37,2,car,696.32,227.18,846.21,345.72,0.7934
37,3,car,584.36,18.13,653.34,51.19,0.7097
37,4,car,509.61,38.67,597.03,74.84,0.6997
37,5,car,920.43,21.84,959.33,47.88,0.623
37,10,car,568.64,236.32,716.64,350.82,0.8368
37,60,car,487.9,0.36,554.26,22.27,0.6461
37,141,car,689.78,0.21,722.19,22.14,0.5337
37,6,car,268.37,22.31,346.52,61.47,0.3302
38,1,car,701.12,43.94,807.53,82.47,0.8776
38,2,car,694.71,225.9,845.48,345.13,0.79
38,3,car,582.92,17.63,650.93,50.59,0.6605
38,4,car,512.67,38.74,599.2,74.46,0.6764
38,5,car,920.3,21.76,959.29,47.79,0.5905
38,10,car,569.76,232.82,713.02,345.62,0.8315
38,60,car,490.94,0.54,554.54,21.64,0.4668
38,141,car,690.98,0.2,722.58,21.67,0.5535
38,6,car,269.43,22.01,348.02,61.24,0.4423
38,11,car,400.35,0.47,436.59,29.33,0.3025
38,7,car,583.94,0.97,618.04,28.68,0.3268
39,1,car,704.52,44.22,810.36,82.37,0.8852
39,2,car,694.51,224.32,845.41,343.65,0.7775
39,3,car,582.57,17.28,649.56,50.18,0.7113
39,4,car,515.51,39.05,600.7,74.09,0.6932
39,5,car,920.08,21.46,959.27,47.59,0.632
39,10,car,569.92,229.69,709.21,341.17,0.8368
39,60,car,492.77,0.25,556.39,21.48,0.5052
39,141,car,692.8,0.1,723.73,21.41,0.5577
39,6,car,269.68,21.82,348.71,61.06,0.4834
39,11,car,402.3,0.6,438.5,29.64,0.3532
39,7,car,582.8,0.89,617.22,29.01,0.4385
40,1,car,706.89,43.99,812.85,82.06,0.8955
40,2,car,693.83,223.28,843.48,341.56,0.8035
40,3,car,581.7,17.29,647.41,49.86,0.7046
40,4,car,518.08,38.82,603.3,73.76,0.7342
40,5,car,920.26,21.49,959.12,47.29,0.6465
40,10,car,569.68,226.79,705.33,336.96,0.8426
40,60,car,494.22,0.05,558.31,21.53,0.5682
40,141,car,693.57,0.24,723.87,21.32,0.4692
40,6,car,270.78,21.53,349.82,60.92,0.3324
40,11,car,399.14,0.65,436.11,29.34,0.3129
40,7,car,584.98,0.84,613.7,23.55,0.4166
41,1,car,709.94,43.99,816.13,82.04,0.9082
41,2,car,692.73,222.41,841.25,339.72,0.832
41,3,car,581.1,16.79,646.06,49.45,0.7279
41,4,car,520.01,38.79,606.86,74.41,0.7778
41,5,car,920.39,21.68,959.12,47.35,0.6279
41,10,car,570.13,224.04,702.1,332.58,0.8346
41,60,car,496.51,0.05,559.19,21.09,0.4789
41,141,car,693.05,0.2,723.08,21.2,0.3927
41,6,car,271.37,21.48,350.1,60.74,0.3766
41,11,car,399.21,0.7,436.91,29.53,0.3432
42,1,car,713.2,44.0,819.27,81.95,0.8742
42,2,car,690.97,221.7,839.43,338.83,0.8415
42,3,car,580.66,16.96,644.34,49.39,0.7499
42,4,car,523.46,39.37,609.14,74.3,0.7497
42,5,car,920.11,21.38,959.52,47.49,0.6867
42,10,car,571.1,221.26,699.73,328.38,0.8361
42,60,car,498.33,0.04,559.46,20.55,0.4007
42,141,car,693.05,0.06,723.13,21.33,0.5431
42,6,car,272.42,21.68,350.34,60.73,0.312
42,11,car,400.4,0.88,438.07,29.71,0.3878
42,7,car,586.71,0.4,609.49,17.41,0.3463
43,1,car,717.31,44.46,823.19,82.18,0.8662
43,2,car,690.3,220.62,837.04,336.17,0.8574
43,3,car,580.87,17.0,642.65,48.85,0.7427
43,4,car,526.75,39.73,612.16,74.34,0.774
43,5,car,919.9,20.9,959.85,47.44,0.6526
43,10,car,570.4,218.88,696.25,324.8,0.8463
43,60,car,500.66,0.08,559.68,19.85,0.2832
43,141,car,691.88,0.01,722.28,21.37,0.4463
43,6,car,272.03,21.82,349.47,60.56,0.2977
43,11,car,402.56,1.12,439.62,29.82,0.4076
43,524,car,640.2,0.0,685.16,23.68,0.3215
44,1,car,720.94,44.48,826.76,82.06,0.8778
44,2,car,689.3,219.63,836.31,335.25,0.8573
44,3,car,579.58,16.7,640.48,48.43,0.6596
44,4,car,529.91,39.64,614.19,73.6,0.7858
44,5,car,919.61,20.31,960.0,47.24,0.6605
44,10,car,571.26,215.89,693.58,319.82,0.8495
44,60,car,504.26,0.04,561.85,19.48,0.2817
44,141,car,691.37,0.0,722.21,21.48,0.3359
44,6,car,273.36,21.59,349.78,59.83,0.3488
44,11,car,402.54,1.22,439.6,29.96,0.4068
44,524,car,639.92,0.0,685.42,23.97,0.3562
45,1,car,723.96,44.13,830.84,81.98,0.8811
45,2,car,689.14,218.49,833.98,332.15,0.8525
45,3,car,577.5,15.38,639.86,48.35,0.5491
45,4,car,531.57,39.2,618.16,74.05,0.7393
45,5,car,919.69,20.16,960.0,47.19,0.7055
45,10,car,570.92,214.09,691.31,317.46,0.8466
45,60,car,504.39,0.03,561.52,19.3,0.3291
45,141,car,691.46,0.0,723.3,21.74,0.3288
45,6,car,273.54,21.6,349.7,59.69,0.3641
45,11,car,404.28,1.38,440.85,30.16,0.4214
45,524,car,639.94,0.0,684.97,23.74,0.2974
45,541,bike,79.02,116.06,111.31,150.77,0.4169
46,1,car,727.24,43.92,834.83,81.93,0.8673
46,2,car,689.03,217.0,833.58,330.55,0.8294
46,3,car,577.57,15.4,638.43,47.98,0.6606
46,4,car,534.17,39.44,621.17,74.37,0.7134
46,5,car,920.84,21.27,959.73,47.22,0.7007
46,10,car,570.94,211.34,689.56,314.23,0.8572
46,60,car,504.17,0.0,561.66,19.34,0.4029
46,141,car,690.28,0.0,722.37,21.64,0.3253
46,6,car,273.39,21.2,349.86,59.4,0.4006
46,11,car,405.98,1.38,442.01,30.21,0.3135
46,524,car,639.89,0.0,684.81,23.67,0.3427
46,541,bike,79.93,115.37,112.17,150.02,0.236
47,1,car,729.57,43.66,837.95,81.94,0.8731
47,2,car,689.3,215.98,831.93,327.91,0.8286
47,3,car,578.25,16.55,636.1,47.7,0.6901
47,4,car,536.36,39.87,624.16,75.02,0.7033
47,5,car,920.75,21.33,959.52,47.15,0.6751
47,10,car,571.23,208.91,687.08,310.25,0.863
47,60,car,504.8,0.0,562.52,19.38,0.3972
47,141,car,690.61,0.06,723.09,21.64,0.2923
47,6,car,273.93,21.11,350.28,59.25,0.3362
47,11,car,406.42,1.34,442.16,30.45,0.2533
47,524,car,639.85,0.0,685.23,23.93,0.2781
48,1,car,732.81,43.79,840.98,81.97,0.8909
48,2,car,688.28,214.56,831.24,326.81,0.8387
48,3,car,577.18,16.32,634.38,47.43,0.6452
48,4,car,539.03,39.43,627.55,74.73,0.7778
48,5,car,920.9,21.04,959.38,46.6,0.7026
48,10,car,571.48,206.77,684.78,306.53,0.8593
48,60,car,505.36,0.1,562.75,19.37,0.3808
48,141,car,690.71,0.03,723.35,21.41,0.2432
48,6,car,273.37,20.77,350.88,59.56,0.389
48,524,car,640.11,0.01,685.17,23.75,0.3215
49,1,car,735.47,43.82,843.05,81.85,0.856
49,2,car,688.32,213.72,830.23,325.2,0.8032
49,3,car,576.44,16.46,631.9,46.78,0.5394
49,4,car,541.61,39.18,631.0,74.79,0.7364
49,5,car,920.66,20.93,959.27,46.51,0.6879
49,10,car,570.56,204.59,682.78,303.73,0.8324
49,60,car,508.63,0.02,562.8,18.05,0.3299
49,6,car,273.41,20.62,351.92,60.18,0.3651
49,524,car,639.33,0.0,685.08,24.15,0.3514
50,1,car,740.22,44.01,847.42,81.81,0.8782
50,2,car,689.03,212.89,828.35,322.21,0.7921
50,3,car,575.59,15.83,629.87,45.72,0.4569
50,4,car,544.71,39.13,634.95,74.97,0.8126
50,5,car,920.99,21.4,959.21,46.67,0.663
50,10,car,571.67,202.87,680.81,299.65,0.8343
50,60,car,509.55,0.0,564.57,18.29,0.434
50,6,car,274.75,20.51,352.24,59.73,0.3535
50,524,car,639.32,0.04,684.97,24.15,0.365
51,1,car,743.9,44.17,850.41,81.66,0.9071
51,2,car,688.03,211.53,827.81,321.12,0.7661
51,3,car,575.57,16.66,626.78,44.77,0.4438
51,4,car,547.38,38.87,638.1,74.8,0.7929
51,5,car,920.78,21.36,959.4,46.87,0.6647
51,10,car,570.34,200.95,679.04,297.85,0.8527
51,60,car,513.11,0.15,566.15,17.89,0.3133
51,6,car,275.69,20.43,352.68,59.6,0.3179
51,524,car,639.1,0.11,684.58,24.15,0.4043
52,1,car,747.84,44.31,853.49,81.33,0.8924
52,2,car,686.96,210.47,826.53,319.83,0.7781
52,3,car,574.77,16.22,625.4,44.04,0.464
52,4,car,549.65,38.8,641.42,75.16,0.7739
52,5,car,920.05,20.58,959.77,46.85,0.707
52,10,car,570.53,199.04,677.28,294.55,0.8426
52,60,car,517.57,0.04,568.81,17.48,0.3474
52,6,car,276.75,20.68,352.72,59.37,0.3388
52,524,car,639.52,0.1,684.37,23.74,0.3706
52,604,car,385.33,1.86,418.29,25.03,0.333
53,1,car,751.26,44.23,858.08,81.47,0.9105
53,2,car,685.64,209.15,823.99,317.34,0.8349
53,3,car,574.1,15.89,623.86,43.26,0.4152
53,4,car,553.15,39.35,643.06,74.87,0.7843
53,5,car,920.42,21.19,959.5,46.98,0.7283
53,10,car,568.48,197.33,676.16,294.17,0.8296
53,60,car,515.22,0.01,567.2,17.74,0.3533
53,6,car,276.75,20.47,353.2,59.5,0.3925
53,524,car,639.45,0.08,684.69,23.92,0.3702
53,604,car,384.07,1.83,418.32,25.89,0.2853
54,1,car,754.49,44.07,861.48,81.17,0.891
54,2,car,684.21,208.53,822.71,316.79,0.8413
54,3,car,573.68,15.58,622.49,42.45,0.3561
54,4,car,556.34,39.56,645.88,74.83,0.7128
54,5,car,919.88,20.22,960.0,46.88,0.7369
54,10,car,569.48,195.55,674.44,290.21,0.8258
54,60,car,514.75,0.0,567.71,18.15,0.3637
54,6,car,275.77,19.91,352.94,59.5,0.3691
54,524,car,639.48,0.15,684.49,23.82,0.3663
54,604,car,383.56,1.92,418.22,26.23,0.2996
55,1,car,757.23,44.44,864.1,81.34,0.9216
55,2,car,684.56,207.66,820.83,313.94,0.847
55,3,car,573.44,15.7,620.31,41.33,0.453
55,4,car,558.52,39.57,648.42,74.92,0.768
55,5,car,919.35,20.07,960.0,47.08,0.6952
55,10,car,567.99,193.43,672.91,288.2,0.8245
55,60,car,515.38,0.06,567.83,18.07,0.3397
55,6,car,275.24,19.44,352.61,59.21,0.462
55,524,car,639.41,0.29,683.99,23.69,0.3881
55,604,car,383.29,2.14,418.17,26.57,0.2899
56,1,car,759.51,44.23,866.5,81.1,0.893
56,2,car,684.64,206.72,819.95,311.94,0.8151
56,3,car,571.76,15.33,619.71,41.48,0.5146
56,4,car,561.96,40.15,651.09,75.07,0.7117
56,5,car,919.86,20.22,959.73,46.64,0.7355
56,10,car,567.92,191.94,671.21,285.44,0.8512
56,60,car,516.38,0.03,567.45,17.62,0.2735
56,6,car,275.69,19.24,353.24,59.2,0.4617
56,524,car,639.5,0.28,683.32,23.15,0.4125
56,604,car,381.63,1.64,416.94,26.34,0.2852
56,11,car,411.25,3.61,445.41,32.58,0.3195
57,1,car,762.98,44.24,870.82,81.31,0.8751
57,2,car,684.2,205.75,818.98,310.32,0.8011
57,3,car,570.28,15.45,618.35,41.6,0.5556
57,4,car,565.0,40.29,654.08,75.1,0.769
57,5,car,919.65,20.36,959.55,46.77,0.7594
57,10,car,567.1,190.87,669.79,283.93,0.8577
57,60,car,517.77,0.0,567.5,17.17,0.2516
57,6,car,276.24,19.41,352.85,58.98,0.5338
57,524,car,639.66,0.19,683.54,22.95,0.3719
57,604,car,380.82,1.49,416.57,26.55,0.2845
57,11,car,411.7,3.48,445.18,32.72,0.3431
58,1,car,766.11,44.13,873.89,81.12,0.9039
58,2,car,683.99,204.82,818.2,308.81,0.7953
58,3,car,568.2,15.06,617.16,41.79,0.6962
58,4,car,567.0,40.14,658.34,75.94,0.7286
58,5,car,919.54,19.96,959.68,46.53,0.7665
58,10,car,564.67,189.03,669.02,283.87,0.8642
58,6,car,276.2,19.4,352.72,59.03,0.4418
58,524,car,639.16,0.17,683.45,23.04,0.3573
58,604,car,380.0,1.69,416.81,27.51,0.2824
58,11,car,412.38,3.93,445.08,33.05,0.3226
59,1,car,769.56,44.22,877.05,81.04,0.9125
59,2,car,682.08,203.47,817.65,308.59,0.8157
59,3,car,566.33,14.44,616.37,41.94,0.7333
59,4,car,571.53,40.23,662.36,75.99,0.743
59,5,car,919.37,19.32,960.0,46.32,0.7677
59,10,car,565.14,187.2,668.13,280.97,0.8629
59,6,car,277.09,19.55,352.91,58.79,0.5483
59,524,car,639.09,0.18,683.43,22.99,0.3735
59,604,car,380.11,1.57,416.65,27.28,0.2885
59,11,car,412.83,4.14,445.03,33.21,0.3326
60,1,car,773.5,44.62,881.05,81.24,0.8871
60,2,car,681.74,202.27,816.86,307.1,0.8375
60,3,car,566.05,15.02,614.67,41.76,0.774
60,4,car,574.24,40.34,664.77,76.01,0.7966
60,5,car,919.66,19.77,959.83,46.44,0.776
60,10,car,564.2,185.68,667.27,279.64,0.8719
60,6,car,277.59,19.64,353.38,58.86,0.5805
60,524,car,638.7,0.15,683.52,23.15,0.4055
60,604,car,380.59,1.46,418.66,28.18,0.2372
60,11,car,412.92,3.93,445.22,33.59,0.3077
60,678,bike,97.29,113.94,127.7,147.56,0.3442
61,1,car,776.86,44.84,883.83,81.09,0.882
61,2,car,680.82,201.0,815.58,305.61,0.8486
61,3,car,564.83,14.91,613.41,41.71,0.7426
61,4,car,576.6,40.39,667.6,76.21,0.7149
61,5,car,919.47,19.86,959.52,46.39,0.7736
61,10,car,564.42,185.13,666.02,277.75,0.8755
61,6,car,278.72,19.98,353.73,58.75,0.5661
61,524,car,638.18,0.08,683.73,23.46,0.3902
61,604,car,379.59,1.65,417.86,28.52,0.2815
61,11,car,413.21,4.05,445.64,34.23,0.3088
62,1,car,778.99,44.69,887.12,81.24,0.9073
62,2,car,680.51,200.1,813.42,302.99,0.85
62,3,car,563.84,14.49,612.67,41.56,0.7116
62,4,car,579.53,40.49,671.34,76.65,0.7448
62,5,car,919.82,19.99,959.4,46.16,0.8113
62,10,car,565.89,184.77,664.6,274.61,0.867
62,6,car,279.67,20.12,355.18,59.07,0.4691
62,524,car,638.4,0.19,683.55,23.31,0.4214
62,604,car,380.04,1.97,418.08,28.4,0.2489
62,11,car,414.5,6.41,444.43,34.32,0.2708
63,1,car,781.55,44.5,890.21,81.14,0.9022
63,2,car,680.73,199.44,812.7,301.48,0.8548
63,3,car,563.49,14.42,612.13,41.64,0.7159
63,4,car,582.89,40.77,673.68,76.46,0.7574
63,5,car,919.11,19.57,959.47,46.22,0.7964
63,10,car,565.68,183.49,664.23,273.22,0.8746
63,6,car,280.72,20.3,356.08,59.03,0.5175
63,524,car,638.3,0.14,683.2,23.08,0.4245
63,604,car,380.09,2.07,419.26,29.1,0.2625
63,11,car,413.55,4.88,445.74,35.3,0.2419
64,1,car,785.46,44.89,893.92,81.32,0.8393
64,2,car,680.28,198.67,811.63,300.21,0.7951
64,3,car,560.26,13.59,610.28,41.76,0.7406
64,4,car,586.13,40.94,677.61,76.91,0.8381
64,5,car,918.89,19.25,959.64,46.17,0.7773
64,10,car,565.48,182.25,664.03,272.17,0.8826
64,6,car,280.8,20.47,355.79,58.83,0.5262
64,524,car,638.17,0.09,683.34,23.08,0.3997
65,1,car,789.03,44.69,897.82,81.22,0.8982
65,2,car,680.01,197.61,810.6,298.57,0.8407
65,3,car,559.95,13.54,609.27,41.57,0.6572
65,4,car,589.28,41.27,680.85,77.23,0.8139
65,5,car,918.67,19.26,959.76,46.42,0.7849
65,10,car,564.15,181.22,663.22,271.81,0.8798
65,6,car,281.52,20.35,357.09,58.93,0.452
65,524,car,637.76,0.13,683.11,23.1,0.3748
66,1,car,791.62,44.58,900.71,81.17,0.8891
66,2,car,679.9,196.94,810.17,297.63,0.808
66,3,car,558.65,13.91,606.93,41.38,0.6759
66,4,car,592.58,41.17,684.43,77.2,0.8368
66,5,car,919.01,19.54,959.58,46.32,0.7889
66,10,car,563.51,180.42,662.23,270.89,0.8725
66,6,car,281.11,19.98,357.58,59.07,0.3938
66,524,car,637.94,0.04,682.66,22.57,0.2819
67,1,car,795.08,44.76,903.91,81.13,0.8768
67,2,car,679.14,196.28,809.38,296.9,0.8105
67,3,car,558.11,14.74,604.71,41.2,0.721
67,4,car,596.05,41.74,686.9,77.24,0.8433
67,5,car,919.57,19.84,959.44,46.11,0.7695
67,10,car,563.6,179.73,661.59,269.73,0.8727
67,6,car,281.68,20.04,359.76,60.0,0.3731
67,524,car,637.91,0.03,682.61,22.43,0.3182
68,1,car,798.54,44.38,909.32,81.38,0.8916
68,2,car,677.83,195.57,808.7,296.7,0.7889
68,3,car,557.59,15.2,603.36,41.18,0.6409
68,4,car,599.19,41.77,690.0,77.16,0.7775
68,5,car,919.73,19.94,959.33,45.97,0.7826
68,10,car,563.08,179.13,660.69,268.91,0.877
68,6,car,281.34,20.1,360.14,60.51,0.3727
68,524,car,637.67,0.01,682.53,22.39,0.3386
68,604,car,379.76,3.65,417.9,29.91,0.3139
69,1,car,801.25,44.07,913.05,81.42,0.8934
69,2,car,677.42,194.84,808.02,295.98,0.809
69,3,car,555.27,14.18,603.24,41.62,0.6224
69,4,car,602.56,42.02,693.75,77.47,0.768
69,5,car,919.17,19.54,959.59,46.11,0.8134
69,10,car,563.73,178.39,659.69,266.64,0.877
69,6,car,280.58,20.06,358.92,60.4,0.3106
69,524,car,636.98,0.03,682.33,22.64,0.2967
69,604,car,379.95,3.3,420.13,31.06,0.2716
70,1,car,804.25,43.91,916.29,81.32,0.8844
70,2,car,677.3,194.49,806.95,294.98,0.7539
70,3,car,552.5,12.61,602.33,41.41,0.5377
70,4,car,606.55,42.34,697.89,77.74,0.7999
70,5,car,919.36,19.66,959.6,46.1,0.7673
70,10,car,563.24,177.43,658.86,265.37,0.8693
70,6,car,280.41,20.75,357.28,60.61,0.3206
70,524,car,636.16,0.01,681.8,22.74,0.3108
70,604,car,380.96,3.96,418.92,29.99,0.3079
70,11,car,416.06,11.26,445.56,39.17,0.3063
71,1,car,807.15,43.69,919.45,81.22,0.8067
71,2,car,676.47,193.29,807.25,295.01,0.8052
71,3,car,550.38,11.32,601.54,41.22,0.5463
71,4,car,609.09,42.35,702.19,78.44,0.806
71,5,car,919.23,19.45,959.59,45.94,0.7672
71,10,car,563.28,176.6,658.24,263.96,0.8602
71,6,car,281.32,20.78,358.58,61.1,0.3209
71,524,car,635.85,0.07,681.64,22.82,0.267
71,604,car,381.25,4.46,420.03,31.11,0.3561
71,11,car,416.52,11.62,445.75,39.3,0.3254
72,1,car,810.41,43.69,922.28,81.07,0.8901
72,2,car,675.34,192.68,805.58,294.14,0.8131
72,3,car,549.66,11.12,600.17,40.87,0.5853
72,4,car,612.74,42.72,705.48,78.61,0.7973
72,5,car,918.82,19.55,959.48,46.2,0.7682
72,10,car,561.94,175.27,657.12,262.84,0.8511
72,6,car,282.82,20.38,360.72,61.09,0.3194
72,524,car,635.05,0.62,680.98,23.38,0.2281
72,604,car,381.38,4.61,420.73,31.78,0.3729
72,11,car,416.95,11.49,446.59,39.88,0.4135
73,1,car,812.73,43.19,925.66,80.99,0.8872
73,2,car,674.65,192.24,805.11,293.98,0.811
73,3,car,549.18,10.45,599.42,40.36,0.5187
73,4,car,615.62,42.38,710.11,78.9,0.8299
73,5,car,918.28,19.64,959.62,46.75,0.7662
73,10,car,560.95,174.33,656.29,262.12,0.8653
73,6,car,285.14,19.7,364.1,60.96,0.2996
73,524,car,634.79,0.23,681.15,23.18,0.2601
73,604,car,381.29,4.01,420.92,31.38,0.3528
73,11,car,417.89,11.36,447.06,39.52,0.3593
74,1,car,815.92,43.03,929.14,80.92,0.8986
74,2,car,674.5,191.39,803.18,291.57,0.8053
74,3,car,551.06,10.44,599.14,39.59,0.506
74,4,car,619.14,42.3,712.89,78.48,0.8248
74,5,car,918.56,19.87,959.55,46.72,0.7772
74,10,car,561.24,173.71,655.58,260.6,0.8593
74,6,car,287.45,19.41,366.54,60.55,0.2646
74,524,car,634.84,0.59,680.71,23.07,0.2506
74,604,car,381.22,3.94,419.95,30.7,0.3574
74,11,car,418.62,10.99,447.94,39.45,0.3675
75,1,car,820.54,44.05,931.27,80.94,0.8804
75,2,car,673.9,190.9,801.79,290.31,0.7644
75,3,car,548.86,10.66,596.76,39.99,0.5546
75,4,car,622.62,42.54,715.9,78.55,0.8265
75,5,car,918.61,19.82,959.4,46.49,0.7765
75,10,car,561.43,173.54,654.47,259.06,0.8402
75,6,car,287.79,18.57,368.3,60.44,0.2134
75,524,car,634.71,0.75,680.38,22.84,0.2386
75,604,car,381.51,3.77,419.88,30.41,0.3133
75,11,car,419.67,11.73,448.16,39.3,0.3634
76,1,car,823.16,43.79,934.46,80.84,0.923
76,2,car,672.81,190.31,799.87,289.07,0.8324
76,3,car,547.62,10.75,594.82,39.89,0.5692
76,4,car,625.61,42.55,718.59,78.34,0.8222
76,5,car,918.66,20.08,959.24,46.54,0.7402
76,10,car,561.18,173.12,653.09,257.34,0.8467
76,524,car,634.25,0.88,680.21,22.86,0.2549
76,604,car,381.24,3.99,418.78,30.04,0.2293
76,11,car,420.68,12.22,448.44,38.87,0.432
76,829,bike,787.55,77.31,829.58,103.12,0.4459
77,1,car,827.08,44.21,936.86,80.64,0.927
77,2,car,672.3,189.71,798.5,287.68,0.7725
77,3,car,547.17,11.34,593.01,39.86,0.5101
77,4,car,628.9,42.73,723.28,79.05,0.8068
77,5,car,918.57,20.01,959.23,46.45,0.7504
77,10,car,561.64,171.83,653.09,255.63,0.8386
77,11,car,421.32,12.6,448.9,38.78,0.5302
77,829,bike,786.58,72.68,835.84,103.04,0.4454
78,1,car,829.68,44.29,939.77,80.8,0.9129
78,2,car,671.73,188.77,798.39,287.16,0.8335
78,3,car,545.63,11.52,591.8,40.46,0.4173
78,4,car,632.72,42.94,726.94,79.22,0.7839
78,5,car,918.4,20.08,959.68,46.95,0.7466
78,10,car,561.36,170.91,653.33,255.29,0.8409
78,11,car,422.88,13.4,449.91,38.7,0.4838
78,829,bike,791.1,75.28,837.09,103.63,0.4808
79,1,car,832.97,44.44,943.43,81.07,0.8827
79,2,car,671.71,187.93,798.05,286.09,0.8175
79,3,car,544.27,11.54,590.19,40.46,0.3029
79,4,car,636.14,42.85,730.43,79.21,0.8299
79,5,car,918.63,20.29,959.57,46.92,0.757
79,10,car,561.74,170.12,652.65,253.45,0.8424
79,11,car,423.1,13.47,450.79,39.17,0.5274
79,829,bike,793.3,76.7,838.86,104.8,0.5229
80,1,car,836.61,44.46,945.88,80.73,0.9095
80,2,car,671.61,186.92,797.72,284.91,0.8057
80,3,bike,542.72,11.28,590.16,41.6,0.3435
80,4,car,639.51,43.05,734.56,79.73,0.8047
80,5,car,918.37,19.77,959.7,46.67,0.7022
80,10,car,561.41,169.54,652.0,252.48,0.8571
80,11,car,422.81,13.51,451.74,40.23,0.4897
80,829,bike,796.33,77.28,839.77,104.02,0.5157
81,1,car,839.59,44.54,948.59,80.72,0.9015
81,2,car,670.28,186.33,797.75,285.49,0.7972
81,3,bike,541.92,11.02,590.37,42.64,0.4609
81,4,car,643.47,43.23,737.34,79.4,0.7903
81,5,car,918.37,19.88,959.51,46.61,0.7049
81,10,car,560.99,169.06,651.66,251.95,0.8569
81,11,car,422.53,13.14,452.8,41.01,0.3737
81,829,bike,800.09,78.63,841.76,104.31,0.5181
81,524,car,634.55,0.77,680.88,22.94,0.2275
82,1,car,842.7,44.63,951.38,80.65,0.8876
82,2,car,670.18,185.96,797.54,285.07,0.7535
82,3,bike,543.32,11.11,591.1,43.27,0.4733
82,4,car,646.31,43.08,740.65,79.46,0.8262
82,5,car,918.71,20.78,959.0,46.82,0.7147
82,10,car,560.31,168.12,651.82,251.76,0.857
82,11,car,422.67,12.52,454.24,41.58,0.2385
82,829,bike,804.25,78.74,844.95,103.78,0.468
82,524,car,633.93,0.4,680.38,22.59,0.2647
82,604,car,377.34,2.28,417.22,30.48,0.2789
83,1,car,846.17,44.41,955.4,80.62,0.9117
83,2,car,669.73,185.63,797.07,284.8,0.8169
83,3,bike,542.73,10.32,590.49,43.28,0.3368
83,4,car,649.52,43.3,744.17,79.78,0.819
83,5,car,918.58,20.29,959.3,46.58,0.7015
83,10,car,559.81,167.68,651.56,251.51,0.8473
83,11,car,422.76,12.33,455.14,42.05,0.2593
83,829,bike,806.7,77.63,848.8,103.7,0.4013
83,524,car,634.12,0.36,679.24,21.73,0.2454
83,604,car,375.86,1.95,415.81,30.33,0.2354
83,6,car,291.15,16.38,368.87,56.52,0.2938
84,1,car,848.12,43.89,957.95,80.37,0.9099
84,2,car,669.05,185.23,795.98,284.17,0.8294
84,4,car,653.17,43.15,749.08,80.15,0.8203
84,5,car,918.94,20.6,959.07,46.39,0.6629
84,10,car,559.57,167.32,651.29,251.12,0.8557
84,11,car,422.42,11.59,455.69,42.17,0.2955
84,829,bike,808.29,76.66,851.21,103.26,0.4295
84,524,car,633.61,0.31,680.58,22.55,0.2482
84,604,car,375.11,1.84,415.15,30.39,0.2285
85,1,car,850.49,44.08,959.6,80.42,0.8982
85,2,car,669.12,184.73,794.62,282.61,0.8046
85,4,car,656.34,43.28,752.3,80.34,0.8383
85,5,car,919.16,20.57,959.17,46.21,0.6123
85,10,car,558.98,167.25,650.87,251.23,0.8482
85,11,car,421.89,8.61,458.02,42.02,0.2524
85,829,bike,810.37,75.81,853.59,102.75,0.5079
85,524,car,634.38,0.32,679.37,21.42,0.2245
85,604,car,376.33,2.28,416.45,31.22,0.2614
86,1,car,853.29,43.8,960.0,80.32,0.8762
86,2,car,668.25,184.35,793.9,282.35,0.8271
86,4,car,659.43,43.21,755.72,80.42,0.8342
86,5,car,918.97,20.51,959.28,46.29,0.7052
86,10,car,559.03,167.09,650.79,251.05,0.8689
86,11,car,422.19,7.89,459.28,42.19,0.3032
86,829,bike,814.02,76.69,855.51,102.72,0.3153
86,524,car,633.92,0.27,680.01,21.88,0.2609
86,604,car,376.45,2.19,416.17,31.24,0.2651
86,3,bike,543.04,9.9,590.49,43.8,0.4738
87,1,car,856.12,43.8,960.0,80.02,0.8763
87,2,car,666.97,183.92,793.27,282.45,0.8394
87,4,car,662.71,42.91,760.02,80.59,0.829
87,5,car,918.86,20.39,959.28,46.18,0.6461
87,10,car,557.83,166.92,649.9,251.14,0.8706
87,11,car,422.53,6.89,460.73,42.42,0.2821
87,829,bike,817.25,78.14,857.35,103.18,0.2721
87,524,car,633.45,0.21,679.98,22.02,0.2552
87,604,car,377.38,2.13,416.75,31.34,0.3668
87,915,car,223.05,12.33,255.1,40.46,0.3226
87,3,bike,543.89,9.79,590.16,43.96,0.3647
87,6,car,288.8,18.93,369.7,61.1,0.2971
88,1,car,857.49,43.88,960.0,80.07,0.8504
88,2,car,666.83,183.85,792.61,282.0,0.8155
88,4,car,665.45,42.99,763.41,80.91,0.8116
88,5,car,918.88,20.5,959.19,46.14,0.5828
88,10,car,556.96,166.3,649.66,251.12,0.8709
88,11,car,424.78,9.63,460.81,42.87,0.2527
88,829,bike,822.71,78.31,860.89,102.28,0.267
88,524,car,632.86,0.2,680.3,22.46,0.2988
88,604,car,378.23,2.44,417.36,31.79,0.3568
88,3,bike,543.92,8.66,590.76,44.5,0.5056
89,1,car,858.9,43.54,960.0,80.04,0.8716
89,2,car,666.49,183.48,792.6,281.99,0.86
89,4,car,668.63,42.99,766.51,81.0,0.8142
89,5,car,918.38,19.28,959.9,45.76,0.5529
89,10,car,556.7,165.79,649.43,250.68,0.8703
89,11,car,426.64,12.23,460.53,43.16,0.2683
89,829,bike,825.23,79.07,862.51,102.3,0.2969
89,524,car,633.01,0.15,680.44,22.32,0.2781
89,604,car,378.63,2.52,417.21,31.78,0.3529
89,3,bike,545.58,9.44,590.56,44.96,0.4687
89,915,car,225.84,12.69,254.56,37.82,0.3103
89,6,car,295.41,18.54,373.22,59.31,0.2619
90,1,car,862.6,43.83,960.0,79.76,0.8814
90,2,car,668.11,183.72,791.43,279.88,0.835
90,4,car,672.31,43.04,769.36,80.74,0.8352
90,5,car,918.55,20.01,959.7,46.23,0.6133
90,10,car,556.85,165.14,649.44,250.06,0.8638
90,11,car,429.58,13.95,460.95,41.68,0.2823
90,829,bike,827.05,79.33,864.01,102.17,0.4041
90,524,car,633.7,0.3,680.08,21.83,0.2649
90,604,car,378.96,2.68,417.01,31.81,0.3383
91,1,car,865.06,43.71,960.0,79.37,0.8823
91,2,car,667.75,183.39,790.79,279.28,0.8251
91,4,car,675.58,43.23,774.32,81.62,0.8364
91,5,car,918.33,19.68,959.75,46.07,0.6324
91,10,car,556.98,164.65,649.11,249.21,0.8627
91,11,car,429.23,14.2,463.99,44.47,0.5177
91,829,bike,828.67,78.24,868.06,102.7,0.4689
91,604,car,379.83,2.98,416.63,31.6,0.3067
91,6,car,295.07,20.55,370.69,61.27,0.3088
92,1,car,867.41,43.78,960.0,79.18,0.8409
92,2,car,667.16,182.65,789.73,278.12,0.8152
92,4,car,679.44,42.89,777.59,81.09,0.8436
92,5,car,917.7,19.42,960.0,46.74,0.6339
92,10,car,556.78,163.98,648.84,248.53,0.8584
92,11,car,429.56,13.69,465.77,44.79,0.4596
92,829,bike,830.72,79.06,869.28,102.94,0.4552
92,604,car,378.89,2.68,415.18,31.11,0.2661
92,6,truck,297.0,21.04,371.87,62.14,0.2679
93,1,car,870.56,43.8,960.0,78.87,0.8401
93,2,car,667.1,182.37,789.33,277.53,0.7786
93,4,car,682.86,42.64,782.11,81.3,0.8457
93,5,car,917.31,19.04,960.0,47.05,0.5713
93,10,car,557.12,163.64,648.5,247.61,0.8656
93,11,car,430.75,14.22,467.09,44.91,0.3951
93,829,bike,832.73,77.19,873.52,102.49,0.4475
93,604,car,378.85,2.42,415.26,31.3,0.2516
93,6,truck,298.29,21.81,370.84,62.27,0.2458
94,1,car,873.97,43.74,960.0,78.51,0.849
94,2,car,667.52,182.38,788.85,276.79,0.788
94,4,car,686.24,42.43,785.96,81.33,0.834
94,5,car,917.68,19.26,960.0,47.27,0.4995
94,10,car,557.45,163.53,648.25,246.99,0.859
94,11,car,432.75,16.2,468.94,45.9,0.36
94,829,bike,836.29,78.08,875.95,102.56,0.4804
94,604,car,378.87,2.74,414.72,31.42,0.3281
94,980,car,530.59,2.79,571.77,32.24,0.5139
95,1,car,875.48,43.12,960.0,78.42,0.8584
95,2,car,666.89,181.96,788.8,276.88,0.8324
95,4,car,688.76,41.95,789.28,81.24,0.863
95,5,car,917.94,18.78,960.0,46.79,0.4482
95,10,car,557.09,163.32,647.99,246.8,0.8593
95,11,car,433.95,16.32,470.75,45.77,0.515
95,829,bike,839.02,77.23,878.78,101.76,0.4104
95,604,car,378.87,3.46,413.47,31.22,0.2992
95,980,car,529.71,2.17,570.91,31.67,0.5372
96,1,car,878.01,42.89,960.0,78.37,0.8661
96,2,car,666.29,181.4,787.59,275.92,0.7981
96,4,car,693.45,42.47,792.66,81.27,0.8164
96,5,car,919.19,19.11,960.0,45.66,0.5073
96,10,car,556.31,162.89,647.93,246.99,0.8723
96,11,car,434.69,16.3,472.36,45.79,0.4279
96,829,bike,841.24,77.75,880.7,101.96,0.3733
96,604,car,378.41,3.45,413.5,31.63,0.2929
96,980,car,528.53,0.98,570.38,31.04,0.6088
97,1,car,881.6,43.14,960.0,78.31,0.8238
97,2,car,665.61,180.85,787.9,276.39,0.8176
97,4,car,697.61,43.04,795.57,81.33,0.8309
97,5,car,920.15,19.86,958.53,44.54,0.5034
97,10,car,556.54,162.83,647.81,246.49,0.8709
97,11,car,434.35,16.25,473.5,46.44,0.5249
97,829,bike,844.48,74.92,886.0,100.83,0.3829
97,604,car,378.61,4.0,413.17,31.66,0.2726
97,980,car,527.23,0.72,568.64,30.59,0.6218
98,1,car,883.98,42.56,960.0,78.3,0.8339
98,2,car,665.68,180.45,787.77,276.01,0.8102
98,4,car,701.13,43.2,799.03,81.44,0.8703
98,5,car,920.43,19.59,958.02,43.51,0.517
98,10,car,555.77,162.84,647.25,246.5,0.863
98,11,car,435.89,16.59,474.28,45.61,0.3898
98,829,bike,847.47,73.56,889.36,100.42,0.3112
98,604,car,379.05,4.77,412.85,31.63,0.2385
98,980,car,526.94,1.11,567.19,30.23,0.6145
98,524,car,633.81,0.46,680.73,22.26,0.2197
99,1,car,886.18,41.75,960.0,78.01,0.8587
99,2,car,665.38,180.14,787.12,275.55,0.7968
99,4,car,703.91,43.16,801.67,81.28,0.8371
99,5,car,920.81,20.24,957.3,43.08,0.4496
99,10,car,555.47,162.62,647.32,246.48,0.8728
99,11,car,436.76,16.55,475.99,45.63,0.3468
99,604,car,379.05,4.93,412.11,31.15,0.2749
99,980,car,526.81,2.36,564.97,30.02,0.6092
99,1039,car,217.71,15.58,247.94,39.63,0.3821
100,1,car,889.31,41.61,960.0,77.77,0.8437
100,2,car,664.8,179.94,787.51,276.33,0.7728
100,4,car,707.36,43.71,805.24,81.76,0.8261
100,5,car,920.25,20.58,957.5,43.62,0.4177
100,10,car,556.64,162.57,647.77,245.85,0.8553
100,11,car,436.08,16.22,477.73,46.63,0.3532
100,604,car,379.51,5.89,412.07,31.7,0.2353
100,980,car,525.92,1.73,564.34,29.63,0.6128
101,1,car,891.84,40.65,960.0,77.68,0.8087
101,2,car,665.23,179.79,786.71,275.33,0.7807
101,4,car,710.87,43.31,809.98,81.81,0.8551
101,5,car,919.69,20.46,958.04,44.01,0.4621
101,10,car,556.76,162.27,648.11,245.88,0.8533
101,11,car,434.72,15.92,479.77,48.42,0.6373
101,604,car,379.36,5.78,412.33,31.98,0.2113
101,980,car,525.21,1.28,563.16,28.85,0.6145
101,1059,car,266.27,22.0,291.14,41.85,0.3349
101,829,bike,856.86,71.09,900.14,99.74,0.2806
101,1039,car,215.24,16.4,246.59,41.3,0.2806
102,1,car,894.63,39.91,960.0,77.45,0.7844
102,2,car,664.95,179.26,786.85,275.34,0.8064
102,4,car,714.44,43.23,812.74,81.36,0.8293
102,5,car,919.35,20.55,958.3,44.3,0.5733
102,10,car,555.98,162.27,647.54,245.99,0.8655
102,11,car,435.21,15.99,481.84,49.15,0.6244
102,604,car,378.68,7.14,411.81,33.41,0.2674
102,980,car,525.14,1.65,562.02,28.38,0.6408
102,1059,car,266.87,21.23,292.49,41.65,0.3524
102,829,bike,859.19,71.85,901.64,100.27,0.2979
102,1039,car,215.71,16.79,247.5,41.96,0.3644
103,1,car,897.86,39.91,960.0,77.5,0.806
103,2,car,664.62,179.4,786.64,275.88,0.8159
103,4,car,718.22,43.19,816.41,81.26,0.8342
103,5,car,918.85,20.52,958.75,44.74,0.5481
103,10,car,556.11,162.22,647.63,245.85,0.8626
103,11,car,437.89,16.05,483.92,48.48,0.5431
103,980,car,524.64,1.83,561.03,28.13,0.6825
103,1059,car,267.13,22.34,291.69,41.85,0.3595
103,1080,bike,174.6,65.86,211.0,100.1,0.4579
104,1,car,902.96,41.43,960.0,77.08,0.8271
104,2,car,664.28,179.35,786.28,276.07,0.8106
104,4,car,722.14,43.5,821.0,81.74,0.7832
104,5,car,918.2,20.32,959.33,45.24,0.5103
104,10,car,555.88,162.24,647.39,245.81,0.8593
104,11,car,440.64,16.52,486.68,48.7,0.5348
104,980,car,523.87,1.92,560.07,28.0,0.7082
104,1059,car,267.78,21.79,293.08,41.76,0.3108
104,1080,bike,176.56,64.56,212.25,98.15,0.383
104,524,car,633.96,0.64,679.28,22.02,0.243
104,1039,car,215.2,16.89,247.45,42.27,0.297
105,1,car,906.56,41.62,960.0,76.93,0.82
105,2,car,663.45,178.55,786.17,276.18,0.8477
105,4,car,726.24,43.47,825.42,81.75,0.7789
105,5,car,918.14,21.04,959.43,46.01,0.5187
105,10,car,555.91,162.33,647.19,245.68,0.8505
105,11,car,442.5,16.49,488.74,48.52,0.6099
105,980,car,523.07,2.07,558.58,27.54,0.7213
105,1059,car,267.92,22.17,292.71,41.58,0.3177
105,1080,bike,178.92,64.47,213.79,97.33,0.3401
106,1,car,911.06,41.62,960.0,75.82,0.7535
106,2,car,663.34,177.94,785.54,275.4,0.8058
106,4,car,729.77,43.29,829.02,81.47,0.8246
106,5,car,917.59,20.58,960.0,46.38,0.4976
106,10,car,556.09,161.94,647.54,245.57,0.8525
106,11,car,444.04,17.01,489.44,47.98,0.5426
106,980,car,522.82,2.89,557.0,27.26,0.7175
106,1059,car,267.8,22.35,292.66,41.64,0.295
106,1080,bike,180.36,64.04,215.94,97.65,0.4026
107,1,car,915.95,42.45,960.0,74.66,0.6998
107,2,car,663.52,177.52,785.3,274.89,0.8161
107,4,car,732.28,42.85,833.0,81.64,0.7748
107,5,car,918.06,21.53,959.33,46.48,0.5181
107,10,car,555.48,161.98,647.23,245.86,0.8591
107,11,car,445.35,17.27,490.99,47.99,0.5645
107,980,car,522.02,3.73,555.12,27.08,0.6861
107,1059,car,267.77,22.34,293.08,41.82,0.3267
107,1080,bike,182.07,63.92,217.19,97.22,0.3497
107,829,bike,874.96,73.48,911.76,98.33,0.3916
108,1,car,919.93,43.69,960.0,74.51,0.5779
108,2,car,663.21,176.92,784.93,274.44,0.8223
108,4,car,735.24,42.44,836.68,81.58,0.8413
108,5,car,917.58,22.02,958.79,46.82,0.4772
108,10,car,555.26,162.03,647.07,245.93,0.8646
108,11,car,445.31,16.78,493.44,49.1,0.733
108,980,car,521.06,4.19,553.75,26.98,0.718
108,1059,car,267.71,21.67,294.2,41.88,0.3557
108,829,bike,876.39,73.63,913.09,98.49,0.3199
109,1,car,923.71,44.64,960.0,74.49,0.4989
109,2,car,662.17,176.44,784.51,274.73,0.8319
109,4,car,740.1,43.22,839.44,81.4,0.8448
109,5,car,916.26,21.13,960.0,47.74,0.4759
109,10,car,555.24,161.93,646.91,245.66,0.8583
109,11,car,447.05,16.95,495.92,49.59,0.7398
109,980,car,519.82,3.41,553.52,26.75,0.6997
109,1059,car,268.63,22.5,294.36,41.79,0.3307
110,2,car,661.68,175.96,783.55,274.0,0.8207
110,4,car,743.9,43.87,841.82,81.35,0.816
110,5,car,916.26,20.78,960.0,47.65,0.4576
110,10,car,555.62,161.79,646.91,245.17,0.8609
110,11,car,448.59,17.57,497.48,49.91,0.5835
110,980,car,518.55,2.53,552.73,26.05,0.6899
110,1059,car,268.6,21.86,295.38,41.65,0.3733
110,1167,truck,313.44,17.81,394.29,58.51,0.3142
110,1080,bike,185.98,62.53,221.91,96.76,0.2419
111,2,car,660.76,175.89,782.67,274.1,0.8281
111,4,car,748.14,44.68,845.34,81.69,0.7618
111,5,car,915.19,19.65,960.0,48.28,0.5165
111,10,car,556.14,161.9,647.05,244.95,0.8567
111,11,car,450.88,18.6,499.54,50.32,0.7014
111,980,car,517.59,2.13,551.75,25.52,0.7056
111,1059,car,268.73,21.51,296.37,41.59,0.3991
111,829,bike,882.2,73.27,919.42,98.61,0.2869
112,2,car,660.23,175.43,782.45,273.96,0.8279
112,4,car,751.59,45.03,848.31,81.71,0.7418
112,5,car,914.8,19.68,960.0,49.06,0.4879
112,10,car,555.68,161.98,646.8,245.14,0.8592
112,11,car,452.22,18.98,501.45,50.65,0.8104
112,980,car,516.39,1.82,550.57,25.17,0.731
112,1059,car,268.68,21.08,297.27,41.47,0.439
112,1196,car,432.3,0.0,468.66,22.07,0.4002
112,829,bike,886.26,73.94,922.04,98.57,0.3031
113,2,car,659.99,175.5,781.95,273.81,0.8398
113,4,car,753.82,44.34,851.86,81.45,0.8477
113,5,car,915.07,20.04,960.0,49.59,0.5536
113,10,car,555.56,162.13,646.73,245.32,0.863
113,11,car,454.11,19.47,503.56,50.96,0.7917
113,980,car,515.56,1.55,549.64,24.74,0.7133
113,1059,car,267.88,19.8,298.31,41.23,0.4387
113,1196,car,432.72,0.06,468.83,21.98,0.3357
113,829,bike,888.81,74.21,924.37,98.81,0.2556
113,1211,car,551.26,0.18,573.74,14.48,0.3786
113,1080,bike,192.59,62.37,226.04,94.29,0.3403
114,2,car,660.12,175.36,781.41,273.14,0.8206
114,4,car,758.31,44.8,855.29,81.37,0.7715
114,5,car,915.1,19.9,960.0,49.47,0.5872
114,10,car,555.55,162.18,646.79,245.43,0.8637
114,11,car,455.46,19.45,506.23,51.49,0.7832
114,980,car,514.62,1.4,548.97,24.7,0.7149
114,1059,car,267.71,19.52,298.79,41.14,0.4483
114,1196,car,434.2,0.45,469.05,21.56,0.3453
114,1211,car,551.43,0.1,573.87,14.37,0.3437
114,1080,bike,194.25,62.4,227.09,93.82,0.3456
115,2,car,659.87,175.18,781.34,273.18,0.8151
115,4,car,761.13,44.46,859.63,81.57,0.8051
115,5,car,914.52,19.35,960.0,50.05,0.5991
115,10,car,555.52,162.11,646.78,245.39,0.8612
115,11,car,457.52,19.71,509.09,52.03,0.7754
115,980,car,513.95,1.53,548.05,24.5,0.7025
115,1059,car,266.69,18.64,299.35,41.11,0.5018
115,1196,car,434.63,0.81,469.2,21.71,0.2858
115,1211,car,550.83,0.16,573.36,14.5,0.3633
115,1080,bike,195.75,61.86,228.8,93.66,0.3174
116,2,car,659.86,175.12,781.66,273.56,0.8358
116,4,car,764.83,44.68,862.74,81.53,0.8275
116,5,car,914.62,19.26,960.0,49.69,0.5954
116,10,car,555.32,162.27,646.43,245.33,0.8697
116,11,car,458.4,19.77,511.09,52.59,0.8079
116,980,car,512.93,1.34,546.67,23.98,0.7486
116,1059,car,266.42,18.16,300.01,41.04,0.4503
116,1196,car,435.58,0.36,471.01,21.7,0.3954
116,1211,car,550.53,0.05,573.34,14.57,0.3872
117,2,car,659.78,174.67,781.34,272.96,0.8304
117,4,car,766.82,44.42,867.64,82.37,0.8583
117,5,car,914.14,19.2,960.0,50.07,0.5781
117,10,car,555.51,162.4,646.49,245.37,0.8667
117,11,car,459.85,19.88,513.55,53.08,0.7923
117,980,car,512.24,1.31,545.58,23.56,0.7279
117,1059,car,265.93,17.68,300.2,40.7,0.4549
117,1196,car,435.43,0.53,471.37,22.17,0.3782
117,1211,car,550.62,0.02,573.11,14.32,0.3045
117,1080,bike,198.52,60.98,231.9,93.35,0.2912
118,2,car,659.85,174.9,780.86,272.82,0.832
118,4,car,769.69,43.59,871.57,82.01,0.7917
118,5,car,914.09,19.4,960.0,49.57,0.5269
118,10,car,554.96,162.37,646.36,245.71,0.8695
118,11,car,461.67,20.38,515.25,53.12,0.8054
118,980,car,511.51,1.07,544.88,23.29,0.745
118,1059,car,265.67,17.66,300.5,40.71,0.4709
118,1196,car,436.02,0.38,472.3,22.13,0.3385
118,1211,car,550.65,0.03,572.68,13.99,0.3263
118,1080,bike,199.96,61.0,232.98,93.28,0.2682
119,2,car,660.1,174.37,780.59,271.83,0.8341
119,4,car,773.92,44.22,873.82,81.84,0.8726
119,5,car,913.05,19.66,959.09,49.5,0.5851
119,10,car,555.18,162.41,646.41,245.57,0.8656
119,11,car,464.78,20.78,517.74,52.89,0.8304
119,980,car,510.76,0.98,543.85,22.92,0.694
119,1059,car,266.95,18.61,300.71,40.66,0.3923
119,1196,car,437.14,0.45,473.84,22.31,0.4266
119,1211,car,550.41,0.0,572.35,13.87,0.2448
119,1080,bike,202.23,61.01,234.31,92.49,0.339
120,2,car,660.89,174.04,780.24,270.52,0.836
120,4,car,778.27,44.67,877.77,82.08,0.8048
120,5,car,914.34,19.74,959.28,48.84,0.5914
120,10,car,554.67,162.08,646.52,245.76,0.8734
120,11,car,466.87,21.03,519.97,52.84,0.8299
120,980,car,510.07,1.09,542.68,22.68,0.7437
120,1059,car,267.58,19.29,300.94,40.83,0.4362
120,1196,car,438.34,0.77,474.57,22.16,0.444
120,1211,car,550.02,0.0,571.79,13.68,0.246
120,1080,bike,204.4,61.55,235.49,92.2,0.2549
121,2,car,660.7,173.98,779.99,270.35,0.844
121,4,car,781.1,44.22,882.22,82.18,0.8137
121,5,car,913.72,19.32,958.9,48.43,0.552
121,10,car,555.18,162.29,646.54,245.6,0.8708
121,11,car,469.14,20.92,522.88,52.74,0.7939
121,980,car,509.47,0.97,541.39,21.99,0.7212
121,1059,car,267.74,19.91,300.5,40.86,0.4068
121,1196,car,438.57,0.53,475.51,22.15,0.4817
121,1080,bike,205.97,61.21,237.42,92.41,0.3224
121,829,bike,909.9,74.56,945.89,98.93,0.2387
122,2,car,661.95,173.88,779.57,268.65,0.8213
122,4,car,784.36,44.18,885.41,82.07,0.8119
122,5,car,910.54,19.06,957.59,48.99,0.5564
122,10,car,555.88,162.12,646.82,245.19,0.8665
122,11,car,471.07,21.27,525.49,53.24,0.7546
122,980,car,508.06,0.38,540.72,21.85,0.6911
122,1059,car,267.42,20.01,300.09,40.75,0.4259
122,1196,car,439.99,0.31,477.23,21.69,0.5159
122,1080,bike,207.25,60.88,239.29,92.99,0.3158
122,829,bike,912.16,75.31,948.38,99.62,0.2315
122,1211,car,549.33,0.0,571.07,13.55,0.2629
123,2,car,662.12,173.8,779.64,268.41,0.8389
123,4,car,787.88,44.0,888.11,81.5,0.8696
123,5,car,912.28,19.65,957.58,48.18,0.516
123,10,car,555.91,162.18,646.7,245.22,0.8598
123,11,car,472.69,21.27,528.29,53.62,0.8133
123,980,car,507.23,0.14,539.56,21.34,0.73
123,1059,car,266.37,18.61,301.58,40.97,0.5201
123,1196,car,440.66,0.3,478.76,21.8,0.4917
123,1080,bike,204.89,60.42,244.13,100.83,0.3645
123,1211,car,548.7,0.0,570.56,13.57,0.2343
124,2,car,661.51,173.75,779.52,268.67,0.8241
124,4,car,791.63,43.96,892.32,81.49,0.8547
124,5,car,914.38,19.62,958.29,47.13,0.5231
124,10,car,556.43,161.99,647.08,245.09,0.8599
124,11,car,474.22,21.64,530.09,53.79,0.8237
124,980,car,506.73,0.14,538.57,20.95,0.69
124,1059,car,265.32,17.08,302.58,40.69,0.457
124,1196,car,440.72,0.37,478.94,21.71,0.4773
124,1080,bike,205.83,61.37,245.92,103.58,0.3189
125,2,car,661.68,173.65,779.53,268.28,0.8349
125,4,car,795.55,44.23,895.61,81.46,0.8623
125,5,car,917.44,19.87,959.35,46.17,0.5761
125,10,car,556.75,161.98,646.9,244.74,0.8598
125,11,car,476.55,21.92,532.79,53.92,0.7959
125,980,car,505.61,0.17,537.65,21.11,0.6937
125,1059,car,264.95,16.7,302.7,40.64,0.4504
125,1196,car,440.39,0.22,479.88,22.1,0.5245
125,1080,bike,207.18,59.97,248.29,104.27,0.2966
125,1373,car,357.56,40.84,403.7,70.14,0.4185
126,2,car,661.18,173.31,779.52,268.31,0.8215
126,4,car,798.31,43.83,899.24,81.29,0.8462
126,5,car,918.27,19.88,959.54,45.77,0.5735
126,10,car,556.21,161.88,646.46,244.63,0.8588
126,11,car,478.43,21.7,536.1,54.23,0.7827
126,980,car,505.77,0.37,536.54,20.34,0.588
126,1059,car,265.25,18.13,300.68,40.61,0.4109
126,1196,car,438.76,0.07,477.74,21.81,0.392
126,1373,car,359.02,40.72,404.52,69.54,0.5525
127,2,car,661.17,173.11,779.57,268.06,0.8131
127,4,car,802.57,44.18,902.04,80.94,0.7967
127,5,car,918.28,19.81,959.44,45.58,0.5422
127,10,car,555.46,161.82,646.41,245.15,0.8573
127,11,car,480.31,21.68,538.91,54.45,0.7295
127,980,car,505.67,0.41,535.51,19.54,0.5901
127,1059,car,264.79,17.02,301.78,40.66,0.4687
127,1196,car,440.13,0.13,479.81,22.07,0.4409
127,1373,car,361.06,40.72,406.59,69.45,0.4311
127,1080,bike,211.49,60.69,250.12,102.92,0.3446
128,2,car,660.3,172.95,779.93,268.91,0.7981
128,4,car,807.03,44.32,905.41,80.51,0.8323
128,5,car,917.95,19.7,959.59,45.76,0.6352
128,10,car,555.17,161.66,646.32,245.13,0.8579
128,11,car,482.87,21.67,542.22,54.76,0.7685
128,980,car,505.57,0.27,534.15,18.27,0.5391
128,1059,car,264.53,16.25,301.92,40.2,0.4137
128,1196,car,440.14,0.04,479.65,21.83,0.3482
128,1373,car,363.35,40.74,408.2,68.82,0.4621
129,2,car,660.51,172.57,779.77,268.21,0.8204
129,4,car,810.15,44.12,909.04,80.39,0.7955
129,5,car,917.49,19.67,959.47,45.93,0.6289
129,10,car,554.73,161.51,646.14,245.08,0.8628
129,11,car,485.38,21.8,545.41,55.07,0.7106
129,980,car,504.85,0.12,533.22,17.72,0.5058
129,1059,car,264.41,16.08,301.7,40.09,0.4211
129,1196,car,441.44,0.23,481.01,21.83,0.438
129,1373,car,366.11,40.68,410.74,68.31,0.4033
130,2,car,660.54,172.17,779.97,267.94,0.795
130,4,car,812.3,42.85,914.22,80.26,0.7395
130,5,car,917.58,19.44,959.69,45.8,0.5639
130,10,car,555.12,161.4,646.41,244.85,0.8616
130,11,car,487.64,21.8,548.89,55.51,0.7409
130,980,car,503.58,0.16,531.74,17.4,0.5654
130,1059,car,264.53,15.86,301.53,39.78,0.4096
130,1196,car,442.38,0.2,482.41,21.78,0.4364
130,1373,car,366.48,40.3,411.82,68.13,0.2801
131,2,car,660.84,172.23,779.36,267.18,0.7836
131,4,car,815.92,42.7,918.46,80.33,0.8177
131,5,car,917.72,19.17,959.94,45.64,0.6557
131,10,car,555.94,161.46,646.47,244.3,0.868
131,11,car,488.7,21.91,551.3,56.17,0.8025
131,980,car,502.29,0.1,530.8,17.41,0.6371
131,1059,car,264.27,15.45,301.58,39.72,0.4474
131,1196,car,443.99,0.42,484.11,21.66,0.364
132,2,car,660.88,172.2,779.19,266.9,0.7723
132,4,car,818.95,43.07,920.37,80.21,0.7009
132,5,car,917.54,19.08,960.0,45.79,0.7161
132,10,car,555.8,161.5,646.41,244.42,0.8625
132,11,car,491.09,22.65,554.1,56.9,0.8076
132,980,car,501.21,0.08,529.82,17.31,0.6764
132,1059,car,265.79,17.27,301.11,40.18,0.4182
132,1196,car,445.01,0.55,485.79,21.65,0.3341
132,524,car,633.06,0.69,675.63,20.19,0.2805
133,2,car,660.39,172.0,779.34,267.28,0.8016
133,4,car,822.81,43.82,922.51,80.12,0.781
133,5,car,917.54,18.78,960.0,45.6,0.7039
133,10,car,555.51,161.33,646.49,244.55,0.862
133,11,car,493.68,22.62,557.36,57.1,0.8117
133,980,car,500.44,0.01,529.01,17.07,0.5892
133,1059,car,264.88,15.47,302.56,39.98,0.4536
133,1196,car,442.15,0.2,482.62,21.27,0.3047
133,1080,bike,222.98,56.54,259.58,97.69,0.3568
134,2,car,659.84,171.8,778.69,266.92,0.7899
134,4,car,826.48,42.83,928.0,79.73,0.6651
134,5,car,917.9,19.15,959.94,45.65,0.7076
134,10,car,555.12,161.11,646.33,244.45,0.8567
134,11,car,496.77,22.63,561.13,57.28,0.8
134,980,car,499.52,0.0,528.03,16.86,0.5397
134,1059,car,264.67,14.55,303.98,40.2,0.4526
134,1478,bike,192.98,101.38,228.05,140.24,0.3599
134,1080,bike,225.1,56.25,260.44,96.92,0.4479
135,2,car,659.82,171.72,778.62,266.79,0.8026
135,4,car,831.01,42.79,932.33,79.57,0.6699
135,5,car,917.37,18.94,959.88,45.73,0.7034
135,10,car,555.15,160.9,646.6,244.44,0.8597
135,11,car,499.32,22.67,564.74,57.69,0.7939
135,980,car,499.2,0.02,527.53,16.63,0.4906
135,1059,car,264.9,14.45,303.79,39.75,0.4651
135,1478,bike,194.1,101.41,229.3,140.43,0.3651
135,1080,bike,227.7,56.11,261.15,95.02,0.4013
135,1493,car,945.22,159.96,958.65,197.68,0.5289
136,2,car,660.43,171.52,778.86,266.23,0.8314
136,4,car,834.82,42.4,937.22,79.66,0.7948
136,5,car,916.79,18.08,960.0,45.68,0.7561
136,10,car,555.69,161.03,646.25,243.61,0.8495
136,11,car,501.43,22.6,567.79,57.95,0.7572
136,980,car,499.02,0.0,526.49,15.89,0.5181
136,1059,car,264.74,14.26,304.26,39.94,0.4673
136,1478,bike,195.18,101.11,231.32,141.18,0.2702
136,1080,bike,230.18,55.08,261.9,92.24,0.3996
136,1493,car,944.0,158.1,957.85,196.78,0.5381
136,524,car,634.77,0.69,676.24,19.71,0.2486
136,1196,car,441.1,0.33,480.0,20.95,0.2524
137,2,car,660.31,171.66,778.75,266.32,0.8068
137,4,car,837.88,41.64,941.97,79.64,0.7398
137,5,car,917.15,18.18,960.0,45.6,0.7713
137,10,car,556.35,161.04,646.41,243.24,0.8518
137,11,car,504.03,22.46,570.78,57.92,0.7672
137,980,car,498.32,0.0,525.47,15.53,0.5203
137,1059,car,264.33,13.93,304.09,39.75,0.49
137,1080,bike,231.12,54.98,264.44,94.71,0.4275
137,1493,car,942.88,156.11,956.57,193.74,0.4788
137,524,car,634.23,0.53,675.91,19.59,0.2406
137,1196,car,441.93,0.25,478.91,20.06,0.3538
138,2,car,660.56,171.65,778.85,266.13,0.8319
138,4,car,842.56,42.09,944.49,79.25,0.7836
138,5,car,917.63,18.6,959.85,45.39,0.7101
138,10,car,556.03,161.09,646.54,243.68,0.8576
138,11,car,506.42,22.21,574.44,58.32,0.7167
138,980,car,497.82,0.0,524.42,15.04,0.5279
138,1059,car,265.16,14.1,304.28,39.45,0.5183
138,1080,bike,232.7,55.2,265.85,95.37,0.4159
138,1493,car,941.44,154.09,955.26,191.09,0.5387
138,524,car,634.06,0.49,675.86,19.72,0.2764
138,1196,car,441.91,0.17,478.49,20.06,0.2716
138,1524,car,474.04,2.9,496.14,19.59,0.347
138,1478,bike,198.9,103.59,236.21,145.02,0.2984
139,2,car,660.89,171.75,778.02,265.16,0.8208
139,4,car,845.49,41.59,947.78,79.0,0.7723
139,5,car,918.32,19.02,959.46,45.05,0.6756
139,10,car,555.77,161.0,646.64,243.9,0.8514
139,11,car,509.47,22.66,577.73,58.75,0.7702
139,980,car,497.7,0.0,524.16,14.81,0.5182
139,1059,car,265.73,14.48,303.95,39.15,0.5054
139,1080,bike,234.25,54.97,267.1,95.47,0.3432
139,1493,car,939.34,150.89,954.34,189.68,0.6453
139,524,car,634.33,0.39,676.56,19.94,0.2169
139,1196,car,441.88,0.16,477.84,20.02,0.299
139,1524,car,474.13,2.33,497.06,19.66,0.3467
140,2,car,660.72,171.74,778.1,265.24,0.8288
140,4,car,848.94,41.07,952.36,78.96,0.7733
140,5,car,918.7,19.32,959.4,45.04,0.6733
140,10,car,555.69,161.11,646.83,244.3,0.8556
140,11,car,511.96,22.86,580.58,58.98,0.7525
140,980,car,497.94,0.0,524.1,14.54,0.4698
140,1059,car,264.64,13.98,304.04,39.44,0.5114
140,1080,bike,236.07,54.55,268.65,95.34,0.292
140,1493,car,937.6,146.83,954.51,189.28,0.6631
140,524,car,633.63,0.24,676.54,20.27,0.3405
140,1196,car,443.27,0.14,479.09,20.13,0.2354
140,1524,car,474.8,2.08,498.1,19.71,0.2896
140,1478,bike,201.89,102.54,239.35,144.22,0.2601
141,2,car,660.58,171.72,778.59,265.63,0.8172
141,4,car,852.59,41.35,955.65,79.16,0.7986
141,5,car,918.51,19.27,959.54,45.18,0.6495
141,10,car,555.77,161.18,646.85,244.3,0.8541
141,11,car,515.05,23.24,584.06,59.4,0.7316
141,980,car,498.16,0.0,523.95,14.26,0.4563
141,1059,car,265.08,14.19,304.22,39.34,0.4456
141,1080,bike,237.88,54.44,269.66,94.71,0.3361
141,1493,car,935.62,144.54,954.06,189.14,0.706
141,524,car,633.33,0.07,676.59,20.45,0.2873
141,1478,bike,204.01,103.61,241.53,145.61,0.2474
142,2,car,660.31,171.63,779.12,266.19,0.8213
142,4,car,856.5,41.76,958.02,79.08,0.8156
142,5,car,918.43,19.07,959.49,44.97,0.5859
142,10,car,556.21,161.14,646.58,243.53,0.8561
142,11,car,517.93,23.75,586.17,59.21,0.7528
142,980,car,498.12,0.0,523.43,13.92,0.39
142,1059,car,265.69,14.7,304.6,39.6,0.4233
142,1080,bike,241.01,57.58,269.78,93.85,0.3043
142,1493,car,933.06,140.76,954.02,189.8,0.7579
143,2,car,660.23,171.4,779.19,266.07,0.794
143,4,car,860.28,42.83,959.11,79.2,0.7911
143,5,car,918.57,19.08,959.24,44.66,0.5294
143,10,car,556.46,161.14,646.78,243.51,0.8569
143,11,car,519.56,23.64,589.39,59.74,0.7845
143,980,car,498.23,0.0,523.12,13.62,0.4647
143,1059,car,266.68,16.74,303.47,40.06,0.4066
143,1080,bike,243.55,59.85,270.7,93.69,0.3488
143,1493,car,931.37,138.16,953.89,188.86,0.7422
143,524,car,632.9,0.08,673.96,19.46,0.2534
144,2,car,660.24,171.45,779.16,266.1,0.8057
144,4,car,862.06,42.61,960.0,79.36,0.8317
144,5,car,918.38,18.69,959.31,44.38,0.5468
144,10,car,556.57,161.26,646.61,243.39,0.8617
144,11,car,523.47,24.66,591.48,59.44,0.768
144,980,car,498.16,0.0,522.81,13.49,0.3958
144,1059,car,266.38,15.62,303.94,39.34,0.4164
144,1080,bike,245.43,61.39,271.69,93.76,0.3771
144,1493,car,929.39,135.48,953.68,188.01,0.7818
145,2,car,659.77,171.46,779.19,266.56,0.8242
145,4,car,865.73,43.28,960.0,79.61,0.6366
145,5,car,918.41,18.83,959.02,44.2,0.4113
145,10,car,556.74,161.21,646.57,243.22,0.8636
145,11,car,526.01,25.44,594.44,60.09,0.7494
145,980,car,498.12,0.0,522.63,13.49,0.3299
145,1059,car,265.54,15.56,303.89,39.71,0.4217
145,1080,bike,247.74,63.57,272.41,93.58,0.3753
145,1493,car,927.64,133.32,953.44,186.86,0.7883
146,2,car,659.25,171.85,779.28,267.59,0.7689
146,4,car,868.1,43.2,960.0,79.24,0.6833
146,5,car,918.85,18.84,959.31,44.08,0.4358
146,10,car,556.53,161.17,646.56,243.42,0.8638
146,11,car,529.39,26.39,596.52,59.99,0.6747
146,980,car,498.32,0.0,522.47,13.45,0.2764
146,1059,car,266.83,17.34,303.28,40.05,0.4121
146,1080,bike,248.35,61.13,274.73,93.19,0.287
146,1493,car,925.02,131.29,954.54,191.04,0.8081
146,1604,car,448.37,0.08,503.09,21.13,0.3565
147,2,car,660.48,171.76,778.55,265.77,0.7929
147,4,car,870.22,42.49,960.0,78.71,0.5157
147,5,car,918.97,18.73,959.93,44.36,0.3044
147,10,car,555.84,161.37,646.65,244.39,0.8652
147,11,car,531.76,26.51,599.93,60.36,0.7344
147,980,car,497.45,0.0,521.38,13.44,0.3012
147,1059,car,263.49,15.93,302.09,39.65,0.3732
147,1080,bike,250.09,60.85,276.17,92.24,0.2732
147,1493,car,922.29,130.2,955.27,195.62,0.7661
147,1604,car,448.47,0.02,504.2,21.47,0.424
148,2,car,660.03,171.73,778.79,266.31,0.8001
148,4,car,874.78,42.84,960.0,77.29,0.3851
148,5,car,918.88,18.3,960.0,44.27,0.3902
148,10,car,556.13,161.41,646.46,244.01,0.8696
148,11,car,534.36,26.3,604.12,60.76,0.7321
148,980,car,496.11,0.02,519.75,13.36,0.2898
148,1059,car,261.29,15.0,301.74,39.45,0.3737
148,1080,bike,249.72,55.68,279.51,91.96,0.2987
148,1493,car,919.75,129.04,954.8,196.66,0.7897
148,1604,car,449.87,0.0,504.98,21.23,0.4251
149,2,car,660.41,171.87,778.65,265.87,0.801
149,4,car,876.43,41.88,960.0,77.48,0.6935
149,5,car,919.65,19.31,959.15,43.93,0.3138
149,10,car,556.43,161.46,646.56,243.99,0.8636
149,11,car,537.33,26.69,608.27,61.55,0.69
149,980,car,495.27,0.01,518.94,13.45,0.2641
149,1059,car,260.23,14.47,301.72,39.23,0.3305
149,1080,bike,251.87,56.9,280.37,91.67,0.2981
149,1493,car,917.85,127.93,954.59,196.96,0.8035
149,1604,car,450.82,0.01,506.71,21.59,0.4316
149,1637,car,356.88,11.41,437.94,48.23,0.4046
150,2,car,659.74,172.26,778.76,266.9,0.774
150,4,car,877.75,41.72,960.0,78.36,0.6056
150,5,car,919.93,19.48,958.8,43.58,0.3357
150,10,car,556.18,161.5,646.42,244.25,0.8651
150,11,car,539.25,26.95,611.21,62.13,0.8123
150,1059,car,259.4,14.55,301.18,39.26,0.3393
150,1080,bike,254.09,57.19,282.08,91.37,0.2366
150,1493,car,916.46,126.59,954.55,196.34,0.8066
150,1604,car,452.16,0.09,507.53,21.5,0.3697
150,1637,car,357.37,12.06,438.66,48.95,0.3649
151,2,car,659.59,172.1,779.12,267.18,0.7955
151,4,car,879.78,41.41,960.0,78.85,0.5531
151,5,car,919.93,18.93,959.31,43.31,0.4015
151,10,car,556.1,161.46,646.06,243.95,0.8598
151,11,car,541.13,27.11,615.19,63.19,0.7806
151,1059,car,263.6,17.27,302.18,40.05,0.3525
151,1493,car,915.52,125.08,954.31,194.05,0.81
151,1604,car,455.24,1.05,506.39,20.78,0.4464
151,1637,car,357.89,12.18,438.0,48.46,0.3892
152,2,car,659.76,172.06,779.66,267.55,0.7996
152,4,car,882.44,41.35,960.0,79.02,0.5319
152,5,car,919.8,19.0,959.02,43.16,0.4116
152,10,car,555.44,161.51,646.27,244.88,0.8634
152,11,car,544.52,27.4,619.19,63.66,0.7441
152,1059,car,265.78,19.23,301.55,40.22,0.3537
152,1493,car,914.51,123.89,954.51,193.13,0.8128
152,1604,car,454.52,0.76,506.59,20.86,0.436
152,1637,car,359.82,12.05,439.03,47.86,0.3713
152,1080,bike,257.57,58.12,284.55,90.86,0.238
153,2,car,659.31,172.34,779.5,268.08,0.7954
153,4,car,886.65,41.44,960.0,78.17,0.5698
153,5,car,919.56,19.16,959.31,43.62,0.3109
153,10,car,555.6,161.68,646.4,245.13,0.8566
153,11,car,547.31,27.98,622.67,64.51,0.7861
153,1059,car,266.8,20.67,300.22,40.14,0.2826
153,1493,car,913.5,122.75,954.61,192.09,0.796
153,1604,car,456.6,0.84,507.19,20.3,0.4993
153,1637,car,361.84,11.01,442.8,47.73,0.2452
154,2,car,659.51,172.18,779.31,267.63,0.7894
154,4,car,890.13,40.95,960.0,77.57,0.5924
154,5,car,919.5,18.73,959.64,43.47,0.3772
154,10,car,555.96,161.73,646.54,245.08,0.866
154,11,car,550.88,28.5,624.97,64.15,0.8029
154,1059,car,266.39,21.05,299.81,40.34,0.2735
154,1493,car,912.0,119.99,953.98,188.73,0.8014
154,1604,car,456.85,1.02,507.95,20.71,0.5772
154,1637,car,364.29,11.47,443.95,47.67,0.274
155,2,car,658.93,172.55,779.06,268.31,0.7901
155,4,car,895.19,41.82,960.0,77.01,0.497
155,5,car,918.66,18.43,960.0,44.19,0.3487
155,10,car,556.28,161.83,646.33,244.73,0.8653
155,11,car,553.27,28.38,629.02,64.72,0.7899
155,1059,car,265.91,20.05,301.31,40.37,0.2721
155,1493,car,910.73,118.55,953.3,185.9,0.8278
155,1604,car,454.36,0.67,507.48,21.29,0.5321
155,1637,car,364.22,10.19,448.65,48.93,0.2855
156,2,car,658.68,172.61,779.28,268.83,0.8014
156,4,car,896.79,41.07,960.0,77.93,0.5086
156,5,car,918.69,18.43,960.0,44.34,0.3925
156,10,car,556.08,161.79,646.37,245.0,0.8556
156,11,car,556.0,28.69,631.42,64.67,0.8033
156,1059,car,264.37,18.76,301.73,40.23,0.3373
156,1493,car,909.65,117.54,952.53,182.86,0.8471
156,1604,car,456.35,1.11,508.72,21.47,0.602
157,2,car,658.55,172.48,779.39,269.03,0.7962
157,4,car,899.69,40.62,960.0,77.5,0.6652
157,5,car,918.13,18.79,959.79,44.66,0.4178
157,10,car,556.6,161.79,646.47,244.66,0.8591
157,11,car,559.63,28.89,633.97,64.16,0.8365
157,1059,car,263.58,17.65,302.9,40.26,0.3188
157,1493,car,908.91,116.91,952.39,180.68,0.847
157,1604,car,458.6,0.91,510.93,21.18,0.6149
158,2,car,660.01,172.26,778.76,266.99,0.799
158,4,car,903.51,40.71,960.0,77.2,0.7013
158,5,car,917.64,18.87,960.0,45.32,0.4655
158,10,car,556.02,161.6,646.73,245.4,0.8589
158,11,car,562.54,29.06,637.51,64.4,0.8316
158,1059,car,258.55,14.67,302.74,40.12,0.3752
158,1493,car,907.6,116.22,952.15,179.15,0.8504
158,1604,car,459.8,0.42,513.91,21.36,0.6838
158,1080,bike,267.08,56.28,294.27,89.13,0.2371
159,2,car,659.26,172.68,779.22,268.46,0.7826
159,4,car,907.14,41.28,960.0,77.03,0.6554
159,5,car,917.35,18.56,960.0,45.54,0.5008
159,10,car,556.02,161.68,646.51,245.38,0.8558
159,11,car,565.05,29.14,641.55,65.09,0.7605
159,1059,car,258.42,14.8,302.32,40.12,0.323
159,1493,car,906.51,115.24,952.67,178.44,0.8335
159,1604,car,460.41,0.36,515.67,21.75,0.6755
160,2,car,659.52,172.5,779.53,268.46,0.8101
160,4,car,911.06,40.87,960.0,76.15,0.6808
160,5,car,917.4,19.1,960.0,46.24,0.4877
160,10,car,556.34,161.94,646.42,245.32,0.8578
160,11,car,568.52,29.18,644.7,64.8,0.7752
160,1059,car,256.65,14.07,301.59,40.03,0.3229
160,1493,car,905.29,113.38,953.19,177.16,0.8663
160,1604,car,461.03,0.34,516.41,21.73,0.6527
161,2,car,659.58,172.43,779.52,268.44,0.8182
161,4,car,914.66,40.77,960.0,75.55,0.6918
161,5,car,917.13,18.59,960.0,45.99,0.5242
161,10,car,556.48,162.23,645.89,244.88,0.8631
161,11,car,570.76,29.24,648.98,65.78,0.7981
161,1059,car,255.71,12.7,303.01,40.3,0.2324
161,1493,car,904.41,111.86,953.19,175.01,0.8765
161,1604,car,461.95,0.45,517.19,21.72,0.6555
161,1637,car,365.52,9.02,451.02,48.66,0.2898
162,2,car,659.57,172.56,779.46,268.62,0.7959
162,4,car,919.23,41.68,960.0,74.48,0.5665
162,5,car,917.01,18.51,960.0,46.08,0.577
162,10,car,557.0,162.09,646.36,244.78,0.863
162,11,car,573.23,29.4,652.66,66.42,0.7099
162,1059,car,253.14,9.93,303.89,39.93,0.25
162,1493,car,903.65,110.83,953.4,173.53,0.8774
162,1604,car,462.66,0.27,518.37,21.66,0.6463
162,1637,car,365.89,9.3,450.95,49.13,0.3995
163,2,car,659.55,172.63,778.96,268.39,0.8142
163,4,car,924.17,42.82,960.0,73.86,0.5321
163,5,car,916.66,17.92,960.0,46.29,0.6137
163,10,car,557.27,162.11,646.61,244.92,0.8527
163,11,car,575.72,29.36,655.87,66.7,0.776
163,1059,car,254.36,11.27,303.13,40.17,0.2987
163,1493,car,902.8,110.09,953.77,172.78,0.8746
163,1604,car,465.06,0.24,519.85,21.14,0.5914
163,1637,car,366.46,9.55,450.19,48.96,0.3875
164,2,car,659.25,172.54,779.23,268.84,0.8262
164,5,car,917.28,18.48,960.0,46.06,0.6456
164,10,car,557.32,162.3,646.42,244.91,0.8575
164,11,car,579.21,29.52,658.55,66.34,0.7392
164,1493,car,902.28,109.69,953.86,171.56,0.859
164,1604,car,467.19,0.51,520.38,20.59,0.5536
165,2,car,658.92,172.41,779.57,269.4,0.8422
165,5,car,916.94,18.48,960.0,46.49,0.7017
165,10,car,556.92,162.26,646.5,245.36,0.8549
165,11,car,582.02,29.57,662.03,66.62,0.7816
165,1493,car,901.61,108.24,953.98,169.61,0.853
165,1604,car,467.22,0.42,521.06,20.61,0.5263
166,2,car,659.1,172.48,779.42,269.36,0.8178
166,5,car,917.45,19.21,959.86,46.48,0.7343
166,10,car,555.95,161.94,646.19,245.55,0.8559
166,11,car,584.54,30.1,664.88,67.13,0.7024
166,1493,car,901.14,107.31,954.15,168.06,0.8225
166,1604,car,467.13,0.17,522.52,20.88,0.6293
167,2,car,659.33,172.65,778.99,268.99,0.8259
167,5,car,916.84,18.75,960.0,46.82,0.7067
167,10,car,556.32,162.1,646.5,245.74,0.8503
167,11,car,586.68,30.24,667.6,67.38,0.7534
167,1493,car,900.06,106.49,954.37,167.51,0.8498
167,1604,car,469.16,0.15,524.71,20.88,0.6378
168,2,car,659.5,172.54,778.89,268.62,0.8168
168,5,car,917.41,19.28,959.87,46.7,0.7504
168,10,car,556.59,162.34,646.31,245.64,0.8566
168,11,car,588.39,30.41,670.61,68.22,0.7567
168,1493,car,899.35,105.76,954.89,167.13,0.8343
168,1604,car,470.19,0.14,525.96,20.86,0.6692
168,1864,car,509.2,47.92,542.99,78.99,0.477
169,2,car,659.43,172.56,778.76,268.61,0.8477
169,5,car,917.36,19.63,959.78,47.02,0.7177
169,10,car,556.59,162.31,646.25,245.49,0.8571
169,11,car,590.78,30.21,673.15,68.11,0.7996
169,1493,car,898.77,103.88,955.41,165.53,0.8271
169,1604,car,469.76,0.16,526.61,21.13,0.6638
169,1864,car,511.41,45.9,548.12,79.72,0.3655
169,1884,car,693.02,0.22,727.03,22.7,0.3186
170,2,car,659.82,172.52,778.27,267.86,0.8258
170,5,car,917.31,19.63,960.0,47.39,0.7603
170,10,car,556.08,162.15,646.14,245.61,0.8633
170,11,car,592.6,30.13,676.75,68.96,0.7914
170,1493,car,898.12,101.56,956.13,163.92,0.8325
170,1604,car,471.07,0.09,527.9,20.95,0.662
170,1864,car,517.3,50.62,549.72,80.41,0.3829
171,2,car,659.74,172.48,778.56,268.06,0.8268
171,5,car,917.36,19.67,960.0,47.36,0.7079
171,10,car,555.99,162.04,646.28,245.65,0.8597
171,11,car,595.47,30.1,679.27,68.74,0.8363
171,1493,car,898.14,100.76,956.16,162.25,0.8561
171,1604,car,472.17,0.33,528.84,20.97,0.6465
171,1864,car,518.89,46.43,555.67,80.39,0.3682
171,1637,car,371.63,9.12,453.61,48.25,0.3624
172,2,car,659.48,172.6,778.56,268.4,0.8492
172,5,car,917.23,19.33,960.0,47.4,0.7622
172,10,car,556.26,162.04,646.37,245.44,0.8544
172,11,car,597.73,29.94,681.75,68.76,0.8167
172,1493,car,898.19,100.37,956.16,160.94,0.8683
172,1604,car,473.45,0.4,530.23,20.92,0.5609
172,1864,car,521.54,45.21,560.04,80.96,0.3112
172,1930,car,661.29,490.45,834.97,539.49,0.426
172,1637,car,373.72,8.91,455.08,48.47,0.3156
172,1884,car,693.05,0.23,726.9,22.61,0.2067
173,2,car,659.22,172.56,778.79,268.84,0.8271
173,5,car,917.39,19.91,959.87,47.56,0.72
173,10,car,556.65,162.32,646.41,245.37,0.8533
173,11,car,600.51,30.01,684.76,68.97,0.8295
173,1493,car,897.74,98.19,956.5,158.86,0.8396
173,1604,car,474.18,0.16,531.78,20.94,0.604
173,1930,car,643.73,481.77,848.08,539.78,0.3824
173,1637,car,374.29,9.64,454.57,49.23,0.4836
173,1940,car,226.03,24.44,254.94,47.68,0.3433
174,2,car,659.48,172.63,778.67,268.63,0.8394
174,5,car,917.51,19.76,959.93,47.41,0.7408
174,10,car,556.54,162.36,646.13,245.13,0.8523
174,11,car,603.96,30.35,686.87,68.6,0.8137
174,1493,car,898.15,98.04,956.11,156.96,0.8392
174,1604,car,475.29,0.19,532.32,20.79,0.4524
174,1930,car,623.46,471.36,862.6,539.94,0.4599
174,1637,car,375.35,9.65,454.73,49.45,0.3156
174,1940,car,228.05,25.85,254.24,46.87,0.3578
174,1864,car,530.26,49.01,566.18,82.43,0.3519
174,1884,car,692.84,0.18,726.37,22.32,0.2261
175,2,car,659.79,172.81,778.54,268.41,0.8546
175,5,car,917.9,19.99,959.69,47.21,0.7261
175,10,car,556.46,162.15,646.43,245.27,0.8569
175,11,car,606.27,30.17,689.71,68.61,0.8378
175,1493,car,898.2,97.78,956.27,156.03,0.8486
175,1604,car,476.27,0.06,533.49,20.7,0.5427
175,1637,car,376.82,9.94,454.45,49.15,0.3946
175,1940,car,228.36,26.91,253.81,47.26,0.3469
175,1864,car,532.82,46.81,570.65,82.26,0.3487
175,1884,car,692.85,0.09,726.76,22.47,0.2101
175,1080,car,292.55,46.32,320.37,80.17,0.3047
176,2,car,659.93,172.86,778.4,268.23,0.8362
176,5,car,917.68,20.05,959.68,47.41,0.736
176,10,car,556.94,162.12,646.49,244.98,0.8457
176,11,car,608.46,30.16,691.6,68.41,0.8142
176,1493,car,897.75,96.83,956.59,155.17,0.8533
176,1604,car,478.42,0.09,535.56,20.6,0.529
176,1637,car,378.17,10.66,453.04,48.4,0.4165
176,1940,car,228.09,25.96,254.45,46.99,0.3267
176,1864,car,535.92,44.85,575.22,82.1,0.3455
176,1884,car,693.13,0.1,726.67,22.19,0.2722
176,1977,bike,218.66,85.93,242.9,117.8,0.3614
176,1080,car,294.49,46.16,322.03,79.68,0.2858
176,1930,car,597.36,453.78,884.8,537.9,0.6743
177,2,car,659.88,172.61,778.23,267.87,0.8503
177,5,car,917.68,19.8,959.85,47.31,0.7282
177,10,car,556.5,162.0,646.18,244.91,0.8545
177,11,car,611.39,30.44,692.77,67.73,0.8242
177,1493,car,897.67,96.05,956.9,154.15,0.8559
177,1604,car,480.63,0.07,537.24,20.25,0.6103
177,1637,car,379.28,10.66,454.18,48.27,0.4664
177,1940,car,228.08,25.96,254.0,46.53,0.2663
177,1864,car,539.87,44.8,578.83,82.04,0.4615
177,1884,car,692.89,0.1,726.3,22.05,0.2303
177,1977,bike,219.17,85.53,244.28,118.59,0.4319
177,1080,car,295.82,45.82,323.49,79.52,0.2569
177,1930,car,585.94,444.99,891.99,536.92,0.6392
178,2,car,660.05,172.62,778.33,267.84,0.8456
178,5,car,917.67,19.59,959.89,47.15,0.7373
178,10,car,556.25,162.01,646.03,244.92,0.855
178,11,car,613.1,30.46,694.41,67.59,0.8487
178,1493,car,897.5,95.78,956.82,153.3,0.845
178,1604,car,482.73,0.09,539.55,20.32,0.6078
178,1637,car,378.96,9.93,455.93,48.53,0.3557
178,1940,car,227.46,24.99,254.59,46.52,0.2464
178,1864,car,544.03,45.99,582.14,82.69,0.3591
178,1884,car,692.39,0.08,725.84,21.94,0.2189
178,1977,bike,220.71,87.18,244.66,118.77,0.3355
178,1930,car,576.55,436.78,900.01,536.87,0.6038
178,1997,car,265.82,16.5,304.41,40.6,0.3277
179,2,car,660.16,172.56,778.28,267.6,0.8489
179,5,car,917.97,19.63,959.65,46.8,0.7497
179,10,car,556.16,162.09,646.12,245.12,0.8586
179,11,car,616.2,30.74,697.65,67.77,0.8317
179,1493,car,897.41,95.02,956.51,151.63,0.8223
179,1604,car,483.47,0.02,540.43,20.24,0.6752
179,1637,car,379.25,8.53,458.17,48.21,0.3818
179,1940,car,229.26,26.1,254.37,45.89,0.2481
179,1864,car,547.08,43.82,586.59,82.42,0.2589
179,1930,car,567.46,429.09,903.8,536.49,0.7884
179,1997,car,266.46,17.33,303.82,40.64,0.3571
179,1080,bike,298.17,43.04,327.46,79.31,0.2355
180,2,car,660.05,172.49,778.73,268.07,0.8452
180,5,car,917.91,19.3,959.78,46.63,0.7283
180,10,car,556.17,161.89,646.26,245.04,0.8569
180,11,car,618.93,30.74,700.33,67.57,0.8351
180,1493,car,897.64,94.89,956.41,150.5,0.8233
180,1604,car,484.96,0.03,541.57,20.09,0.6182
180,1637,car,379.39,7.55,458.88,47.5,0.4012
180,1940,car,228.92,25.46,255.04,46.04,0.3285
180,1864,car,550.9,42.93,590.39,81.9,0.4047
180,1930,car,561.47,421.25,908.83,536.24,0.6804
180,1997,car,266.76,18.03,302.95,40.58,0.3513
181,2,car,659.95,172.53,778.17,267.69,0.8411
181,5,car,918.12,19.57,959.61,46.63,0.7337
181,10,car,556.13,161.85,646.08,244.93,0.8529
181,11,car,620.67,30.62,702.7,67.62,0.8327
181,1493,car,897.55,94.45,956.42,149.5,0.8212
181,1604,car,485.99,0.32,542.01,20.16,0.5552
181,1637,car,377.21,4.14,461.72,47.08,0.2311
181,1940,car,229.39,25.56,255.24,45.89,0.2975
181,1864,car,554.16,43.07,594.83,83.75,0.4546
181,1930,car,554.43,414.03,909.02,536.0,0.7355
181,1997,car,267.35,18.64,303.04,40.84,0.3551
182,2,car,659.52,172.38,778.79,268.45,0.8341
182,5,car,918.29,19.95,959.5,46.79,0.7147
182,10,car,556.61,161.6,646.19,244.34,0.8373
182,11,car,622.66,30.91,704.78,67.84,0.8374
182,1493,car,897.53,93.07,956.29,147.32,0.7916
182,1604,car,488.35,0.16,543.28,19.63,0.6207
182,1940,car,229.22,24.94,256.11,46.14,0.2511
182,1864,car,558.46,44.15,597.14,82.94,0.2851
182,1930,car,546.07,406.85,908.51,536.63,0.637
182,1997,car,266.14,17.02,304.47,40.84,0.4502
183,2,car,660.15,172.45,778.11,267.32,0.8372
183,5,car,918.28,19.99,959.3,46.63,0.7517
183,10,car,556.23,161.32,646.34,244.56,0.8459
183,11,car,624.71,30.93,707.26,67.94,0.857
183,1493,car,897.09,91.66,957.03,146.57,0.7898
183,1604,car,491.2,0.41,543.62,18.91,0.5896
183,1864,car,562.19,44.72,600.57,83.48,0.2349
183,1930,car,542.43,400.81,905.9,536.57,0.7915
183,1997,car,266.59,16.64,305.49,40.81,0.5091
183,1637,car,375.43,0.75,462.05,45.21,0.3277
184,2,car,660.24,172.31,778.67,267.55,0.8301
184,5,car,918.28,19.72,959.38,46.38,0.7557
184,10,car,556.93,161.64,646.38,244.37,0.8239
184,11,car,627.16,31.01,709.46,67.7,0.8576
184,1493,car,896.35,89.74,957.87,145.83,0.7987
184,1604,car,492.27,0.16,545.18,18.78,0.6207
184,1930,car,536.87,394.57,903.12,537.43,0.807
184,1997,car,266.77,16.75,305.2,40.57,0.4639
184,2055,car,201.1,24.88,233.73,51.08,0.3281
184,1637,car,374.86,0.44,461.31,45.35,0.423
185,2,car,659.66,172.41,778.71,268.21,0.8179
185,5,car,918.48,19.84,959.11,46.09,0.6925
185,10,car,556.53,161.68,646.2,244.54,0.8288
185,11,car,629.43,31.08,711.79,67.64,0.8726
185,1493,car,896.37,89.06,958.13,145.07,0.778
185,1604,car,494.0,0.22,546.98,18.86,0.6298
185,1930,car,533.91,387.9,901.93,537.91,0.561
185,1997,car,265.96,16.07,305.31,40.45,0.5115
185,2055,car,200.48,23.87,234.16,50.93,0.2929
185,1637,car,374.87,1.38,459.82,45.9,0.4453
186,2,car,659.82,172.46,778.06,267.58,0.8239
186,5,car,918.27,19.43,959.48,46.05,0.7269
186,10,car,555.77,161.83,645.93,245.06,0.8472
186,11,car,630.55,30.62,714.39,67.8,0.8333
186,1493,car,896.43,88.43,958.53,144.56,0.7783
186,1604,car,494.54,0.29,548.31,19.26,0.6997
186,1930,car,536.5,382.4,901.55,537.8,0.7615
186,1997,car,265.92,16.01,304.28,39.73,0.4532
186,2055,car,200.97,25.1,233.38,51.16,0.246
186,1637,car,378.15,4.74,456.47,45.64,0.393
187,2,car,659.65,172.39,778.47,268.04,0.8331
187,5,car,918.43,19.47,959.36,45.86,0.7213
187,10,car,556.03,161.36,646.15,244.54,0.8537
187,11,car,632.04,30.44,716.18,67.75,0.8276
187,1493,car,896.52,87.39,958.98,143.71,0.7888
187,1604,car,495.38,0.33,549.25,19.38,0.6919
187,1930,car,534.75,376.23,898.45,538.06,0.7567
187,1997,car,265.07,15.76,303.85,39.65,0.449
187,1637,car,382.22,8.7,453.69,45.38,0.4756
187,2094,car,932.79,254.42,958.38,429.83,0.4714
187,2095,bike,232.1,85.07,255.57,116.13,0.4182
188,2,car,660.05,172.38,778.41,267.55,0.8416
188,5,car,918.52,19.56,959.23,45.72,0.7095
188,10,car,556.03,161.26,646.3,244.59,0.852
188,11,car,633.75,30.49,718.13,67.82,0.8355
188,1493,car,896.66,86.95,958.94,142.93,0.7919
188,1604,car,496.17,0.45,549.85,19.46,0.642
188,1930,car,532.29,371.43,889.14,538.0,0.8782
188,1997,car,265.12,15.93,303.82,39.75,0.4444
188,1637,car,383.94,11.01,452.28,45.54,0.4774
188,2094,car,930.59,249.09,956.8,427.81,0.483
188,2095,bike,233.34,85.43,256.01,115.44,0.4319
189,2,car,660.0,172.35,778.44,267.63,0.8396
189,5,car,918.61,19.69,959.09,45.62,0.7103
189,10,car,556.07,161.24,646.29,244.5,0.8423
189,11,car,635.33,30.45,720.34,67.97,0.8497
189,1493,car,896.99,85.93,959.3,141.88,0.8184
189,1604,car,499.78,0.62,550.61,18.56,0.4625
189,1930,car,535.88,366.2,884.16,537.42,0.8414
189,1997,car,264.61,15.65,304.38,40.28,0.4955
189,1637,car,384.52,11.54,452.76,45.56,0.4035
189,2094,truck,928.93,242.12,954.32,412.85,0.4002
189,2095,bike,233.49,84.01,256.81,114.93,0.4346
189,2118,car,926.0,243.06,957.0,409.65,0.4058
189,2055,car,199.89,24.74,232.48,50.84,0.2351
190,2,car,659.67,172.13,778.43,267.72,0.8421
190,5,car,918.59,19.74,959.34,45.81,0.733
190,10,car,556.15,161.23,646.25,244.37,0.8389
190,11,car,636.95,30.56,722.99,68.51,0.8378
190,1493,car,896.89,85.03,959.1,140.75,0.8465
190,1604,car,501.93,0.71,551.51,18.21,0.5202
190,1930,car,539.44,360.95,876.7,535.43,0.8382
190,1997,car,264.6,15.83,304.02,40.36,0.4437
190,1637,car,384.45,10.51,454.38,45.07,0.3566
190,2095,bike,234.37,84.54,257.06,114.66,0.4714
190,2118,truck,922.23,221.62,957.0,407.89,0.4788
190,2127,bike,287.31,91.94,327.8,141.27,0.3651
190,2055,car,200.07,25.14,232.3,50.97,0.2544
191,2,car,660.22,172.33,778.17,267.27,0.8329
191,5,car,918.64,19.85,959.27,45.79,0.7238
191,10,car,555.86,161.46,646.25,244.86,0.837
191,11,car,638.46,30.43,725.07,68.73,0.8571
191,1493,car,897.59,84.51,958.94,139.32,0.8375
191,1604,car,502.87,0.79,551.67,17.99,0.5178
191,1930,car,547.95,356.2,863.83,527.68,0.8361
191,1997,car,264.52,15.91,303.34,40.13,0.3651
191,1637,car,383.87,9.47,455.87,44.92,0.3224
191,2095,bike,234.8,84.33,257.75,114.86,0.4998
191,2118,truck,918.24,207.85,956.4,411.23,0.448
191,2127,bike,288.79,90.29,328.95,139.19,0.3772
192,2,car,660.8,172.52,777.76,266.52,0.8164
192,5,car,917.99,19.12,959.7,45.78,0.7278
192,10,car,556.06,161.6,646.3,244.9,0.8285
192,11,car,639.86,30.43,726.66,68.86,0.8613
192,1493,car,898.23,84.18,958.55,137.87,0.8498
192,1604,car,503.88,0.86,552.38,17.92,0.4671
192,1930,car,554.28,351.53,852.54,521.04,0.7819
192,1997,car,264.87,16.35,302.52,39.87,0.3435
192,1637,car,381.75,5.93,459.63,44.58,0.3256
192,2095,bike,236.82,84.67,257.52,112.2,0.3355
192,2118,truck,914.85,199.41,955.54,414.44,0.5588
192,2127,bike,291.37,89.5,330.07,136.58,0.3524
193,2,car,660.34,172.44,778.3,267.29,0.823
193,5,car,918.43,19.79,959.36,45.87,0.7136
193,10,car,555.84,161.64,646.19,245.0,0.8355
193,11,car,641.4,30.49,727.63,68.67,0.8562
193,1493,car,898.6,83.89,958.15,136.62,0.8183
193,1604,car,504.24,0.72,553.06,17.9,0.462
193,1930,car,560.23,348.0,840.91,514.54,0.7389
193,1997,car,264.44,16.2,302.13,39.74,0.306
193,2118,truck,912.81,194.18,954.18,409.7,0.6054
193,2127,bike,293.44,89.44,331.6,135.75,0.3072
193,1080,car,323.3,39.32,347.24,67.83,0.3316
194,2,car,660.03,172.81,778.19,267.83,0.8179
194,5,car,918.39,19.63,959.57,45.87,0.7192
194,10,car,555.85,161.71,646.12,244.95,0.8301
194,11,car,643.2,30.63,728.9,68.52,0.8518
194,1493,car,899.39,83.7,958.13,135.4,0.8281
194,1604,car,504.52,0.73,553.37,17.97,0.4486
194,1930,car,566.63,344.43,829.39,506.78,0.5955
194,1997,car,264.25,16.4,301.82,39.8,0.3367
194,2118,truck,909.42,189.93,953.34,414.94,0.6661
194,2127,bike,296.07,89.25,334.14,135.38,0.3365
194,1080,car,324.55,38.84,348.75,67.29,0.2691
194,1637,car,381.45,4.4,460.29,43.64,0.2647
195,2,car,660.32,173.04,777.94,267.51,0.79
195,5,car,918.65,20.17,959.21,45.92,0.7304
195,10,car,556.76,161.7,646.48,244.51,0.8347
195,11,car,644.95,30.54,731.35,68.73,0.839
195,1493,car,899.74,83.48,957.93,134.34,0.8226
195,1604,car,504.84,0.47,554.26,18.0,0.461
195,1930,car,572.21,340.14,820.54,499.64,0.5227
195,1997,car,264.3,16.51,301.97,39.86,0.3559
195,2118,truck,905.93,187.76,952.27,420.17,0.5614
195,2127,bike,298.08,89.56,336.08,135.55,0.2463
195,1080,car,325.9,37.5,350.46,66.35,0.2704
195,1637,car,382.39,3.71,461.37,43.22,0.2546
196,2,car,660.28,172.81,778.86,268.17,0.8259
196,5,car,918.54,20.2,959.29,46.03,0.7133
196,10,car,556.68,161.59,646.57,244.61,0.8372
196,11,car,646.01,30.71,733.14,69.29,0.8127
196,1493,car,899.96,83.0,957.8,133.18,0.8378
196,1604,car,504.59,0.35,555.33,18.47,0.5939
196,1930,car,577.04,336.39,811.73,492.85,0.7916
196,1997,car,264.1,16.56,301.84,39.96,0.2978
196,2118,truck,903.01,184.9,951.52,422.38,0.6513
196,1080,car,326.8,35.25,352.46,65.5,0.2733
197,2,car,660.79,172.88,778.19,267.29,0.788
197,5,car,918.25,20.12,959.54,46.29,0.7397
197,10,car,556.58,161.86,646.52,244.95,0.8297
197,11,car,647.63,31.16,734.57,69.61,0.7996
197,1493,car,900.04,82.71,957.34,131.94,0.844
197,1604,car,505.4,0.19,556.15,18.5,0.5915
197,1930,car,577.58,332.92,802.41,487.79,0.7534
197,1997,car,264.66,17.09,301.68,39.95,0.3097
197,2118,truck,899.81,181.76,950.69,424.11,0.5672
197,1080,car,328.29,36.29,353.89,66.36,0.2517
198,2,car,660.65,172.88,779.0,268.13,0.8061
198,5,car,918.22,20.3,959.58,46.5,0.7294
198,10,car,556.55,161.84,646.46,244.85,0.8549
198,11,car,649.51,31.3,736.29,69.77,0.7645
198,1493,car,900.23,82.25,957.27,130.8,0.8274
198,1604,car,506.47,0.16,556.5,18.43,0.5377
198,1930,car,582.75,329.32,796.11,481.22,0.8235
198,1997,car,264.38,17.18,301.27,39.95,0.2969
198,2118,truck,897.19,178.98,950.13,423.9,0.5431
199,2,car,660.87,172.91,778.81,267.83,0.7958
199,5,car,917.81,19.9,959.99,46.7,0.7421
199,10,car,556.55,161.83,646.64,245.0,0.8476
199,11,car,651.24,31.42,737.52,69.72,0.7603
199,1493,car,899.75,81.62,957.06,130.0,0.8289
199,1604,car,507.63,0.3,557.58,18.8,0.6054
199,1930,car,586.4,325.46,790.5,475.35,0.7781
199,1997,car,264.3,17.08,301.64,40.07,0.3458
199,2118,truck,894.89,175.71,949.75,421.77,0.4262
200,2,car,660.26,173.14,778.52,268.35,0.7937
200,5,car,917.64,19.77,960.0,46.77,0.7188
200,10,car,557.21,161.8,647.09,244.92,0.8468
200,11,car,651.03,31.67,737.22,69.67,0.7937
200,1493,car,899.03,80.64,957.05,129.3,0.8276
200,1604,car,509.17,0.35,557.49,18.47,0.4361
200,1930,car,589.43,322.01,784.42,469.33,0.7936
200,1997,car,263.62,16.35,302.54,40.48,0.3342
200,2118,truck,892.4,172.78,948.12,412.84,0.5776
200,2127,bike,309.31,94.18,344.33,135.94,0.2827
201,2,car,660.1,173.08,778.58,268.47,0.8439
201,5,car,917.89,19.96,959.99,46.78,0.7236
201,10,car,557.33,161.85,647.16,244.97,0.8556
201,11,car,646.8,31.73,735.29,70.12,0.8214
201,1493,car,898.68,80.26,956.76,128.62,0.8065
201,1604,car,510.31,0.11,557.65,18.15,0.4396
201,1930,car,590.89,319.16,778.51,464.67,0.7919
201,1997,car,264.17,17.0,302.34,40.62,0.4067
201,2118,truck,890.02,171.08,947.67,410.01,0.4273
201,2127,bike,312.46,97.91,345.1,135.74,0.2675
202,2,car,660.01,173.03,779.06,268.88,0.8292
202,5,car,918.34,20.37,959.75,46.74,0.7065
202,10,car,557.08,161.9,647.01,245.11,0.8549
202,11,car,646.69,31.44,736.72,70.23,0.8109
202,1493,car,898.65,79.35,957.1,127.85,0.8511
202,1604,car,511.11,0.03,558.18,18.22,0.4709
202,1930,car,593.7,316.5,773.43,459.23,0.738
202,1997,car,264.26,17.61,301.63,40.65,0.3111
202,2118,truck,887.88,169.06,947.3,405.67,0.4598
203,2,car,660.26,172.89,779.22,268.78,0.8413
203,5,car,918.51,20.78,959.52,46.85,0.7017
203,10,car,557.72,162.13,647.17,245.04,0.8505
203,11,car,648.7,31.54,738.0,69.74,0.8253
203,1493,car,898.91,78.7,957.81,127.42,0.846
203,1604,car,512.26,0.0,558.43,18.07,0.2891
203,1930,car,593.68,313.21,767.48,454.07,0.6595
203,1997,car,263.56,17.4,301.42,40.64,0.3087
203,2118,truck,885.5,168.16,946.89,402.8,0.3988
204,2,car,659.61,172.99,778.93,269.14,0.8311
204,5,car,918.26,20.57,959.98,47.17,0.7052
204,10,car,557.68,162.15,647.19,245.28,0.8576
204,11,car,650.35,31.64,739.82,69.69,0.8193
204,1493,car,899.02,77.77,958.8,127.15,0.845
204,1604,car,513.15,0.0,558.91,18.16,0.3206
204,1930,car,594.51,310.41,762.0,448.65,0.539
204,1997,car,263.34,17.24,301.81,40.84,0.2812
204,2118,truck,883.15,165.81,946.67,398.97,0.6317
205,2,car,659.71,172.95,778.93,269.05,0.8355
205,5,car,918.47,21.08,959.54,47.2,0.7035
205,10,car,557.35,162.04,646.93,245.24,0.8586
205,11,car,652.93,32.03,742.38,69.87,0.7714
205,1493,car,898.88,77.1,958.92,126.67,0.8405
205,1604,car,513.15,0.0,559.57,18.76,0.306
205,1930,car,594.58,307.95,758.12,445.51,0.667
205,1997,car,263.21,16.76,302.28,40.85,0.2905
205,2118,truck,879.51,162.63,946.29,398.09,0.4991
205,2309,bus,868.35,165.85,958.19,397.75,0.3856
206,2,car,660.34,173.09,778.12,267.82,0.8381
206,5,car,918.05,20.84,959.84,47.46,0.714
206,10,car,556.89,161.89,647.02,245.6,0.8607
206,11,car,656.28,32.59,744.73,69.96,0.7644
206,1493,car,898.9,76.48,959.16,126.25,0.8354
206,1604,car,514.71,0.0,559.3,18.31,0.3083
206,1930,car,595.61,305.02,754.84,441.37,0.7731
206,1997,car,263.7,17.32,302.26,41.11,0.2473
206,2309,bus,867.14,163.74,957.73,397.36,0.8095
206,1637,truck,393.67,0.47,475.57,42.96,0.304
207,2,car,660.41,173.27,777.92,267.63,0.8369
207,5,car,918.07,20.99,959.78,47.56,0.6929
207,10,car,556.9,161.97,646.81,245.46,0.8549
207,11,car,657.99,32.56,747.3,70.25,0.7611
207,1493,car,899.4,76.47,959.11,125.71,0.8336
207,1604,car,516.12,0.04,559.08,17.93,0.3234
207,1930,car,596.85,302.99,750.4,436.56,0.8013
207,1997,car,264.59,18.16,301.86,41.09,0.2211
207,2309,bus,865.1,161.66,957.71,400.17,0.8683
207,1637,truck,395.78,0.56,475.01,42.89,0.282
207,2127,bike,324.88,101.97,355.12,135.37,0.3081
208,2,car,660.42,173.09,778.21,267.64,0.8278
208,5,car,918.0,20.71,959.82,47.38,0.6773
208,10,car,557.0,161.97,646.85,245.41,0.8539
208,11,car,659.91,32.41,749.55,70.31,0.7674
208,1493,car,900.19,76.2,959.12,124.73,0.8495
208,1604,car,517.57,0.14,558.67,17.49,0.3306
208,1930,car,597.49,300.69,748.3,433.96,0.8012
208,1997,car,264.46,17.96,302.13,41.2,0.2462
208,2309,bus,867.56,160.03,952.75,377.61,0.7668
208,1637,truck,397.16,0.29,475.24,43.12,0.4134
208,2127,bike,326.18,102.11,357.5,135.52,0.3524
209,2,car,660.42,173.1,778.41,267.74,0.8487
209,5,car,918.14,20.83,959.83,47.43,0.7034
209,10,car,557.36,162.09,646.88,245.3,0.8608
209,11,car,663.39,32.66,751.58,70.08,0.7771
209,1493,car,900.73,75.75,959.36,124.05,0.8394
209,1604,car,518.7,0.25,558.88,17.45,0.4569
209,1930,car,597.89,298.05,744.3,428.94,0.7889
209,2309,bus,862.36,157.9,954.74,392.91,0.867
209,1637,truck,397.54,0.28,474.99,43.68,0.3517
210,2,car,660.63,173.12,778.11,267.29,0.8431
210,5,car,918.1,20.68,959.88,47.36,0.7045
210,10,car,557.34,162.08,646.81,245.25,0.8569
210,11,car,664.23,32.09,753.28,70.09,0.7889
210,1493,car,901.19,75.47,959.33,123.35,0.8335
210,1604,car,519.48,0.11,558.74,17.18,0.5473
210,1930,car,598.6,295.67,741.57,424.95,0.7752
210,2309,bus,859.95,155.95,954.41,394.75,0.7841
210,1637,truck,400.11,0.17,476.84,43.97,0.3804
211,2,car,660.17,173.0,778.43,267.86,0.8318
211,5,car,918.3,20.77,959.93,47.39,0.7209
211,10,car,557.13,162.01,646.8,245.52,0.8563
211,11,car,664.41,31.62,754.93,70.48,0.7581
211,1493,car,901.33,74.8,959.38,122.63,0.8091
211,1604,car,520.48,0.08,558.56,16.87,0.5467
211,1930,car,599.36,293.82,738.73,421.08,0.7919
211,2309,bus,855.58,154.23,955.42,405.49,0.793
211,1637,car,402.38,0.0,479.2,44.94,0.3252
212,2,car,660.01,172.92,779.2,268.69,0.8231
212,5,car,918.49,20.62,959.63,46.89,0.7242
212,10,car,556.82,162.09,646.39,245.41,0.8479
212,11,car,665.68,30.75,756.59,70.01,0.8066
212,1493,car,901.15,73.37,959.66,121.71,0.7793
212,1604,car,521.33,0.02,558.11,16.52,0.4869
212,1930,car,597.07,291.21,736.45,419.54,0.8018
212,2309,bus,853.52,152.65,954.52,404.79,0.8831
212,1637,truck,403.03,0.13,478.63,45.16,0.4728
212,1997,car,264.45,19.13,300.16,41.03,0.3023
213,2,car,660.53,172.53,778.84,267.53,0.8215
213,5,car,918.75,20.45,959.42,46.37,0.7282
213,10,car,556.55,161.87,646.23,245.2,0.8544
213,11,car,667.14,30.42,757.97,69.85,0.8323
213,1493,car,901.64,72.58,959.5,120.38,0.8071
213,1604,car,522.19,0.0,557.82,16.24,0.4559
213,1930,car,595.91,288.83,732.66,415.26,0.7408
213,2309,bus,851.3,150.19,953.81,403.82,0.7868
213,1637,truck,404.57,0.12,479.4,45.31,0.3844
213,1997,car,263.03,18.92,299.45,41.07,0.2832
214,2,car,661.1,172.46,777.97,266.16,0.843
214,5,car,918.8,20.54,959.32,46.3,0.7006
214,10,car,556.4,161.85,646.32,245.37,0.8529
214,11,car,667.75,30.39,760.58,71.04,0.7972
214,1493,car,901.82,71.88,959.52,119.53,0.7936
214,1604,car,523.31,0.0,557.85,15.95,0.5616
214,1930,car,598.16,286.69,731.77,411.21,0.8234
214,2309,bus,849.73,148.4,953.18,401.71,0.8735
214,1637,truck,406.87,0.17,480.32,45.14,0.3092
214,1997,car,262.41,18.29,300.07,40.99,0.2482
214,2055,car,198.87,24.35,231.3,51.62,0.2842
214,2127,bike,338.32,101.96,368.43,132.21,0.332
215,2,car,661.69,172.3,777.55,264.91,0.8532
215,5,car,918.59,20.18,959.63,46.29,0.7151
215,10,car,557.15,161.84,646.39,244.71,0.8458
215,11,car,670.22,31.06,760.92,70.91,0.7826
215,1493,car,902.39,71.44,959.0,118.1,0.7547
215,1604,car,524.69,0.11,557.82,15.6,0.5373
215,1930,car,597.91,283.68,731.41,409.14,0.7644
215,2309,bus,848.32,146.8,952.9,400.1,0.8826
215,1637,truck,406.27,0.12,479.43,45.46,0.3475
215,2055,car,199.23,24.81,230.01,51.7,0.2759
216,2,car,662.01,172.12,777.73,264.55,0.8489
216,5,car,918.76,20.46,959.13,46.04,0.6829
216,10,car,556.82,161.69,646.2,244.63,0.848
216,11,car,671.19,30.87,762.85,71.4,0.8154
216,1493,car,903.35,71.01,959.08,116.86,0.7665
216,1604,car,525.44,0.12,557.4,15.24,0.4797
216,1930,car,597.56,281.33,730.57,407.51,0.8008
216,2309,bus,846.73,144.89,952.82,399.06,0.8335
216,1637,truck,405.93,0.12,476.53,43.74,0.2515
217,2,car,661.89,172.18,777.32,264.13,0.8487
217,5,car,918.17,19.54,959.88,46.04,0.7063
217,10,car,557.05,161.76,646.17,244.4,0.8556
217,11,car,673.27,31.19,763.65,71.29,0.8081
217,1493,car,903.98,70.85,958.79,115.85,0.7877
217,1604,car,526.28,0.15,557.4,15.02,0.5462
217,1930,car,596.59,279.64,726.55,403.2,0.7157
217,2309,bus,845.01,142.81,952.8,398.17,0.835
217,1637,truck,407.92,0.19,477.01,42.9,0.2488
217,2430,bike,260.86,80.61,283.2,106.03,0.3554
217,1997,car,263.9,20.11,299.17,41.36,0.3365
218,2,car,661.61,172.1,777.45,264.27,0.8511
218,5,car,918.12,19.35,959.99,46.0,0.7281
218,10,car,557.24,161.37,646.33,243.99,0.8528
218,11,car,674.23,31.05,764.66,71.33,0.7687
218,1493,car,904.23,69.63,959.7,115.35,0.805
218,1604,car,526.78,0.08,556.77,14.59,0.5205
218,1930,car,597.37,277.33,724.84,399.14,0.7156
218,2309,bus,842.88,141.21,952.69,398.39,0.8932
218,1637,truck,409.22,0.21,477.95,42.75,0.3063
218,2430,bike,261.51,79.75,284.52,105.97,0.2769
218,2446,bike,340.25,87.13,381.34,130.68,0.3583
218,1997,car,264.44,19.98,300.26,41.4,0.2796
218,2055,car,199.9,25.39,229.65,51.96,0.2686
219,2,car,661.89,172.13,777.35,263.79,0.8525
219,5,car,918.33,19.51,959.67,45.79,0.7189
219,10,car,557.16,161.3,646.29,243.94,0.8543
219,11,car,675.57,31.2,765.4,71.33,0.7747
219,1493,car,904.69,68.92,959.58,114.19,0.8185
219,1604,car,527.42,0.03,556.51,14.26,0.4541
219,1930,car,597.42,275.55,723.19,396.42,0.7583
219,2309,bus,840.69,139.49,952.75,398.85,0.8909
219,1637,car,410.88,0.37,479.08,42.64,0.2955
219,2446,bike,342.38,85.71,382.82,128.65,0.3077
219,1997,car,263.32,19.27,301.33,42.01,0.369
219,2055,car,200.5,25.26,229.86,51.89,0.306
220,2,car,661.29,172.1,777.76,264.51,0.8303
220,5,car,918.2,19.77,959.66,46.12,0.7057
220,10,car,557.29,161.59,646.21,244.01,0.8541
220,11,car,675.96,31.48,766.83,72.28,0.7388
220,1493,car,904.75,69.11,959.14,113.89,0.7948
220,1604,car,527.64,0.0,555.96,14.03,0.4594
220,1930,car,596.51,274.51,721.49,395.24,0.7685
220,2309,bus,839.66,138.43,951.43,393.04,0.8968
220,1637,truck,413.21,0.29,481.01,42.59,0.2855
220,2446,bike,345.1,86.63,383.85,127.83,0.2405
220,1997,car,262.83,18.6,302.18,42.32,0.3301
220,2055,car,200.66,25.22,229.56,51.9,0.3421
221,2,car,661.06,172.09,778.33,265.16,0.8241
221,5,car,918.14,19.8,959.78,46.28,0.6923
221,10,car,556.87,161.72,646.15,244.4,0.857
221,11,car,678.54,32.32,766.15,71.57,0.7378
221,1493,car,905.3,68.32,959.93,113.42,0.7935
221,1604,car,528.29,0.0,555.56,13.64,0.3685
221,1930,car,594.48,272.6,719.8,394.06,0.7677
221,2309,bus,837.67,137.3,951.26,392.31,0.8942
221,1637,car,412.15,0.19,479.64,42.03,0.2768
221,1997,car,261.73,17.56,302.87,42.32,0.2309
221,2055,car,200.96,25.12,229.55,51.94,0.2438
222,2,car,661.37,172.21,778.41,264.97,0.8378
222,5,car,918.29,19.77,959.83,46.21,0.6868
222,10,car,556.79,161.69,646.25,244.51,0.8566
222,11,car,681.36,33.46,765.15,70.7,0.7507
222,1493,car,905.69,67.44,960.0,112.72,0.8063
222,1604,car,528.69,0.0,555.11,13.37,0.3415
222,1930,car,594.53,271.07,718.0,391.08,0.7728
222,2309,bus,835.8,136.04,951.39,391.93,0.8953
222,1637,truck,412.21,0.55,479.93,42.41,0.3008
222,1997,car,263.65,19.33,301.92,42.26,0.3532
222,2055,car,200.98,25.19,229.14,51.87,0.3215
222,2446,bike,348.96,89.5,387.64,130.73,0.2872
223,2,car,661.23,172.14,778.38,265.0,0.8206
223,5,car,918.53,20.3,959.32,46.15,0.5785
223,10,car,556.44,161.76,645.95,244.51,0.8605
223,11,car,682.57,33.38,766.99,70.75,0.7434
223,1493,car,907.16,67.12,960.0,111.4,0.8036
223,1604,car,529.06,0.0,554.86,13.19,0.3396
223,1930,car,595.26,269.75,717.09,388.63,0.7674
223,2309,bus,833.67,134.46,951.51,391.79,0.8999
223,1637,truck,412.92,0.77,480.13,42.03,0.2862
223,1997,car,264.02,20.18,301.12,42.33,0.3422
223,2055,car,201.27,25.49,228.71,51.8,0.27
223,2446,bike,352.03,91.46,388.11,129.7,0.2669
224,2,car,661.06,172.21,777.56,264.39,0.8442
224,5,car,917.81,19.54,959.92,46.31,0.6953
224,10,car,555.95,161.71,645.79,244.62,0.8538
224,11,car,684.62,33.52,768.61,70.58,0.8147
224,1493,car,908.03,66.9,960.0,110.45,0.7906
224,1604,car,529.21,0.0,554.49,13.05,0.3111
224,1930,car,594.97,267.84,715.49,385.77,0.7526
224,2309,bus,831.65,133.13,951.9,392.45,0.9006
224,1637,truck,417.05,2.29,481.43,41.79,0.35
224,1997,car,264.66,21.15,299.35,41.79,0.265
224,2055,car,201.34,25.36,228.51,51.67,0.277
224,2524,bike,852.94,27.55,883.04,54.77,0.37
225,2,car,661.58,172.58,777.14,263.79,0.8446
225,5,car,918.08,19.95,959.75,46.42,0.6542
225,10,car,555.84,161.9,645.46,244.41,0.8566
225,11,car,685.73,33.22,770.44,70.56,0.7942
225,1493,car,909.15,66.99,960.0,109.38,0.7937
225,1604,car,529.52,0.0,554.43,13.01,0.3233
225,1930,car,593.49,266.16,715.51,386.21,0.7493
225,2309,bus,829.23,131.52,952.77,395.19,0.8985
225,1637,car,418.62,2.36,483.62,42.32,0.3509
225,1997,car,264.83,21.42,298.91,41.56,0.3173
225,2055,car,200.85,26.01,228.1,52.72,0.291
225,2524,bike,852.74,27.0,883.95,55.21,0.3431
225,2535,car,228.8,16.36,256.55,40.38,0.3194
225,2536,truck,420.84,3.14,481.93,42.45,0.3412
226,2,car,661.42,172.29,777.31,263.63,0.8399
226,5,car,918.04,20.09,959.66,46.51,0.6245
226,10,car,555.64,161.71,645.76,244.61,0.852
226,11,car,685.88,32.62,772.84,71.04,0.8062
226,1493,car,909.88,66.82,960.0,108.77,0.8193
226,1604,car,529.75,0.0,554.58,13.12,0.3036
226,1930,car,594.77,265.08,713.92,382.68,0.7864
226,2309,bus,828.12,130.4,952.44,392.4,0.8862
226,1637,car,420.0,2.53,483.87,41.61,0.4714
226,1997,car,265.69,21.69,299.17,41.26,0.2614
226,2055,car,200.94,25.73,227.75,52.1,0.272
226,2524,bike,853.26,27.7,884.36,55.79,0.3799
226,2535,car,230.12,16.78,256.65,39.78,0.2662
227,2,car,660.99,172.19,777.11,263.56,0.8364
227,5,car,917.97,19.78,960.0,46.55,0.6271
227,10,car,555.59,161.57,645.94,244.62,0.8582
227,11,car,686.2,32.38,774.53,71.51,0.7692
227,1493,car,910.09,65.87,960.0,107.92,0.8245
227,1604,car,529.86,0.0,554.42,13.11,0.3061
227,1930,car,594.57,263.94,713.22,381.46,0.8059
227,2309,bus,825.93,129.19,952.95,394.07,0.8948
227,1637,car,420.83,2.38,485.18,41.54,0.4749
227,1997,car,265.08,21.13,300.07,41.63,0.2795
227,2055,car,200.83,26.48,227.74,53.05,0.2566
227,2524,bike,853.85,28.4,884.4,55.93,0.2251
228,2,car,660.97,172.44,777.33,263.87,0.8453
228,5,car,917.93,19.92,959.65,46.42,0.6289
228,10,car,555.22,161.35,646.04,244.78,0.8501
228,11,car,687.76,32.22,775.14,70.87,0.799
228,1493,car,910.22,65.08,960.0,107.27,0.8351
228,1930,car,594.11,262.85,712.15,380.07,0.8042
228,2309,bus,824.43,127.74,953.2,393.48,0.9078
228,1637,car,422.18,2.16,487.01,41.61,0.3845
228,1997,car,265.29,21.37,299.77,41.62,0.3062
228,2055,car,200.42,26.86,227.07,53.36,0.2663
228,2535,car,229.92,16.76,256.6,39.96,0.2455
229,2,car,660.91,172.33,777.39,263.78,0.8538
229,5,car,917.84,19.84,959.56,46.32,0.5552
229,10,car,554.93,161.62,645.61,244.76,0.8554
229,11,car,688.59,32.12,775.82,70.67,0.7313
229,1493,car,910.68,64.57,960.0,106.43,0.8232
229,1930,car,593.67,261.66,711.48,378.93,0.7864
229,2309,bus,822.73,126.35,953.33,393.11,0.9034
229,1637,truck,422.99,1.83,488.13,41.42,0.3219
229,1997,car,265.14,21.33,299.6,41.69,0.277
229,2055,car,200.84,28.04,226.55,53.58,0.2393
229,2535,car,230.45,17.14,256.23,39.62,0.2576
230,2,car,660.99,172.22,777.29,263.47,0.8487
230,5,car,917.1,18.96,960.0,46.48,0.5574
230,10,car,555.9,161.77,645.84,244.13,0.84
230,11,car,687.34,31.95,778.71,72.53,0.7448
230,1493,car,910.89,63.73,960.0,105.57,0.8064
230,1930,car,593.85,260.21,709.39,375.24,0.8106
230,2309,bus,820.78,125.27,953.97,395.03,0.8971
230,1637,car,423.19,2.85,485.94,40.34,0.4314
230,1997,car,264.88,20.93,299.64,41.58,0.2668
231,2,car,661.05,172.31,777.03,263.17,0.8356
231,5,car,917.04,18.86,960.0,46.63,0.6192
231,10,car,555.29,161.6,645.91,244.51,0.8526
231,11,car,689.55,32.19,778.53,71.69,0.7512
231,1493,car,911.68,63.97,960.0,104.86,0.8288
231,1930,car,594.27,258.79,708.79,372.95,0.8236
231,2309,bus,817.7,124.42,955.2,401.48,0.8976
231,1637,car,426.78,3.93,486.76,39.45,0.3919
231,1997,car,265.17,21.01,299.64,41.57,0.2733
232,2,car,661.16,172.4,776.98,263.05,0.842
232,5,car,917.33,19.53,959.84,46.69,0.6395
232,10,car,555.31,161.61,645.96,244.47,0.8371
232,11,car,687.91,32.11,783.45,75.03,0.7268
232,1493,car,912.08,63.49,960.0,104.06,0.8215
232,1930,car,594.59,257.95,708.26,371.44,0.8188
232,2309,bus,815.68,123.62,955.38,403.43,0.9159
232,1637,car,423.22,2.84,486.19,39.59,0.319
232,1997,car,265.51,21.33,299.04,41.39,0.2768
232,2055,car,201.22,27.69,227.12,53.37,0.2572
233,2,car,661.26,172.42,776.87,262.83,0.8427
233,5,car,917.23,19.44,959.8,46.65,0.6475
233,10,car,555.37,161.71,646.08,244.63,0.8411
233,11,car,689.38,32.26,784.78,75.42,0.7705
233,1493,car,912.46,62.73,960.0,103.62,0.8446
233,1930,car,593.92,257.18,707.71,371.06,0.7896
233,2309,bus,814.14,122.74,955.26,403.43,0.91
233,1997,car,266.16,22.14,298.07,41.22,0.2535
233,2055,car,201.45,27.92,227.17,53.34,0.2392
234,2,car,661.0,172.53,776.54,262.79,0.8431
234,5,car,916.82,18.86,960.0,46.83,0.6466
234,10,car,555.7,161.95,646.06,244.47,0.8455
234,11,car,691.36,32.5,785.21,75.13,0.775
234,1493,car,913.2,62.41,960.0,103.16,0.8225
234,1930,car,593.91,256.33,707.11,369.86,0.7939
234,2309,bus,812.57,121.99,955.05,403.29,0.9168
234,1997,car,266.96,22.27,298.6,41.27,0.2454
234,2055,car,201.27,27.16,227.89,53.4,0.2833
235,2,car,660.8,172.54,776.57,262.97,0.8398
235,5,car,917.1,19.07,960.0,46.65,0.661
235,10,car,555.13,161.77,645.93,244.66,0.8428
235,11,car,695.06,32.09,784.11,72.36,0.7608
235,1493,car,913.38,61.06,960.0,102.47,0.819
235,1930,car,592.46,255.34,708.01,371.71,0.7681
235,2309,bus,811.06,120.85,954.98,402.96,0.916
235,1997,car,267.24,22.34,298.71,41.21,0.2142
235,2055,car,200.93,26.45,228.17,53.35,0.2924
235,1637,car,426.07,2.14,489.17,38.34,0.3167
236,2,car,660.65,172.38,776.56,262.9,0.841
236,5,car,917.33,19.14,959.94,46.54,0.632
236,10,car,555.56,161.53,646.21,244.25,0.837
236,11,car,694.52,30.94,786.61,72.76,0.7513
236,1493,car,914.39,60.78,960.0,101.4,0.819
236,1930,car,591.84,254.55,707.68,371.59,0.7361
236,2309,bus,808.01,119.71,956.66,410.19,0.9095
236,2055,car,201.91,25.82,229.35,52.65,0.3105
236,1637,car,423.29,0.85,489.74,38.3,0.3295
237,2,car,660.56,172.41,776.5,262.96,0.8321
237,5,car,917.05,18.65,960.0,46.51,0.6553
237,10,car,555.68,161.62,645.98,243.96,0.8377
237,11,car,696.17,30.01,788.86,72.2,0.6807
237,1493,car,915.2,60.46,960.0,100.94,0.8128
237,1930,car,589.67,254.0,705.55,370.93,0.7111
237,2309,bus,805.11,118.73,957.89,416.92,0.924
237,2055,car,202.39,25.62,230.0,52.38,0.2724
237,1637,car,423.77,1.08,490.06,37.75,0.2782
238,2,car,660.66,172.02,776.5,262.47,0.8392
238,5,car,917.13,18.82,960.0,46.56,0.693
238,10,car,555.57,161.61,645.95,243.98,0.8426
238,11,car,697.88,30.33,789.54,72.03,0.761
238,1493,car,915.53,59.41,960.0,100.55,0.8112
238,1930,car,590.45,253.39,705.2,369.33,0.6956
238,2309,bus,803.46,117.6,958.6,420.23,0.9365
238,2055,car,202.19,25.55,229.8,52.12,0.3029
238,1637,car,427.79,2.01,492.76,37.61,0.3634
239,2,car,660.66,171.83,776.33,262.11,0.8586
239,5,car,917.56,18.93,959.94,46.32,0.6557
239,10,car,556.09,161.75,645.82,243.51,0.8391
239,11,car,697.98,30.53,791.41,73.11,0.7767
239,1493,car,915.96,58.68,960.0,99.99,0.8013
239,1930,car,593.05,252.72,704.17,364.92,0.772
239,2309,bus,801.95,116.43,958.87,422.36,0.9327
239,2055,car,201.85,25.52,229.95,52.46,0.32
239,1637,car,429.25,1.41,495.87,37.96,0.2338
240,2,car,660.92,171.88,776.43,261.94,0.8562
240,5,car,917.24,18.85,959.85,46.39,0.7103
240,10,car,556.31,161.58,646.09,243.38,0.8388
240,11,car,698.78,30.53,790.74,72.49,0.8018
240,1493,car,916.9,59.19,960.0,99.7,0.8155
240,1930,car,594.16,252.45,703.7,363.04,0.7994
240,2309,bus,800.83,115.35,958.86,423.19,0.9333
240,2055,car,201.72,25.73,230.0,52.72,0.3178
240,1637,car,433.1,1.51,498.93,37.82,0.3667
241,2,car,660.8,171.99,776.58,262.22,0.848
241,5,car,917.12,18.74,960.0,46.52,0.7024
241,10,car,555.8,161.46,645.86,243.47,0.8326
241,11,car,700.14,30.56,789.11,71.18,0.7559
241,1493,car,917.6,58.18,960.0,99.2,0.8172
241,1930,car,594.15,251.78,703.23,361.91,0.785
241,2309,bus,800.38,114.57,958.51,421.92,0.936
241,2055,car,201.62,25.19,230.4,52.48,0.2755
241,1637,car,432.68,1.1,498.68,37.38,0.2706
242,2,car,661.05,171.92,777.38,262.55,0.852
242,5,car,917.19,18.65,959.74,46.19,0.719
242,10,car,555.41,161.57,645.77,243.82,0.8401
242,11,car,700.99,30.41,789.33,70.76,0.7455
242,1493,car,919.0,58.43,960.0,98.61,0.8271
242,1930,car,594.01,251.22,703.3,361.59,0.8025
242,2309,bus,799.38,113.73,958.2,421.81,0.9362
242,2055,car,201.62,24.78,230.64,52.1,0.3306
242,1637,car,433.94,1.48,498.56,36.77,0.4089
243,2,car,660.85,171.9,777.57,262.79,0.8526
243,5,car,916.49,18.06,959.91,46.23,0.7693
243,10,car,555.01,161.33,645.92,244.09,0.8513
243,11,car,706.14,31.11,795.27,71.3,0.6531
243,1493,car,920.05,58.43,960.0,98.2,0.8288
243,1930,car,593.85,250.98,703.42,361.72,0.7944
243,2309,bus,798.26,112.93,957.64,421.23,0.9351
243,2055,car,201.46,24.53,230.66,51.96,0.3527
243,1637,car,434.6,1.94,498.51,36.62,0.3436
244,2,car,660.93,172.0,777.15,262.41,0.859
244,5,car,916.63,18.16,959.67,46.07,0.7492
244,10,car,554.79,161.33,645.77,244.11,0.8442
244,11,car,706.42,31.45,795.73,71.47,0.7562
244,1493,car,921.02,58.5,960.0,97.84,0.8177
244,1930,car,593.22,250.86,703.1,362.05,0.7946
244,2309,bus,797.68,112.56,957.19,420.07,0.9411
244,2055,car,201.74,24.73,230.6,51.72,0.2849
244,1637,car,441.59,2.62,503.37,36.67,0.4062
245,2,car,660.6,171.81,777.76,262.99,0.8555
245,5,car,917.01,18.63,959.68,46.29,0.7114
245,10,car,555.38,161.52,645.78,243.65,0.8494
245,11,car,707.28,32.1,795.17,71.27,0.7749
245,1493,car,922.23,58.95,960.0,97.33,0.8161
245,1930,car,592.98,250.58,703.08,362.18,0.8017
245,2309,bus,797.47,112.03,956.99,418.34,0.9331
245,2055,car,201.83,24.79,230.45,51.47,0.3666
245,1637,car,447.16,3.74,505.23,35.95,0.479
246,2,car,660.46,171.94,777.34,262.93,0.8576
246,5,car,917.17,19.03,959.48,46.42,0.7398
246,10,car,555.23,161.55,645.75,243.72,0.8428
246,11,car,708.08,32.3,796.1,71.32,0.7788
246,1493,car,922.62,57.79,960.0,96.91,0.8069
246,1930,car,592.73,250.39,702.73,362.05,0.8023
246,2309,bus,796.69,111.59,956.38,416.84,0.9424
246,2055,car,201.61,24.93,230.46,51.64,0.3984
246,1637,car,450.48,4.04,506.5,35.44,0.506
247,2,car,660.67,172.23,776.71,262.49,0.8592
247,5,car,917.42,19.36,959.4,46.49,0.7259
247,10,car,555.28,161.71,645.87,243.92,0.8449
247,11,car,708.04,32.53,795.99,71.33,0.8389
247,1493,car,923.73,58.05,960.0,96.67,0.7861
247,1930,car,592.82,250.19,703.21,362.51,0.8059
247,2309,bus,796.87,110.92,955.05,411.18,0.9416
247,2055,car,201.39,24.69,230.67,51.71,0.3407
247,1637,car,451.19,3.14,507.4,35.08,0.3628
248,2,car,660.1,172.16,776.91,263.07,0.8572
248,5,car,917.61,19.2,959.33,46.11,0.7602
248,10,car,555.45,161.72,646.03,243.91,0.838
248,11,car,707.84,32.91,796.58,72.06,0.8109
248,1493,car,924.51,57.5,960.0,96.0,0.7852
248,1930,car,589.26,250.02,702.21,364.89,0.8024
248,2309,bus,795.3,110.46,954.97,411.75,0.9386
248,2055,car,201.39,24.57,230.7,51.59,0.3897
248,1637,car,446.6,3.0,504.03,35.31,0.3148
249,2,car,659.73,172.17,777.0,263.54,0.8471
249,5,car,917.48,18.94,959.33,45.89,0.7576
249,10,car,555.47,161.59,645.96,243.69,0.8407
249,11,car,708.08,32.74,798.17,72.65,0.8197
249,1493,car,925.33,56.61,960.0,95.22,0.7874
249,1930,car,590.94,249.99,702.8,364.04,0.7978
249,2309,bus,795.2,110.0,953.87,406.91,0.9441
249,2055,car,200.89,24.82,229.85,51.62,0.3396
249,1637,car,444.77,2.63,502.89,34.99,0.3826
249,2819,bike,791.45,51.42,829.79,84.02,0.3774
250,2,car,660.36,172.09,777.35,263.21,0.8541
250,5,car,917.18,19.0,958.98,45.77,0.7064
250,10,car,555.84,161.67,646.39,243.91,0.8392
250,11,car,709.55,32.55,798.69,72.18,0.822
250,1493,car,926.72,56.85,960.0,94.45,0.8151
250,1930,car,591.65,250.0,702.7,363.42,0.7989
250,2309,bus,794.74,109.6,953.38,403.94,0.9478
250,2055,car,201.13,24.92,229.76,51.42,0.3639
250,1637,car,443.99,2.7,503.18,35.35,0.3779
251,2,car,660.64,172.3,777.19,263.06,0.8567
251,5,car,917.38,19.05,959.14,45.74,0.7421
251,10,car,555.31,161.75,646.08,244.17,0.8555
251,11,car,709.9,32.94,798.09,72.36,0.804
251,1493,car,927.83,57.05,960.0,94.02,0.8049
251,1930,car,589.53,249.92,703.23,366.42,0.8026
251,2309,bus,793.61,108.94,953.86,404.21,0.9448
251,2055,car,200.94,25.08,229.37,51.45,0.3661
251,1637,car,454.04,2.83,508.78,33.63,0.3613
252,2,car,660.47,172.5,777.22,263.45,0.8577
252,5,car,917.56,19.15,959.26,45.76,0.7188
252,10,car,555.02,161.59,646.03,244.23,0.8487
252,11,car,711.72,33.05,798.24,71.83,0.7813
252,1493,car,928.55,56.5,960.0,93.65,0.7933
252,1930,car,591.37,250.02,702.86,364.43,0.8036
252,2309,bus,793.36,108.25,953.39,400.66,0.9488
252,2055,car,200.92,25.32,229.27,51.67,0.3619
252,1637,car,457.9,3.33,510.78,33.42,0.3851
253,2,car,660.29,172.51,777.07,263.53,0.8567
253,5,car,917.49,19.21,959.43,45.94,0.716
253,10,car,555.32,161.58,646.37,244.38,0.8472
253,11,car,713.41,33.18,798.41,71.35,0.7729
253,1493,car,929.72,56.19,960.0,93.12,0.7969
253,1930,car,592.15,250.19,702.79,363.9,0.8055
253,2309,bus,792.97,107.74,953.05,397.73,0.9458
253,2055,car,200.65,25.47,228.89,51.79,0.2715
253,1637,car,455.85,3.49,509.15,33.63,0.3366
254,2,car,660.5,172.43,776.96,263.21,0.8671
254,5,car,917.19,19.17,959.59,46.2,0.7214
254,10,car,555.77,161.61,646.35,244.04,0.8376
254,11,car,715.36,33.13,798.95,70.74,0.7429
254,1493,car,931.18,55.98,960.0,92.72,0.7871
254,1930,car,592.47,250.39,702.25,363.24,0.7966
254,2309,bus,792.22,106.9,952.89,395.43,0.9418
254,2055,car,200.63,25.45,228.47,51.53,0.3284
254,1637,car,454.04,3.0,509.05,33.9,0.4343
255,2,car,660.84,172.37,776.53,262.5,0.8635
255,5,car,917.27,19.29,959.32,46.01,0.7519
255,10,car,555.9,161.52,646.19,243.72,0.8392
255,11,car,716.95,33.02,799.78,70.33,0.74
255,1493,car,932.22,55.38,960.0,92.44,0.7976
255,1930,car,591.12,250.3,702.49,364.86,0.7791
255,2309,bus,791.26,106.54,953.18,395.03,0.9375
255,2055,car,200.7,25.47,228.37,51.48,0.3065
255,1637,car,460.95,3.39,512.05,32.51,0.4031
256,2,car,660.27,172.44,776.83,263.27,0.8562
256,5,car,917.51,19.49,959.18,45.89,0.7383
256,10,car,555.24,161.67,645.92,244.18,0.8462
256,11,car,719.48,33.11,802.94,70.5,0.7841
256,1493,car,933.97,55.15,960.0,91.48,0.7801
256,1930,car,591.59,250.39,702.39,364.45,0.7788
256,2309,bus,791.18,105.89,952.96,391.57,0.9369
256,2055,car,200.46,25.37,228.21,51.6,0.3514
256,1637,car,456.32,1.9,511.03,32.92,0.3536
257,2,car,660.26,172.62,777.11,263.75,0.8677
257,5,car,917.23,19.18,959.48,45.94,0.7348
257,10,car,555.84,161.66,646.01,243.65,0.8466
257,11,car,720.78,33.18,805.66,71.11,0.7543
257,1493,car,935.9,55.56,960.0,90.27,0.7614
257,1930,car,592.28,250.41,702.56,364.07,0.7853
257,2309,bus,790.34,105.4,953.29,390.86,0.9315
257,2055,car,200.56,25.51,228.09,51.81,0.2404
257,1637,car,460.95,2.01,512.78,31.69,0.3121
258,2,car,660.47,172.36,777.18,263.44,0.8613
258,5,car,917.05,18.84,959.74,45.91,0.7576
258,10,car,556.09,161.81,645.89,243.43,0.8459
258,11,car,721.0,33.54,808.66,72.6,0.7518
258,1493,car,937.48,55.79,960.0,89.43,0.6857
258,1930,car,593.18,250.44,702.39,363.02,0.8089
258,2309,bus,789.45,104.83,953.62,390.3,0.9294
258,2055,car,200.55,25.64,228.02,52.01,0.3042
258,1637,car,456.89,1.33,511.48,32.47,0.2784
259,2,car,660.58,172.59,776.78,263.22,0.8666
259,5,car,917.33,19.02,959.84,46.0,0.7547
259,10,car,555.86,161.87,645.85,243.57,0.8489
259,11,car,722.0,33.65,810.14,72.85,0.8244
259,1493,car,938.68,55.78,960.0,89.13,0.676
259,1930,car,593.23,250.59,702.3,363.11,0.8012
259,2309,bus,788.62,104.33,952.97,387.5,0.9338
259,2055,car,200.3,25.74,227.65,52.19,0.2885
259,1637,car,461.5,1.76,512.74,31.19,0.3414
259,2965,car,219.81,16.84,253.39,42.09,0.3249
260,2,car,661.3,172.78,776.62,262.54,0.8664
260,5,car,917.23,18.97,959.97,46.14,0.7711
260,10,car,555.78,161.72,646.1,243.68,0.8446
260,11,car,723.34,33.77,811.0,72.68,0.8385
260,1493,car,940.17,55.77,960.0,88.32,0.7169
260,1930,car,593.09,250.57,702.45,363.46,0.7984
260,2309,bus,787.55,103.62,953.44,387.31,0.9266
260,2055,car,200.14,26.29,227.05,52.36,0.3127
260,1637,car,459.4,1.36,512.69,31.93,0.2903
260,2965,car,220.48,17.64,253.04,42.13,0.277
261,2,car,660.67,172.79,776.78,263.18,0.8658
261,5,car,916.72,19.23,959.47,46.37,0.7179
261,10,car,555.89,161.88,645.92,243.58,0.8433
261,11,car,724.48,34.14,811.21,72.44,0.838
261,1493,car,941.87,56.1,960.0,87.29,0.7045
261,1930,car,593.42,250.69,702.4,363.23,0.8044
261,2309,bus,786.15,102.84,953.88,387.71,0.9208
261,2055,car,199.63,25.5,227.01,52.34,0.316
261,2965,car,220.4,18.4,253.53,43.33,0.4294
262,2,car,660.88,172.98,776.78,263.12,0.8701
262,5,car,916.4,19.03,959.4,46.28,0.7468
262,10,car,555.12,161.77,645.86,244.13,0.8504
262,11,car,726.18,34.92,811.35,72.3,0.8247
262,1493,car,943.39,56.63,960.0,86.95,0.5876
262,1930,car,593.57,250.66,702.61,363.36,0.796
262,2309,bus,783.33,102.44,955.53,393.79,0.9156
262,2055,car,199.83,25.79,226.83,52.47,0.2988
262,2965,car,219.71,18.37,253.34,43.68,0.3971
262,1637,car,460.58,1.06,514.53,32.22,0.316
263,2,car,660.67,172.89,776.64,263.07,0.8718
263,5,car,916.71,19.13,959.64,46.35,0.762
263,10,car,554.65,161.79,646.01,244.74,0.8561
263,11,car,726.57,35.27,812.17,72.66,0.8336
263,1493,car,945.13,57.46,960.0,86.48,0.5064
263,1930,car,592.71,250.85,702.5,364.42,0.7952
263,2309,bus,780.89,102.16,957.07,399.67,0.9195
263,2055,car,199.98,25.92,226.71,52.38,0.2475
263,2965,car,219.11,18.54,251.63,42.96,0.2954
263,1637,car,461.94,0.97,514.66,31.53,0.4707
264,2,car,660.66,173.22,776.11,262.87,0.8589
264,5,car,917.05,19.65,959.49,46.51,0.7298
264,10,car,555.23,161.92,645.82,244.15,0.8467
264,11,car,728.65,36.0,812.86,72.49,0.8541
264,1930,car,593.46,250.73,702.23,363.22,0.8047
264,2309,bus,778.31,101.42,958.95,406.6,0.9197
264,2055,car,200.28,26.22,226.31,52.07,0.299
264,2965,car,219.13,19.0,251.22,43.05,0.2762
264,1637,car,464.44,0.96,515.08,30.47,0.4663
265,2,car,660.97,173.27,775.67,262.14,0.8624
265,5,car,916.66,19.04,960.0,46.6,0.7611
265,10,car,554.83,162.19,645.81,244.74,0.858
265,11,car,729.38,35.7,815.2,72.67,0.8551
265,1930,car,593.55,250.85,702.25,363.34,0.803
265,2309,bus,777.16,100.88,959.0,407.85,0.9245
265,2965,car,219.43,18.7,251.58,42.77,0.2854
265,1637,car,466.59,1.06,515.62,29.85,0.3627
265,3049,car,951.84,60.18,960.0,88.47,0.3973
266,2,car,660.76,173.21,776.41,262.71,0.8697
266,5,car,916.07,19.01,960.0,47.07,0.7612
266,10,car,554.93,162.33,645.76,244.72,0.8533
266,11,car,729.63,35.69,817.1,73.29,0.8594
266,1930,car,593.87,251.12,701.79,362.76,0.7903
266,2309,bus,775.85,100.77,958.98,409.69,0.925
266,2965,car,218.35,18.77,251.39,43.52,0.3051
266,1637,car,466.45,1.14,515.84,30.27,0.5557
267,2,car,660.43,173.17,776.16,262.62,0.8727
267,5,car,915.34,18.55,960.0,47.46,0.7548
267,10,car,555.08,162.17,645.89,244.56,0.8528
267,11,car,730.58,35.78,818.5,73.46,0.8765
267,1930,car,594.55,251.34,701.53,361.82,0.8104
267,2309,bus,775.68,100.34,958.4,407.97,0.9096
267,2965,car,218.1,18.8,251.69,44.04,0.3461
267,1637,car,467.3,0.95,516.79,30.42,0.5756
267,2055,car,200.14,27.47,226.46,53.53,0.2698
268,2,car,659.99,173.12,776.46,263.11,0.8468
268,5,car,915.37,18.35,960.0,47.4,0.7793
268,10,car,555.12,162.49,645.49,244.42,0.8565
268,11,car,731.48,35.9,819.67,73.53,0.8004
268,1930,car,593.12,251.38,702.09,363.99,0.7823
268,2309,bus,776.61,100.41,957.45,403.86,0.9172
268,2965,car,217.47,18.43,251.29,43.85,0.3124
268,1637,car,468.47,0.86,517.27,30.21,0.499
268,2055,car,200.37,28.81,225.84,53.83,0.2268
269,2,car,660.68,173.38,776.19,262.43,0.8582
269,5,car,915.27,18.11,960.0,47.5,0.7962
269,10,car,554.94,162.28,645.59,244.47,0.8538
269,11,car,733.35,35.92,820.99,73.17,0.8263
269,1930,car,593.28,251.43,701.96,363.74,0.7773
269,2309,bus,775.52,100.31,957.75,405.48,0.9175
269,1637,car,470.23,1.01,517.62,29.84,0.4654
269,3114,car,559.39,30.37,592.63,55.66,0.4089
270,2,car,660.45,173.36,776.34,262.58,0.8449
270,5,car,915.54,18.58,960.0,47.5,0.761
270,10,car,555.42,162.36,645.98,244.56,0.849
270,11,car,734.39,35.79,822.46,73.13,0.8475
270,1930,car,593.52,251.43,701.66,363.12,0.7754
270,2309,bus,774.43,99.75,958.38,407.48,0.9233
270,1637,car,471.7,1.24,517.49,29.34,0.5423
270,3114,car,557.37,30.22,589.95,55.04,0.3461
270,2965,car,217.91,19.7,249.69,43.41,0.2355
271,2,car,660.04,172.92,776.61,262.68,0.8442
271,5,car,915.63,18.42,960.0,47.47,0.793
271,10,car,555.14,162.53,645.97,245.05,0.8524
271,11,car,735.67,35.89,823.22,72.95,0.8159
271,1930,car,590.86,251.42,701.76,365.99,0.7512
271,2309,bus,773.93,99.53,958.04,406.85,0.9231
271,1637,car,472.86,1.27,517.61,28.99,0.5739
272,2,car,660.35,173.27,776.34,262.46,0.8589
272,5,car,915.45,18.48,960.0,47.71,0.7826
272,10,car,555.47,162.22,646.15,244.67,0.8462
272,11,car,736.0,35.89,824.63,73.41,0.8543
272,1930,car,593.07,251.37,701.63,363.5,0.7899
272,2309,bus,773.63,99.18,957.81,405.89,0.9266
272,1637,car,473.49,1.18,517.94,29.06,0.6241
272,2965,car,217.8,20.37,249.81,44.19,0.2216
273,2,car,659.61,173.13,776.59,263.15,0.8354
273,5,car,915.88,18.85,959.97,47.68,0.8041
273,10,car,555.56,162.27,645.97,244.49,0.8365
273,11,car,736.58,35.81,825.84,73.63,0.8688
273,1930,car,593.52,251.49,701.79,363.35,0.7869
273,2309,bus,773.39,98.76,958.06,405.77,0.9242
273,1637,car,474.03,0.97,518.27,29.09,0.3742
273,3179,car,624.02,12.18,641.2,28.99,0.4612
273,2965,car,217.46,20.02,249.66,43.91,0.2225
274,2,car,659.37,172.91,777.03,263.59,0.832
274,5,car,916.08,19.1,959.79,47.71,0.7619
274,10,car,555.49,162.43,645.67,244.39,0.8445
274,11,car,737.38,35.95,826.51,73.67,0.8417
274,1930,car,594.07,251.47,701.46,362.29,0.7976
274,2309,bus,772.1,98.21,959.36,409.68,0.9222
274,1637,car,474.97,0.77,518.11,28.46,0.5166
274,3179,car,622.52,12.44,639.73,29.23,0.3649
274,2965,car,217.55,19.91,250.4,44.16,0.2558
275,2,car,660.24,173.29,776.23,262.53,0.85
275,5,car,915.85,18.93,959.95,47.87,0.7453
275,10,car,555.71,162.74,645.68,244.5,0.8506
275,11,car,738.23,35.72,827.66,73.52,0.8816
275,1930,car,592.85,251.51,701.38,363.41,0.7806
275,2309,bus,771.31,98.06,959.97,412.1,0.9246
275,1637,car,476.15,0.6,518.46,28.11,0.4834
275,2965,car,216.95,19.5,250.63,44.44,0.2619
276,2,car,660.11,173.48,776.01,262.59,0.8413
276,5,car,915.72,18.81,959.89,47.85,0.7355
276,10,car,555.65,162.58,645.7,244.46,0.851
276,11,car,739.61,35.56,828.83,73.18,0.8701
276,1930,car,593.56,251.64,701.39,362.72,0.7939
276,2309,bus,772.1,98.06,959.06,408.85,0.9289
276,1637,car,477.32,0.25,519.02,27.76,0.4334
276,2965,car,218.25,20.55,250.3,44.12,0.2681
276,3179,car,619.1,12.31,636.41,29.11,0.3436
277,2,car,659.76,173.26,776.09,262.61,0.8524
277,5,car,916.05,19.47,959.24,47.79,0.7089
277,10,car,555.66,162.49,645.85,244.55,0.8452
277,11,car,740.45,35.54,829.9,73.19,0.8999
277,1930,car,593.05,251.61,702.23,364.3,0.7814
277,2309,bus,771.98,97.83,958.35,407.04,0.9229
277,1637,car,478.26,0.04,519.33,27.52,0.5299
277,3247,car,467.17,65.53,530.32,114.94,0.3588
277,3179,car,616.96,12.51,634.2,29.05,0.3747
278,2,car,659.62,173.42,776.45,263.1,0.8376
278,5,car,915.5,18.97,959.63,47.95,0.6834
278,10,car,555.41,162.57,645.88,244.94,0.8432
278,11,car,741.01,35.88,830.85,73.64,0.8707
278,1930,car,592.71,251.68,701.97,364.52,0.7594
278,2309,bus,770.3,97.56,959.06,410.67,0.9259
278,1637,car,479.42,0.0,519.53,27.2,0.4697
278,3179,car,615.19,12.94,632.35,29.23,0.3281
278,2965,car,218.97,20.64,250.63,43.76,0.35
279,2,car,659.19,173.37,776.49,263.37,0.8402
279,5,car,915.51,19.41,959.32,48.14,0.743
279,10,car,555.26,162.45,645.95,245.1,0.8447
279,11,car,741.08,35.82,832.43,74.28,0.8653
279,1930,car,592.76,251.74,701.79,364.31,0.7774
279,2309,bus,770.55,97.36,958.33,408.21,0.9276
279,1637,car,480.04,0.0,519.58,27.22,0.4743
279,3179,car,613.35,13.01,630.52,29.15,0.3236
279,2965,car,219.08,21.01,249.53,43.1,0.2606
280,2,car,659.05,173.18,776.55,263.33,0.8385
280,5,car,915.48,19.4,959.27,48.06,0.6867
280,10,car,555.12,162.55,646.02,245.43,0.8471
280,11,car,741.31,35.78,833.34,74.58,0.8566
280,1930,car,592.05,251.71,701.99,365.31,0.7633
280,2309,bus,770.24,97.22,958.21,407.87,0.9222
280,1637,car,481.06,0.0,519.6,26.89,0.4308
280,3179,car,611.04,13.04,628.99,29.73,0.3202
280,2965,car,218.98,20.91,249.67,43.06,0.3432
281,2,car,659.41,173.32,776.42,263.11,0.8409
281,5,car,915.35,19.12,959.74,48.24,0.6903
281,10,car,555.67,162.97,645.71,245.03,0.8457
281,11,car,741.86,35.7,834.06,74.61,0.8211
281,1930,car,592.88,251.7,701.8,364.25,0.7667
281,2309,bus,769.33,96.82,958.51,409.15,0.9199
281,1637,car,482.01,0.0,519.62,26.54,0.3469
281,3179,car,608.55,12.72,627.16,29.67,0.3706
281,2965,car,217.98,20.47,249.68,43.3,0.3407
282,2,car,659.49,173.41,776.56,263.28,0.8481
282,5,car,916.28,19.65,959.86,48.27,0.6684
282,10,car,555.69,163.1,645.57,244.96,0.8544
282,11,car,742.6,35.47,835.09,74.52,0.8288
282,1930,car,593.06,251.79,701.36,363.64,0.7884
282,2309,bus,769.23,96.67,958.19,408.08,0.9229
282,1637,car,482.63,0.0,519.44,26.27,0.3721
282,2965,car,218.19,20.3,249.7,42.88,0.2468
282,3335,bike,35.96,108.74,72.08,136.52,0.3406
283,2,car,659.42,173.68,776.33,263.34,0.8395
283,5,car,915.86,19.45,959.93,48.43,0.6699
283,10,car,555.81,163.31,645.6,245.09,0.852
283,11,car,743.73,35.49,836.1,74.48,0.8158
283,1930,car,593.23,251.66,701.3,363.22,0.8022
283,2309,bus,767.84,96.56,958.82,411.16,0.9249
283,1637,car,483.47,0.0,519.54,26.13,0.3415
283,2965,car,219.09,21.11,249.92,43.1,0.3338
284,2,car,659.38,173.62,776.49,263.4,0.8361
284,5,car,915.1,18.93,960.0,48.99,0.7208
284,10,car,555.62,163.25,645.63,245.21,0.8531
284,11,car,744.24,35.79,836.35,74.68,0.8355
284,1930,car,593.25,251.71,701.52,363.43,0.7769
284,2309,bus,767.16,96.47,959.15,412.62,0.9238
284,1637,car,484.11,0.0,519.42,25.99,0.2902
284,2965,car,218.15,20.37,250.14,43.16,0.3406
284,3179,car,603.28,12.12,623.39,30.0,0.3293
284,3335,bike,33.55,104.02,73.88,135.17,0.2883
285,2,car,659.29,173.75,776.36,263.49,0.8393
285,5,car,914.99,18.71,960.0,49.07,0.6969
285,10,car,555.28,163.18,645.57,245.38,0.8553
285,11,car,744.59,35.94,836.82,74.9,0.7981
285,1930,car,593.69,251.83,701.2,362.67,0.7967
285,2309,bus,767.08,96.26,958.79,411.57,0.922
285,1637,car,484.8,0.0,519.46,25.86,0.3049
285,2965,car,217.83,20.75,249.96,43.62,0.3478
285,3179,car,601.58,11.81,622.25,29.83,0.3139
286,2,car,659.24,173.81,776.4,263.6,0.8322
286,5,car,915.37,18.93,960.0,48.98,0.6672
286,10,car,555.52,162.95,645.82,245.19,0.8556
286,11,car,744.34,35.81,837.55,75.29,0.8161
286,1930,car,593.49,251.84,701.36,363.02,0.7985
286,2309,bus,765.97,96.02,959.56,414.57,0.9246
286,1637,car,485.18,0.02,519.15,25.66,0.2825
286,2965,car,218.24,20.75,249.84,43.21,0.3948
286,3399,bike,882.63,42.42,908.49,71.67,0.3832
287,2,car,659.09,173.7,776.51,263.72,0.844
287,5,car,915.64,19.13,960.0,48.73,0.6305
287,10,car,555.34,163.15,645.5,245.16,0.8492
287,11,car,744.7,35.58,837.77,75.04,0.8154
287,1930,car,592.95,251.76,701.33,363.42,0.776
287,2309,bus,766.05,95.88,959.62,414.41,0.9264
287,2965,car,218.4,20.97,249.65,43.07,0.4079
287,3399,bike,882.84,44.44,907.67,72.49,0.3755
287,3179,car,599.73,12.81,619.31,29.52,0.2893
288,2,car,658.91,173.49,777.04,264.16,0.8501
288,5,car,916.61,19.55,959.24,47.79,0.637
288,10,car,555.14,163.23,645.34,245.17,0.8549
288,11,car,745.49,36.02,837.83,75.25,0.82
288,1930,car,592.99,251.75,701.4,363.42,0.7915
288,2309,bus,765.58,95.69,959.85,415.51,0.926
288,2965,car,218.03,20.59,249.58,42.85,0.3884
288,3399,bike,882.22,43.49,908.52,73.2,0.4132
288,3429,car,198.7,27.44,228.14,52.5,0.3186
288,3179,car,598.25,13.43,617.24,29.45,0.2496
288,1637,car,485.98,0.0,518.8,25.14,0.3241
289,2,car,658.91,173.5,776.86,264.08,0.851
289,5,car,916.66,19.39,959.52,47.74,0.6791
289,10,car,555.51,163.04,645.59,244.95,0.8528
289,11,car,745.37,35.97,838.17,75.45,0.8258
289,1930,car,592.31,251.7,701.91,364.78,0.7642
289,2309,bus,764.72,95.67,960.0,417.7,0.9223
289,2965,car,217.76,20.66,249.66,43.12,0.3453
289,3399,bike,881.88,43.15,908.92,73.7,0.5479
289,3429,car,198.75,27.14,228.32,52.34,0.3025
289,3179,car,596.74,13.77,616.0,29.92,0.2583
289,3442,car,690.25,0.4,722.97,22.35,0.3792
289,1637,car,486.65,0.0,518.22,24.54,0.2843
290,2,car,659.3,173.58,776.39,263.5,0.8575
290,5,car,916.91,19.82,959.58,48.03,0.6869
290,10,car,555.49,163.18,645.57,245.11,0.8458
290,11,car,746.01,36.07,838.38,75.42,0.8148
290,1930,car,591.3,251.63,701.62,365.47,0.7555
290,2309,bus,765.39,95.5,959.37,414.81,0.9257
290,2965,car,217.77,20.35,250.53,43.43,0.326
290,3399,bike,882.52,46.39,907.42,74.46,0.3689
290,3429,car,198.71,26.79,228.66,52.35,0.2512
290,3442,car,690.29,0.14,723.24,22.25,0.4338
291,2,car,659.69,173.91,776.39,263.46,0.8457
291,5,car,916.79,20.17,959.66,48.5,0.6832
291,10,car,555.38,163.19,645.69,245.4,0.8456
291,11,car,746.84,36.39,838.27,75.28,0.8013
291,1930,car,592.09,251.8,701.73,365.04,0.7705
291,2309,bus,765.85,95.43,958.36,411.66,0.9213
291,2965,car,218.09,20.58,250.25,43.22,0.2867
291,3429,car,198.69,27.07,228.92,52.93,0.2359
291,3442,car,690.6,0.18,723.48,22.26,0.3769
292,2,car,659.62,173.71,776.4,263.3,0.8519
292,5,car,916.31,19.92,959.97,48.83,0.6751
292,10,car,555.62,163.26,645.54,245.07,0.8506
292,11,car,747.85,36.08,839.71,75.24,0.7882
292,1930,car,593.39,251.79,701.17,363.0,0.7931
292,2309,bus,765.87,95.21,958.3,410.82,0.9216
292,2965,car,217.19,20.13,250.26,43.49,0.3363
292,3442,car,690.58,0.11,724.27,22.71,0.3541
293,2,car,659.54,173.86,776.31,263.46,0.8432
293,5,car,915.95,20.19,960.0,49.87,0.5635
293,10,car,555.69,163.35,645.63,245.21,0.8459
293,11,car,749.15,35.87,841.36,75.3,0.8033
293,1930,car,593.51,251.97,701.17,362.99,0.7889
293,2309,bus,764.19,95.14,959.71,416.15,0.9179
293,2965,car,217.5,20.28,250.31,43.49,0.2977
293,3442,car,690.82,0.33,724.19,22.67,0.3391
294,2,car,659.14,173.96,776.49,264.06,0.8481
294,5,car,917.83,20.16,958.68,46.95,0.549
294,10,car,555.64,163.39,645.75,245.44,0.8527
294,11,car,750.01,35.91,841.83,75.24,0.8035
294,1930,car,593.7,251.94,701.0,362.47,0.7987
294,2309,bus,763.75,95.05,960.0,417.47,0.9188
294,2965,car,217.91,20.78,249.75,43.14,0.2942
294,3442,car,690.88,0.38,724.52,22.88,0.4366
294,3399,bike,883.91,50.53,907.51,76.92,0.3088
295,2,car,659.2,174.19,776.27,264.06,0.8591
295,5,car,917.38,19.46,958.88,46.53,0.5228
295,10,car,555.93,163.5,645.6,245.19,0.8546
295,11,car,751.07,36.17,842.02,75.06,0.8175
295,1930,car,591.19,251.99,700.83,364.81,0.7861
295,2309,bus,764.19,95.03,959.6,415.95,0.9167
295,2965,car,217.38,20.6,250.23,43.73,0.3203
295,3442,car,690.8,0.25,725.0,23.11,0.44
295,3399,bike,884.21,51.98,906.64,76.56,0.2847
296,2,car,659.21,174.16,776.31,264.0,0.8628
296,5,car,917.52,19.6,958.75,46.34,0.4663
296,10,car,555.56,163.35,645.65,245.43,0.8556
296,11,car,750.96,36.5,842.51,75.73,0.8096
296,1930,car,592.54,251.98,701.35,364.02,0.7997
296,2309,bus,765.25,94.79,958.54,411.63,0.9116
296,2965,car,217.45,20.49,250.06,43.46,0.2687
296,3442,car,691.05,0.46,724.71,22.95,0.4334
296,3538,car,928.2,32.48,958.43,63.36,0.3979
297,2,car,659.19,174.45,776.3,264.28,0.8549
297,5,car,917.38,19.37,958.79,46.06,0.5087
297,10,car,555.85,163.28,645.85,245.33,0.8499
297,11,car,751.82,37.11,842.29,75.73,0.8278
297,1930,car,592.09,252.1,701.72,365.19,0.7902
297,2309,bus,764.6,94.78,958.59,412.41,0.9098
297,2965,car,218.08,20.73,249.99,43.28,0.2492
297,3442,car,690.74,0.4,725.0,23.32,0.4135
297,3538,car,928.05,32.91,958.18,63.63,0.3519
297,3429,car,199.07,28.11,228.28,53.12,0.2281
297,3399,bike,882.78,46.97,910.36,77.51,0.4143
298,2,car,658.87,174.46,776.47,264.7,0.8585
298,5,car,917.15,18.95,958.91,45.74,0.4424
298,10,car,555.92,163.42,645.52,245.02,0.8476
298,11,car,751.25,36.96,842.66,75.85,0.8381
298,1930,car,590.69,252.16,701.53,366.53,0.7748
298,2309,bus,763.99,94.68,958.76,413.32,0.9167
298,2965,car,217.92,20.77,250.26,43.6,0.3373
298,3442,car,690.87,0.37,725.36,23.41,0.4043
298,3538,car,923.13,26.36,959.05,62.97,0.3976
298,3429,car,199.24,28.17,228.32,53.1,0.2596
298,3399,bike,883.33,47.59,910.22,77.28,0.2512
299,2,car,658.95,174.4,776.11,264.3,0.8549
299,5,car,917.46,19.16,958.8,45.52,0.3819
299,10,car,555.3,163.45,645.17,245.22,0.8465
299,11,car,750.09,36.63,843.22,76.17,0.8523
299,1930,car,591.38,252.14,701.79,366.27,0.7675
299,2309,bus,764.19,94.75,958.56,412.33,0.9098
299,3442,car,690.96,0.41,725.53,23.48,0.4906
299,3538,car,921.27,24.91,958.42,62.65,0.5359
299,3399,bike,883.19,46.22,911.22,77.41,0.431
300,2,car,659.55,174.59,775.97,263.89,0.8589
300,10,car,555.99,163.55,645.49,245.01,0.8564
300,11,car,750.34,36.86,842.65,75.79,0.8234
300,1930,car,592.69,252.21,701.7,364.94,0.7919
300,2309,bus,764.26,94.77,958.56,411.9,0.9082
300,3442,car,690.69,0.29,725.83,23.73,0.3054
300,3538,car,918.85,22.14,958.63,62.45,0.5117
300,3399,bike,883.02,47.16,911.01,78.25,0.3528
300,2965,car,217.82,21.1,249.66,43.45,0.3188
301,2,car,659.17,174.28,776.45,264.33,0.8596
301,10,car,555.8,163.59,645.37,245.06,0.8518
301,11,car,749.98,37.21,841.8,75.57,0.8176
301,1930,car,593.14,252.23,701.25,363.98,0.7998
301,2309,bus,763.9,94.71,957.97,410.81,0.9081
301,3442,car,690.54,0.27,725.74,23.78,0.4978
301,3538,car,918.69,23.22,958.02,62.84,0.5504
301,3399,bike,883.15,47.15,911.37,78.56,0.3394
301,2965,car,218.5,21.47,250.17,43.73,0.3041
301,3429,car,198.47,27.56,228.22,53.26,0.2396
301,5,car,917.75,19.89,958.61,45.79,0.2938
302,2,car,659.32,174.33,776.33,264.17,0.8524
302,10,car,556.05,163.58,645.73,245.21,0.8539
302,11,car,749.88,37.2,841.71,75.2,0.7916
302,1930,car,593.33,252.14,700.99,363.37,0.7974
302,2309,bus,767.32,94.49,955.03,398.04,0.9026
302,3442,car,690.48,0.31,725.54,23.7,0.4696
302,3538,car,919.16,26.95,955.97,63.4,0.6012
302,3399,bike,883.12,47.5,911.88,79.64,0.3559
302,2965,car,217.89,21.23,250.16,43.9,0.2522
302,5,car,917.37,19.88,958.68,45.9,0.2713
303,2,car,659.03,174.49,776.08,264.38,0.8627
303,10,car,555.37,163.4,645.42,245.27,0.8613
303,11,car,752.59,37.68,843.38,75.07,0.7865
303,1930,car,593.34,252.17,701.28,363.73,0.793
303,2309,bus,765.56,94.55,957.05,403.74,0.9071
303,3442,car,690.95,0.53,725.6,23.7,0.4932
303,3538,car,919.12,29.0,954.78,63.56,0.6398
303,3399,bike,883.11,47.79,912.2,80.39,0.3468
303,2965,car,218.61,21.55,250.05,43.68,0.2829
303,5,car,916.59,19.56,958.96,46.15,0.2862
303,3429,car,199.5,27.66,228.17,52.55,0.2408
304,2,car,659.27,174.66,776.04,264.21,0.8533
304,10,car,555.89,163.56,645.77,245.24,0.8401
304,11,car,754.83,37.5,846.18,75.26,0.8094
304,1930,car,593.77,252.28,701.09,363.12,0.7984
304,2309,bus,764.94,94.33,957.43,404.52,0.9073
304,3442,car,691.25,0.48,725.99,23.7,0.4419
304,3538,car,916.71,25.78,956.14,63.62,0.6676
304,3399,bike,882.25,46.95,912.76,81.46,0.2602
304,2965,car,219.21,21.78,249.83,43.4,0.2582
304,3429,car,199.55,27.56,228.66,53.06,0.2286
305,2,car,658.8,174.56,776.57,264.92,0.8444
305,10,car,555.45,163.77,645.4,245.42,0.8521
305,11,car,756.36,37.53,847.25,75.17,0.8278
305,1930,car,593.69,252.23,701.02,363.06,0.785
305,2309,bus,763.89,94.25,958.04,406.68,0.9058
305,3442,car,691.09,0.56,725.35,23.51,0.5017
305,3538,car,915.87,25.67,955.77,63.32,0.6128
305,3399,bike,882.24,47.38,912.96,82.41,0.2999
305,2965,car,219.23,21.42,249.98,43.21,0.2551
305,3429,car,199.46,27.46,228.9,53.36,0.2366
306,2,car,659.03,174.62,776.27,264.51,0.8449
306,10,car,555.52,163.62,645.51,245.27,0.8571
306,11,car,756.94,37.26,848.97,75.52,0.8601
306,1930,car,593.18,252.18,701.46,364.07,0.7766
306,2309,bus,764.85,94.34,957.32,403.15,0.9012
306,3442,car,691.03,0.72,725.32,23.7,0.5242
306,3538,car,915.39,28.56,953.67,63.49,0.5994
306,3399,bike,882.89,48.8,912.8,83.0,0.2485
306,2965,car,219.04,21.65,250.12,43.67,0.3017
306,3429,car,199.59,27.27,228.92,53.39,0.254
307,2,car,659.17,174.72,776.26,264.51,0.8597
307,10,car,555.57,163.75,645.39,245.18,0.8589
307,11,car,757.24,37.03,849.55,75.51,0.8642
307,1930,car,593.09,252.17,700.91,363.47,0.7839
307,2309,bus,762.4,94.42,959.48,410.98,0.9086
307,3442,car,691.15,0.76,725.42,23.78,0.518
307,3538,car,913.76,29.78,952.13,63.47,0.5061
307,2965,car,218.63,21.67,249.63,43.7,0.2875
307,3429,car,199.51,27.35,228.54,53.36,0.2891
307,5,car,916.33,19.67,958.62,45.97,0.2462
308,2,car,659.28,174.35,776.63,264.36,0.8503
308,10,car,555.41,163.97,645.29,245.35,0.8555
308,11,car,757.64,37.08,848.91,75.19,0.8606
308,1930,car,592.08,252.25,701.05,364.68,0.7717
308,2309,bus,764.08,94.31,957.61,404.11,0.9052
308,3442,car,690.98,0.69,725.32,23.77,0.4789
308,3538,car,906.71,25.84,951.07,63.44,0.5038
308,2965,car,218.92,21.11,250.43,43.5,0.2976
308,3429,car,199.77,27.62,228.36,53.26,0.2822
308,5,car,915.93,19.64,958.75,46.12,0.2361
309,2,car,658.7,174.49,776.74,265.05,0.8527
309,10,car,555.94,163.75,646.16,245.56,0.8569
309,11,car,757.74,37.37,848.5,75.25,0.8811
309,1930,car,592.35,252.32,701.24,364.73,0.7522
309,2309,bus,765.36,94.24,956.51,398.98,0.9011
309,3442,car,690.85,0.71,725.44,23.97,0.4212
309,3538,car,905.51,24.49,952.15,63.0,0.4694
309,2965,car,219.74,21.26,250.85,43.5,0.2752
309,3429,car,200.07,27.58,229.06,53.8,0.258
309,5,car,916.09,19.92,958.74,46.16,0.2171
309,3399,bike,884.01,49.13,914.36,84.18,0.2259
310,2,car,658.64,174.55,776.9,265.34,0.8525
310,10,car,555.87,163.8,645.93,245.45,0.846
310,11,car,757.6,37.39,849.26,75.7,0.864
310,1930,car,592.69,252.22,701.24,364.33,0.7573
310,2309,bus,764.41,94.21,957.65,401.89,0.9141
310,3442,car,690.5,0.5,725.38,23.97,0.3826
310,3538,car,904.73,25.55,951.65,62.97,0.4588
310,2965,car,219.06,20.93,250.81,43.65,0.2932
310,3429,car,200.43,27.48,228.9,53.33,0.2433
311,2,car,659.65,174.46,776.32,263.89,0.8554
311,10,car,556.29,163.76,646.16,245.34,0.8537
311,11,car,758.08,37.44,850.1,75.97,0.8855
311,1930,car,593.21,252.31,700.99,363.72,0.7764
311,2309,bus,761.51,94.36,960.0,412.09,0.9138
311,3442,car,690.76,0.59,725.24,23.79,0.3954
311,3538,car,899.6,24.31,951.34,64.31,0.3626
311,2965,car,218.99,21.24,250.31,43.71,0.308
311,3429,car,200.35,27.26,228.52,52.93,0.3022
311,3748,car,444.86,33.79,476.38,54.91,0.4185
312,2,car,659.38,174.59,776.36,264.24,0.8631
312,10,car,555.77,163.91,645.58,245.34,0.851
312,11,car,758.56,37.54,850.5,76.11,0.8948
312,1930,car,592.82,252.56,701.32,364.76,0.7483
312,2309,bus,762.35,94.42,959.9,409.79,0.9081
312,3442,car,691.08,0.94,725.07,23.8,0.5465
312,3538,car,898.87,23.63,951.2,62.75,0.3161
312,3429,car,200.64,27.84,228.38,53.26,0.2295
312,3748,car,443.28,33.04,476.3,55.21,0.322
312,3399,bike,886.47,52.53,915.09,85.38,0.2586
313,2,car,659.21,174.78,776.59,264.71,0.8616
313,10,car,555.59,163.97,645.6,245.56,0.8484
313,11,car,759.18,37.38,851.07,76.01,0.8855
313,1930,car,593.04,252.66,701.48,364.86,0.754
313,2309,bus,763.07,94.39,959.14,407.11,0.9073
313,3442,car,691.07,0.8,725.33,23.85,0.5188
313,3538,car,897.32,22.97,952.9,63.68,0.4992
313,3748,car,442.47,33.26,473.93,54.44,0.3573
314,2,car,659.52,174.74,776.5,264.36,0.8584
314,10,car,555.24,163.71,645.6,245.59,0.8494
314,11,car,760.24,37.51,851.65,75.97,0.8756
314,1930,car,593.56,252.46,701.01,363.59,0.7564
314,2309,bus,763.1,94.3,959.12,406.77,0.9043
314,3442,car,691.22,0.91,725.25,23.8,0.5437
314,3538,car,897.65,22.94,951.86,61.38,0.4718
314,2965,car,221.0,21.85,251.58,44.01,0.2671
314,3429,car,200.99,27.67,228.93,53.39,0.282
315,2,car,658.9,174.51,776.99,265.09,0.862
315,10,car,555.84,163.54,645.85,245.15,0.8507
315,11,car,760.99,37.5,852.32,75.93,0.883
315,1930,car,593.63,252.6,700.82,363.5,0.7711
315,2309,bus,763.26,94.25,958.65,405.32,0.9105
315,3442,car,691.09,0.96,725.44,24.05,0.496
315,3538,car,897.2,23.24,951.54,60.57,0.5664
315,2965,car,220.88,21.97,250.99,43.8,0.278
315,3429,car,201.24,27.94,229.04,53.69,0.2804
315,3399,bike,887.38,51.01,919.47,87.9,0.3369
316,2,car,659.37,174.49,777.06,264.79,0.848
316,10,car,555.62,163.7,645.76,245.45,0.8507
316,11,car,762.12,37.72,852.64,75.78,0.877
316,1930,car,593.35,252.46,700.56,363.27,0.7378
316,2309,bus,762.61,94.15,959.33,407.37,0.9023
316,3442,car,691.18,0.84,725.54,23.94,0.4781
316,3538,car,895.69,23.29,951.25,60.28,0.65
316,2965,car,220.58,21.74,251.39,44.17,0.3115
316,3429,car,201.23,27.58,229.22,53.63,0.3325
316,3399,bike,888.37,54.57,918.18,88.35,0.3389
317,2,car,659.15,174.46,777.12,265.05,0.8547
317,10,car,555.23,163.77,645.55,245.59,0.8567
317,11,car,762.51,37.69,853.36,75.94,0.8819
317,1930,car,592.79,252.66,701.09,364.7,0.764
317,2309,bus,762.96,94.33,958.92,406.05,0.9085
317,3442,car,690.91,0.64,725.59,23.99,0.5789
317,3538,car,894.17,24.66,950.82,61.15,0.6969
317,2965,car,220.49,21.76,251.22,44.21,0.2439
317,3429,car,201.25,27.66,228.99,53.74,0.2451
317,3399,bike,888.25,55.07,918.09,88.67,0.4308
318,2,car,659.63,174.62,777.01,264.77,0.8547
318,10,car,555.17,163.81,645.42,245.45,0.8443
318,11,car,763.93,38.06,854.69,76.27,0.8869
318,1930,car,592.76,252.74,701.07,364.8,0.7353
318,2309,bus,762.36,94.37,959.87,408.84,0.9086
318,3442,car,691.22,0.87,725.54,23.93,0.4941
318,3538,car,892.0,25.31,950.84,62.05,0.6868
318,2965,car,220.68,21.79,251.02,44.0,0.3
318,3429,car,199.51,28.05,227.8,54.41,0.3149
318,3399,bike,889.12,55.4,919.14,88.78,0.3562
319,2,car,659.43,174.78,777.28,265.35,0.8608
319,10,car,555.35,163.86,645.72,245.62,0.8504
319,11,car,765.14,38.48,855.53,76.5,0.8963
319,1930,car,593.17,252.78,700.83,364.12,0.7661
319,2309,bus,762.02,94.49,960.0,409.89,0.9068
319,3442,car,691.21,0.93,724.97,23.58,0.5641
319,3538,car,890.02,26.16,950.55,62.72,0.7025
319,2965,car,220.57,21.79,251.24,44.34,0.2928
319,3429,car,200.33,28.23,228.07,54.13,0.2673
319,3399,bike,889.17,54.44,919.96,88.76,0.2721
320,2,car,659.37,174.65,776.8,264.85,0.8587
320,10,car,555.48,164.31,645.44,245.59,0.8527
320,11,car,764.95,38.16,856.7,76.82,0.8968
320,1930,car,593.67,252.74,700.33,362.94,0.753
320,2309,bus,763.08,94.54,958.88,406.01,0.9015
320,3442,car,691.15,1.12,724.82,23.71,0.5672
320,3538,car,889.26,28.34,949.17,63.02,0.7024
320,2965,car,220.67,21.71,250.95,44.06,0.2907
320,3429,car,200.6,27.92,228.19,53.78,0.2844
320,3399,bike,890.47,54.07,921.74,88.84,0.2437
321,2,car,659.38,174.5,776.51,264.42,0.8629
321,10,car,555.06,164.4,645.23,245.73,0.863
321,11,car,766.26,38.41,857.29,76.76,0.8727
321,1930,car,593.42,252.86,700.65,363.6,0.7428
321,2309,bus,764.33,94.44,957.72,401.22,0.8962
321,3442,car,691.0,1.24,724.82,23.97,0.5693
321,3538,car,887.74,29.59,948.25,63.12,0.6785
321,2965,car,220.06,20.99,251.08,44.08,0.2784
321,3429,car,201.6,27.56,229.05,53.57,0.3055
322,2,car,659.7,174.69,776.59,264.37,0.8627
322,10,car,555.18,164.21,645.44,245.58,0.8567
322,11,car,766.32,37.92,858.46,76.78,0.8747
322,1930,car,594.07,252.73,700.38,362.33,0.7628
322,2309,bus,763.34,94.42,958.64,404.13,0.8945
322,3442,car,690.91,1.48,724.77,24.25,0.4949
322,3538,car,885.13,30.67,946.82,63.26,0.6632
322,2965,car,221.37,21.53,251.54,44.06,0.2479
322,3429,car,201.59,27.88,228.47,53.38,0.2533
323,2,car,660.08,174.78,777.27,264.68,0.8644
323,10,car,555.43,164.21,645.72,245.63,0.8567
323,11,car,766.57,37.74,859.13,76.81,0.8642
323,1930,car,593.35,253.01,700.7,363.63,0.7503
323,2309,bus,761.02,94.49,960.0,412.27,0.9101
323,3442,car,691.01,1.36,724.82,24.12,0.4842
323,3538,car,883.17,31.24,945.97,62.89,0.6305
323,2965,car,221.22,21.74,250.81,43.88,0.219
323,3429,car,201.18,28.01,228.34,53.79,0.2427
323,3399,bike,892.31,56.67,924.77,92.95,0.2732
324,2,car,659.99,175.15,777.01,264.95,0.8586
324,10,car,555.17,164.49,645.6,245.97,0.855
324,11,car,767.15,37.95,859.06,76.79,0.8729
324,1930,car,593.59,253.04,700.65,363.26,0.7757
324,2309,bus,761.32,94.43,960.0,411.07,0.902
324,3442,car,691.05,1.28,724.95,24.15,0.537
324,3538,car,880.81,32.02,944.52,62.74,0.664
324,2965,car,220.59,21.64,250.37,43.95,0.2317
324,3429,car,201.19,28.46,228.31,54.22,0.2359
324,3399,bike,893.21,57.44,925.93,94.09,0.3257
325,2,car,660.14,175.23,776.8,264.73,0.86
325,10,car,555.63,164.51,645.9,245.87,0.8466
325,11,car,766.79,37.53,860.11,77.13,0.8996
325,1930,car,593.06,253.14,700.95,364.25,0.7428
325,2309,bus,762.49,94.6,959.5,407.8,0.898
325,3442,car,691.14,1.15,724.82,23.89,0.5049
325,3538,car,876.75,31.99,944.2,63.37,0.7414
325,3399,bike,893.71,58.49,926.27,94.81,0.3527
326,2,car,660.49,175.36,776.37,264.19,0.8581
326,10,car,555.92,164.48,645.92,245.64,0.8543
326,11,car,768.1,38.28,859.93,77.29,0.9022
326,1930,car,592.83,253.26,701.45,365.23,0.7542
326,2309,bus,760.83,94.58,960.0,413.53,0.9141
326,3442,car,690.86,1.08,725.01,24.19,0.5549
326,3538,car,872.61,31.11,944.37,63.64,0.7417
326,3399,bike,894.72,59.49,926.58,94.68,0.2501
326,2965,car,219.42,20.92,249.83,43.7,0.2518
326,3429,car,200.92,28.59,227.9,54.32,0.2151
327,2,car,659.85,175.01,776.56,264.5,0.859
327,10,car,555.8,164.06,646.36,245.79,0.8619
327,11,car,768.79,38.54,860.09,77.34,0.878
327,1930,car,593.57,252.95,700.64,363.17,0.7146
327,2309,bus,760.93,94.47,960.0,414.23,0.9127
327,3442,car,690.49,0.92,724.68,24.04,0.4192
327,3538,car,868.58,30.56,944.31,64.21,0.7683
327,3399,bike,895.01,60.01,927.26,95.43,0.2693
327,3429,car,200.77,28.67,227.41,54.04,0.2128
328,2,car,659.48,174.87,777.01,265.08,0.8561
328,10,car,555.77,163.99,646.14,245.6,0.8495
328,11,car,769.48,38.47,860.36,77.11,0.9079
328,1930,car,593.76,252.83,700.65,362.83,0.7104
328,2309,bus,760.78,94.3,960.0,415.74,0.9099
328,3442,car,691.08,1.14,725.69,24.53,0.3848
328,3538,car,865.49,30.2,943.58,64.3,0.7868
328,3399,bike,895.1,59.81,928.47,96.37,0.2784
328,3429,car,201.26,28.98,227.48,53.98,0.2124
328,5,car,919.59,20.98,960.0,46.34,0.2953
329,2,car,660.01,174.86,777.15,264.79,0.855
329,10,car,555.93,164.08,645.91,245.38,0.8481
329,11,car,770.33,37.89,862.28,77.08,0.8743
329,1930,car,593.34,252.74,700.49,362.95,0.7257
329,2309,bus,762.56,94.28,959.76,409.5,0.9036
329,3442,car,691.23,0.96,725.89,24.44,0.5652
329,3538,car,863.47,30.28,942.81,64.33,0.7477
329,3399,bike,895.23,59.88,929.87,98.03,0.3646
329,3429,car,201.37,28.58,227.7,53.73,0.2649
329,5,car,919.36,20.49,960.0,46.56,0.2582
329,2965,car,220.65,21.55,250.0,43.58,0.2443
330,2,car,660.5,174.71,776.6,263.67,0.8627
330,10,car,555.39,164.26,645.64,245.78,0.8549
330,11,car,771.64,37.57,863.6,76.84,0.8724
330,1930,car,593.68,252.68,700.47,362.47,0.7833
330,2309,bus,761.96,94.16,960.0,411.3,0.9089
330,3442,car,690.94,0.83,726.06,24.69,0.5224
330,3538,car,860.77,30.49,941.41,64.52,0.7928
330,3399,bike,896.36,60.12,930.89,98.16,0.4279
330,3429,car,201.25,28.41,227.7,53.68,0.2123
330,5,car,919.44,20.7,960.0,46.59,0.5133
330,2965,car,220.55,21.65,249.83,43.68,0.2542
331,2,car,659.74,174.75,776.93,264.63,0.8566
331,10,car,554.89,163.89,645.57,245.73,0.8548
331,11,car,773.41,37.83,864.52,76.61,0.8726
331,1930,car,593.84,252.68,700.44,362.18,0.7309
331,2309,bus,762.8,94.21,959.26,408.29,0.9049
331,3442,car,691.11,0.82,725.68,24.32,0.5018
331,3538,car,856.19,29.86,938.52,64.11,0.7482
331,3399,bike,896.84,60.13,931.92,98.87,0.3476
331,3429,car,201.07,28.35,227.6,53.61,0.2353
331,5,car,919.63,20.53,959.89,45.93,0.4324
331,2965,car,221.28,22.01,250.69,44.1,0.2932
332,2,car,660.08,174.56,776.79,264.11,0.8559
332,10,car,555.3,164.0,645.79,245.71,0.8378
332,11,car,776.15,38.43,866.7,76.71,0.8783
332,1930,car,593.19,252.78,701.35,364.09,0.7599
332,2309,bus,762.69,93.98,959.78,409.24,0.9162
332,3442,car,691.12,0.75,725.73,24.28,0.5201
332,3538,car,853.9,29.96,934.41,62.86,0.6805
332,3399,bike,898.48,62.04,932.25,99.1,0.3139
332,3429,car,201.27,28.34,227.37,53.2,0.2143
332,5,car,918.31,20.65,959.79,46.8,0.5837
333,2,car,659.37,174.52,776.56,264.49,0.8563
333,10,car,555.22,164.11,645.56,245.63,0.8542
333,11,car,777.43,39.06,867.11,76.76,0.9008
333,1930,car,593.52,252.58,700.98,363.19,0.775
333,2309,bus,763.41,94.02,958.62,405.76,0.9087
333,3442,car,690.83,0.62,725.66,24.3,0.4961
333,3538,car,853.7,30.3,929.47,60.43,0.6744
333,3399,bike,899.25,62.14,933.43,99.57,0.3709
333,3429,car,200.88,27.99,227.55,53.25,0.2558
333,5,car,917.58,20.73,959.88,47.43,0.7239
333,2965,car,220.07,21.65,249.52,43.63,0.29
334,2,car,659.56,173.97,776.6,263.78,0.8585
334,10,car,555.63,163.55,646.09,245.29,0.8479
334,11,car,778.72,39.53,867.87,76.83,0.895
334,1930,car,593.68,252.33,700.95,362.75,0.7739
334,2309,bus,764.03,93.74,957.87,402.58,0.9116
334,3442,car,690.81,0.7,725.3,24.09,0.3928
334,3538,car,849.99,30.22,928.66,61.09,0.6781
334,3399,bike,901.64,64.83,933.87,99.36,0.3261
334,3429,car,200.82,27.78,227.56,53.1,0.2417
334,5,car,917.08,20.38,960.0,47.64,0.7456
334,2965,car,219.66,21.17,249.63,43.52,0.2587
335,2,car,659.05,174.02,776.63,264.34,0.8551
335,10,car,555.45,163.25,646.2,245.38,0.8378
335,11,car,779.41,38.83,869.72,76.53,0.8648
335,1930,car,592.76,252.21,701.57,364.37,0.7284
335,2309,bus,762.23,93.18,959.64,408.14,0.9072
335,3442,car,690.72,0.65,725.08,23.87,0.4224
335,3538,car,847.06,29.77,928.65,61.56,0.5797
335,3399,bike,903.71,66.85,935.36,100.02,0.3381
335,3429,car,200.65,27.15,227.84,52.95,0.2311
335,5,car,916.84,20.12,960.0,47.55,0.7396
335,2965,car,220.01,20.9,250.6,43.74,0.3104
336,2,car,659.25,173.83,776.47,263.92,0.8595
336,10,car,555.54,163.39,645.8,245.07,0.8344
336,11,car,780.28,38.94,869.95,76.24,0.8809
336,1930,car,592.97,252.11,701.42,363.93,0.7418
336,2309,bus,761.97,92.83,959.74,408.43,0.9068
336,3442,car,690.94,0.47,724.92,23.4,0.4469
336,3538,car,845.72,29.8,925.03,60.17,0.5652
336,3399,bike,905.16,68.46,936.22,100.21,0.2574
336,5,car,916.97,20.25,959.89,47.51,0.7685
336,4088,car,495.51,19.63,516.48,40.8,0.3971
337,2,car,659.36,173.62,776.42,263.64,0.8585
337,10,car,555.58,163.24,645.46,244.52,0.8432
337,11,car,781.6,38.89,870.99,76.03,0.8878
337,1930,car,593.29,251.93,701.39,363.47,0.7829
337,2309,bus,763.5,92.53,958.29,402.68,0.9007
337,3442,car,690.8,0.17,724.87,23.09,0.3788
337,3538,car,842.73,30.19,923.69,61.12,0.5944
337,3399,bike,904.98,67.2,938.75,101.33,0.4095
337,5,car,917.26,20.43,959.9,47.53,0.7708
337,2965,car,218.01,20.39,249.43,43.86,0.2876
338,2,car,659.26,173.65,776.61,263.98,0.8618
338,10,car,555.54,163.16,645.51,244.53,0.8449
338,11,car,782.45,39.06,871.8,76.1,0.8822
338,1930,car,592.75,251.69,701.59,364.09,0.756
338,2309,bus,762.1,92.41,959.9,407.78,0.9049
338,3442,car,690.79,0.03,725.14,23.15,0.4431
338,3538,car,840.96,30.11,924.89,62.56,0.6698
338,3399,bike,905.13,65.9,941.29,102.1,0.4435
338,5,car,916.96,20.1,960.0,47.52,0.8008
338,2965,car,217.98,20.4,249.26,43.72,0.2541
338,3429,car,201.13,26.57,228.13,52.12,0.2249
338,4088,car,490.53,18.65,512.09,40.39,0.3686
339,2,car,659.13,173.61,776.67,264.14,0.8609
339,10,car,554.96,162.66,645.66,244.73,0.8426
339,11,car,783.52,38.66,873.67,75.95,0.8774
339,1930,car,592.42,251.68,701.66,364.6,0.7147
339,2309,bus,761.53,92.43,960.0,410.96,0.907
339,3442,car,691.08,0.0,725.0,22.75,0.4163
339,3538,car,839.52,29.37,924.1,62.63,0.6911
339,3399,bike,905.2,63.43,943.94,102.2,0.3307
339,5,car,915.79,19.01,960.0,47.79,0.815
339,2965,car,218.63,20.63,249.54,43.53,0.2706
339,4088,car,488.23,19.85,508.68,40.33,0.3475
340,2,car,658.6,173.24,777.28,264.79,0.8585
340,10,car,555.02,162.67,645.66,244.7,0.8573
340,11,car,784.42,38.19,875.42,75.79,0.8407
340,1930,car,593.28,251.58,701.44,363.37,0.7063
340,2309,bus,762.36,92.35,960.0,409.25,0.9061
340,3442,car,690.99,0.0,724.91,22.7,0.4593
340,3538,car,838.56,29.33,921.74,62.52,0.7358
340,3399,bike,906.25,62.82,945.96,102.52,0.4251
340,5,car,916.09,18.89,960.0,47.16,0.8063
340,2965,car,218.76,20.59,249.29,43.15,0.2176
340,4088,car,484.94,20.42,505.21,40.58,0.3121
340,3429,car,200.44,25.89,228.29,52.15,0.2256
341,2,car,658.12,173.21,777.41,265.38,0.8659
341,10,car,555.47,162.42,646.15,244.66,0.8501
341,11,car,786.62,38.37,876.55,75.32,0.8409
341,1930,car,590.69,251.45,701.94,366.6,0.7228
341,2309,bus,761.86,92.14,960.0,410.32,0.9108
341,3442,car,690.95,0.0,725.07,22.82,0.4814
341,3538,car,836.67,29.87,918.92,63.19,0.7292
341,3399,bike,908.24,63.77,948.26,103.64,0.3888
341,5,car,916.2,18.85,959.96,46.97,0.779
341,2965,car,219.25,21.14,249.05,43.08,0.2494
342,2,car,658.88,172.79,776.72,263.82,0.8624
342,10,car,555.14,162.44,646.03,244.92,0.8491
342,11,car,788.35,38.22,878.57,75.08,0.8494
342,1930,car,592.36,251.52,701.84,364.95,0.7416
342,2309,bus,762.81,92.15,959.5,406.75,0.9092
342,3442,car,691.19,0.0,724.99,22.57,0.4836
342,3538,car,834.85,29.48,916.6,63.13,0.7611
342,3399,bike,910.25,64.58,949.72,103.54,0.4566
342,5,car,916.59,19.13,959.63,46.75,0.7925
342,2965,car,218.83,20.8,249.21,43.07,0.2578
342,3429,car,200.47,26.17,228.13,52.16,0.2206
343,2,car,659.39,172.62,776.46,263.03,0.8674
343,10,car,554.95,162.24,645.96,244.89,0.8556
343,11,car,790.35,38.8,879.27,74.88,0.8532
343,1930,car,592.48,251.34,701.65,364.43,0.7126
343,2309,bus,762.74,92.15,959.45,406.75,0.9061
343,3442,car,691.26,0.0,725.11,22.52,0.4274
343,3538,car,832.83,28.52,913.87,62.41,0.767
343,5,car,916.25,19.27,959.27,46.78,0.7631
343,2965,car,218.46,20.47,249.75,43.33,0.3596
344,2,car,659.43,172.28,776.67,262.91,0.8671
344,10,car,555.09,162.02,645.69,244.31,0.8547
344,11,car,791.32,38.48,881.47,74.95,0.8539
344,1930,car,593.19,251.27,701.4,363.32,0.7585
344,2309,bus,764.03,91.78,958.33,401.86,0.9035
344,3442,car,691.57,0.0,725.02,22.12,0.5429
344,3538,car,833.14,28.24,909.73,60.63,0.6892
344,5,car,916.56,19.22,959.39,46.58,0.7829
344,2965,car,218.24,20.17,250.1,43.4,0.3365
344,3429,car,200.21,26.34,227.83,52.21,0.2678
345,2,car,659.83,172.3,776.65,262.65,0.8679
345,10,car,554.91,161.89,645.71,244.41,0.845
345,11,car,791.94,37.79,884.24,75.1,0.8162
345,1930,car,593.3,251.22,701.28,362.92,0.7502
345,2309,bus,762.81,91.95,959.82,406.75,0.9046
345,3442,car,691.43,0.0,725.02,22.2,0.4318
345,3538,car,832.72,28.45,906.4,60.0,0.6024
345,5,car,916.38,19.11,959.55,46.68,0.7624
345,2965,car,218.5,20.35,249.36,42.73,0.2613
346,2,car,660.17,172.34,776.82,262.6,0.8616
346,10,car,554.8,161.71,645.57,244.18,0.8466
346,11,car,793.62,37.9,886.44,75.25,0.7836
346,1930,car,593.26,251.04,701.76,363.28,0.7569
346,2309,bus,763.4,91.99,959.07,404.33,0.9062
346,3442,car,691.54,0.0,724.77,21.82,0.4945
346,3538,car,834.78,28.81,901.98,57.72,0.4588
346,5,car,916.65,19.1,959.41,46.35,0.7822
346,2965,car,218.06,20.0,250.19,43.26,0.2371
347,2,car,659.59,172.34,777.1,263.38,0.8669
347,10,car,554.88,161.79,645.21,243.73,0.8589
347,11,car,795.55,37.87,888.09,74.91,0.8447
347,1930,car,593.49,250.96,701.75,362.91,0.7697
347,2309,bus,761.83,91.29,960.0,408.79,0.9006
347,3442,car,691.46,0.0,724.68,21.71,0.5195
347,3538,car,832.9,27.94,899.99,57.21,0.3933
347,5,car,916.35,18.38,959.75,46.09,0.794
347,2965,car,219.07,20.6,251.03,43.77,0.261
348,2,car,659.96,172.35,777.38,263.33,0.8654
348,10,car,554.74,161.79,645.18,243.74,0.839
348,11,car,797.2,37.71,890.17,74.76,0.8468
348,1930,car,593.72,250.85,701.7,362.42,0.714
348,2309,bus,763.82,91.55,958.88,402.86,0.8896
348,3442,car,691.45,0.0,724.69,21.67,0.5325
348,5,car,916.5,18.25,959.91,46.01,0.8055
348,3429,car,200.47,26.09,227.55,51.49,0.2343
349,2,car,659.83,172.28,776.99,263.1,0.8748
349,10,car,555.16,162.04,645.33,243.72,0.8397
349,11,car,796.83,36.56,892.51,74.72,0.8464
349,1930,car,593.47,250.75,701.91,362.81,0.7798
349,2309,bus,763.98,91.75,958.64,402.05,0.9011
349,3442,car,691.5,0.0,724.95,21.74,0.4691
349,5,car,916.76,18.58,959.54,45.88,0.7927
349,2965,car,218.81,20.06,250.48,42.97,0.2849
350,2,car,659.8,172.41,776.97,263.32,0.8582
350,10,car,555.03,161.77,645.56,243.8,0.8373
350,11,car,797.17,35.92,893.51,74.3,0.8079
350,1930,car,593.55,250.85,701.75,362.66,0.7551
350,2309,bus,763.23,91.88,959.43,404.76,0.907
350,3442,car,691.6,0.0,724.82,21.48,0.4625
350,5,car,916.8,18.67,959.46,45.85,0.7802
350,2965,car,218.62,19.97,250.14,42.69,0.3148
350,3429,car,200.44,26.53,227.65,51.89,0.2363
351,2,car,660.25,172.45,776.42,262.53,0.8639
351,10,car,555.2,161.83,645.48,243.64,0.844
351,11,car,795.81,34.86,895.07,74.37,0.787
351,1930,car,593.73,250.87,701.72,362.4,0.7722
351,2309,bus,763.18,91.85,959.24,404.36,0.8991
351,3442,car,691.46,0.0,725.01,21.62,0.495
351,5,car,916.92,19.02,959.07,45.75,0.7659
351,2965,car,218.15,19.53,250.09,42.57,0.3192
351,3429,car,200.35,26.35,227.91,52.04,0.2723
352,2,car,660.35,172.71,776.09,262.43,0.8645
352,10,car,555.21,161.83,645.46,243.62,0.8333
352,11,car,795.9,34.0,898.42,74.94,0.8508
352,1930,car,593.26,250.88,701.65,362.81,0.7384
352,2309,bus,763.01,92.04,959.49,405.25,0.8966
352,3442,car,691.52,0.0,725.02,21.49,0.561
352,5,car,916.86,18.83,959.33,45.73,0.7706
353,2,car,660.3,172.58,776.29,262.46,0.8649
353,10,car,555.54,162.12,645.38,243.48,0.8374
353,11,car,798.79,33.96,901.58,75.27,0.8382
353,1930,car,593.5,250.89,701.36,362.22,0.7403
353,2309,bus,763.27,91.64,959.24,403.86,0.8952
353,3442,car,691.46,0.06,725.07,21.52,0.5272
353,5,car,916.8,18.98,959.48,46.01,0.7761
354,2,car,659.89,172.55,776.47,262.93,0.8553
354,10,car,555.56,162.03,645.25,243.16,0.8384
354,11,car,800.71,35.78,900.15,75.6,0.826
354,1930,car,593.42,250.86,701.28,362.15,0.738
354,2309,bus,763.47,91.69,959.24,403.48,0.891
354,3442,car,691.28,0.02,725.11,21.5,0.4321
354,5,car,917.16,19.28,959.32,45.91,0.7801
354,4308,car,787.58,33.76,845.48,62.76,0.4635
354,2965,car,219.13,20.16,249.46,42.08,0.2302
355,2,car,660.2,172.51,776.15,262.32,0.8552
355,10,car,555.41,162.15,645.08,243.15,0.8445
355,11,car,803.17,36.96,900.17,75.4,0.7692
355,1930,car,593.15,250.99,700.97,362.12,0.7284
355,2309,bus,762.69,90.91,959.54,404.44,0.8995
355,3442,car,691.32,0.13,724.73,21.22,0.521
355,5,car,917.03,19.22,959.53,46.06,0.8048
355,4308,car,784.45,32.06,842.89,61.28,0.3622
355,2965,car,219.39,20.15,249.76,42.06,0.2413
356,2,car,660.25,172.44,776.13,262.21,0.8598
356,10,car,555.74,162.11,645.26,242.98,0.83
356,11,car,807.36,37.33,902.96,75.19,0.8195
356,1930,car,592.4,250.96,701.27,363.17,0.6673
356,2309,bus,762.39,91.24,959.91,406.01,0.887
356,3442,car,691.26,0.15,724.53,21.08,0.5225
356,5,car,916.88,18.81,959.62,45.8,0.7888
356,4308,car,778.1,31.11,839.27,61.73,0.4625
356,2965,car,218.93,19.88,249.74,42.18,0.2378
357,2,car,660.02,172.24,776.53,262.5,0.8606
357,10,car,555.5,161.68,645.5,243.0,0.8403
357,11,car,811.51,37.94,905.28,74.97,0.8406
357,1930,car,591.84,250.68,701.94,364.27,0.698
357,2309,bus,762.61,91.41,959.8,405.71,0.8993
357,3442,car,691.44,0.16,724.51,20.82,0.4762
357,5,car,916.99,18.84,959.54,45.68,0.7823
357,4308,car,775.82,30.97,837.33,61.71,0.4104
358,2,car,659.69,172.08,776.65,262.77,0.8481
358,10,car,555.49,161.72,645.49,243.04,0.851
358,11,car,813.11,37.45,908.38,75.13,0.8456
358,1930,car,592.37,250.48,702.12,363.86,0.708
358,2309,bus,762.16,90.67,959.98,406.09,0.8941
358,3442,car,691.29,0.06,724.54,20.78,0.5547
358,5,car,916.8,18.78,959.35,45.55,0.7629
358,4308,car,775.96,31.08,838.5,62.08,0.3919
358,2965,car,219.24,20.02,249.22,41.7,0.2171
359,2,car,658.98,172.12,777.02,263.81,0.8475
359,10,car,555.84,161.8,645.64,242.97,0.8402
359,11,car,815.04,37.32,909.7,74.73,0.8681
359,1930,car,592.87,250.6,701.56,362.82,0.7222
359,2309,bus,761.86,90.75,960.0,407.27,0.8958
359,3442,car,691.11,0.02,724.35,20.65,0.4285
359,5,car,916.88,18.9,959.21,45.46,0.7863
359,4308,car,773.28,30.81,836.45,61.91,0.6067
359,3429,car,200.76,25.96,227.86,51.17,0.2128
360,2,car,659.52,172.11,776.68,263.16,0.8541
360,10,car,555.98,161.89,645.53,242.8,0.8448
360,11,car,816.9,37.23,912.0,74.75,0.9066
360,1930,car,592.85,250.52,701.11,362.19,0.6872
360,2309,bus,762.43,90.84,960.0,406.48,0.9013
360,3442,car,691.07,0.0,724.47,20.65,0.4391
360,5,car,916.75,18.77,959.25,45.38,0.7511
360,4308,car,771.14,29.93,836.94,62.03,0.6912
360,2965,car,218.7,19.37,249.35,41.6,0.2211
361,2,car,659.35,171.96,776.37,262.89,0.857
361,10,car,555.95,161.65,645.56,242.58,0.8423
361,11,car,819.89,37.42,914.31,74.53,0.8967
361,1930,car,592.79,250.44,701.2,362.24,0.7436
361,2309,bus,762.64,91.14,959.95,406.24,0.9041
361,3442,car,690.83,0.0,724.43,20.69,0.4862
361,5,car,916.83,19.07,959.14,45.48,0.7723
361,4308,car,769.01,30.79,833.11,61.73,0.6563
362,2,car,658.86,171.87,776.55,263.45,0.8696
362,10,car,555.65,161.67,645.29,242.55,0.8538
362,11,car,822.65,37.86,915.74,74.29,0.8919
362,1930,car,592.5,250.28,701.26,362.42,0.6942
362,2309,bus,763.6,90.82,958.82,402.08,0.9018
362,3442,car,690.85,0.0,724.53,20.68,0.5414
362,5,car,916.26,18.72,959.32,45.57,0.7674
362,4308,car,766.85,31.12,830.96,61.64,0.7147
363,2,car,659.19,171.8,776.89,263.5,0.8524
363,10,car,554.99,161.83,645.1,243.07,0.8442
363,11,car,823.46,37.32,918.94,74.71,0.877
363,1930,car,592.29,250.25,701.45,362.82,0.7098
363,2309,bus,762.5,90.83,959.75,405.56,0.8989
363,3442,car,691.03,0.0,724.57,20.5,0.567
363,5,car,916.51,18.73,959.65,45.64,0.7835
363,4308,car,764.07,31.3,829.3,61.92,0.7636
364,2,car,659.3,172.06,776.12,263.07,0.8691
364,10,car,554.91,161.71,645.09,242.98,0.8452
364,11,car,824.29,36.79,920.89,74.6,0.9053
364,1930,car,592.72,250.33,701.1,362.01,0.7392
364,2309,bus,761.86,90.66,960.0,408.07,0.9033
364,3442,car,690.96,0.0,724.58,20.47,0.5649
364,5,car,916.85,19.05,959.37,45.52,0.782
364,4308,car,761.07,30.96,828.86,62.38,0.7544
364,3429,car,200.57,26.48,227.31,50.92,0.2223
364,2965,car,217.92,18.42,248.7,40.88,0.2495
365,2,car,660.23,172.27,775.75,262.14,0.8698
365,10,car,554.79,161.66,645.16,243.05,0.841
365,11,car,825.13,37.23,920.99,74.56,0.8819
365,1930,car,592.62,250.17,701.12,361.9,0.7426
365,2309,bus,762.44,90.62,959.72,405.74,0.9031
365,3442,car,690.84,0.0,724.61,20.49,0.5867
365,5,car,916.38,18.44,959.68,45.41,0.7884
365,4308,car,759.16,30.45,828.35,62.11,0.7661
366,2,car,659.65,172.1,776.35,262.99,0.8712
366,10,car,554.89,161.61,644.92,242.61,0.851
366,11,car,829.24,37.29,924.17,74.14,0.8746
366,1930,car,592.43,250.03,701.18,361.96,0.7572
366,2309,bus,764.54,90.6,957.58,397.8,0.8981
366,3442,car,690.91,0.0,724.59,20.38,0.5482
366,5,car,916.18,18.04,959.92,45.34,0.7899
366,4308,car,756.4,30.41,829.54,63.44,0.7698
367,2,car,660.07,172.13,775.84,262.18,0.8646
367,10,car,555.35,161.53,645.19,242.36,0.8351
367,11,car,830.68,37.37,926.65,74.58,0.8464
367,1930,car,592.57,249.95,700.9,361.33,0.7379
367,2309,bus,764.3,90.64,958.03,398.53,0.9021
367,3442,car,690.67,0.0,724.42,20.38,0.5083
367,5,car,916.34,17.85,960.0,45.28,0.7742
367,4308,car,755.04,30.09,831.35,63.94,0.7355
367,2965,car,219.28,18.82,248.49,40.3,0.244
368,2,car,660.17,172.19,775.7,261.93,0.8587
368,10,car,554.78,161.45,645.07,242.59,0.8496
368,11,car,833.14,37.18,929.31,74.37,0.8349
368,1930,car,592.38,249.75,701.07,361.46,0.7643
368,2309,bus,762.26,90.69,959.73,404.9,0.9037
368,3442,car,690.77,0.0,724.22,20.16,0.5296
368,5,car,916.34,17.73,960.0,45.21,0.7823
368,4308,car,752.7,29.72,830.65,63.77,0.7278
369,2,car,659.77,172.14,776.28,262.72,0.8699
369,10,car,555.23,161.85,644.99,242.38,0.8489
369,11,car,835.36,36.98,931.96,74.41,0.8546
369,1930,car,591.97,249.71,701.53,362.39,0.7741
369,2309,bus,762.85,90.47,959.28,402.84,0.8974
369,3442,car,691.01,0.0,724.36,20.01,0.4869
369,5,car,916.31,17.43,960.0,45.09,0.793
369,4308,car,748.93,29.91,829.57,64.77,0.8073
369,3429,car,199.27,26.1,228.01,51.97,0.2801
370,2,car,660.24,172.19,775.57,261.63,0.8679
370,10,car,554.89,161.78,644.95,242.49,0.845
370,11,car,838.47,36.9,934.53,74.21,0.8962
370,1930,car,592.18,249.67,701.6,362.21,0.7698
370,2309,bus,763.16,90.64,958.89,401.57,0.9034
370,3442,car,690.81,0.0,724.38,20.11,0.5395
370,5,car,916.18,17.18,960.0,45.01,0.7669
370,4308,car,747.54,30.78,826.94,64.57,0.7432
370,3429,car,199.02,26.17,228.0,51.96,0.2858
370,2965,car,218.95,18.41,248.7,40.26,0.2245
371,2,car,660.49,172.09,775.69,261.27,0.858
371,10,car,555.03,161.58,645.07,242.27,0.8433
371,11,car,841.24,36.72,936.55,73.81,0.8972
371,1930,car,592.47,249.6,701.23,361.29,0.7542
371,2309,bus,762.92,90.4,959.17,402.07,0.898
371,3442,car,690.92,0.06,723.98,19.83,0.4752
371,5,car,916.39,17.15,960.0,44.79,0.7827
371,4308,car,745.01,30.78,825.16,64.44,0.7365
371,3429,car,198.96,26.16,228.03,51.86,0.2434
372,2,car,660.26,171.67,775.78,261.0,0.8688
372,10,car,554.97,161.47,645.08,242.16,0.8534
372,11,car,844.09,36.84,938.5,73.45,0.8705
372,1930,car,592.66,249.5,701.18,360.88,0.79
372,2309,bus,763.86,90.2,958.54,398.91,0.9016
372,3442,car,690.9,0.05,723.74,19.59,0.4238
372,5,car,915.72,16.63,960.0,44.76,0.7359
372,4308,car,741.83,30.25,823.77,64.32,0.7578
372,3429,car,198.47,25.38,228.1,51.6,0.2618
372,4528,car,0.33,73.04,46.16,105.54,0.361
373,2,car,659.85,171.44,776.18,261.42,0.8594
373,10,car,555.31,161.44,645.18,241.86,0.8533
373,11,car,845.57,35.82,941.64,73.1,0.8627
373,1930,car,592.73,249.58,700.86,360.39,0.7498
373,2309,bus,763.21,90.16,959.33,401.21,0.9015
373,3442,car,690.87,0.02,723.77,19.51,0.4162
373,5,car,915.12,15.74,960.0,44.84,0.7289
373,4308,car,738.26,29.8,822.53,64.67,0.7872
373,3429,car,198.97,25.59,228.09,51.25,0.2692
373,4528,car,0.0,70.82,48.96,105.6,0.3957
374,2,car,659.68,171.09,776.61,261.55,0.8671
374,10,car,554.8,161.59,645.07,242.28,0.862
374,11,car,847.37,36.0,943.37,73.27,0.8647
374,1930,car,593.0,249.4,700.54,359.47,0.7794
374,2309,bus,763.98,90.06,958.69,398.45,0.9023
374,3442,car,690.9,0.09,723.93,19.63,0.4349
374,5,car,915.33,15.7,960.0,44.81,0.7064
374,4308,car,735.11,29.16,821.96,65.08,0.7945
374,3429,car,199.03,25.27,228.03,50.84,0.319
374,4528,car,2.58,72.57,48.34,104.87,0.4938
374,2965,car,217.59,17.5,247.61,39.64,0.2927
375,2,car,658.85,171.08,776.41,262.1,0.8727
375,10,car,555.05,161.58,644.86,241.75,0.8575
375,11,car,849.36,36.23,945.29,73.42,0.8686
375,1930,car,592.41,249.38,701.29,360.88,0.7731
375,2309,bus,763.72,90.08,958.65,398.51,0.9094
375,3442,car,690.79,0.08,723.91,19.63,0.4805
375,5,car,914.85,15.58,960.0,45.19,0.6495
375,4308,car,732.74,28.82,820.1,64.91,0.7797
375,3429,car,199.39,24.82,228.78,50.94,0.3235
375,4528,car,4.85,73.91,47.46,103.7,0.321
376,2,car,658.85,170.96,776.23,261.91,0.8719
376,10,car,554.88,161.46,644.72,241.59,0.8637
376,11,car,852.53,36.76,946.72,73.16,0.8642
376,1930,car,592.04,249.4,701.24,361.3,0.784
376,2309,bus,762.07,90.18,960.0,404.56,0.9038
376,3442,car,690.84,0.06,724.11,19.65,0.4105
376,5,car,915.74,15.63,959.32,43.58,0.6455
376,4308,car,731.04,29.08,817.99,64.95,0.8245
376,3429,car,199.63,24.71,229.02,51.06,0.272
377,2,car,658.43,171.0,776.35,262.45,0.8695
377,10,car,555.38,161.68,644.76,241.31,0.8579
377,11,car,854.23,36.64,949.34,73.42,0.8642
377,1930,car,592.22,249.33,701.05,360.88,0.76
377,2309,bus,763.07,90.16,959.25,400.82,0.909
377,3442,car,690.74,0.07,724.05,19.64,0.4809
377,5,car,915.21,15.5,960.0,44.36,0.568
377,4308,car,729.04,28.81,816.83,65.07,0.8363
377,3429,car,200.86,25.27,228.77,50.4,0.2432
378,2,car,658.37,170.98,776.28,262.5,0.865
378,10,car,554.95,161.81,644.75,241.71,0.8551
378,11,car,856.46,36.47,951.74,73.31,0.8569
378,1930,car,592.1,249.24,700.71,360.46,0.7567
378,2309,bus,761.8,90.23,960.0,406.08,0.9115
378,3442,car,690.51,0.02,723.87,19.64,0.5334
378,5,car,914.94,16.04,959.65,44.73,0.4803
378,4308,car,727.43,29.41,814.82,65.46,0.8241
378,4604,bike,168.21,93.74,205.95,126.95,0.4042
379,2,car,658.34,171.01,776.06,262.48,0.8703
379,10,car,554.56,161.7,644.82,241.92,0.8587
379,11,car,857.96,36.54,954.42,73.89,0.8793
379,1930,car,591.61,249.21,701.16,361.53,0.7755
379,2309,bus,760.34,90.24,960.0,411.63,0.9104
379,3442,car,690.32,0.01,723.84,19.74,0.5182
379,5,car,914.49,16.22,960.0,46.09,0.4452
379,4308,car,724.12,28.79,813.74,65.89,0.8058
379,4604,bike,169.16,93.56,207.59,127.4,0.3738
380,2,car,658.54,171.01,775.83,262.2,0.8658
380,10,car,554.42,161.68,644.9,242.14,0.8497
380,11,car,860.04,36.62,957.19,74.28,0.8716
380,1930,car,591.61,249.29,701.03,361.49,0.7662
380,2309,bus,764.01,90.3,958.21,398.25,0.905
380,3442,car,690.25,0.0,723.85,19.81,0.5226
380,5,car,913.66,15.88,960.0,47.16,0.4081
380,4308,car,721.99,29.24,811.57,66.38,0.7803
380,4604,bike,170.87,92.95,211.21,128.49,0.297
380,4528,car,11.94,73.84,58.08,104.66,0.3861
381,2,car,658.44,171.11,775.99,262.61,0.8695
381,10,car,554.15,161.38,644.83,241.96,0.8595
381,11,car,862.35,36.39,959.75,74.25,0.8885
381,1930,car,591.84,249.29,700.62,360.76,0.7743
381,2309,bus,763.58,90.14,958.48,398.9,0.9054
381,3442,car,689.97,0.0,723.88,20.03,0.6396
381,5,car,914.22,16.57,960.0,47.46,0.4016
381,4308,car,720.01,29.33,809.26,66.41,0.7677
381,4604,bike,172.9,93.22,212.16,127.9,0.2995
381,4528,car,12.27,73.01,61.96,104.73,0.5217
382,2,car,658.65,171.28,775.49,262.28,0.8649
382,10,car,554.22,161.71,644.45,241.76,0.8555
382,11,car,864.81,36.58,960.0,73.76,0.8755
382,1930,car,591.8,249.31,700.86,361.14,0.737
382,2309,bus,761.44,90.17,960.0,406.21,0.9018
382,3442,car,689.95,0.0,723.78,19.99,0.506
382,5,car,914.83,16.09,960.0,45.96,0.496
382,4308,car,719.05,30.42,806.62,66.78,0.8038
382,4604,bike,173.58,90.26,214.73,126.77,0.3673
382,4528,car,12.65,73.14,64.3,104.57,0.6861
383,2,car,658.83,171.44,775.33,262.21,0.8687
383,10,car,554.56,161.76,644.35,241.32,0.8586
383,11,car,865.81,36.55,960.0,74.04,0.901
383,1930,car,591.84,249.43,700.91,361.32,0.7618
383,2309,bus,761.31,90.36,960.0,407.58,0.8992
383,3442,car,689.95,0.0,723.37,19.75,0.4857
383,5,car,915.64,15.7,959.01,43.9,0.5128
383,4308,car,719.93,32.14,802.78,66.15,0.7193
383,4604,bike,174.6,87.65,217.05,125.53,0.2501
383,4528,car,12.62,71.79,67.97,104.18,0.7802
383,4669,car,264.04,21.33,298.15,39.08,0.3594
384,2,car,658.84,171.42,774.96,261.9,0.8756
384,10,car,554.41,161.76,644.65,241.71,0.8504
384,11,car,867.55,36.39,960.0,73.81,0.851
384,1930,car,591.57,249.42,700.98,361.72,0.781
384,2309,bus,763.01,90.38,959.33,402.13,0.8951
384,3442,car,689.89,0.0,723.41,19.83,0.5373
384,5,car,917.16,16.37,957.56,42.2,0.4419
384,4308,car,717.85,32.3,800.82,66.17,0.7724
384,4604,bike,175.56,85.48,219.88,125.27,0.2563
384,4528,car,12.39,71.46,70.3,104.16,0.715
384,4669,car,263.74,20.69,299.61,39.36,0.3272
385,2,car,658.85,171.38,774.96,261.92,0.8795
385,10,car,554.36,161.65,644.62,241.57,0.8531
385,11,car,869.75,36.56,960.0,73.51,0.8335
385,1930,car,591.63,249.56,700.75,361.58,0.7694
385,2309,bus,763.14,90.29,959.32,401.73,0.8996
385,3442,car,689.75,0.0,723.53,20.02,0.5666
385,5,car,917.73,16.03,957.03,40.73,0.5642
385,4308,car,715.59,32.27,799.58,66.46,0.7264
385,4528,car,14.37,70.92,73.97,103.38,0.7179
385,4686,bike,470.12,87.28,515.8,118.33,0.4825
386,2,car,659.11,171.64,774.55,261.66,0.8739
386,10,car,554.38,161.65,644.88,241.82,0.8505
386,11,car,872.14,36.9,960.0,73.33,0.831
386,1930,car,591.16,249.48,701.18,362.58,0.7765
386,2309,bus,762.27,90.23,960.0,404.56,0.8941
386,3442,car,689.7,0.0,723.6,20.13,0.631
386,5,car,917.43,16.22,957.5,41.11,0.5062
386,4308,car,712.53,31.97,798.52,66.95,0.7787
386,4528,car,16.26,71.02,76.97,103.03,0.6502
386,4686,bike,472.36,86.79,517.86,117.74,0.3606
387,2,car,658.97,171.34,774.72,261.62,0.872
387,10,car,554.55,161.83,644.77,241.72,0.8525
387,11,car,873.32,36.38,960.0,73.17,0.8103
387,1930,car,591.41,249.6,700.68,361.85,0.7464
387,2309,bus,762.04,90.5,960.0,405.5,0.9009
387,3442,car,689.72,0.0,723.49,20.08,0.4932
387,5,car,917.58,17.12,957.15,41.3,0.3787
387,4308,car,709.57,31.26,797.62,67.12,0.793
387,4686,bike,474.77,86.11,521.35,117.85,0.5073
388,2,car,659.26,171.56,774.62,261.56,0.8748
388,10,car,554.47,161.56,644.74,241.48,0.8531
388,11,car,875.88,36.71,960.0,72.9,0.818
388,1930,car,591.87,249.41,700.3,360.67,0.7951
388,2309,bus,761.42,90.66,960.0,408.39,0.9066
388,3442,car,689.86,0.0,723.43,19.97,0.4865
388,5,car,919.48,19.44,955.58,40.8,0.3011
388,4308,car,706.41,30.91,797.05,67.96,0.8004
388,4686,bike,477.98,87.52,522.67,117.96,0.4819
388,4528,car,18.08,70.51,81.2,102.6,0.5184
389,2,car,659.19,171.64,774.62,261.7,0.8742
389,10,car,554.21,161.39,644.83,241.65,0.8525
389,11,car,878.15,37.06,960.0,72.59,0.8255
389,1930,car,591.77,249.52,700.31,360.81,0.7767
389,2309,bus,762.24,90.63,959.92,405.45,0.9
389,3442,car,690.01,0.0,723.43,19.91,0.521
389,5,car,918.4,18.92,956.4,41.04,0.3562
389,4308,car,704.21,31.59,795.95,69.27,0.799
389,4686,bike,482.25,89.37,524.3,117.85,0.46
389,4528,car,19.65,70.2,84.16,101.91,0.532
390,2,car,659.23,171.95,774.4,261.75,0.8791
390,10,car,554.19,161.6,644.73,241.8,0.8546
390,11,car,881.17,38.03,960.0,72.79,0.7745
390,1930,car,591.52,249.52,700.42,361.18,0.7602
390,2309,bus,762.11,90.79,960.0,406.12,0.9025
390,3442,car,689.69,0.0,723.21,20.0,0.5437
390,5,car,920.18,19.55,957.21,40.87,0.2953
390,4308,car,703.45,32.25,794.45,69.76,0.8033
390,4686,bike,483.8,87.38,529.31,118.2,0.4065
390,4528,car,21.24,70.1,88.86,102.65,0.6482
391,2,car,659.17,172.05,774.48,261.98,0.8794
391,10,car,554.08,161.5,644.82,241.92,0.8518
391,11,car,883.03,38.09,960.0,72.63,0.7423
391,1930,car,591.31,249.59,700.63,361.71,0.7872
391,2309,bus,763.53,90.88,958.92,401.75,0.9
391,3442,car,689.54,0.0,723.24,20.16,0.5107
391,4308,car,700.91,32.47,793.46,70.96,0.7333
391,4528,car,24.39,70.36,92.41,102.35,0.6598
392,2,car,659.25,172.03,774.5,261.88,0.8771
392,10,car,553.92,161.65,644.64,242.04,0.8598
392,11,car,874.53,27.84,960.0,72.34,0.6735
392,1930,car,591.01,249.47,700.45,361.69,0.762
392,2309,bus,762.45,90.82,959.87,405.22,0.8954
392,3442,car,689.58,0.0,723.18,20.12,0.4954
392,4308,car,700.01,32.91,792.39,71.66,0.659
392,4528,car,26.49,69.95,96.52,102.32,0.7461
392,4686,bike,491.5,87.92,536.31,117.87,0.325
393,2,car,658.77,171.81,774.59,262.14,0.8759
393,10,car,553.92,161.79,644.47,241.99,0.861
393,11,car,882.76,32.99,960.0,72.27,0.7165
393,1930,car,591.05,249.66,700.8,362.26,0.7892
393,2309,bus,763.49,90.79,958.72,401.17,0.9006
393,3442,car,689.68,0.0,723.3,20.19,0.5359
393,4308,car,698.99,32.35,791.45,71.51,0.6926
393,4528,car,29.12,69.8,100.56,102.28,0.7072
393,4686,bike,493.54,87.42,539.57,117.81,0.3321
394,2,car,658.91,171.94,774.44,262.02,0.8821
394,10,car,553.41,161.76,644.25,242.15,0.8547
394,11,car,886.24,34.9,960.0,72.82,0.7159
394,1930,car,591.13,249.84,700.63,362.2,0.7851
394,2309,bus,762.0,90.93,959.96,406.01,0.898
394,3442,car,689.72,0.0,723.28,20.18,0.4453
394,4308,car,697.53,32.5,790.27,72.1,0.6727
394,4528,car,31.08,69.62,103.43,101.97,0.7429
394,4686,bike,496.25,86.25,544.42,117.63,0.2661
395,2,car,658.61,171.98,774.67,262.56,0.8766
395,10,car,553.36,161.7,644.25,242.12,0.863
395,11,car,889.25,35.68,960.0,73.27,0.7053
395,1930,car,590.56,249.78,700.81,362.99,0.7732
395,2309,bus,762.98,90.88,958.48,401.35,0.8985
395,3442,car,689.69,0.0,723.46,20.33,0.5405
395,4308,car,695.85,32.25,788.79,72.34,0.64
395,4528,car,33.84,69.63,105.92,101.37,0.6938
396,2,car,658.97,172.16,774.41,262.25,0.8796
396,10,car,553.25,161.76,644.37,242.39,0.8617
396,11,car,892.1,36.56,960.0,73.13,0.7436
396,1930,car,589.96,249.85,700.73,363.63,0.7472
396,2309,bus,764.1,90.68,957.39,396.69,0.8908
396,3442,car,689.72,0.0,723.46,20.35,0.5672
396,4308,car,696.19,32.02,786.16,71.05,0.6288
396,4528,car,36.37,69.83,109.96,101.91,0.7103
396,4785,car,886.31,21.51,954.8,61.44,0.3571
396,4789,bike,76.78,100.74,120.97,144.57,0.3496
396,4686,bike,501.63,84.41,552.91,117.53,0.2609
397,2,car,659.04,171.99,774.19,261.82,0.8794
397,10,car,553.47,161.88,644.4,242.33,0.8631
397,11,car,896.1,36.98,960.0,72.35,0.6699
397,1930,car,590.97,249.86,700.55,362.35,0.7595
397,2309,bus,762.38,90.86,959.57,403.48,0.8999
397,3442,car,689.64,0.0,723.1,20.23,0.4709
397,4308,car,696.99,31.89,783.54,69.5,0.5613
397,4528,car,41.23,69.7,113.58,100.7,0.5509
397,4785,car,885.26,20.12,955.5,60.99,0.59
397,4789,bike,77.83,101.04,121.49,144.33,0.2748
398,2,car,659.19,171.85,774.35,261.7,0.8776
398,10,car,553.53,161.55,644.57,242.16,0.8497
398,11,car,900.1,37.37,960.0,72.76,0.7404
398,1930,car,590.97,249.74,700.82,362.55,0.7502
398,2309,bus,763.41,90.57,958.26,398.74,0.8939
398,3442,car,689.43,0.0,722.9,20.28,0.4644
398,4308,car,695.95,32.16,782.3,69.83,0.6394
398,4528,car,43.21,69.16,117.27,100.58,0.6546
398,4785,car,884.4,20.89,953.48,60.87,0.6423
398,4789,bike,78.84,101.37,122.33,144.46,0.3836
399,2,car,659.11,171.76,774.4,261.73,0.8797
399,10,car,553.62,161.39,644.63,242.04,0.8555
399,11,car,902.61,37.08,960.0,72.79,0.7226
399,1930,car,591.08,249.89,700.54,362.26,0.7669
399,2309,bus,762.4,90.89,959.66,403.19,0.892
399,3442,car,689.46,0.0,722.97,20.36,0.4586
399,4308,car,692.48,32.09,782.3,71.5,0.6338
399,4528,car,44.82,68.68,121.13,100.78,0.5786
399,4785,car,882.44,20.31,952.71,60.72,0.6679
399,4789,bike,78.12,102.96,119.23,143.78,0.3358
400,2,car,658.75,171.61,774.43,261.89,0.8719
400,10,car,553.32,161.6,644.46,242.39,0.8505
400,11,car,904.12,37.06,960.0,73.01,0.7054
400,1930,car,591.54,250.02,700.23,361.48,0.7472
400,2309,bus,762.36,91.07,959.6,403.33,0.9013
400,3442,car,689.58,0.0,723.25,20.5,0.4812
400,4308,car,691.73,32.33,780.95,71.7,0.5561
400,4528,car,47.46,68.41,122.14,99.67,0.5704
400,4785,car,880.05,24.45,943.95,60.79,0.6153
401,2,car,658.71,171.81,774.62,262.38,0.8771
401,10,car,553.63,161.64,644.54,242.31,0.8581
401,11,car,906.08,37.49,960.0,73.25,0.6757
401,1930,car,590.74,250.09,700.5,362.76,0.7237
401,2309,bus,760.93,91.29,960.0,408.38,0.9014
401,3442,car,689.6,0.0,723.44,20.66,0.532
401,4308,car,694.65,32.52,778.44,69.59,0.5249
401,4528,car,50.15,68.77,125.1,100.0,0.624
401,4785,car,879.21,27.54,939.36,61.04,0.6059
401,4789,bike,76.31,103.62,116.74,144.27,0.366
402,2,car,658.82,171.99,774.3,262.21,0.876
402,10,car,553.89,161.92,644.48,242.34,0.8369
402,11,car,908.83,38.05,960.0,73.15,0.5955
402,1930,car,590.82,250.19,700.83,363.19,0.7171
402,2309,bus,762.19,90.86,959.75,404.08,0.886
402,3442,car,689.49,0.0,723.41,20.79,0.4961
402,4308,car,692.09,32.7,777.36,70.56,0.6691
402,4528,car,52.33,68.76,128.75,100.53,0.6676
402,4785,car,876.15,23.68,945.65,61.78,0.5984
402,4789,bike,76.43,104.38,115.81,144.58,0.3743
403,2,car,658.2,172.02,774.29,262.77,0.8685
403,10,car,553.61,162.02,644.45,242.7,0.8527
403,11,car,911.97,37.76,960.0,73.18,0.6026
403,1930,car,591.28,250.35,700.62,362.71,0.7216
403,2309,bus,760.75,90.51,960.0,407.42,0.902
403,3442,car,689.7,0.0,723.39,20.71,0.5451
403,4308,car,690.87,33.36,775.49,71.05,0.5901
403,4528,car,55.83,68.45,131.27,99.7,0.5227
403,4785,car,872.85,21.2,948.73,62.22,0.5151
403,4789,bike,77.65,105.98,115.23,144.86,0.3589
404,2,car,658.65,172.2,774.21,262.57,0.872
404,10,car,553.56,161.97,644.55,242.77,0.8538
404,11,car,913.33,37.02,960.0,73.48,0.6307
404,1930,car,590.85,250.48,701.03,363.93,0.7153
404,2309,bus,760.82,91.04,960.0,408.64,0.8976
404,3442,car,689.78,0.0,723.39,20.69,0.4948
404,4308,car,689.96,34.13,773.36,71.4,0.6643
404,4528,car,58.7,69.1,133.8,100.14,0.6262
404,4785,car,870.71,27.57,937.53,62.79,0.591
404,4789,bike,77.92,105.91,115.3,145.29,0.3294
405,2,car,658.69,172.55,773.83,262.52,0.8696
405,10,car,553.67,161.85,644.77,242.73,0.8455
405,11,car,914.62,36.68,960.0,73.41,0.6751
405,1930,car,591.59,250.67,700.57,362.82,0.7602
405,2309,bus,760.46,90.95,960.0,410.15,0.9042
405,3442,car,689.77,0.0,723.31,20.71,0.555
405,4308,car,688.34,34.48,772.52,72.29,0.6162
405,4528,car,63.77,69.14,137.82,99.47,0.5475
405,4785,car,868.44,30.69,931.55,63.04,0.7542
405,4789,bike,79.57,106.13,115.6,144.72,0.2778
405,5,car,920.91,17.76,959.53,39.89,0.3931
406,2,car,658.61,172.63,773.72,262.53,0.8652
406,10,car,553.34,161.94,644.81,243.07,0.8485
406,11,car,915.09,36.49,960.0,73.0,0.5002
406,1930,car,591.04,250.76,700.61,363.63,0.7415
406,2309,bus,760.64,90.59,960.0,408.11,0.8963
406,3442,car,689.6,0.0,723.31,20.85,0.5122
406,4308,car,687.52,34.49,771.83,72.57,0.5382
406,4528,car,66.5,68.42,141.74,99.0,0.543
406,4785,car,864.63,30.23,930.99,63.46,0.7039
406,4789,bike,80.78,105.8,116.35,144.5,0.374
407,2,car,658.27,172.41,773.86,262.71,0.8665
407,10,car,553.18,162.18,644.67,243.4,0.831
407,1930,car,591.63,250.83,700.47,362.94,0.7486
407,2309,bus,760.18,90.71,960.0,410.32,0.902
407,3442,car,689.34,0.0,723.03,20.88,0.4644
407,4308,car,685.55,34.51,770.84,73.27,0.4906
407,4528,car,68.73,68.74,144.35,99.22,0.55
407,4785,car,862.49,31.1,929.98,63.98,0.7343
408,2,car,658.42,172.51,773.8,262.66,0.857
408,10,car,552.7,162.27,644.46,243.8,0.8488
408,1930,car,590.74,250.96,700.26,363.77,0.7099
408,2309,bus,760.57,90.86,960.0,410.04,0.9047
408,3442,car,689.23,0.0,723.41,21.3,0.4969
408,4308,car,683.83,34.63,769.79,74.0,0.4638
408,4528,car,71.5,68.96,144.85,98.21,0.432
408,4785,car,858.79,31.26,929.05,64.74,0.7277
409,2,car,658.13,172.65,773.74,262.99,0.8702
409,10,car,552.85,162.64,644.24,243.82,0.8487
409,1930,car,590.63,251.12,700.78,364.83,0.7305
409,2309,bus,760.96,91.65,960.0,409.58,0.9102
409,3442,car,689.58,0.0,723.77,21.42,0.4667
409,4308,car,682.83,35.12,768.16,74.5,0.4848
409,4528,car,74.82,69.09,146.86,97.62,0.2978
409,4785,car,855.23,32.01,925.94,64.89,0.7869
409,4993,bike,89.05,100.98,134.19,143.01,0.393
410,2,car,658.13,172.76,773.48,262.87,0.8708
410,10,car,553.32,162.67,644.33,243.57,0.8441
410,1930,car,590.65,251.24,700.41,364.59,0.7371
410,2309,bus,760.96,91.47,960.0,409.95,0.9087
410,3442,car,689.14,0.0,723.82,21.86,0.4734
410,4308,car,681.54,35.33,766.72,74.94,0.4876
410,4528,car,80.09,68.71,151.12,96.5,0.4146
410,4785,car,850.96,32.47,923.66,65.58,0.8159
410,4993,bike,89.87,101.74,134.55,143.28,0.3998
411,2,car,658.41,172.82,773.55,262.76,0.8687
411,10,car,552.9,162.75,644.43,244.19,0.8465
411,1930,car,591.07,251.34,700.6,364.61,0.7313
411,2309,bus,760.78,91.47,960.0,410.86,0.9061
411,3442,car,689.18,0.0,723.99,22.03,0.4411
411,4308,car,680.33,36.0,766.17,76.26,0.6219
411,4528,car,83.2,68.15,155.53,96.26,0.2477
411,4785,car,847.33,32.28,921.89,65.66,0.8391
411,4993,bike,88.83,98.57,136.8,143.25,0.4156
412,2,car,659.16,173.17,773.1,262.07,0.8748
412,10,car,552.92,162.93,644.17,244.12,0.8535
412,1930,car,591.39,251.53,700.36,364.24,0.7555
412,2309,bus,760.91,91.38,960.0,410.61,0.9117
412,3442,car,689.27,0.05,723.96,22.09,0.523
412,4308,car,679.43,36.72,765.07,77.08,0.682
412,4528,car,85.87,68.38,157.0,95.56,0.4472
412,4785,car,844.25,32.31,919.89,65.68,0.8307
412,4789,bike,88.55,106.29,121.89,143.46,0.3663
413,2,car,658.8,173.22,773.6,262.84,0.8682
413,10,car,553.07,163.01,644.13,244.08,0.8459
413,1930,car,590.71,251.94,700.43,365.5,0.708
413,2309,bus,760.93,91.23,960.0,410.87,0.9108
413,3442,car,688.89,0.02,723.54,22.16,0.4996
413,4308,car,678.39,36.72,765.56,77.94,0.6582
413,4528,car,86.96,67.41,161.16,95.65,0.3732
413,4785,car,840.85,32.92,916.79,65.85,0.8106
413,5063,car,886.26,22.01,957.32,53.37,0.388
413,4789,bike,87.96,104.73,122.51,144.33,0.3415
414,2,car,658.26,173.12,773.74,263.3,0.8664
414,10,car,553.24,163.22,644.09,244.13,0.8427
414,1930,car,590.96,251.63,700.49,365.07,0.6997
414,2309,bus,760.48,91.12,960.0,412.06,0.9146
414,3442,car,688.8,0.01,723.61,22.32,0.4773
414,4308,car,677.12,37.05,763.37,78.01,0.5639
414,4528,car,89.55,67.61,163.25,95.67,0.2331
414,4785,car,837.56,33.39,914.29,66.18,0.7734
414,5063,car,880.55,21.77,951.61,53.1,0.4344
414,4789,bike,89.03,106.11,122.38,144.91,0.3727
415,2,car,657.79,172.89,773.75,263.47,0.8662
415,10,car,553.25,163.49,643.95,244.22,0.8517
415,1930,car,591.32,251.5,700.35,364.51,0.721
415,2309,bus,761.07,91.26,960.0,410.58,0.9073
415,3442,car,688.63,0.0,723.83,22.68,0.5676
415,4308,car,676.81,36.92,765.98,79.28,0.6038
415,4528,car,91.24,67.19,165.5,95.41,0.3361
415,4785,car,834.03,33.45,912.26,66.46,0.7545
415,4789,bike,90.36,106.46,123.08,144.93,0.2466
416,2,car,658.39,173.09,773.42,262.9,0.8687
416,10,car,553.52,163.34,644.01,243.93,0.8382
416,1930,car,591.79,251.52,700.11,363.79,0.7368
416,2309,bus,762.13,91.58,958.99,407.0,0.9079
416,3442,car,688.82,0.09,723.54,22.49,0.5415
416,4308,car,674.42,36.88,762.64,79.19,0.5732
416,4528,car,94.57,66.69,167.72,94.3,0.3229
416,4785,car,830.14,32.67,911.05,66.53,0.7725
416,5,car,928.24,19.85,960.0,45.0,0.5638
416,5063,car,875.37,22.74,941.96,52.04,0.2622
417,2,car,658.75,173.31,772.99,262.41,0.8772
417,10,car,553.3,163.33,643.96,244.06,0.8472
417,1930,car,591.46,251.62,700.49,364.77,0.7007
417,2309,bus,761.37,91.55,959.88,409.91,0.9071
417,3442,car,688.75,0.18,723.39,22.56,0.6032
417,4308,car,672.39,37.32,758.22,78.97,0.7421
417,4785,car,826.98,32.86,909.02,66.91,0.753
417,5,car,927.82,20.42,960.0,45.47,0.6342
418,2,car,658.21,173.07,772.74,262.28,0.8712
418,10,car,553.62,163.7,643.9,244.07,0.8417
418,1930,car,592.1,251.66,699.94,363.4,0.7572
418,2309,bus,760.37,91.57,960.0,413.46,0.9085
418,3442,car,688.59,0.17,723.16,22.56,0.528
418,4308,car,670.82,38.23,755.13,79.52,0.7845
418,4785,car,822.41,32.19,907.42,67.39,0.7855
418,5,car,926.34,19.87,960.0,45.64,0.7174
418,5145,car,638.62,0.41,666.09,17.12,0.4311
418,4528,car,97.87,65.81,170.01,93.21,0.3945
419,2,car,657.91,173.03,773.31,262.99,0.8659
419,10,car,553.67,163.8,643.93,244.23,0.8398
419,1930,car,591.78,251.54,699.92,363.64,0.7402
419,2309,bus,760.49,91.42,960.0,412.69,0.9056
419,3442,car,688.54,0.06,723.68,22.96,0.4994
419,4308,car,669.84,38.76,753.22,79.98,0.7877
419,4785,car,818.95,31.08,906.51,67.29,0.7811
419,5,car,924.03,19.56,960.0,46.0,0.7835
419,5145,car,638.55,0.47,665.75,17.01,0.3583
419,4528,car,100.23,65.32,171.87,92.93,0.2852
420,2,car,658.12,173.26,773.24,263.01,0.8583
420,10,car,553.55,163.83,643.85,244.33,0.8234
420,1930,car,591.71,251.61,699.74,363.6,0.703
420,2309,bus,761.1,91.83,959.57,410.72,0.9032
420,3442,car,688.77,0.16,723.37,22.76,0.4481
420,4308,car,668.54,39.07,751.43,80.43,0.8123
420,4785,car,816.74,31.35,904.4,67.47,0.7665
420,5,car,921.0,19.59,959.59,46.42,0.823
420,5145,car,638.62,0.5,665.85,17.04,0.3409
420,4528,car,100.48,64.93,170.89,92.48,0.465
420,5179,car,0.38,66.33,22.61,105.01,0.4485
420,4993,bike,98.15,101.24,142.46,142.33,0.3249
421,2,car,658.28,173.28,773.22,262.88,0.858
421,10,car,553.45,163.61,643.81,244.15,0.8198
421,1930,car,591.47,252.12,699.85,364.43,0.7258
421,2309,bus,760.79,92.03,960.0,412.79,0.9013
421,3442,car,688.55,0.06,723.43,22.91,0.4416
421,4308,car,667.46,39.45,749.71,80.8,0.8195
421,4785,car,812.32,29.86,903.76,67.6,0.7649
421,5,car,918.24,19.68,958.26,47.01,0.7836
421,5145,car,638.72,0.6,665.55,16.88,0.3271
421,4528,car,102.68,64.81,172.24,92.25,0.3207
421,5179,car,2.24,69.01,22.52,104.13,0.4234
422,2,car,658.4,173.3,773.06,262.64,0.8603
422,10,car,553.43,163.86,643.65,244.25,0.8297
422,1930,car,591.71,251.88,699.77,363.82,0.7158
422,2309,bus,760.16,92.34,960.0,415.53,0.9072
422,3442,car,688.52,0.12,723.35,23.01,0.4847
422,4308,car,666.91,39.96,747.97,80.94,0.8263
422,4785,car,809.21,29.25,901.01,67.23,0.7726
422,5,car,916.33,19.94,957.27,47.29,0.7454
422,5145,car,638.69,0.33,665.99,16.88,0.2383
422,4528,car,103.85,64.8,173.64,92.74,0.4243
422,5179,car,3.71,69.03,24.71,105.01,0.4883
422,4993,bike,101.63,104.53,142.17,142.09,0.4511
423,2,car,657.76,173.23,773.4,263.41,0.8621
423,10,car,553.49,163.68,643.69,244.05,0.8419
423,1930,car,591.77,251.75,700.05,363.94,0.6944
423,2309,bus,760.3,92.64,960.0,415.67,0.9065
423,3442,car,688.37,0.06,723.37,23.11,0.4545
423,4308,car,665.95,40.25,746.67,81.25,0.8525
423,4785,car,807.61,30.88,896.86,67.67,0.787
423,5,car,914.3,20.05,956.28,47.35,0.7723
423,4528,car,108.45,65.09,176.36,92.28,0.4226
423,5179,car,4.87,67.82,26.79,104.76,0.4297
423,4993,bike,102.33,103.65,143.66,142.26,0.3673
424,2,car,657.8,173.73,773.32,263.84,0.865
424,10,car,553.36,163.56,643.89,244.32,0.8482
424,1930,car,592.11,251.98,699.54,363.1,0.739
424,2309,bus,760.35,92.73,960.0,415.08,0.9036
424,3442,car,688.79,0.26,723.44,23.11,0.4387
424,4308,car,665.08,40.54,745.54,81.67,0.8525
424,4785,car,805.47,31.47,893.05,67.46,0.7621
424,5,car,913.86,19.28,957.49,47.42,0.8293
424,4528,car,110.36,65.29,175.09,91.61,0.309
424,5179,car,5.75,66.63,29.13,105.15,0.5919
424,4993,bike,103.74,105.78,142.13,142.31,0.3993
424,5145,car,639.55,0.44,666.59,16.86,0.2206
425,2,car,657.61,173.64,773.51,264.13,0.8721
425,10,car,553.52,163.85,643.73,244.31,0.8456
425,1930,car,591.87,252.13,699.7,363.64,0.7169
425,2309,bus,761.52,93.05,958.95,411.09,0.9024
425,3442,car,688.3,0.12,723.32,23.28,0.4394
425,4308,car,664.26,40.98,744.04,81.98,0.8631
425,4785,car,801.88,30.92,891.9,67.96,0.7945
425,5,car,913.6,18.81,958.32,47.55,0.8124
425,4528,car,115.94,64.64,177.64,89.73,0.249
425,5179,car,6.14,65.96,31.37,106.48,0.7206
425,5239,car,378.63,14.6,406.29,39.3,0.33
426,2,car,657.45,173.48,773.56,264.19,0.8715
426,10,car,553.56,163.82,643.66,244.23,0.8462
426,1930,car,592.04,251.97,699.31,362.75,0.7133
426,2309,bus,761.47,92.65,959.05,410.79,0.9066
426,3442,car,688.44,0.19,723.51,23.4,0.4459
426,4308,car,663.01,40.96,743.01,82.34,0.8491
426,4785,car,798.61,31.12,888.53,68.12,0.7651
426,5,car,913.7,18.89,958.67,47.69,0.8196
426,4528,car,119.21,64.49,184.61,91.04,0.4828
426,5179,car,7.16,66.3,33.02,106.35,0.5985
426,5239,car,378.89,15.31,406.16,39.65,0.2721
426,5063,car,841.73,22.71,905.67,51.31,0.3289
427,2,car,657.92,173.75,773.19,263.77,0.8677
427,10,car,553.89,163.91,643.82,244.2,0.8377
427,1930,car,591.87,252.05,699.46,363.09,0.734
427,2309,bus,761.93,92.5,958.28,408.08,0.8961
427,3442,car,688.45,0.31,723.32,23.42,0.4579
427,4308,car,662.54,41.26,741.97,82.61,0.8471
427,4785,car,798.43,33.43,884.11,68.43,0.7753
427,5,car,914.11,19.4,958.55,47.69,0.808
427,4528,car,119.84,63.99,188.11,91.86,0.4897
427,5179,car,7.66,65.72,35.67,107.53,0.6714
427,5239,car,380.08,18.48,404.31,40.03,0.2738
427,4993,bike,102.25,103.48,143.16,143.09,0.4122
428,2,car,658.02,173.69,773.31,263.75,0.8601
428,10,car,553.75,164.11,643.54,244.28,0.8319
428,1930,car,591.93,252.03,699.78,363.3,0.6528
428,2309,bus,760.32,92.71,959.57,413.2,0.9095
428,3442,car,688.59,0.37,723.19,23.33,0.3809
428,4308,car,661.35,41.44,740.73,83.06,0.8075
428,4785,car,795.44,33.48,882.15,68.71,0.8045
428,5,car,914.63,19.88,958.37,47.51,0.7845
428,4528,car,121.24,63.03,190.88,91.82,0.4084
428,5179,car,7.73,63.29,38.4,107.52,0.7104
428,5239,car,380.54,19.43,403.93,40.14,0.2978
428,4789,bike,101.57,104.2,134.04,143.99,0.3964
429,2,car,658.32,173.88,772.96,263.39,0.8683
429,10,car,553.35,163.62,643.78,244.44,0.8592
429,1930,car,592.05,252.08,699.47,362.78,0.7422
429,2309,bus,761.17,92.72,959.04,410.73,0.9021
429,3442,car,688.74,0.38,723.18,23.26,0.3893
429,4308,car,657.37,41.63,737.83,83.77,0.7654
429,4785,car,793.13,33.99,880.37,69.35,0.8202
429,5,car,914.52,20.41,958.12,47.69,0.7675
429,4528,car,122.52,62.73,194.26,92.66,0.472
429,5179,car,8.35,62.07,40.77,107.0,0.6529
429,4993,bike,101.77,103.01,142.37,143.25,0.358
430,2,car,658.26,173.92,772.93,263.41,0.8589
430,10,car,553.52,163.71,643.81,244.45,0.8533
430,1930,car,592.24,252.06,699.54,362.54,0.7294
430,2309,bus,762.62,92.87,957.72,405.53,0.8968
430,3442,car,688.87,0.46,723.22,23.31,0.4217
430,4308,car,657.24,42.09,737.07,84.05,0.7395
430,4785,car,790.96,34.56,878.09,69.73,0.7356
430,5,car,914.42,19.81,958.92,47.63,0.7591
430,4528,car,124.22,62.52,195.55,92.74,0.4831
430,5179,car,9.01,61.69,43.06,106.89,0.6132
430,4789,bike,103.9,102.72,136.56,143.54,0.3396
431,2,car,657.8,173.77,773.44,264.09,0.8626
431,10,car,553.53,163.67,643.78,244.41,0.8619
431,1930,car,592.47,252.2,699.56,362.34,0.7129
431,2309,bus,762.09,92.75,958.34,406.98,0.9067
431,3442,car,688.94,0.57,723.04,23.25,0.4754
431,4308,car,657.39,42.21,737.21,84.53,0.735
431,4785,car,780.74,32.98,876.18,71.57,0.6364
431,5,car,913.83,19.43,959.03,47.63,0.7732
431,5179,car,9.41,61.17,45.72,107.2,0.7404
431,4789,bike,104.01,102.58,136.29,143.98,0.2405
432,2,car,658.06,173.95,773.22,263.85,0.8688
432,10,car,553.57,163.69,643.78,244.45,0.8477
432,1930,car,592.49,252.14,699.59,362.17,0.7397
432,2309,bus,761.48,92.89,958.94,408.98,0.904
432,3442,car,688.84,0.63,723.03,23.36,0.4657
432,4308,car,655.96,42.15,735.97,84.86,0.7638
432,4785,car,779.75,33.51,874.58,71.88,0.6678
432,5,car,914.33,19.81,958.8,47.41,0.7689
432,5179,car,9.18,59.67,48.76,107.89,0.6885
432,5344,car,798.1,20.29,870.02,42.42,0.4069
432,4528,car,127.95,61.19,205.0,94.32,0.2977
433,2,car,657.71,173.69,773.26,263.91,0.8677
433,10,car,553.38,163.86,643.4,244.45,0.8615
433,1930,car,592.36,252.04,699.88,362.49,0.7136
433,2309,bus,759.74,92.81,960.0,414.67,0.9122
433,3442,car,688.95,0.61,723.05,23.28,0.4614
433,4308,car,654.23,42.43,734.63,85.68,0.753
433,4785,car,778.64,34.12,873.22,72.51,0.7541
433,5,car,914.7,20.13,958.73,47.31,0.7819
433,5179,car,9.42,59.02,51.21,107.8,0.6316
433,5344,car,792.01,20.3,869.09,43.98,0.3188
433,5363,car,378.41,18.59,405.66,40.02,0.3248
433,4528,car,136.14,60.08,207.59,90.29,0.3293
433,4993,bike,106.53,101.54,146.3,141.11,0.3129
434,2,car,657.85,173.79,773.09,263.71,0.8675
434,10,car,553.38,163.94,643.58,244.72,0.8524
434,1930,car,591.2,252.21,700.53,364.68,0.7243
434,2309,bus,760.03,92.79,960.0,414.43,0.9074
434,3442,car,689.11,0.46,723.15,23.12,0.538
434,4308,car,654.45,42.84,733.11,85.45,0.7008
434,4785,car,778.22,35.19,870.94,72.96,0.7657
434,5,car,914.47,20.08,958.76,47.29,0.7719
434,5179,car,10.0,58.96,53.89,108.03,0.4697
434,5344,car,795.16,20.3,871.01,43.6,0.3043
434,5363,car,378.61,19.27,405.21,40.21,0.2689
434,4528,car,136.54,60.59,205.65,89.64,0.3672
434,5380,car,185.14,29.24,228.54,55.15,0.39
434,4993,bike,108.2,103.2,145.85,140.55,0.32
435,2,car,658.05,173.75,772.96,263.38,0.8707
435,10,car,553.53,163.91,643.57,244.51,0.8555
435,1930,car,591.24,251.89,700.54,364.45,0.7129
435,2309,bus,759.74,92.7,960.0,415.92,0.9075
435,3442,car,689.02,0.34,723.16,23.07,0.4216
435,4308,car,653.5,43.23,732.57,86.45,0.5539
435,4785,car,776.91,35.61,868.85,73.19,0.6824
435,5,car,914.02,19.55,959.25,47.33,0.7617
435,5179,car,17.04,60.61,59.8,107.25,0.4783
435,5344,car,780.63,19.58,865.32,45.61,0.3738
435,5363,car,378.96,20.24,404.53,40.38,0.2273
435,4528,car,145.93,61.02,210.73,87.74,0.2974
435,5380,car,185.16,29.38,227.98,54.94,0.3699
435,5394,bike,255.91,85.67,296.47,115.09,0.3555
436,2,car,657.64,173.8,773.22,263.98,0.8597
436,10,car,553.3,163.74,643.84,244.8,0.8494
436,1930,car,591.52,251.74,700.21,363.63,0.7446
436,2309,bus,761.27,92.6,959.55,411.1,0.894
436,3442,car,689.3,0.42,723.23,23.01,0.4417
436,4308,car,652.17,43.35,731.5,87.08,0.6495
436,4785,car,776.38,36.37,865.97,73.1,0.721
436,5,car,913.94,19.59,959.02,47.17,0.7465
436,5179,car,13.99,60.4,59.2,107.15,0.4035
436,5344,car,769.97,18.58,862.51,47.18,0.4694
436,4528,car,148.59,60.83,213.23,87.13,0.4243
436,5380,car,184.59,29.78,226.62,54.8,0.3497
436,5394,bike,257.82,81.04,300.96,112.39,0.3884
437,2,car,658.06,173.47,773.12,263.2,0.8657
437,10,car,553.95,163.7,643.93,244.26,0.8247
437,1930,car,591.64,251.7,699.97,363.15,0.7362
437,2309,bus,761.55,92.63,959.16,409.83,0.9062
437,3442,car,689.33,0.46,723.26,23.06,0.4506
437,4308,car,651.94,43.61,729.05,86.23,0.627
437,4785,car,775.67,36.5,863.77,72.67,0.7718
437,5,car,913.99,19.84,958.68,47.04,0.7493
437,5179,car,13.54,60.1,60.93,106.5,0.4289
437,5344,car,764.42,18.37,859.46,47.86,0.4993
437,4528,car,149.53,60.47,214.88,86.94,0.4863
437,5380,car,184.04,29.83,225.59,54.47,0.3236
437,5394,bike,260.5,80.73,302.73,111.5,0.3539
437,4993,bike,114.87,97.0,159.33,140.74,0.4208
438,2,car,658.19,173.43,773.33,263.26,0.8602
438,10,car,553.96,163.76,644.04,244.42,0.8387
438,1930,car,591.82,251.59,699.86,362.66,0.7033
438,2309,bus,761.95,92.52,959.12,408.82,0.9019
438,3442,car,689.19,0.44,722.96,22.95,0.2948
438,4308,car,653.36,43.88,726.48,84.32,0.4632
438,4785,car,772.01,36.35,858.67,71.74,0.7342
438,5,car,913.68,19.42,959.03,46.97,0.7194
438,5179,car,12.87,59.69,63.29,106.69,0.5806
438,5344,car,761.49,18.82,855.13,47.99,0.4847
438,4528,car,150.36,59.6,218.31,87.19,0.5396
438,5394,bike,262.85,78.61,306.76,110.8,0.305
438,4993,bike,116.5,94.19,162.89,139.52,0.5119
439,2,car,658.47,173.71,772.99,262.98,0.8677
439,10,car,553.89,163.7,643.91,244.3,0.831
439,1930,car,591.65,251.72,699.93,363.08,0.7222
439,2309,bus,761.96,92.64,958.79,408.06,0.8989
439,3442,car,689.2,0.41,722.94,22.89,0.4419
439,4308,car,651.02,43.62,725.92,85.23,0.609
439,4785,car,769.8,36.29,855.44,71.04,0.7421
439,5,car,913.97,19.7,959.15,47.07,0.7574
439,5179,car,12.57,59.01,65.85,106.35,0.5046
439,5344,car,757.07,18.96,850.73,48.29,0.5401
439,4528,car,149.63,58.6,221.09,87.96,0.6057
439,5394,bike,265.92,78.51,311.44,112.16,0.3689
439,4993,bike,117.7,91.54,165.22,137.75,0.4829
440,2,car,658.69,173.48,773.06,262.63,0.8749
440,10,car,553.92,163.73,643.65,244.03,0.8553
440,1930,car,591.58,251.63,700.01,363.18,0.7463
440,2309,bus,760.51,92.85,960.0,413.36,0.9079
440,3442,car,689.14,0.33,722.98,22.92,0.4265
440,4308,car,649.51,43.71,725.38,86.04,0.622
440,4785,car,768.94,36.26,852.97,70.13,0.8141
440,5,car,913.81,19.44,959.22,46.91,0.7333
440,5179,car,12.39,58.8,68.36,106.31,0.7376
440,5344,car,752.31,18.45,848.42,48.79,0.5562
440,4528,car,151.02,57.91,224.62,88.44,0.6487
440,4993,bike,119.77,89.44,167.21,135.54,0.2798
440,5451,car,217.76,21.59,246.98,43.2,0.3489
440,5452,car,262.89,24.01,298.59,43.32,0.347
440,5380,car,182.75,29.9,224.24,54.28,0.2748
441,2,car,658.61,173.47,772.91,262.46,0.8715
441,10,car,553.8,163.83,643.44,243.96,0.8554
441,1930,car,591.85,251.66,699.92,362.79,0.6986
441,2309,bus,761.33,92.84,959.48,410.66,0.8999
441,3442,car,689.39,0.35,722.89,22.74,0.4312
441,4308,car,648.71,44.06,724.38,86.49,0.6683
441,4785,car,766.95,36.85,850.14,70.12,0.7606
441,5,car,914.16,19.65,959.51,47.08,0.7504
441,5179,car,12.66,58.71,70.91,105.9,0.5134
441,5344,car,749.69,18.44,844.55,48.61,0.6563
441,4528,car,153.71,57.06,230.07,88.9,0.5993
441,4993,bike,119.35,89.84,167.69,136.42,0.4142
441,5451,car,218.01,22.14,246.36,43.08,0.3893
441,5452,car,262.19,23.61,298.63,43.34,0.3607
441,5380,car,182.14,29.47,225.12,54.54,0.2682
441,4789,bike,115.21,102.18,145.03,141.11,0.2702
441,5394,bike,271.73,80.49,314.05,112.0,0.3736
442,2,car,657.93,173.12,773.47,263.17,0.8655
442,10,car,553.44,163.54,643.57,244.13,0.8548
442,1930,car,591.69,251.61,699.75,362.7,0.7454
442,2309,bus,761.02,92.77,959.56,411.2,0.9072
442,3442,car,689.63,0.37,723.27,22.89,0.4152
442,4308,car,647.62,44.56,722.82,87.01,0.7178
442,4785,car,765.28,37.2,848.45,70.28,0.7353
442,5,car,914.46,19.75,959.36,46.86,0.7544
442,5179,car,13.66,59.38,72.86,104.89,0.3643
442,5344,car,746.11,18.53,839.44,48.46,0.6883
442,4528,car,156.93,56.5,232.72,88.19,0.6308
442,4993,bike,117.98,90.03,168.2,138.04,0.3503
442,5451,car,217.63,22.32,246.17,43.4,0.3056
442,5452,car,262.4,23.32,299.33,43.34,0.3187
442,4789,bike,116.56,102.3,146.03,141.22,0.2851
442,5394,bike,273.5,79.93,316.45,112.31,0.3937
443,2,car,658.05,173.02,773.48,263.01,0.8752
443,10,car,553.43,163.56,643.61,244.15,0.8577
443,1930,car,591.57,251.54,699.93,362.98,0.7544
443,2309,bus,760.9,92.59,959.7,411.5,0.8995
443,3442,car,689.85,0.3,723.26,22.73,0.4175
443,4308,car,646.08,45.03,722.59,88.56,0.5822
443,4785,car,761.27,37.09,845.68,70.41,0.7167
443,5,car,914.19,19.76,959.16,46.85,0.7448
443,5179,car,12.7,59.64,76.16,106.51,0.3771
443,5344,car,742.44,18.09,835.62,48.15,0.6539
443,4528,car,158.98,56.51,233.95,87.96,0.7279
443,4993,bike,117.65,90.12,169.09,139.03,0.3766
443,5451,car,217.88,22.18,246.8,43.57,0.3051
443,5452,car,263.26,23.84,298.91,43.14,0.276
443,4789,bike,116.92,99.04,148.41,141.54,0.2874
443,5394,bike,275.62,78.27,319.97,112.07,0.4696
444,2,car,657.8,172.83,773.75,263.35,0.8704
444,10,car,553.36,163.3,643.89,244.24,0.8537
444,1930,car,590.8,251.5,700.58,364.61,0.73
444,2309,bus,760.65,92.43,960.0,412.8,0.9093
444,3442,car,689.55,0.28,722.96,22.69,0.4385
444,4308,car,645.28,45.11,721.78,88.83,0.682
444,4785,car,759.8,37.37,844.79,70.89,0.7403
444,5,car,913.51,19.51,959.05,46.87,0.7377
444,5179,car,11.77,59.27,80.13,108.14,0.3334
444,5344,car,740.32,18.07,830.54,47.26,0.7448
444,4528,car,160.1,56.22,234.25,87.6,0.7492
444,5451,car,218.66,22.77,246.33,43.19,0.3097
444,5452,car,263.6,24.4,298.36,43.23,0.3103
444,5394,bike,278.33,77.77,321.35,110.81,0.5008
445,2,car,657.8,172.77,774.0,263.61,0.8688
445,10,car,553.68,163.33,644.05,244.13,0.8492
445,1930,car,590.18,251.54,700.23,364.92,0.7106
445,2309,bus,759.84,92.3,960.0,415.28,0.9142
445,3442,car,689.33,0.3,723.01,22.9,0.4926
445,4308,car,644.47,45.24,721.49,89.32,0.7169
445,4785,car,757.5,37.51,843.35,71.38,0.7535
445,5,car,913.02,19.03,959.62,47.08,0.7929
445,5344,car,736.19,17.79,826.52,47.2,0.7424
445,4528,car,162.21,56.09,235.52,87.3,0.6718
445,5451,car,219.06,23.01,246.26,43.03,0.3155
445,5452,car,262.27,24.29,297.4,43.37,0.2883
445,5394,bike,280.48,74.28,326.38,109.81,0.3118
445,5380,car,182.56,29.32,224.25,53.42,0.2676
446,2,car,657.98,172.8,773.77,263.4,0.8671
446,10,car,553.65,163.16,643.92,243.88,0.8463
446,1930,car,591.05,251.56,700.14,364.05,0.7355
446,2309,bus,760.84,92.53,959.57,411.89,0.9068
446,3442,car,689.67,0.11,723.6,22.94,0.4811
446,4308,car,643.41,45.95,720.73,90.32,0.6891
446,4785,car,756.07,38.1,841.18,71.63,0.8026
446,5,car,912.97,18.68,960.0,47.18,0.7769
446,5344,car,732.74,17.45,822.86,46.98,0.7611
446,4528,car,165.13,56.3,236.96,87.05,0.624
446,5451,car,219.15,23.91,245.18,42.92,0.3249
446,5394,bike,284.93,75.79,328.83,109.54,0.3116
446,5380,car,182.09,30.11,223.77,54.16,0.2403
447,2,car,658.62,172.92,773.18,262.47,0.8707
447,10,car,553.74,163.3,643.97,244.0,0.846
447,1930,car,591.62,251.6,700.05,363.35,0.7188
447,2309,bus,761.16,92.82,959.23,410.94,0.9081
447,3442,car,689.46,0.3,723.28,23.05,0.3776
447,4308,car,644.21,46.72,723.88,91.98,0.7064
447,4785,car,753.09,38.33,839.37,72.32,0.8131
447,5,car,913.96,19.48,959.74,47.12,0.7484
447,5344,car,732.25,17.54,819.78,46.17,0.7334
447,4528,car,169.34,56.95,240.83,87.39,0.6853
447,5451,car,218.78,23.89,245.51,43.32,0.2613
447,5394,bike,285.64,73.25,332.26,109.26,0.3743
447,5380,car,182.33,30.51,224.33,54.59,0.2355
448,2,car,658.23,173.04,773.7,263.42,0.8682
448,10,car,553.92,163.44,643.81,243.76,0.8394
448,1930,car,592.38,251.44,699.63,361.83,0.7131
448,2309,bus,761.73,93.0,958.92,409.47,0.908
448,3442,car,689.36,0.11,723.53,23.16,0.4734
448,4308,car,642.15,47.14,724.21,93.59,0.6125
448,4785,car,749.93,38.23,837.64,72.86,0.7996
448,5,car,914.03,19.52,959.51,46.95,0.7624
448,5344,car,729.18,17.26,815.06,45.44,0.7391
448,4528,car,172.62,56.92,242.06,86.43,0.6082
448,5394,bike,286.95,71.78,335.94,109.86,0.318
449,2,car,658.58,173.37,773.22,263.06,0.8711
449,10,car,553.92,163.45,643.7,243.61,0.8597
449,1930,car,592.45,251.63,699.33,361.5,0.7417
449,2309,bus,761.26,93.06,959.1,410.44,0.9091
449,3442,car,689.7,0.16,723.65,23.15,0.4774
449,4308,car,638.95,47.53,720.37,93.93,0.6594
449,4785,car,747.66,38.67,836.7,73.95,0.8031
449,5,car,913.13,19.1,959.64,47.17,0.7509
449,5344,car,724.51,16.96,809.51,45.08,0.7487
449,4528,car,174.47,57.11,241.77,85.78,0.6149
449,5394,bike,291.38,75.01,336.99,109.99,0.4501
450,2,car,658.66,173.48,773.43,263.28,0.8631
450,10,car,553.29,163.7,643.54,244.2,0.8481
450,1930,car,592.19,251.74,700.16,362.71,0.7303
450,2309,bus,761.7,93.25,958.37,408.23,0.9026
450,3442,car,689.26,0.18,723.23,23.21,0.4208
450,4308,car,637.71,48.06,717.35,93.98,0.7523
450,4785,car,744.67,38.54,835.02,74.42,0.7621
450,5,car,913.74,19.46,959.45,47.01,0.7586
450,5344,car,720.91,16.74,805.69,45.0,0.7165
450,4528,car,176.45,57.2,243.97,86.0,0.581
450,5394,bike,293.19,74.75,339.97,110.41,0.3225
451,2,car,658.29,173.38,773.64,263.7,0.861
451,10,car,553.81,163.59,643.86,243.94,0.8538
451,1930,car,592.66,251.97,699.82,361.9,0.7482
451,2309,bus,761.44,93.27,958.67,408.95,0.9071
451,3442,car,689.01,0.22,722.8,23.07,0.3977
451,4308,car,635.68,48.58,714.93,94.77,0.7762
451,4785,car,744.49,39.17,831.54,73.52,0.7235
451,5,car,913.6,19.34,959.68,47.15,0.7481
451,5344,car,718.07,16.34,803.25,44.79,0.7304
451,4528,car,178.42,53.89,251.46,85.18,0.5719
451,5394,bike,295.97,75.12,343.31,110.76,0.3588
451,4993,bike,129.93,90.57,177.89,135.61,0.2514
452,2,car,658.73,173.75,773.03,263.11,0.861
452,10,car,553.27,163.57,643.97,244.54,0.8498
452,1930,car,592.15,251.99,700.21,362.89,0.7186
452,2309,bus,761.55,93.31,958.98,409.2,0.9103
452,3442,car,688.85,0.19,722.59,23.01,0.3731
452,4308,car,635.33,48.75,713.19,94.53,0.6531
452,4785,car,744.11,39.57,830.2,73.11,0.7128
452,5,car,914.09,19.62,959.56,47.05,0.759
452,5344,car,716.02,16.42,800.53,44.69,0.7157
452,4528,car,179.53,52.36,256.22,85.42,0.5437
453,2,car,658.24,173.94,773.38,263.98,0.8523
453,10,car,553.62,163.68,643.86,244.17,0.855
453,1930,car,591.25,251.98,700.56,364.37,0.7074
453,2309,bus,761.98,93.21,958.17,406.5,0.9072
453,3442,car,688.7,0.23,722.36,22.96,0.3913
453,4308,car,633.62,48.62,711.96,95.21,0.5842
453,4785,car,742.51,39.98,830.02,73.56,0.6933
453,5,car,914.37,20.07,959.24,47.07,0.7715
453,5344,car,713.1,16.96,795.59,44.59,0.6935
453,4528,car,182.38,54.76,253.99,85.69,0.5697
454,2,car,658.25,173.98,773.44,264.11,0.8579
454,10,car,553.46,163.74,644.1,244.62,0.85
454,1930,car,591.46,252.1,700.01,363.67,0.7296
454,2309,bus,761.25,93.35,959.37,409.92,0.9103
454,3442,car,689.15,0.15,722.61,22.73,0.4223
454,4308,car,634.07,49.06,709.14,93.79,0.5591
454,4785,car,737.0,40.34,825.97,74.42,0.6938
454,5,car,914.19,20.14,959.16,47.13,0.7755
454,5344,car,710.05,17.22,791.19,44.51,0.6727
454,4528,car,185.21,55.47,255.29,85.81,0.6201
455,2,car,658.28,174.25,773.42,264.35,0.8668
455,10,car,553.55,163.73,644.18,244.68,0.8572
455,1930,car,591.29,252.18,700.29,364.34,0.6956
455,2309,bus,761.32,93.24,958.97,408.78,0.8962
455,3442,car,688.67,0.18,722.29,22.78,0.3709
455,4308,car,633.27,49.25,707.3,93.39,0.7068
455,4785,car,734.44,40.1,823.45,74.27,0.7951
455,5,car,914.09,20.06,959.28,47.16,0.7408
455,5344,car,706.67,16.83,787.96,44.31,0.7059
455,4528,car,188.85,55.54,258.91,85.67,0.7369
456,2,car,658.14,174.08,773.56,264.4,0.8637
456,10,car,553.8,163.87,643.99,244.39,0.8613
456,1930,car,591.98,252.3,699.93,363.32,0.7102
456,2309,bus,760.66,93.34,959.55,411.0,0.9113
456,3442,car,688.84,0.28,722.48,22.81,0.283
456,4308,car,631.79,49.81,706.74,94.67,0.7236
456,4785,car,732.28,40.27,820.5,74.3,0.7415
456,5,car,914.24,20.22,959.36,47.25,0.747
456,5344,car,704.57,17.12,784.12,44.12,0.648
456,4528,car,190.8,55.13,262.52,85.9,0.7389
457,2,car,658.53,174.12,773.54,264.09,0.8695
457,10,car,553.35,164.02,643.86,244.78,0.8624
457,1930,car,591.59,252.32,700.1,363.97,0.6822
457,2309,bus,761.44,93.41,958.41,407.4,0.91
457,4308,car,633.42,50.26,703.3,91.74,0.7245
457,4785,car,730.29,40.39,818.58,74.43,0.8152
457,5,car,914.5,20.58,959.24,47.33,0.7756
457,5344,car,700.14,16.5,783.07,44.97,0.7465
457,4528,car,192.93,54.67,264.22,85.27,0.6944
457,5664,car,81.43,55.59,125.2,92.42,0.377
457,5380,car,182.8,29.0,226.06,53.43,0.3288
458,2,car,658.68,174.29,773.49,264.03,0.8755
458,10,car,553.05,163.91,643.97,245.03,0.8597
458,1930,car,589.76,252.25,700.21,366.01,0.683
458,2309,bus,759.77,93.25,960.0,412.96,0.9118
458,4308,car,630.17,50.83,703.56,94.52,0.6952
458,4785,car,727.03,39.88,817.12,74.72,0.8211
458,5,car,914.27,20.2,959.66,47.38,0.7816
458,5344,car,696.48,15.79,780.94,45.23,0.6997
458,4528,car,194.3,54.51,267.04,85.77,0.7295
458,5664,car,82.81,54.97,127.51,92.59,0.2649
459,2,car,658.33,174.17,773.93,264.63,0.8632
459,10,car,553.04,164.11,644.02,245.26,0.8457
459,1930,car,590.73,252.23,700.0,364.77,0.7
459,2309,bus,760.33,93.35,958.86,409.88,0.9008
459,4308,car,628.9,51.7,702.64,95.68,0.6845
459,4785,car,725.69,40.23,813.79,74.3,0.7582
459,5,car,914.02,20.38,959.33,47.45,0.7739
459,5344,car,692.06,15.14,778.2,45.59,0.7244
459,4528,car,195.76,53.97,269.8,85.97,0.7088
459,5664,car,85.36,54.74,130.39,92.67,0.3065
460,2,car,658.95,174.38,773.57,264.03,0.8726
460,10,car,552.81,163.96,644.1,245.44,0.8491
460,1930,car,591.31,252.27,700.18,364.5,0.7385
460,2309,bus,758.87,93.6,960.0,415.54,0.9104
460,4308,car,626.35,52.72,701.25,97.6,0.6957
460,4785,car,723.6,39.66,811.83,73.67,0.7547
460,5,car,913.89,20.3,959.46,47.52,0.7753
460,5344,car,689.45,15.01,773.32,44.97,0.7033
460,4528,car,198.16,54.01,270.04,85.16,0.6954
460,5664,car,88.5,54.23,133.04,91.76,0.2867
461,2,car,658.65,174.21,773.9,264.41,0.8593
461,10,car,553.36,164.08,644.22,245.29,0.8387
461,1930,car,591.99,252.24,699.68,363.15,0.7186
461,2309,bus,759.09,93.63,960.0,415.29,0.9077
461,4308,car,624.67,52.82,699.83,98.11,0.6814
461,4785,car,721.23,39.58,809.79,73.68,0.7349
461,5,car,913.74,20.38,959.18,47.45,0.7576
461,5344,car,686.14,15.05,768.85,44.95,0.7774
461,4528,car,200.38,53.94,271.16,84.64,0.7092
461,5709,bike,657.63,83.78,700.45,116.31,0.4169
462,2,car,658.84,174.11,773.64,263.91,0.8688
462,10,car,553.54,164.3,643.98,245.13,0.8603
462,1930,car,591.28,252.16,700.71,365.13,0.7498
462,2309,bus,761.02,93.64,958.65,408.89,0.902
462,4308,car,623.35,53.42,698.24,98.68,0.6457
462,4785,car,719.33,40.6,808.05,74.79,0.7337
462,5,car,913.77,20.45,959.34,47.57,0.7643
462,5344,car,682.93,14.49,765.12,44.55,0.7432
462,4528,car,201.04,53.41,274.54,85.55,0.6345
462,5709,bike,658.16,82.43,703.09,116.56,0.4206
463,2,car,659.2,174.09,773.46,263.39,0.8633
463,10,car,553.18,164.24,644.0,245.42,0.8519
463,1930,car,592.24,252.23,699.91,363.23,0.7215
463,2309,bus,760.04,93.71,959.86,412.78,0.9021
463,4308,car,621.96,53.82,696.92,99.29,0.6427
463,4785,car,716.66,41.18,806.77,75.99,0.7647
463,5,car,913.27,20.43,959.16,47.68,0.7813
463,5344,car,680.45,14.15,762.5,44.46,0.752
463,4528,car,202.83,53.0,275.47,85.04,0.6783
463,5709,bike,663.31,86.35,703.7,116.86,0.5263
464,2,car,659.18,174.23,773.55,263.53,0.861
464,10,car,553.18,164.29,644.09,245.61,0.8475
464,1930,car,592.15,252.22,700.13,363.5,0.726
464,2309,bus,760.45,93.81,959.38,411.31,0.8989
464,4308,car,619.1,53.96,696.72,101.48,0.7011
464,4785,car,713.6,41.61,804.66,76.89,0.7531
464,5,car,912.67,20.6,958.71,47.79,0.7823
464,5344,car,678.6,14.5,757.32,43.7,0.7933
464,4528,car,204.72,53.08,276.41,85.02,0.7101
464,5709,bike,666.35,87.29,706.2,117.22,0.4469
465,2,car,658.75,174.23,773.8,264.09,0.8658
465,10,car,553.23,164.21,644.12,245.59,0.8551
465,1930,car,591.61,252.33,700.19,364.24,0.7328
465,2309,bus,759.77,93.78,959.66,412.89,0.9035
465,4308,car,617.52,54.84,695.46,102.88,0.7473
465,4785,car,712.59,41.21,802.28,75.93,0.7893
465,5,car,912.81,20.13,959.52,47.76,0.7953
465,5344,car,675.43,14.36,752.83,43.28,0.7823
465,4528,car,208.52,53.51,279.46,85.12,0.674
465,5709,bike,669.42,87.7,708.25,116.69,0.3892
466,2,car,658.66,174.2,773.83,264.13,0.8653
466,10,car,553.08,164.13,643.94,245.5,0.8528
466,1930,car,591.74,252.35,700.27,364.28,0.7432
466,2309,bus,759.15,93.82,960.0,415.08,0.9098
466,4308,car,616.25,55.33,694.52,103.84,0.7715
466,4785,car,708.99,41.2,800.95,76.97,0.8167
466,5,car,912.83,20.32,959.42,47.85,0.8083
466,5344,car,672.43,14.24,748.47,42.81,0.76
466,4528,car,210.86,53.4,281.37,84.83,0.6813
466,5709,bike,671.15,86.78,711.45,116.7,0.3974
467,2,car,658.41,174.41,773.91,264.61,0.8487
467,10,car,553.33,164.15,644.05,245.47,0.8453
467,1930,car,591.86,252.31,700.1,363.97,0.6904
467,2309,bus,758.84,93.87,960.0,418.1,0.9108
467,4308,car,615.58,56.15,692.71,104.08,0.8165
467,4785,car,706.29,41.03,800.06,77.75,0.8104
467,5,car,912.93,20.4,959.8,48.14,0.8117
467,5344,car,669.85,14.31,744.64,42.57,0.754
467,4528,car,211.42,53.3,280.54,84.34,0.5903
467,5709,car,672.27,85.02,715.85,117.36,0.3365
467,5664,car,105.44,51.96,150.14,89.69,0.3176
468,2,car,658.13,174.25,774.14,264.88,0.8545
468,10,car,553.45,164.22,644.01,245.43,0.8597
468,1930,car,592.02,252.27,699.72,363.23,0.7167
468,2309,bus,759.59,93.83,960.0,415.05,0.9045
468,4308,car,615.09,57.0,691.6,104.57,0.8188
468,4785,car,704.25,41.28,798.75,78.51,0.8256
468,5,car,912.9,20.65,959.45,48.14,0.798
468,5344,car,667.05,14.41,740.82,42.41,0.7712
468,4528,car,214.86,53.31,284.71,84.65,0.5792
468,5709,bike,675.39,86.5,717.66,117.61,0.2738
468,5664,car,108.1,51.7,152.93,89.58,0.2609
468,5452,car,261.07,26.62,293.54,44.39,0.2671
469,2,car,657.85,174.11,774.77,265.57,0.8553
469,10,car,553.21,164.23,643.85,245.5,0.8529
469,1930,car,592.24,252.42,699.69,363.02,0.7042
469,2309,bus,760.65,94.15,959.33,412.11,0.9061
469,4308,car,613.04,57.66,689.04,104.97,0.8201
469,4785,car,703.36,41.97,795.47,78.39,0.7783
469,5,car,913.34,20.86,959.49,48.12,0.8006
469,5344,car,664.8,14.39,737.0,41.98,0.7224
469,4528,car,216.56,53.22,287.56,85.1,0.4833
469,5709,car,675.45,83.45,721.49,117.45,0.2754
470,2,car,658.35,174.08,774.1,264.56,0.866
470,10,car,552.95,163.69,644.22,245.64,0.8525
470,1930,car,591.95,252.43,699.56,363.14,0.7016
470,2309,bus,759.95,94.31,959.64,413.96,0.9118
470,4308,car,609.99,57.74,687.4,106.19,0.8295
470,4785,car,700.56,42.15,792.21,78.53,0.7544
470,5,car,913.41,21.13,959.36,48.23,0.7677
470,5344,car,663.0,14.39,733.23,41.32,0.6018
470,4528,car,218.42,53.08,288.67,84.81,0.4684
470,5709,car,679.41,86.08,722.91,118.01,0.2775
470,5452,car,261.82,27.03,292.67,43.75,0.2444
471,2,car,657.58,174.26,774.66,265.84,0.8472
471,10,car,553.12,163.87,644.11,245.68,0.8561
471,1930,car,592.23,252.71,699.28,362.65,0.7313
471,2309,bus,760.99,94.59,958.71,410.59,0.9123
471,4308,car,608.05,58.29,685.46,106.91,0.8462
471,4785,car,698.4,42.74,789.38,78.84,0.8166
471,5,car,913.42,21.15,959.63,48.43,0.7849
471,5344,car,660.78,14.38,730.27,41.05,0.6732
471,4528,car,220.91,52.58,290.83,84.25,0.5613
471,5452,car,262.51,28.44,291.57,43.8,0.2397
472,2,car,657.97,174.29,774.19,265.17,0.8632
472,10,car,553.18,163.8,644.19,245.71,0.8611
472,1930,car,592.26,252.84,699.26,362.6,0.6955
472,2309,bus,760.88,94.78,959.23,411.78,0.9101
472,4308,car,606.19,59.22,683.99,108.29,0.8651
472,4785,car,696.17,42.96,787.17,79.12,0.8403
472,5,car,913.15,20.92,959.59,48.33,0.8116
472,5344,car,656.81,13.08,725.95,39.77,0.4301
472,4528,car,221.82,52.03,294.92,85.39,0.6387
472,5452,car,262.49,28.36,292.43,44.16,0.2734
472,5664,car,117.68,51.04,161.74,88.35,0.3782
472,5709,car,681.93,82.39,730.25,118.15,0.257
473,2,car,657.62,174.28,774.13,265.43,0.8609
473,10,car,553.37,164.02,644.01,245.65,0.8593
473,1930,car,591.55,252.98,699.8,364.07,0.6738
473,2309,bus,760.68,94.86,959.57,412.8,0.9135
473,4308,car,604.94,60.11,682.1,108.86,0.852
473,4785,car,693.98,42.54,786.08,79.25,0.8424
473,5,car,913.49,21.02,959.45,48.11,0.8002
473,5344,car,650.79,9.48,726.74,39.3,0.4552
473,4528,car,222.28,51.09,297.99,86.0,0.5466
473,5452,car,262.14,27.5,293.85,44.32,0.35
473,5664,car,120.16,51.11,163.75,88.08,0.2911
473,5709,bike,684.41,81.03,733.68,117.71,0.2343
474,2,car,657.42,174.24,774.48,265.94,0.854
474,10,car,553.19,164.05,643.89,245.77,0.8569
474,1930,car,592.07,252.95,699.19,362.69,0.7197
474,2309,bus,760.4,94.74,959.54,413.05,0.9102
474,4308,car,603.17,60.52,680.83,109.7,0.833
474,4785,car,692.93,42.85,783.89,79.15,0.821
474,5,car,912.96,20.82,959.49,48.23,0.8146
474,5344,car,650.1,9.95,723.27,38.85,0.4877
474,4528,car,222.75,51.31,298.48,86.72,0.5302
474,5452,car,261.98,27.01,294.1,44.14,0.2436
474,5664,car,122.42,50.98,165.78,87.75,0.3143
474,5709,bike,686.37,80.91,736.08,118.16,0.4418
475,2,car,658.02,174.33,773.7,264.83,0.8572
475,10,car,553.36,164.17,643.66,245.53,0.8566
475,1930,car,591.96,252.88,699.24,362.72,0.6528
475,2309,bus,760.73,94.73,959.31,411.99,0.9067
475,4308,car,601.33,61.14,679.72,110.98,0.8447
475,4785,car,691.83,43.44,781.0,78.97,0.8208
475,5,car,912.61,20.54,959.56,48.2,0.8068
475,5344,car,648.54,11.71,716.98,38.7,0.5833
475,4528,car,225.55,51.14,300.38,86.5,0.509
475,5709,bike,691.72,85.71,735.62,118.1,0.3174
476,2,car,657.76,174.3,773.94,265.25,0.85
476,10,car,553.06,163.75,643.8,245.59,0.8592
476,1930,car,592.12,252.87,699.21,362.41,0.7317
476,2309,bus,759.81,94.77,960.0,415.48,0.9164
476,4308,car,598.73,61.75,677.74,112.22,0.8412
476,4785,car,689.68,43.62,779.51,79.44,0.7846
476,5,car,913.02,21.1,959.28,48.28,0.7912
476,5344,car,646.39,12.23,712.37,38.12,0.479
476,4528,car,228.78,50.91,304.37,86.96,0.4343
476,5709,bike,692.19,83.28,739.92,118.77,0.2517
477,2,car,657.96,174.31,773.76,264.93,0.859
477,10,car,553.24,163.62,643.63,245.2,0.8553
477,1930,car,591.73,252.92,699.21,362.75,0.6845
477,2309,bus,760.63,94.88,959.34,412.52,0.9175
477,4308,car,596.99,62.55,676.12,113.29,0.8315
477,4785,car,687.68,43.78,777.72,79.7,0.8153
477,5,car,912.33,21.02,959.05,48.4,0.7725
477,5344,car,642.84,11.74,709.54,37.98,0.544
477,4528,car,229.51,49.29,309.0,87.68,0.5892
477,5709,bike,695.88,85.39,741.07,118.84,0.2662
478,2,car,657.78,174.32,773.81,265.16,0.8561
478,10,car,553.18,163.55,643.82,245.5,0.8634
478,1930,car,591.71,252.97,699.32,362.85,0.6972
478,2309,bus,761.36,95.11,958.38,409.44,0.9097
478,4308,car,594.73,63.03,674.06,114.11,0.8075
478,4785,car,685.24,43.48,775.75,79.69,0.8005
478,5,car,912.59,20.95,959.35,48.33,0.8081
478,5344,car,639.8,11.26,706.79,37.65,0.5105
478,4528,car,232.25,48.69,311.02,87.03,0.6382
479,2,car,657.84,174.0,773.7,264.68,0.8589
479,10,car,553.57,163.52,643.89,245.25,0.8582
479,1930,car,591.49,252.95,699.41,363.11,0.7052
479,2309,bus,761.06,95.1,958.94,410.69,0.9188
479,4308,car,592.87,63.39,672.41,114.76,0.8418
479,4785,car,683.44,43.33,773.97,79.63,0.8278
479,5,car,912.7,20.94,959.61,48.44,0.7783
479,5344,car,636.52,11.02,702.96,37.26,0.5574
479,4528,car,237.18,48.98,310.56,84.62,0.5861
479,5709,bike,701.05,84.75,745.96,118.0,0.3507
480,2,car,657.56,174.1,773.7,264.99,0.8588
480,10,car,553.5,163.81,643.53,245.28,0.8554
480,1930,car,591.49,252.97,699.48,363.21,0.7174
480,2309,bus,762.01,95.01,957.8,406.45,0.9129
480,4308,car,591.31,64.29,671.1,115.91,0.8132
480,4785,car,681.75,43.55,772.03,79.77,0.8525
480,5,car,912.79,20.96,959.45,48.28,0.7349
480,5344,car,633.61,10.44,699.89,36.71,0.5709
480,4528,car,238.14,48.99,310.95,84.6,0.5445
480,5709,bike,705.81,87.93,746.48,117.48,0.3569
480,3442,car,691.13,0.82,725.01,24.38,0.3388
481,2,car,657.88,174.29,773.86,265.03,0.865
481,10,car,553.51,163.67,643.94,245.64,0.8525
481,1930,car,590.77,252.9,699.61,363.99,0.6244
481,2309,bus,761.04,94.85,958.54,408.81,0.9119
481,4308,car,589.85,64.82,669.65,116.58,0.815
481,4785,car,679.6,43.63,770.65,80.24,0.8572
481,5,car,912.13,20.81,959.55,48.57,0.7399
481,5344,car,631.28,10.29,697.44,36.63,0.5418
481,4528,car,239.61,49.03,310.0,83.78,0.6265
481,5709,bike,706.61,84.89,750.79,117.1,0.284
481,3442,car,690.43,0.76,724.16,24.44,0.3317
482,2,car,657.79,174.25,773.72,264.99,0.8647
482,10,car,553.23,163.52,643.83,245.68,0.8571
482,1930,car,591.16,252.89,699.35,363.25,0.6724
482,2309,bus,758.83,94.55,960.0,416.34,0.9159
482,4308,car,587.58,65.65,667.25,117.36,0.8447
482,4785,car,677.43,43.87,768.77,80.7,0.8062
482,5,car,912.78,21.1,959.42,48.38,0.7108
482,5344,car,628.22,9.97,694.49,36.57,0.5449
482,4528,car,241.22,49.28,309.13,83.24,0.6469
482,5709,bike,708.74,83.31,754.74,116.86,0.3034
482,3442,car,688.78,0.58,723.04,24.3,0.3931
483,2,car,658.05,174.33,773.3,264.41,0.8671
483,10,car,553.34,163.65,643.67,245.59,0.8568
483,1930,car,591.08,252.91,699.49,363.5,0.726
483,2309,bus,758.68,94.34,960.0,416.74,0.9137
483,4308,car,584.75,66.54,664.1,118.11,0.8684
483,4785,car,675.06,44.11,766.3,81.0,0.8005
483,5,car,913.11,20.93,959.57,48.11,0.7047
483,5344,car,624.49,9.0,691.65,36.22,0.5561
483,4528,car,242.34,48.69,312.9,84.37,0.5927
483,3442,car,688.11,0.57,722.74,24.3,0.3795
484,2,car,657.86,174.38,773.55,264.83,0.8528
484,10,car,553.52,163.55,643.64,245.31,0.8553
484,1930,car,591.09,252.99,699.72,363.93,0.6593
484,2309,bus,757.91,94.71,960.0,419.61,0.9107
484,4308,car,582.54,67.48,661.93,119.12,0.8511
484,4785,car,673.28,44.31,764.23,81.13,0.8086
484,5,car,913.33,20.71,959.84,47.97,0.7922
484,5344,car,621.67,8.52,687.86,35.58,0.5428
484,4528,car,245.64,49.39,310.96,82.68,0.5104
484,3442,car,687.96,0.61,722.58,24.16,0.4253
485,2,car,657.55,174.16,773.49,264.66,0.8599
485,10,car,553.57,163.49,643.63,245.19,0.844
485,1930,car,591.69,252.93,699.59,363.12,0.7097
485,2309,bus,758.45,94.81,960.0,419.7,0.9211
485,4308,car,579.5,68.0,660.31,120.71,0.8327
485,4785,car,670.42,43.88,763.18,81.55,0.7953
485,5,car,912.72,20.5,959.77,48.1,0.7745
485,5344,car,620.09,8.86,684.24,35.22,0.5196
485,4528,car,248.45,49.6,309.17,80.74,0.5039
485,3442,car,688.4,0.63,722.94,24.05,0.4308
486,2,car,657.47,174.0,773.66,264.57,0.863
486,10,car,553.54,163.57,643.61,245.24,0.853
486,1930,car,591.72,252.88,699.49,362.89,0.6711
486,2309,bus,760.13,94.63,960.0,414.77,0.9218
486,4308,car,577.19,68.57,658.43,121.68,0.7942
486,4785,car,667.82,43.46,761.85,81.79,0.8199
486,5,car,912.55,20.57,959.68,48.22,0.7661
486,5344,car,618.19,9.35,679.69,34.63,0.4933
486,4528,car,251.91,48.62,316.07,81.5,0.557
486,3442,car,688.35,0.7,722.63,23.76,0.4061
486,5973,truck,69.22,47.16,187.75,100.42,0.3239
486,5709,bike,719.63,84.62,763.84,116.8,0.4897
487,2,car,657.61,174.0,774.07,264.76,0.8493
487,10,car,553.44,163.41,643.69,245.27,0.8488
487,1930,car,591.72,252.9,699.57,362.95,0.6619
487,2309,bus,760.45,94.29,959.42,412.67,0.9214
487,4308,car,575.26,69.29,656.93,122.83,0.8087
487,4785,car,666.04,43.55,760.3,82.08,0.8478
487,5,car,912.81,20.53,959.9,48.21,0.7704
487,5344,car,615.61,9.13,676.51,34.23,0.4402
487,4528,car,250.9,48.36,316.32,82.42,0.6058
487,3442,car,688.61,0.61,723.13,23.83,0.2744
487,5709,bike,724.13,86.92,765.36,116.28,0.4099
488,2,car,657.74,173.93,774.05,264.6,0.8417
488,10,car,553.66,163.23,643.7,244.91,0.8323
488,1930,car,591.34,252.8,699.82,363.56,0.6846
488,2309,bus,759.59,94.17,960.0,415.62,0.9208
488,4308,car,572.76,70.21,655.07,124.35,0.81
488,4785,car,663.97,43.49,758.94,82.54,0.8552
488,5,car,912.47,20.24,959.92,48.18,0.7153
488,5344,car,613.12,8.6,674.2,33.86,0.6282
488,4528,car,252.89,48.0,319.21,82.91,0.5432
488,3442,car,688.66,0.9,722.76,23.68,0.3508
488,5709,bike,722.1,81.39,770.09,116.24,0.3779
488,5973,truck,74.09,46.71,189.48,98.53,0.2885
489,2,car,657.72,174.0,773.97,264.6,0.8433
489,10,car,553.41,162.55,644.1,244.96,0.8568
489,1930,car,591.31,252.77,699.92,363.78,0.7078
489,2309,bus,761.17,93.95,958.6,409.55,0.9154
489,4308,car,570.34,71.27,652.93,125.63,0.8251
489,4785,car,662.41,43.94,756.28,82.77,0.8565
489,5,car,912.48,20.23,959.9,48.19,0.7719
489,5344,car,610.41,7.89,672.04,33.51,0.6271
489,4528,car,253.22,47.48,319.89,83.14,0.6345
489,3442,car,688.68,0.74,723.0,23.65,0.4072
489,5709,bike,725.17,82.1,771.26,115.76,0.4379
489,5380,car,180.66,28.75,228.5,56.38,0.295
490,2,car,657.76,174.26,773.86,264.73,0.8609
490,10,car,553.11,162.52,644.12,245.28,0.8439
490,1930,car,591.65,252.7,699.88,363.34,0.7174
490,2309,bus,761.17,94.07,958.43,408.95,0.9195
490,4308,car,568.27,72.08,650.89,126.51,0.8181
490,4785,car,659.91,43.81,754.93,83.39,0.8772
490,5,car,912.89,20.33,959.88,48.08,0.77
490,5344,car,608.15,7.31,670.11,33.23,0.5261
490,4528,car,256.91,47.01,320.57,81.23,0.4344
490,3442,car,688.78,0.76,723.22,23.7,0.3877
490,5709,bike,730.31,85.77,771.69,115.46,0.3966
490,5973,truck,79.47,46.48,193.13,97.42,0.2239
491,2,car,657.09,174.08,773.96,265.25,0.8545
491,10,car,553.1,162.95,643.91,245.55,0.8512
491,1930,car,591.65,252.74,699.8,363.3,0.6725
491,2309,bus,761.34,94.0,958.76,408.88,0.9103
491,4308,car,565.77,72.5,649.17,127.56,0.8114
491,4785,car,658.49,43.85,753.35,83.54,0.8676
491,5,car,913.39,20.57,959.74,47.95,0.7712
491,5344,car,605.85,6.57,667.93,32.67,0.5146
491,4528,car,257.41,47.09,321.67,82.13,0.5374
491,3442,car,688.45,0.69,723.11,23.71,0.4019
491,5709,bike,732.39,84.82,774.56,114.99,0.3609
491,5664,car,158.97,45.19,201.46,81.07,0.2938
492,2,car,657.39,174.17,773.5,264.72,0.8587
492,10,car,553.54,163.02,643.83,245.14,0.8485
492,1930,car,591.33,252.52,699.94,363.66,0.6741
492,2309,bus,760.45,93.63,959.57,411.38,0.9183
492,4308,car,563.52,73.11,647.29,128.44,0.8195
492,4785,car,656.63,43.9,750.42,83.29,0.8387
492,5,car,913.31,20.39,959.63,47.76,0.7646
492,5344,car,603.74,7.03,663.94,32.32,0.472
492,4528,car,263.37,46.52,329.82,82.53,0.5942
492,3442,car,688.69,0.69,723.22,23.62,0.4119
492,5709,bike,735.07,85.09,776.04,114.28,0.4687
493,2,car,657.86,174.14,773.24,264.06,0.8659
493,10,car,553.52,163.04,643.7,245.04,0.8655
493,1930,car,590.89,252.39,700.33,364.58,0.7161
493,2309,bus,761.16,93.47,958.84,408.5,0.9205
493,4308,car,560.88,74.15,644.33,129.12,0.8406
493,4785,car,654.55,44.03,748.79,83.84,0.8192
493,5,car,913.23,20.21,959.69,47.69,0.752
493,5344,car,600.91,5.7,662.82,31.84,0.369
493,4528,car,266.89,45.9,333.82,82.03,0.6515
493,3442,car,688.92,0.65,723.23,23.46,0.4338
493,5709,bike,734.89,82.28,778.77,114.05,0.3612
493,5973,truck,83.92,44.23,200.65,96.52,0.2651
494,2,car,657.78,174.02,773.46,264.2,0.8618
494,10,car,553.64,163.05,643.51,244.69,0.8538
494,1930,car,591.33,252.43,700.23,364.13,0.7121
494,2309,bus,761.19,93.29,959.21,408.8,0.9128
494,4308,car,558.28,74.95,642.11,130.06,0.8703
494,4785,car,652.77,44.27,746.42,84.02,0.8441
494,5,car,913.17,20.17,959.44,47.5,0.7754
494,5344,car,598.07,4.97,660.81,31.65,0.476
494,4528,car,269.52,45.43,336.47,81.38,0.5947
494,3442,car,688.9,0.71,723.1,23.38,0.4527
494,5709,bike,738.57,84.54,779.57,114.26,0.3696
494,5664,truck,163.29,44.51,206.33,81.7,0.2689
495,2,car,657.56,173.95,773.49,264.38,0.8672
495,10,car,553.54,162.83,643.85,244.87,0.8546
495,1930,car,591.58,252.34,700.25,363.84,0.7324
495,2309,bus,760.87,92.94,959.68,409.84,0.915
495,4308,car,556.01,75.49,640.21,130.81,0.8759
495,4785,car,650.85,44.69,742.92,83.87,0.8208
495,5,car,912.87,19.83,959.88,47.68,0.7445
495,5344,car,595.29,4.27,658.34,31.4,0.4439
495,4528,car,270.42,45.44,335.71,80.52,0.5854
495,3442,car,689.05,0.76,723.11,23.29,0.405
495,5709,bike,741.63,87.21,778.93,114.15,0.5268
495,6055,car,190.57,28.58,227.72,56.4,0.3357
495,5664,car,165.79,43.92,208.12,81.14,0.2847
495,5973,truck,86.46,42.69,207.51,97.11,0.2426
496,2,car,657.1,173.88,774.02,265.23,0.8623
496,10,car,553.58,162.86,643.82,244.82,0.8526
496,1930,car,591.47,252.31,700.03,363.78,0.708
496,2309,bus,760.91,92.63,959.64,409.4,0.9097
496,4308,car,553.2,76.16,638.35,132.01,0.8554
496,4785,car,649.39,45.17,740.14,83.83,0.7885
496,5,car,912.96,19.65,959.9,47.51,0.7599
496,5344,car,592.81,4.07,654.74,31.05,0.4368
496,4528,car,271.84,44.38,336.42,79.19,0.5867
496,3442,car,689.04,0.7,723.35,23.38,0.4402
496,5709,bike,743.97,86.85,781.07,113.77,0.4095
496,5664,car,167.58,42.74,210.51,81.47,0.2703
497,2,car,657.16,173.75,774.31,265.42,0.8657
497,10,car,553.49,162.84,643.77,244.86,0.858
497,1930,car,591.42,252.35,700.23,364.15,0.6724
497,2309,bus,761.13,92.61,958.81,407.27,0.9091
497,4308,car,550.33,76.85,636.59,133.26,0.8756
497,4785,car,647.69,45.47,738.49,84.21,0.7648
497,5,car,912.82,19.26,960.0,47.46,0.762
497,5344,car,591.12,4.62,650.79,30.78,0.5269
497,4528,car,273.81,44.32,340.31,80.07,0.6302
497,3442,car,688.96,0.69,723.27,23.33,0.4014
497,5709,bike,746.67,88.06,782.09,113.81,0.3714
497,5664,car,169.33,42.01,211.99,81.15,0.2668
498,2,car,657.21,173.72,774.32,265.48,0.8621
498,10,car,553.61,162.79,643.79,244.72,0.8645
498,1930,car,591.45,252.32,700.28,364.21,0.697
498,2309,bus,760.33,92.48,959.89,410.44,0.9113
498,4308,car,547.67,77.68,634.65,134.39,0.8924
498,4785,car,645.25,45.31,736.75,84.44,0.747
498,5,car,913.04,19.24,960.0,47.43,0.7656
498,5344,car,588.41,3.42,648.75,30.17,0.4386
498,4528,car,275.39,43.75,343.3,80.35,0.614
498,3442,car,688.89,0.61,723.36,23.3,0.4009
499,2,car,657.59,173.61,774.14,265.02,0.8611
499,10,car,553.57,162.49,643.83,244.52,0.8612
499,1930,car,591.68,252.17,700.18,363.68,0.7207
499,2309,bus,760.04,92.51,959.8,410.81,0.9043
499,4308,car,544.53,78.52,632.57,135.77,0.8776
499,4785,car,642.48,45.29,735.48,85.26,0.7466
499,5,car,913.35,19.73,959.93,47.55,0.7192
499,5344,car,586.49,2.98,646.16,29.7,0.4629
499,4528,car,277.52,42.9,345.75,79.71,0.557
499,3442,car,688.74,0.69,723.16,23.26,0.4442
499,5664,car,173.07,40.1,215.49,80.21,0.3309
500,2,car,657.92,173.39,773.65,264.15,0.8612
500,10,car,553.3,162.37,643.71,244.51,0.8602
500,1930,car,591.68,252.11,700.22,363.64,0.758
500,2309,bus,759.78,92.49,959.98,411.67,0.9082
500,4308,car,542.4,79.96,630.17,136.89,0.8381
500,4785,car,640.47,45.6,733.7,85.84,0.7952
500,5,car,913.65,20.02,959.46,47.31,0.7271
500,5344,car,584.77,2.67,643.21,29.13,0.6366
500,4528,car,278.79,42.54,347.76,79.91,0.5821
500,3442,car,688.93,0.62,723.43,23.23,0.4221
500,5709,bike,752.56,87.08,789.01,113.86,0.2403
501,2,car,657.97,173.32,773.56,263.99,0.8583
501,10,car,553.36,162.61,643.88,244.86,0.8497
501,1930,car,592.23,252.04,699.82,362.45,0.7011
501,2309,bus,760.91,92.54,959.18,408.32,0.9064
501,4308,car,539.48,80.57,628.57,138.35,0.8229
501,4785,car,638.52,45.71,731.22,85.85,0.7814
501,5,car,914.08,20.11,959.38,47.04,0.7562
501,5344,car,582.47,2.6,639.91,28.88,0.5221
501,4528,car,281.23,42.72,348.17,78.97,0.6007
501,3442,car,689.04,0.57,723.61,23.24,0.4382
502,2,car,657.84,173.46,773.8,264.45,0.8546
502,10,car,553.59,162.77,643.77,244.63,0.8473
502,1930,car,591.93,252.05,700.46,363.48,0.6786
502,2309,bus,760.24,92.52,959.49,409.88,0.9065
502,4308,car,536.05,80.84,626.91,139.84,0.8418
502,4785,car,636.76,46.34,728.99,86.42,0.8085
502,5,car,913.89,19.77,959.93,47.21,0.7291
502,5344,car,582.02,2.96,636.94,28.25,0.6253
502,4528,car,284.97,42.38,349.04,76.67,0.5535
502,3442,car,688.68,0.59,723.3,23.24,0.4236
502,5664,car,179.95,40.11,220.49,78.52,0.2449
503,2,car,657.64,173.54,773.71,264.67,0.8588
503,10,car,553.76,162.91,643.93,244.66,0.8547
503,1930,car,591.97,251.92,699.92,362.58,0.6819
503,2309,bus,760.14,92.28,959.59,409.97,0.901
503,4308,car,533.57,81.98,624.55,140.99,0.8237
503,4785,car,635.38,46.74,726.01,86.14,0.8229
503,5,car,914.21,19.95,959.7,47.03,0.6874
503,5344,car,578.99,2.48,633.84,27.86,0.4644
503,4528,car,287.47,42.38,350.05,75.49,0.6599
503,3442,car,688.81,0.6,723.4,23.21,0.4577
503,5664,car,180.38,39.57,223.43,80.89,0.3519
504,2,car,657.76,173.42,773.58,264.37,0.8526
504,10,car,553.56,163.02,643.83,244.75,0.8528
504,1930,car,591.45,251.81,700.53,363.73,0.6653
504,2309,bus,760.38,92.07,959.42,408.96,0.899
504,4308,car,530.56,82.98,622.2,142.23,0.8443
504,4785,car,632.77,46.79,724.96,87.06,0.8089
504,5,car,913.74,19.38,960.0,47.09,0.6985
504,5344,car,577.88,2.2,631.94,27.46,0.4627
504,4528,car,287.46,41.94,352.98,76.7,0.5188
504,3442,car,688.9,0.53,723.62,23.24,0.452
504,5664,car,182.6,40.69,223.46,80.04,0.3927
505,2,car,657.56,173.12,773.91,264.63,0.8556
505,10,car,553.63,163.02,643.81,244.58,0.84
505,1930,car,591.2,251.85,700.61,364.19,0.6808
505,2309,bus,760.06,92.36,960.0,411.37,0.9041
505,4308,car,527.83,83.65,620.2,143.31,0.8559
505,4785,car,630.3,47.11,722.6,87.58,0.8004
505,5,car,913.51,19.15,960.0,47.21,0.7289
505,5344,car,577.35,2.16,629.56,26.78,0.3935
505,4528,car,289.65,41.16,356.38,76.44,0.5629
505,3442,car,689.28,0.45,723.64,22.98,0.4828
505,5664,car,184.4,41.84,224.58,80.52,0.4737
506,2,car,657.97,173.04,773.48,263.84,0.8505
506,10,car,553.82,163.0,643.87,244.31,0.8455
506,1930,car,591.27,251.79,700.54,364.07,0.6818
506,2309,bus,761.1,92.56,959.65,408.96,0.9018
506,4308,car,524.0,84.49,616.53,144.13,0.862
506,4785,car,627.55,47.05,720.28,87.81,0.8193
506,5,car,913.79,19.57,959.78,47.11,0.7172
506,5344,car,576.42,1.93,627.74,26.43,0.3695
506,4528,car,290.97,41.62,357.58,76.81,0.6338
506,3442,car,689.15,0.42,723.5,22.96,0.4747
506,5664,car,186.12,41.13,225.08,78.74,0.3577
507,2,car,658.37,173.14,773.23,263.39,0.8655
507,10,car,554.04,162.93,644.0,244.07,0.8461
507,1930,car,591.71,251.77,700.42,363.49,0.677
507,2309,bus,761.51,92.57,959.42,407.8,0.9099
507,4308,car,520.71,85.07,613.85,144.87,0.8531
507,4785,car,625.07,47.35,718.1,88.35,0.8352
507,5,car,913.84,19.94,959.4,47.15,0.7479
507,5344,car,574.19,1.84,624.89,26.14,0.3249
507,4528,car,290.83,40.88,360.48,77.82,0.5883
507,3442,car,689.15,0.45,723.39,22.92,0.4579
507,5664,car,187.81,41.46,226.23,78.34,0.3999
508,2,car,657.89,172.93,773.37,263.69,0.8541
508,10,car,554.35,162.94,644.04,243.71,0.8332
508,1930,car,591.58,251.7,700.4,363.5,0.6732
508,2309,bus,761.35,92.3,959.62,408.16,0.9001
508,4308,car,516.47,85.61,611.04,145.98,0.8292
508,4785,car,622.95,47.63,716.06,88.8,0.8482
508,5,car,912.89,19.18,960.0,47.43,0.7346
508,4528,car,290.96,39.61,362.94,77.97,0.538
508,3442,car,688.83,0.34,723.37,23.04,0.5317
508,5664,car,189.02,40.37,227.87,77.33,0.361
509,2,car,657.89,172.72,773.58,263.69,0.8514
509,10,car,553.45,162.92,643.83,244.15,0.8326
509,1930,car,591.33,251.6,700.28,363.57,0.6605
509,2309,bus,761.8,92.1,959.17,406.3,0.9017
509,4308,car,513.36,85.89,609.55,147.34,0.8171
509,4785,car,620.87,47.76,714.6,89.35,0.8709
509,5,car,913.23,19.06,960.0,47.37,0.7243
509,4528,car,294.58,40.34,363.37,76.75,0.5993
509,3442,car,689.34,0.38,723.59,22.93,0.4344
509,6184,car,218.03,21.24,247.56,44.79,0.324
510,2,car,657.75,172.68,773.86,264.08,0.8583
510,10,car,553.54,162.95,643.73,243.9,0.8527
510,1930,car,591.45,251.74,700.46,363.84,0.7283
510,2309,bus,760.93,91.91,959.93,409.0,0.9022
510,4308,car,510.07,86.16,607.9,148.71,0.8256
510,4785,car,618.53,48.08,712.0,89.69,0.7881
510,5,car,913.11,19.07,959.95,47.3,0.7234
510,4528,car,298.1,41.12,365.2,76.56,0.5666
510,3442,car,689.11,0.34,723.39,22.94,0.4714
511,2,car,658.06,172.8,773.49,263.65,0.8606
511,10,car,553.32,162.7,644.26,244.32,0.8389
511,1930,car,592.11,251.77,699.95,362.54,0.6929
511,2309,bus,760.65,91.95,960.0,410.54,0.9007
511,4308,car,507.12,86.07,606.38,149.67,0.7782
511,4785,car,617.76,48.43,709.85,89.54,0.811
511,5,car,913.29,19.28,959.86,47.38,0.7114
511,4528,car,300.64,41.25,367.02,76.18,0.4546
511,3442,car,689.63,0.33,723.79,22.95,0.3985
512,2,car,658.38,172.63,773.58,263.28,0.851
512,10,car,552.98,162.47,644.35,244.49,0.8247
512,1930,car,592.39,251.81,699.63,361.71,0.6673
512,2309,bus,760.8,91.75,959.96,409.47,0.8973
512,4308,car,504.92,87.78,603.94,151.11,0.8111
512,4785,car,615.93,49.26,706.37,89.57,0.7831
512,5,car,913.42,19.1,960.0,47.28,0.7361
512,4528,car,302.49,41.0,368.57,75.55,0.5722
512,3442,car,689.41,0.3,723.55,22.98,0.4162
512,6184,car,217.46,19.56,248.54,44.36,0.2384
513,2,car,657.95,172.71,773.71,263.87,0.8635
513,10,car,553.08,162.27,644.26,244.03,0.8447
513,1930,car,590.32,251.73,700.35,364.63,0.6468
513,2309,bus,760.42,91.6,960.0,411.13,0.9049
513,4308,car,502.08,89.33,601.33,152.7,0.8291
513,4785,car,612.32,48.77,705.53,90.53,0.8307
513,5,car,913.69,19.1,960.0,47.23,0.7538
513,4528,car,304.05,40.9,369.9,75.22,0.5068
513,3442,car,689.6,0.21,723.66,22.87,0.4573
513,6184,car,218.49,20.52,248.03,44.03,0.2656
513,5664,car,198.99,35.28,240.96,76.48,0.2892
514,2,car,657.65,172.67,773.69,264.11,0.8569
514,10,car,553.6,162.28,644.18,243.43,0.8548
514,1930,car,591.27,251.68,700.34,363.62,0.6674
514,2309,bus,760.04,91.41,960.0,411.55,0.9066
514,4308,car,499.19,92.4,597.67,154.84,0.8298
514,4785,car,610.02,48.78,704.01,91.0,0.8819
514,5,car,913.57,19.1,960.0,47.33,0.7242
514,4528,car,305.34,40.81,370.82,74.78,0.5663
514,3442,car,689.62,0.25,723.59,22.87,0.5076
515,2,car,657.71,172.63,773.62,264.01,0.847
515,10,car,553.49,162.43,644.34,243.78,0.8535
515,1930,car,591.56,251.58,700.29,363.16,0.6949
515,2309,bus,760.72,91.57,959.81,409.68,0.9017
515,4308,car,496.62,93.27,595.87,155.97,0.8526
515,4785,car,607.87,48.91,702.44,91.61,0.892
515,5,car,913.88,19.52,959.67,47.32,0.696
515,4528,car,308.53,40.68,371.49,72.93,0.4544
515,3442,car,689.73,0.32,723.24,22.6,0.4221
515,6184,car,218.74,20.39,247.02,42.82,0.2634
516,2,car,657.72,172.74,773.7,264.25,0.8243
516,10,car,553.24,162.14,644.54,243.84,0.8378
516,1930,car,591.32,251.52,699.86,362.83,0.6291
516,2309,bus,761.14,90.31,959.71,407.58,0.9042
516,4308,car,492.62,93.68,593.71,157.45,0.831
516,4785,car,606.11,49.52,699.17,91.62,0.8702
516,5,car,914.22,19.59,959.8,47.3,0.7011
516,4528,car,311.31,39.53,370.34,68.95,0.2942
516,3442,car,689.83,0.3,723.47,22.71,0.4937
516,6235,bike,200.86,90.28,252.34,134.22,0.4113
516,6184,car,219.09,20.8,247.07,42.85,0.2552
517,2,car,657.84,172.65,773.76,264.17,0.8289
517,10,car,553.32,162.39,644.27,243.58,0.8358
517,1930,car,590.96,251.4,699.94,363.22,0.6241
517,2309,bus,760.53,90.59,960.0,409.99,0.9003
517,4308,car,488.91,95.84,590.26,159.49,0.8511
517,4785,car,604.37,49.87,697.12,91.77,0.8717
517,5,car,914.63,20.26,958.98,47.09,0.6426
517,4528,car,310.9,39.58,374.69,71.24,0.6217
517,3442,car,689.95,0.29,723.57,22.68,0.4932
517,6235,bike,202.57,91.47,252.5,134.1,0.4341
517,6184,car,219.34,21.02,247.09,42.72,0.2921
518,2,car,657.54,172.65,773.62,264.31,0.8417
518,10,car,552.66,162.49,643.82,243.81,0.8403
518,1930,car,591.12,251.42,700.17,363.41,0.595
518,2309,bus,761.61,91.16,959.28,406.98,0.9027
518,4308,car,485.58,96.59,587.66,160.48,0.8683
518,4785,car,602.18,50.13,694.81,92.04,0.8961
518,5,car,914.44,20.21,958.86,46.98,0.6557
518,4528,car,312.41,39.82,377.14,71.88,0.6363
518,3442,car,689.99,0.37,723.34,22.55,0.4667
518,6235,bike,202.14,89.61,254.86,134.75,0.4947
518,6184,car,219.27,21.12,246.49,42.16,0.2427
519,2,car,657.48,172.7,773.87,264.72,0.8426
519,10,car,553.64,162.47,644.39,243.53,0.8341
519,1930,car,591.59,251.52,699.81,362.54,0.6453
519,2309,bus,761.34,91.29,959.5,407.87,0.9084
519,4308,car,482.77,97.67,585.12,161.44,0.8695
519,4785,car,599.58,50.25,692.69,92.53,0.9111
519,5,car,914.43,20.33,958.56,46.77,0.7252
519,4528,car,313.06,39.66,378.81,72.15,0.6821
519,3442,car,689.88,0.37,723.17,22.53,0.5583
520,2,car,657.47,172.58,773.87,264.66,0.8432
520,10,car,553.13,162.33,644.19,243.66,0.8372
520,1930,car,591.84,251.58,700.03,362.5,0.6905
520,2309,bus,761.06,90.04,959.82,407.72,0.8994
520,4308,car,479.29,99.61,581.34,162.8,0.8581
520,4785,car,597.02,50.22,690.7,92.86,0.897
520,5,car,913.67,20.02,958.94,47.1,0.7313
520,4528,car,314.99,39.33,380.69,71.82,0.6513
520,3442,car,689.85,0.25,723.35,22.63,0.4635
521,2,car,657.67,172.68,773.76,264.57,0.8437
521,10,car,553.16,162.33,644.49,243.91,0.8366
521,1930,car,591.77,251.58,700.13,362.65,0.6757
521,2309,bus,760.82,90.61,960.0,409.39,0.8977
521,4308,car,474.41,99.94,579.28,164.69,0.8681
521,4785,car,594.12,50.38,688.15,93.32,0.8575
521,5,car,913.76,19.67,959.53,47.08,0.7616
521,4528,car,317.36,38.85,381.82,70.63,0.5324
521,3442,car,689.85,0.29,723.64,22.86,0.5361
521,5664,car,218.08,38.89,255.48,75.73,0.3656
522,2,car,657.62,172.52,773.75,264.51,0.8535
522,10,car,553.72,162.39,644.56,243.45,0.8543
522,1930,car,591.5,251.55,700.65,363.48,0.6798
522,2309,bus,761.37,90.33,959.75,407.6,0.9066
522,4308,car,469.89,99.88,577.16,166.19,0.8663
522,4785,car,592.68,50.89,686.24,93.56,0.8033
522,5,car,912.86,19.73,958.88,47.1,0.681
522,4528,car,321.3,38.13,382.92,68.28,0.5345
522,3442,car,689.91,0.25,723.66,22.85,0.5292
522,5664,car,219.3,38.26,257.1,75.48,0.4594
523,2,car,657.66,172.4,773.44,264.11,0.8472
523,10,car,553.54,162.53,644.47,243.61,0.8415
523,1930,car,591.62,251.61,700.49,363.24,0.66
523,2309,bus,761.26,89.94,959.89,407.75,0.9019
523,4308,car,466.38,100.97,574.4,167.7,0.8601
523,4785,car,590.55,51.01,683.95,93.64,0.8655
523,5,car,913.2,19.54,959.25,46.91,0.7484
523,4528,car,323.51,37.72,384.55,67.32,0.5561
523,3442,car,689.83,0.3,723.39,22.8,0.5119
523,5664,car,220.31,37.85,258.6,75.6,0.3517
524,2,car,657.87,172.65,773.64,264.39,0.8597
524,10,car,553.74,162.49,644.61,243.49,0.8483
524,1930,car,590.92,251.61,700.7,364.32,0.7241
524,2309,bus,760.97,88.74,960.0,407.71,0.9068
524,4308,car,462.99,102.23,571.48,169.07,0.8732
524,4785,car,588.03,51.35,681.4,94.11,0.8883
524,5,car,913.3,19.24,959.76,46.91,0.7202
524,4528,car,324.77,37.58,386.54,67.3,0.5724
524,3442,car,689.52,0.24,723.42,22.95,0.5717
524,5664,car,221.9,37.72,260.25,75.87,0.3215
525,2,car,657.72,172.66,773.7,264.65,0.8405
525,10,car,553.39,162.77,644.57,244.13,0.8481
525,1930,car,591.32,251.52,700.41,363.53,0.6968
525,2309,bus,759.78,85.36,960.0,407.92,0.9019
525,4308,car,459.53,103.65,568.99,170.88,0.8548
525,4785,car,585.82,51.71,679.09,94.49,0.8882
525,5,car,913.37,19.08,959.96,46.88,0.7376
525,4528,car,324.54,37.19,389.32,68.34,0.6277
525,3442,car,689.63,0.27,723.23,22.82,0.5415
525,5664,car,224.59,37.37,262.24,75.57,0.317
525,6283,car,0.95,37.6,29.21,86.11,0.3979
526,2,car,657.88,172.8,773.4,264.43,0.8504
526,10,car,553.83,162.78,644.5,243.79,0.8441
526,1930,car,591.77,251.66,700.08,362.8,0.6479
526,2309,bus,758.61,82.54,960.0,410.42,0.8998
526,4308,car,455.94,104.87,566.34,172.36,0.8254
526,4785,car,583.7,52.5,676.49,94.95,0.8599
526,5,car,913.7,19.45,959.82,47.0,0.7313
526,4528,car,325.91,37.19,390.94,68.42,0.6315
526,3442,car,689.52,0.23,723.27,22.93,0.5406
526,6283,car,0.48,38.17,28.24,85.8,0.2707
526,5344,car,537.6,0.0,575.22,17.94,0.4477
527,2,car,657.7,172.89,773.64,264.91,0.8512
527,10,car,553.99,162.86,644.57,243.91,0.8491
527,1930,car,591.95,251.74,699.98,362.55,0.6735
527,2309,bus,759.05,86.74,960.0,413.67,0.9057
527,4308,car,451.64,106.99,561.81,173.94,0.842
527,4785,car,582.74,53.05,674.35,94.77,0.8786
527,5,car,913.88,19.68,959.41,46.82,0.734
527,4528,car,328.88,37.37,391.23,67.06,0.5756
527,3442,car,689.46,0.31,723.18,22.96,0.436
527,5344,car,536.38,0.0,573.51,17.58,0.5377
527,6235,bike,213.72,91.39,263.56,134.24,0.28
527,6184,car,217.72,19.31,243.58,38.89,0.2973
527,5664,car,227.82,37.5,264.46,75.37,0.4139
528,2,car,658.36,172.77,773.05,263.71,0.8658
528,10,car,554.13,162.43,644.91,243.82,0.8542
528,1930,car,591.91,251.68,699.85,362.29,0.7013
528,2309,bus,760.21,89.02,960.0,411.58,0.9024
528,4308,car,448.15,107.56,559.73,175.27,0.8641
528,4785,car,580.56,53.29,672.35,94.98,0.8731
528,5,car,913.88,20.07,959.01,46.86,0.6783
528,4528,car,331.17,37.72,391.58,66.16,0.5496
528,3442,car,689.44,0.25,723.34,23.05,0.497
528,5344,car,535.55,0.0,572.03,17.05,0.6423
528,6235,bike,213.58,88.47,266.25,134.35,0.3602
528,5664,car,230.58,37.54,264.91,72.98,0.4026
529,2,car,658.0,172.66,773.4,264.21,0.8584
529,10,car,554.13,162.47,644.73,243.83,0.8625
529,1930,car,591.97,251.75,699.86,362.22,0.69
529,2309,bus,760.88,90.76,959.75,411.35,0.9004
529,4308,car,445.12,108.59,557.86,176.92,0.8823
529,4785,car,577.72,53.42,670.5,95.62,0.8852
529,5,car,914.53,20.43,959.13,46.81,0.7126
529,4528,car,332.85,37.48,393.45,65.83,0.5475
529,3442,car,689.86,0.3,723.51,22.95,0.5382
529,5344,car,534.07,0.0,570.45,16.86,0.6268
529,6235,bike,214.21,86.17,268.02,133.7,0.2482
529,5664,car,232.72,37.38,265.69,71.48,0.4355
529,6283,car,0.12,36.33,28.83,85.58,0.3997
530,2,car,658.2,172.65,773.23,263.87,0.8558
530,10,car,554.11,162.74,644.49,243.94,0.8617
530,1930,car,591.92,251.7,699.81,362.13,0.6698
530,2309,bus,760.76,90.37,960.0,411.87,0.9071
530,4308,car,440.54,109.86,554.37,178.65,0.8426
530,4785,car,574.71,53.48,668.27,96.05,0.838
530,5,car,914.01,20.42,958.73,46.68,0.6447
530,4528,car,333.41,37.2,396.07,66.48,0.6307
530,3442,car,690.07,0.29,723.84,23.01,0.4866
530,5344,car,533.0,0.01,568.79,16.41,0.6243
530,6235,bike,215.86,85.52,268.5,132.47,0.3429
530,5664,car,234.44,36.83,269.68,73.56,0.2936
530,6283,car,0.0,34.65,29.08,85.01,0.2276
531,2,car,658.28,172.71,773.0,263.6,0.8536
531,10,car,554.65,162.84,644.24,243.34,0.862
531,1930,car,591.84,251.67,700.26,362.55,0.6927
531,2309,bus,761.82,90.23,959.19,408.34,0.9045
531,4308,car,436.56,111.28,550.9,180.23,0.8654
531,4785,car,572.12,53.81,666.34,96.74,0.795
531,5,car,913.34,20.06,959.45,47.18,0.6813
531,4528,car,334.88,37.02,398.17,66.5,0.6488
531,3442,car,689.78,0.26,723.71,23.06,0.5262
531,5344,car,531.69,0.0,567.45,16.21,0.4826
531,6235,bike,217.03,85.74,269.22,132.79,0.3395
531,5664,car,236.13,36.24,271.89,74.09,0.2419
531,6283,car,0.0,34.71,28.81,85.0,0.3968
532,2,car,658.91,173.06,772.94,263.27,0.8528
532,10,car,554.72,162.69,644.47,243.41,0.8613
532,1930,car,590.51,251.66,701.32,365.35,0.6469
532,2309,bus,761.76,90.91,959.25,409.06,0.9037
532,4308,car,431.0,111.88,548.53,182.71,0.8537
532,4785,car,569.83,54.06,664.43,97.15,0.8169
532,5,car,913.63,20.42,959.71,47.51,0.5592
532,4528,car,336.72,36.84,399.58,66.02,0.5906
532,3442,car,689.93,0.38,723.37,22.86,0.5348
532,5344,car,529.98,0.01,565.43,16.0,0.4101
532,6235,car,218.77,85.99,269.44,131.8,0.3022
532,6283,car,0.0,33.71,29.01,84.46,0.2552
533,2,car,658.5,172.91,773.07,263.52,0.8565
533,10,car,554.68,162.68,644.64,243.68,0.8607
533,1930,car,591.09,251.65,700.55,363.94,0.748
533,2309,bus,761.25,90.99,959.67,410.79,0.9029
533,4308,car,425.96,113.64,544.12,184.66,0.8653
533,4785,car,566.72,54.33,661.3,97.32,0.7615
533,5,car,912.59,20.54,960.0,48.84,0.5438
533,4528,car,337.75,36.56,401.79,66.32,0.441
533,3442,car,689.84,0.37,723.41,22.95,0.5097
533,5344,car,528.51,0.0,563.34,15.6,0.5189
533,6283,car,0.0,32.85,28.68,83.9,0.2537
534,2,car,658.28,172.98,773.12,263.78,0.8586
534,10,car,554.77,162.69,644.57,243.62,0.8568
534,1930,car,591.47,251.7,700.44,363.46,0.7004
534,2309,bus,761.47,90.85,959.29,409.52,0.9025
534,4308,car,422.1,115.12,541.11,186.56,0.8865
534,4785,car,564.57,54.7,660.14,98.3,0.8022
534,5,car,911.62,20.16,960.0,50.05,0.6048
534,4528,car,340.98,36.37,403.82,65.4,0.4611
534,3442,car,689.73,0.32,723.46,23.0,0.5778
534,5344,car,527.05,0.0,561.77,15.46,0.4687
534,6283,car,0.62,36.9,28.29,84.49,0.3192
534,5664,car,243.54,34.58,278.45,70.82,0.2817
534,6235,bike,220.06,85.91,271.86,133.1,0.3223
535,2,car,657.98,172.86,773.5,264.27,0.8571
535,10,car,554.8,162.9,644.24,243.49,0.8575
535,1930,car,591.96,251.8,700.01,362.45,0.702
535,2309,bus,761.6,90.65,958.4,407.11,0.909
535,4308,car,418.23,116.25,538.41,188.48,0.8899
535,4785,car,564.42,55.23,658.85,98.67,0.7496
535,5,car,909.86,19.99,960.0,51.81,0.5698
535,4528,car,341.74,36.31,404.91,65.54,0.4847
535,3442,car,689.65,0.4,723.4,23.05,0.5137
535,5344,car,526.09,0.0,560.42,15.16,0.433
535,6355,bike,547.58,78.77,593.6,123.86,0.4056
536,2,car,657.75,173.04,773.89,265.06,0.8485
536,10,car,554.71,163.16,644.08,243.7,0.8585
536,1930,car,591.85,251.86,700.03,362.58,0.7078
536,2309,bus,761.66,91.1,958.39,407.05,0.9018
536,4308,car,414.02,118.2,535.11,191.04,0.8772
536,4785,car,560.81,55.25,659.05,100.98,0.7217
536,5,car,910.71,20.67,960.0,52.02,0.5467
536,4528,car,344.89,35.82,405.44,63.73,0.425
536,3442,car,689.52,0.38,723.26,22.98,0.4378
536,5344,car,525.21,0.0,559.01,14.82,0.4333
537,2,car,657.61,173.2,773.63,265.13,0.8384
537,10,car,554.8,163.5,644.02,243.93,0.8561
537,1930,car,592.16,251.99,700.33,362.61,0.6168
537,2309,bus,760.31,91.66,959.6,411.94,0.9067
537,4308,car,409.74,119.98,531.83,193.6,0.8684
537,4785,car,562.88,56.03,655.92,99.67,0.6147
537,5,car,910.24,20.14,960.0,53.29,0.5581
537,4528,car,345.02,35.52,408.29,64.79,0.4959
537,3442,car,689.46,0.5,723.21,23.11,0.5067
537,5344,car,523.55,0.0,557.58,14.91,0.3778
537,6283,car,0.79,38.47,26.52,82.45,0.3
538,2,car,658.24,173.34,772.98,264.12,0.8549
538,10,car,555.16,163.6,643.93,243.6,0.8562
538,1930,car,592.72,252.09,700.15,361.78,0.6185
538,2309,bus,760.09,91.72,959.81,412.8,0.9032
538,4308,car,404.73,121.32,528.56,196.1,0.8668
538,4785,car,565.65,56.32,653.09,97.62,0.5834
538,5,car,909.7,19.51,960.0,53.44,0.7103
538,4528,car,345.95,35.29,411.41,65.7,0.5951
538,3442,car,689.46,0.52,723.34,23.23,0.4774
538,5344,car,521.91,0.0,556.15,14.98,0.409
538,6235,bike,223.83,86.81,276.1,134.77,0.3466
539,2,car,658.67,173.52,772.92,263.81,0.8662
539,10,car,555.13,163.75,643.85,243.7,0.8541
539,1930,car,592.84,252.29,700.14,361.73,0.7384
539,2309,bus,760.56,92.02,959.46,411.66,0.9033
539,4308,car,400.17,123.2,524.47,198.17,0.8695
539,4785,car,566.49,56.68,651.52,97.22,0.5474
539,5,car,909.03,19.21,960.0,54.01,0.6904
539,4528,car,347.35,35.33,413.12,66.06,0.5456
539,3442,car,689.53,0.6,723.41,23.3,0.4859
539,5344,car,520.59,0.0,554.75,14.95,0.5075
540,2,car,658.6,173.82,773.03,264.18,0.8546
540,10,car,555.13,163.92,643.86,243.85,0.8546
540,1930,car,592.21,252.28,700.17,362.46,0.7035
540,2309,bus,761.28,92.58,959.1,410.27,0.9044
540,4308,car,395.31,124.9,521.84,201.25,0.8801
540,4785,car,566.97,57.0,649.36,96.59,0.5931
540,5,car,907.8,19.95,960.0,54.23,0.7353
540,4528,car,349.46,35.56,414.65,66.19,0.5617
540,3442,car,689.38,0.52,723.48,23.38,0.4642
540,5344,car,519.36,0.0,553.6,15.04,0.5963
540,6283,car,1.94,41.71,27.1,83.85,0.3728
540,6235,bike,226.61,86.12,279.26,135.06,0.2699
541,2,car,657.85,173.89,773.67,265.44,0.8517
541,10,car,555.09,163.99,643.75,243.82,0.848
541,1930,car,591.78,252.32,699.81,362.53,0.6289
541,2309,bus,760.91,93.21,959.16,411.43,0.9014
541,4308,car,390.4,127.01,517.42,203.7,0.8745
541,4785,car,566.27,57.1,646.34,95.75,0.661
541,5,car,907.01,20.88,959.71,54.44,0.7177
541,4528,car,352.28,35.68,414.34,64.77,0.492
541,3442,car,689.81,0.57,723.81,23.4,0.4075
541,5344,car,518.74,0.0,551.78,14.48,0.3327
541,6283,car,1.32,40.72,26.95,83.27,0.2863
541,6235,bike,227.53,85.82,280.77,136.1,0.2292
542,2,car,658.2,173.79,773.42,264.84,0.8559
542,10,car,555.2,164.06,643.92,243.9,0.8547
542,1930,car,592.06,252.4,699.77,362.27,0.6129
542,2309,bus,761.77,93.28,958.6,408.72,0.9053
542,4308,car,385.15,128.86,513.19,206.46,0.8722
542,4785,car,567.53,57.75,644.64,95.41,0.6354
542,5,car,904.93,20.82,958.15,54.35,0.7235
542,4528,car,354.04,35.43,415.39,64.05,0.4513
542,3442,car,689.71,0.52,723.93,23.52,0.4481
542,5344,car,517.51,0.0,549.96,14.19,0.387
542,6355,bike,554.44,79.9,600.91,124.47,0.3604
543,2,car,658.51,173.92,773.02,264.31,0.8522
543,10,car,555.09,164.14,644.2,244.33,0.8629
543,1930,car,592.13,252.39,699.98,362.38,0.657
543,2309,bus,761.33,93.53,958.86,409.87,0.9047
543,4308,car,379.86,130.15,509.73,209.17,0.8702
543,4785,car,566.27,57.99,641.91,95.16,0.4659
543,5,car,903.08,21.53,956.5,54.58,0.6464
543,4528,car,355.66,35.43,416.33,63.58,0.4383
543,3442,car,689.55,0.46,723.92,23.6,0.5108
543,5344,car,516.3,0.0,548.55,14.07,0.3272
543,6355,bike,559.55,81.8,601.1,120.31,0.3096
543,6283,car,0.47,40.65,27.46,85.38,0.3196
544,2,car,658.19,173.84,773.26,264.63,0.8647
544,10,car,555.1,164.35,644.32,244.62,0.8549
544,1930,car,592.11,252.66,699.77,362.35,0.7079
544,2309,bus,761.6,93.75,958.72,409.1,0.9103
544,4308,car,374.49,131.79,506.13,212.14,0.8734
544,4785,car,556.68,59.23,634.13,96.58,0.3267
544,5,car,899.87,20.76,955.41,54.5,0.6429
544,4528,car,357.45,34.41,418.86,62.94,0.2644
544,3442,car,689.47,0.61,723.72,23.68,0.4886
544,5344,car,515.36,0.0,547.18,13.83,0.3445
545,2,car,657.93,174.01,773.44,265.09,0.8572
545,10,car,554.96,164.2,644.37,244.67,0.8537
545,1930,car,592.13,252.63,700.07,362.59,0.7045
545,2309,bus,761.57,93.89,958.88,409.31,0.9074
545,4308,car,369.46,133.59,502.79,215.43,0.8703
545,4785,car,545.75,60.53,634.73,103.6,0.4714
545,5,car,898.14,21.86,953.24,54.38,0.6241
545,4528,car,358.0,33.78,421.18,63.22,0.566
545,3442,car,689.71,0.62,724.03,23.81,0.5023
545,5344,car,514.07,0.0,545.79,13.74,0.3136
545,6283,car,2.2,44.01,27.52,84.68,0.3241
546,2,car,657.66,173.98,773.72,265.55,0.8489
546,10,car,554.74,163.9,644.33,244.55,0.8503
546,1930,car,591.83,252.77,700.19,363.13,0.6787
546,2309,bus,760.92,94.16,959.1,410.79,0.9083
546,4308,car,364.28,135.75,497.78,218.02,0.8831
546,4785,car,538.3,60.91,634.85,108.01,0.4047
546,5,car,896.57,22.75,951.5,54.04,0.6601
546,4528,car,359.59,33.94,421.71,62.79,0.4205
546,3442,car,689.95,0.55,724.12,23.73,0.4506
546,5344,car,512.45,0.0,543.9,13.56,0.324
547,2,car,658.06,174.28,773.45,265.24,0.8561
547,10,car,554.76,164.0,644.21,244.57,0.8463
547,1930,car,591.98,252.73,699.75,362.39,0.6731
547,2309,bus,761.2,94.2,958.72,409.38,0.9068
547,4308,car,359.29,137.9,493.52,220.94,0.883
547,5,car,894.08,23.22,950.43,54.17,0.6823
547,4528,car,361.72,33.87,421.55,61.27,0.4948
547,3442,car,689.76,0.58,723.91,23.79,0.5273
548,2,car,657.88,174.13,773.65,265.41,0.8507
548,10,car,554.91,164.24,644.21,244.63,0.8555
548,1930,car,592.35,252.68,699.44,361.53,0.736
548,2309,bus,762.15,94.03,957.98,405.83,0.9054
548,4308,car,354.77,140.53,489.06,223.77,0.8893
548,5,car,892.29,24.42,948.83,54.09,0.7545
548,4528,car,364.84,33.91,423.16,60.43,0.4909
548,3442,car,689.76,0.65,723.86,23.84,0.4984
548,4785,car,538.95,68.6,622.65,108.53,0.4109
549,2,car,658.01,174.14,773.56,265.22,0.8656
549,10,car,554.94,164.31,644.15,244.61,0.8541
549,1930,car,592.57,252.65,699.36,360.98,0.7403
549,2309,bus,761.37,94.1,958.69,408.08,0.9037
549,4308,car,349.09,142.87,484.86,227.37,0.8753
549,5,car,888.74,24.45,948.15,54.41,0.7411
549,4528,car,367.36,34.39,425.93,61.01,0.4889
549,3442,car,689.86,0.52,724.02,23.8,0.5558
549,4785,car,535.81,67.29,622.18,108.22,0.5242
549,5344,car,510.69,0.0,539.58,12.32,0.2591
550,2,car,657.55,174.05,773.72,265.51,0.8564
550,10,car,555.02,164.5,643.97,244.5,0.8667
550,1930,car,592.47,252.49,699.43,360.93,0.7246
550,2309,bus,761.38,94.01,958.84,407.97,0.9034
550,4308,car,343.85,145.07,480.36,230.21,0.8651
550,5,car,885.39,24.5,946.85,54.15,0.7463
550,4528,car,369.38,34.39,428.04,60.9,0.4392
550,3442,car,689.51,0.44,723.61,23.65,0.495
550,6457,bike,576.79,77.93,625.93,124.28,0.3713
551,2,car,657.36,174.12,774.05,266.09,0.8593
551,10,car,554.89,164.38,643.9,244.4,0.8601
551,1930,car,592.47,252.41,699.4,360.72,0.7418
551,2309,bus,760.33,93.55,959.26,409.82,0.9064
551,4308,car,337.23,146.78,476.78,234.31,0.8646
551,5,car,881.98,24.88,945.01,53.99,0.7943
551,4528,car,369.89,32.78,429.3,59.41,0.5495
551,3442,car,689.37,0.39,723.45,23.56,0.4633
551,6457,bike,578.58,82.33,623.33,124.49,0.3597
552,2,car,657.66,173.99,773.57,265.33,0.863
552,10,car,554.95,164.27,643.8,244.11,0.8637
552,1930,car,591.94,252.27,699.99,361.77,0.7323
552,2309,bus,760.51,93.35,959.3,409.32,0.8992
552,4308,car,332.95,149.27,472.33,237.0,0.8574
552,5,car,878.06,24.96,943.27,53.93,0.8118
552,4528,car,371.4,32.14,430.48,58.43,0.4331
552,3442,car,689.31,0.35,723.26,23.41,0.601
552,6457,bike,581.0,86.39,622.41,125.21,0.3168
552,4785,car,525.63,62.91,620.12,107.58,0.7059
553,2,car,657.67,173.99,773.35,265.12,0.8611
553,10,car,554.61,164.0,643.85,244.17,0.861
553,1930,car,591.47,252.21,700.36,362.63,0.6803
553,2309,bus,760.44,92.97,959.7,409.81,0.9077
553,4308,car,325.2,151.85,469.03,243.04,0.8582
553,5,car,873.43,24.43,941.84,53.82,0.822
553,4528,car,372.82,31.37,432.91,58.08,0.4103
553,3442,car,689.48,0.33,723.28,23.28,0.5068
553,6457,bike,581.57,85.16,624.44,125.18,0.293
553,6482,car,933.74,20.21,959.09,48.24,0.3307
553,4785,car,523.52,61.79,620.46,107.43,0.6432
554,2,car,658.09,173.75,772.94,264.11,0.8674
554,10,car,554.88,164.16,643.7,243.91,0.8555
554,1930,car,591.18,252.31,700.76,363.57,0.668
554,2309,bus,761.06,93.01,959.28,407.98,0.9064
554,4308,car,320.01,154.31,464.97,246.82,0.865
554,5,car,868.7,24.85,938.02,53.69,0.826
554,4528,car,375.91,31.3,436.18,58.24,0.4747
554,3442,car,689.5,0.13,723.43,23.18,0.5676
554,6457,bike,581.98,84.12,626.53,125.44,0.3067
554,6482,car,934.0,20.19,958.54,47.28,0.4513
554,4785,car,518.21,62.46,613.25,107.65,0.6784
555,2,car,657.92,173.44,773.25,264.19,0.8619
555,10,car,554.89,164.13,643.62,243.7,0.8597
555,1930,car,592.1,252.11,700.06,361.49,0.7317
555,2309,bus,760.27,93.2,960.0,411.56,0.9047
555,4308,car,315.05,156.81,459.39,249.44,0.8524
555,5,car,863.57,24.65,934.96,53.53,0.83
555,4528,car,378.2,31.27,438.44,58.35,0.5318
555,3442,car,689.2,0.11,723.07,23.11,0.4758
555,6482,car,933.53,20.03,957.6,46.45,0.5117
555,4785,car,517.28,63.01,612.13,108.11,0.746
556,2,car,657.66,173.09,773.61,264.39,0.8643
556,10,car,554.76,163.81,643.64,243.45,0.8487
556,1930,car,591.58,251.78,700.54,362.28,0.6849
556,2309,bus,759.91,92.99,960.0,412.64,0.9069
556,4308,car,310.01,158.67,454.34,251.66,0.8426
556,5,car,859.21,24.11,932.91,53.24,0.7971
556,4528,car,379.7,30.95,438.57,57.39,0.3923
556,3442,car,689.15,0.03,722.91,22.92,0.5088
556,6482,car,932.92,19.69,956.75,45.57,0.5921
556,4785,car,513.73,63.12,609.41,108.77,0.7328
557,2,car,657.86,172.9,773.6,264.07,0.8653
557,10,car,554.57,163.45,643.64,243.2,0.8612
557,1930,car,591.04,251.77,700.69,363.03,0.7119
557,2309,bus,760.84,92.5,960.0,410.35,0.9049
557,4308,car,304.56,161.44,449.26,254.93,0.8637
557,5,car,855.05,23.34,930.87,52.65,0.7492
557,4528,car,380.8,30.07,438.8,55.99,0.3491
557,3442,car,689.14,0.0,722.75,22.71,0.55
557,6482,car,931.76,19.16,956.05,45.16,0.6689
557,4785,car,509.84,63.27,606.08,109.33,0.7227
558,2,car,657.84,172.6,773.79,263.99,0.8646
558,10,car,554.49,163.12,643.74,242.99,0.8517
558,1930,car,591.48,251.56,700.31,361.91,0.6676
558,2309,bus,761.07,92.35,960.0,409.81,0.9106
558,4308,car,298.64,163.98,444.36,258.44,0.8613
558,5,car,850.3,23.16,926.52,52.16,0.7728
558,4528,car,381.02,29.67,439.4,55.7,0.4613
558,3442,car,689.47,0.0,722.67,22.38,0.5211
558,6482,car,929.68,19.19,955.22,45.99,0.6822
558,4785,car,507.48,63.51,604.04,110.25,0.7502
559,2,car,657.89,172.4,773.83,263.87,0.8437
559,10,car,554.46,162.87,643.8,242.78,0.8467
559,1930,car,590.52,251.68,700.56,363.41,0.7041
559,2309,bus,762.14,92.42,959.15,406.21,0.9096
559,4308,car,291.99,166.9,440.1,263.21,0.8713
559,5,car,844.71,22.69,923.1,52.2,0.8148
559,4528,car,386.78,28.92,442.27,53.78,0.3261
559,3442,car,689.29,0.0,722.48,22.32,0.4761
559,6482,car,926.85,18.93,954.0,46.64,0.7775
559,4785,car,504.46,63.25,602.83,111.19,0.7583
560,2,car,657.95,172.36,773.8,263.83,0.8602
560,10,car,554.63,162.84,643.9,242.66,0.8483
560,1930,car,590.36,251.67,700.86,363.98,0.6976
560,2309,bus,761.6,92.14,959.35,407.07,0.9094
560,4308,car,284.85,169.69,435.96,268.6,0.8266
560,5,car,840.49,22.19,920.21,51.94,0.7788
560,4528,car,389.63,28.58,443.08,52.51,0.3945
560,3442,car,689.51,0.0,722.28,21.95,0.4845
560,6482,car,924.61,18.94,953.33,47.37,0.7969
560,4785,car,501.67,63.55,600.43,111.48,0.6586
561,2,car,658.11,172.34,774.06,263.96,0.8502
561,10,car,554.79,162.85,643.84,242.42,0.8472
561,1930,car,590.76,251.2,700.76,363.04,0.714
561,2309,bus,761.32,92.28,959.63,408.16,0.9061
561,4308,car,286.89,171.77,423.47,259.82,0.633
561,5,car,836.23,22.28,915.95,51.76,0.7665
561,4528,car,391.65,27.92,445.57,52.21,0.3354
561,3442,car,689.78,0.0,721.96,21.46,0.5276
561,6482,car,923.38,19.16,952.48,46.85,0.7571
561,4785,car,497.07,64.27,596.91,112.36,0.7512
561,6532,car,285.21,213.58,356.73,273.59,0.4215
562,2,car,657.94,172.28,774.08,264.17,0.8575
562,10,car,554.6,162.57,643.89,242.4,0.8603
562,1930,car,590.86,250.92,700.69,362.69,0.695
562,2309,bus,759.94,92.13,960.0,412.88,0.9085
562,4308,car,274.76,175.01,423.05,271.13,0.6189
562,5,car,831.78,21.28,913.84,51.51,0.792
562,4528,car,390.28,27.35,445.72,52.26,0.2424
562,3442,car,689.79,0.0,722.09,21.39,0.5503
562,6482,car,921.41,19.07,951.4,46.29,0.7949
562,4785,car,494.56,64.83,594.6,112.8,0.8036
562,6532,car,280.48,214.79,355.76,277.83,0.4496
563,2,car,658.06,172.09,773.93,263.85,0.8589
563,10,car,554.43,162.29,644.06,242.47,0.8517
563,1930,car,590.92,250.83,700.68,362.59,0.7287
563,2309,bus,760.75,91.95,960.0,410.55,0.9069
563,4308,car,262.61,177.68,422.21,282.38,0.676
563,5,car,827.6,21.11,910.24,51.36,0.7725
563,3442,car,690.14,0.0,722.58,21.42,0.5423
563,6482,car,920.49,18.86,951.84,46.2,0.7555
563,4785,car,492.8,65.0,592.69,112.96,0.771
563,6532,car,275.23,219.2,353.31,284.31,0.2936
564,2,car,657.86,172.06,773.84,264.01,0.8597
564,10,car,554.44,162.21,643.87,242.22,0.8461
564,1930,car,590.9,250.75,700.64,362.45,0.7171
564,2309,bus,761.29,91.29,959.82,408.22,0.9068
564,4308,car,254.52,180.87,417.45,288.74,0.658
564,5,car,824.39,21.0,907.35,51.16,0.7899
564,3442,car,690.14,0.0,722.26,21.13,0.513
564,6482,car,919.87,18.62,952.52,46.09,0.7889
564,4785,car,491.13,65.21,591.17,113.38,0.8093
564,6532,car,267.91,216.36,355.44,288.95,0.3585
564,4528,car,392.89,24.05,450.95,50.52,0.3277
565,2,car,657.62,172.0,774.01,264.42,0.8567
565,10,car,554.46,162.02,643.89,242.08,0.8355
565,1930,car,591.26,250.61,700.57,361.85,0.7502
565,2309,bus,761.68,91.0,959.5,406.71,0.9084
565,4308,car,247.91,184.58,412.92,294.94,0.3008
565,5,car,821.4,20.8,904.19,50.74,0.7754
565,3442,car,690.11,0.0,722.13,20.95,0.5297
565,6482,car,919.75,18.62,953.18,45.83,0.7849
565,4785,car,489.05,65.5,589.65,114.03,0.7979
565,6532,car,264.41,221.34,354.03,294.8,0.5929
565,4528,car,394.93,24.81,450.71,50.2,0.3617
566,2,car,657.84,172.01,774.09,264.43,0.8571
566,10,car,554.27,161.77,643.8,241.95,0.8334
566,1930,car,590.61,250.51,700.43,362.37,0.7361
566,2309,bus,760.76,90.81,960.0,409.87,0.9019
566,5,car,818.7,20.94,900.4,50.25,0.762
566,3442,car,690.22,0.0,722.06,20.75,0.5013
566,6482,car,919.48,18.7,953.76,45.76,0.7234
566,4785,car,487.3,66.3,588.78,115.31,0.7577
566,6532,car,257.75,221.06,354.33,299.38,0.6557
566,4528,car,396.28,24.6,451.62,49.77,0.3947
567,2,car,658.05,171.62,774.11,263.99,0.8622
567,10,car,554.29,161.59,644.0,241.92,0.8468
567,1930,car,590.48,250.32,700.63,362.63,0.7203
567,2309,bus,760.47,90.68,960.0,410.83,0.9102
567,5,car,814.43,20.16,898.32,50.17,0.8125
567,3442,car,690.23,0.0,721.88,20.52,0.4908
567,6482,car,919.01,18.28,954.4,45.5,0.7753
567,4785,car,483.93,66.47,585.58,115.74,0.8189
567,6532,car,250.13,222.33,354.31,305.89,0.5753
567,4528,car,398.53,24.32,453.24,49.33,0.4187
567,6566,bike,598.04,77.33,654.44,123.48,0.3355
568,2,car,658.15,171.48,774.35,264.1,0.8559
568,10,car,554.36,161.6,643.9,241.72,0.831
568,1930,car,590.35,250.16,700.82,362.95,0.653
568,2309,bus,761.16,90.64,959.69,408.17,0.903
568,5,car,810.62,19.23,896.05,49.75,0.7816
568,3442,car,690.22,0.0,721.86,20.39,0.5377
568,6482,car,918.67,17.97,955.06,45.33,0.7217
568,4785,car,481.69,66.77,583.33,116.17,0.8861
568,4528,car,398.94,23.3,454.87,49.0,0.473
568,4308,car,218.19,196.99,387.63,313.12,0.7252
569,2,car,658.5,171.46,774.1,263.66,0.8554
569,10,car,554.47,161.84,643.74,241.69,0.8361
569,1930,car,590.02,250.19,700.7,363.42,0.6831
569,2309,bus,761.37,90.99,959.93,408.75,0.9006
569,5,car,806.4,18.68,892.93,49.65,0.7819
569,3442,car,689.97,0.0,721.81,20.38,0.4706
569,6482,car,918.2,17.9,955.31,45.17,0.7097
569,4785,car,480.31,67.19,581.82,116.63,0.8766
569,4528,car,399.47,22.78,456.12,48.94,0.4844
569,6580,car,387.9,487.34,564.11,539.36,0.4372
569,4308,car,210.28,200.48,380.55,319.67,0.827
570,2,car,658.64,171.4,774.18,263.64,0.8539
570,10,car,554.38,161.85,643.92,241.92,0.8409
570,1930,car,590.27,250.1,700.4,362.9,0.7072
570,2309,bus,761.83,91.12,959.57,407.47,0.8966
570,5,car,804.75,19.26,888.63,49.18,0.7851
570,3442,car,689.9,0.0,721.94,20.4,0.4628
570,6482,car,917.83,17.73,955.96,45.28,0.7341
570,4785,car,479.14,68.06,579.18,116.88,0.867
570,4528,car,400.64,22.44,457.71,49.0,0.6068
570,6580,car,377.12,477.32,584.98,539.02,0.383
570,4308,car,202.93,203.66,374.92,326.36,0.8347
571,2,car,658.86,171.84,773.99,263.77,0.8621
571,10,car,554.56,161.87,644.03,241.83,0.8248
571,1930,car,590.59,250.13,700.27,362.57,0.65
571,2309,bus,762.09,90.45,958.86,404.82,0.8998
571,5,car,801.78,19.05,886.13,49.09,0.7684
571,3442,car,690.0,0.0,722.03,20.31,0.5358
571,6482,car,917.85,17.82,956.35,45.17,0.7222
571,4785,car,475.94,68.78,576.15,117.8,0.8342
571,4528,car,402.08,22.44,459.54,49.47,0.6568
571,6580,car,361.63,465.82,604.22,538.64,0.6777
571,4308,car,196.14,206.86,371.84,334.45,0.8726
572,2,car,658.7,171.81,774.17,264.06,0.858
572,10,car,554.69,161.95,644.18,241.98,0.8262
572,1930,car,590.37,250.27,700.34,363.15,0.6574
572,2309,bus,762.24,90.88,959.31,405.75,0.9016
572,5,car,798.21,19.07,882.21,48.87,0.6718
572,3442,car,689.97,0.0,722.08,20.29,0.475
572,6482,car,917.47,17.84,956.72,45.33,0.7049
572,4785,car,472.75,68.88,573.02,118.01,0.8551
572,4528,car,403.47,22.26,459.63,48.87,0.6357
572,6580,car,342.3,455.48,614.31,538.38,0.4959
572,4308,car,192.12,213.43,365.48,340.67,0.8874
573,2,car,658.7,171.7,774.02,263.84,0.8558
573,10,car,554.55,161.69,644.19,241.86,0.8255
573,1930,car,590.84,250.31,699.95,362.31,0.6335
573,2309,bus,762.13,91.0,959.56,406.49,0.902
573,5,car,794.52,19.14,879.36,49.19,0.673
573,3442,car,689.97,0.0,722.32,20.37,0.4547
573,6482,car,916.24,17.03,957.21,45.45,0.719
573,4785,car,469.66,68.6,570.53,118.21,0.8761
573,4528,car,403.69,21.49,461.02,48.97,0.6423
573,4308,car,186.85,218.16,360.8,346.47,0.8794
574,2,car,658.98,171.67,774.13,263.7,0.8548
574,10,car,554.6,161.86,644.12,241.95,0.828
574,1930,car,591.15,250.31,699.68,361.57,0.7209
574,2309,bus,762.26,91.11,959.39,406.03,0.8994
574,5,car,792.27,19.53,875.9,49.05,0.6989
574,3442,car,689.88,0.0,722.26,20.32,0.4995
574,6482,car,916.1,17.45,957.26,45.66,0.713
574,4785,car,466.74,68.8,569.35,119.54,0.8549
574,4528,car,405.41,21.52,461.66,48.69,0.597
574,4308,car,178.99,223.18,357.3,355.57,0.8857
574,6580,car,310.85,436.03,635.28,537.65,0.6098
575,2,car,658.89,171.56,773.82,263.38,0.8598
575,10,car,554.5,161.96,643.75,241.73,0.8321
575,1930,car,590.78,250.22,699.97,362.25,0.7304
575,2309,bus,760.67,91.22,960.0,411.08,0.9024
575,5,car,789.69,19.55,872.61,48.71,0.7019
575,3442,car,689.81,0.0,722.29,20.29,0.4187
575,6482,car,916.82,17.83,957.51,45.43,0.7762
575,4785,car,465.5,69.7,566.9,119.94,0.8743
575,4528,car,406.84,21.42,462.79,48.69,0.6177
575,4308,car,169.31,228.03,352.22,364.7,0.822
575,6580,car,301.7,426.94,642.12,537.07,0.621
576,2,car,659.11,171.75,773.81,263.38,0.8644
576,10,car,554.62,162.07,643.75,241.67,0.8322
576,1930,car,591.48,250.19,699.75,361.04,0.7359
576,2309,bus,761.59,91.03,959.87,408.33,0.9016
576,5,car,786.0,19.12,870.1,48.64,0.7174
576,3442,car,689.76,0.0,722.46,20.35,0.4394
576,6482,car,916.67,17.85,957.71,45.42,0.758
576,4785,car,461.61,69.65,563.78,120.45,0.8154
576,4528,car,409.04,21.22,463.86,48.08,0.6267
576,4308,car,160.73,232.76,346.58,372.12,0.8792
576,6580,car,299.57,418.37,651.36,536.77,0.7156
577,2,car,658.7,171.75,774.14,264.05,0.8564
577,10,car,554.75,162.01,644.29,241.96,0.8304
577,1930,car,591.7,250.2,699.54,360.5,0.7401
577,2309,bus,761.61,91.12,960.0,408.91,0.9019
577,5,car,783.69,18.81,867.8,48.34,0.7626
577,3442,car,689.68,0.0,722.33,20.28,0.5217
577,6482,car,915.64,17.31,958.0,45.58,0.7491
577,4785,car,455.79,68.8,562.77,122.46,0.7709
577,4528,car,409.47,20.9,466.0,48.96,0.6276
577,4308,car,150.59,238.41,340.97,382.3,0.8681
577,6580,car,295.2,409.77,655.28,536.23,0.5585
577,6636,bus,301.22,334.7,404.62,536.34,0.3472
578,2,car,658.63,171.81,773.77,263.83,0.8733
578,10,car,554.73,161.97,644.21,241.91,0.8377
578,1930,car,591.19,250.31,699.95,361.55,0.7573
578,2309,bus,762.0,91.21,959.63,407.62,0.9028
578,5,car,780.57,18.66,865.14,48.4,0.748
578,3442,car,689.77,0.0,722.47,20.3,0.4523
578,6482,car,916.65,18.5,957.92,45.79,0.7139
578,4785,car,454.21,70.14,559.93,123.06,0.7658
578,4528,car,410.66,20.48,466.81,48.62,0.5992
578,4308,car,137.78,242.9,336.35,394.71,0.8744
578,6580,car,284.17,400.96,651.78,535.55,0.7784
578,6636,bus,300.94,334.76,404.51,536.6,0.4444
579,2,car,658.68,171.67,773.55,263.42,0.8816
579,10,car,554.31,161.9,644.16,242.24,0.8358
579,1930,car,590.97,250.22,700.32,362.13,0.7789
579,2309,bus,761.96,91.22,959.79,408.11,0.9064
579,5,car,778.67,19.11,861.35,48.11,0.7369
579,3442,car,689.61,0.0,722.58,20.47,0.4242
579,6482,car,915.95,17.91,958.03,45.53,0.696
579,4785,car,454.58,72.78,558.63,124.5,0.7848
579,4528,car,411.61,20.23,468.07,48.89,0.6618
579,4308,car,125.24,248.8,331.1,408.05,0.9048
579,6580,car,282.86,392.98,654.24,535.44,0.7598
579,6636,bus,302.61,334.74,406.1,536.43,0.3957
580,2,car,658.15,171.86,774.2,264.68,0.8736
580,10,car,554.36,161.93,643.93,242.04,0.8315
580,1930,car,591.42,250.35,699.55,360.86,0.7955
580,2309,bus,761.68,91.17,959.97,408.97,0.9074
580,5,car,776.15,19.45,858.49,48.27,0.735
580,3442,car,689.65,0.0,722.9,20.67,0.4503
580,6482,car,915.29,17.51,958.41,45.69,0.7418
580,4785,car,450.69,74.62,553.82,125.84,0.8364
580,4528,car,412.45,19.7,470.44,49.6,0.7391
580,4308,car,114.59,253.47,323.85,417.1,0.8634
580,6580,car,285.51,385.51,659.71,536.67,0.7615
581,2,car,657.77,171.94,774.54,265.45,0.8773
581,10,car,553.86,161.73,643.84,242.27,0.8291
581,1930,car,591.47,250.35,699.81,361.07,0.7839
581,2309,bus,762.36,91.18,959.17,406.35,0.9134
581,5,car,772.53,19.04,856.98,48.74,0.6989
581,3442,car,689.66,0.0,723.11,20.78,0.4564
581,6482,car,915.55,17.79,958.52,45.71,0.7515
581,4785,car,447.83,75.39,551.95,126.84,0.7983
581,4528,car,414.22,19.55,471.53,49.46,0.7206
581,4308,car,101.86,259.28,319.58,431.69,0.8835
581,6580,car,286.92,377.51,661.13,537.09,0.8077
581,6636,bus,302.77,333.98,406.51,536.23,0.4367
582,2,car,657.36,171.77,774.63,265.82,0.873
582,10,car,553.97,161.86,643.83,242.32,0.842
582,1930,car,590.14,250.24,700.8,363.64,0.7917
582,2309,bus,762.93,91.02,958.93,404.65,0.9127
582,5,car,770.34,18.79,853.7,48.16,0.6991
582,3442,car,689.63,0.0,722.92,20.68,0.5379
582,6482,car,914.99,17.72,958.49,45.84,0.7361
582,4785,car,443.24,76.08,548.21,128.02,0.5304
582,4528,car,415.97,19.28,471.89,48.86,0.6077
582,4308,car,91.87,266.89,311.69,442.63,0.8343
582,6580,car,289.04,371.1,658.66,537.55,0.8624
583,2,car,657.68,171.75,774.41,265.44,0.8808
583,10,car,554.33,161.81,643.94,242.03,0.8385
583,1930,car,590.61,250.06,700.33,362.61,0.8074
583,2309,bus,763.38,91.08,958.06,401.96,0.9233
583,5,car,767.99,18.88,850.67,47.97,0.7758
583,3442,car,689.65,0.0,722.72,20.56,0.4439
583,6482,car,915.53,17.96,958.72,45.76,0.7117
583,4785,car,441.62,78.93,543.3,128.98,0.4779
583,4528,car,416.81,19.04,472.15,48.66,0.583
583,4308,car,78.17,273.61,306.44,458.38,0.839
583,6580,car,292.18,364.3,657.09,538.11,0.8763
584,2,car,658.21,171.89,774.16,264.97,0.8742
584,10,car,554.26,161.66,643.78,241.84,0.8515
584,1930,car,591.39,250.16,699.51,360.95,0.8325
584,2309,bus,762.8,91.16,958.56,403.53,0.9151
584,5,car,766.5,18.61,848.94,47.78,0.7936
584,3442,car,689.76,0.0,722.77,20.58,0.399
584,6482,car,915.52,17.95,958.89,45.73,0.6664
584,4785,car,436.72,78.88,539.46,129.61,0.4495
584,4528,car,418.95,18.71,472.6,47.53,0.4996
584,4308,car,65.57,281.14,298.03,471.18,0.8984
584,6580,car,296.05,358.54,652.8,538.41,0.8811
585,2,car,658.03,171.75,774.46,265.32,0.8753
585,10,car,554.37,161.79,643.78,241.87,0.8572
585,1930,car,591.07,250.23,699.87,361.7,0.8059
585,2309,bus,763.01,91.23,958.16,402.09,0.9191
585,5,car,764.34,18.36,846.06,47.3,0.7995
585,3442,car,689.96,0.0,722.87,20.55,0.4716
585,6482,car,915.14,17.9,958.83,45.7,0.6528
585,4785,car,432.9,79.26,536.53,130.7,0.7545
585,4528,car,422.23,18.87,472.97,46.18,0.5023
585,4308,car,52.13,289.29,291.05,486.83,0.9091
585,6580,car,301.62,352.47,649.66,538.1,0.8901
586,2,car,658.53,171.8,774.19,264.77,0.8753
586,10,car,554.02,161.72,643.76,242.16,0.8627
586,1930,car,591.29,250.18,699.98,361.6,0.8115
586,2309,bus,762.84,91.15,958.27,402.03,0.9204
586,5,car,760.5,17.74,843.07,47.14,0.7535
586,3442,car,689.96,0.0,722.74,20.46,0.4703
586,6482,car,914.67,17.34,959.49,45.84,0.629
586,4785,car,429.0,79.16,533.53,131.42,0.8122
586,4528,car,422.78,18.18,474.63,46.37,0.5537
586,4308,car,39.18,298.22,282.84,501.54,0.9153
586,6580,car,306.49,346.55,645.32,537.78,0.8914
587,2,car,658.68,171.73,773.94,264.39,0.8728
587,10,car,553.89,161.66,643.82,242.34,0.8612
587,1930,car,591.07,250.13,700.15,361.97,0.8017
587,2309,bus,762.42,91.19,958.95,403.8,0.9155
587,5,car,757.25,17.76,840.77,47.64,0.758
587,3442,car,690.16,0.0,722.78,20.36,0.3802
587,6482,car,914.85,18.23,959.23,46.33,0.5575
587,4785,car,426.03,79.41,531.16,132.18,0.8291
587,4528,car,423.22,17.7,475.53,46.22,0.5829
587,4308,car,24.68,305.04,273.78,514.58,0.9297
587,6580,car,311.04,340.63,640.89,537.56,0.8951
588,2,car,658.74,171.68,773.96,264.3,0.8722
588,10,car,554.1,161.91,643.64,242.2,0.8642
588,1930,car,590.93,250.16,700.23,362.32,0.8102
588,2309,bus,761.73,91.13,959.31,405.43,0.916
588,5,car,754.52,17.37,838.54,47.52,0.7576
588,3442,car,689.91,0.0,722.43,20.32,0.4172
588,6482,car,912.8,17.81,960.0,48.81,0.6305
588,4785,car,420.42,79.78,528.68,134.44,0.8123
588,4528,car,424.58,17.29,476.22,45.61,0.6643
588,4308,car,10.67,314.31,263.24,528.07,0.854
588,6580,car,316.96,335.87,634.61,536.41,0.8955
589,2,car,658.76,171.98,773.54,264.2,0.8778
589,10,car,554.09,161.97,643.68,242.36,0.8634
589,1930,car,591.05,250.03,700.37,362.31,0.8028
589,2309,bus,761.97,91.14,959.67,405.76,0.9166
589,5,car,755.17,17.5,835.93,46.64,0.6822
589,3442,car,689.85,0.0,722.57,20.44,0.3261
589,6482,car,911.7,17.15,960.0,49.99,0.5955
589,4785,car,418.41,81.74,525.71,136.19,0.8013
589,4528,car,427.33,17.23,477.92,45.08,0.6836
589,4308,car,0.0,323.43,250.65,537.08,0.8525
589,6580,car,323.44,330.24,627.75,533.19,0.8919
589,6713,bike,655.79,87.1,701.67,113.98,0.3688
590,2,car,658.5,171.86,773.76,264.49,0.8712
590,10,car,553.84,161.72,643.98,242.66,0.8546
590,1930,car,591.1,249.87,700.02,361.82,0.8021
590,2309,bus,762.52,91.01,959.52,404.46,0.9143
590,5,car,753.17,17.62,832.49,46.31,0.6828
590,3442,car,689.97,0.0,722.26,20.11,0.3686
590,6482,car,911.19,16.97,960.0,50.56,0.631
590,4785,car,416.21,82.26,523.43,137.16,0.7423
590,4528,car,428.65,17.04,478.77,44.81,0.6732
590,4308,car,0.0,333.74,239.38,540.0,0.8752
590,6580,car,332.96,325.24,618.61,525.91,0.9009
590,6713,bike,657.96,87.16,703.13,113.63,0.3866
591,2,car,658.97,172.07,773.6,264.11,0.8767
591,10,car,553.72,161.54,643.88,242.55,0.8671
591,1930,car,591.04,249.82,700.28,362.17,0.7923
591,2309,bus,762.53,90.9,958.99,403.24,0.9172
591,5,car,750.6,17.35,829.19,45.79,0.6505
591,3442,car,690.1,0.0,722.38,20.07,0.3683
591,6482,car,910.51,16.03,960.0,50.66,0.6989
591,4785,car,410.49,82.61,518.42,137.86,0.7513
591,4528,car,429.88,16.89,479.36,44.44,0.6115
591,4308,car,0.0,340.47,230.04,540.0,0.8912
591,6580,car,343.26,320.82,608.06,516.13,0.9092
591,6713,bike,660.43,86.07,706.09,112.86,0.3709
592,2,car,658.29,171.66,773.97,264.59,0.8776
592,10,car,553.66,161.19,643.81,242.15,0.8689
592,1930,car,591.12,249.69,700.31,362.06,0.8021
592,2309,bus,763.13,90.89,958.91,401.95,0.9222
592,5,car,746.85,17.32,825.11,45.5,0.6736
592,3442,car,690.17,0.0,722.18,19.86,0.4175
592,6482,car,910.8,16.09,960.0,50.77,0.6939
592,4785,car,406.97,83.16,514.81,138.61,0.7996
592,4528,car,431.59,16.79,480.43,44.08,0.6392
592,4308,car,0.0,355.05,216.2,540.0,0.895
592,6580,car,352.11,315.74,599.39,506.72,0.8931
592,6713,bike,661.59,84.86,709.26,112.96,0.309
593,2,car,658.26,171.45,774.21,264.71,0.8783
593,10,car,554.21,161.27,643.78,241.66,0.871
593,1930,car,590.8,249.52,700.44,362.49,0.7938
593,2309,bus,763.26,90.84,959.05,401.82,0.922
593,5,car,746.01,16.88,824.26,45.23,0.7343
593,3442,car,690.0,0.0,722.52,20.17,0.316
593,6482,car,911.05,16.02,960.0,50.52,0.7317
593,4785,car,403.07,83.52,512.62,140.14,0.8332
593,4528,car,432.2,15.68,481.76,43.68,0.5454
593,4308,car,0.0,364.2,205.35,538.99,0.8325
593,6580,car,360.01,311.08,591.41,497.67,0.8823
593,6713,bike,663.54,84.53,711.39,112.88,0.3377
594,2,car,658.33,171.44,773.97,264.49,0.8777
594,10,car,554.02,161.26,643.59,241.58,0.8729
594,1930,car,590.61,249.39,700.47,362.69,0.7883
594,2309,bus,762.91,90.77,959.02,402.1,0.9166
594,5,car,741.12,16.41,819.96,44.83,0.7603
594,3442,car,690.23,0.0,722.3,19.81,0.299
594,6482,car,909.7,15.69,960.0,50.88,0.7579
594,4785,car,399.41,84.4,508.66,140.99,0.8129
594,4528,car,433.6,15.25,482.54,43.07,0.4558
594,4308,car,2.58,381.51,191.27,539.24,0.7005
594,6580,car,367.3,306.46,584.19,488.43,0.8803
594,6713,bike,667.17,85.78,712.09,112.43,0.4038
595,2,car,658.56,171.34,773.86,264.12,0.8778
595,10,car,554.27,161.25,643.61,241.38,0.873
595,1930,car,590.76,249.43,700.23,362.41,0.7947
595,2309,bus,762.26,90.76,959.55,404.12,0.915
595,5,car,738.73,16.46,817.12,44.67,0.7843
595,3442,car,690.09,0.0,722.46,19.94,0.3318
595,6482,car,907.67,15.69,959.56,50.86,0.7852
595,4785,car,396.2,85.02,506.64,142.53,0.8369
595,4528,car,434.87,14.92,482.26,41.88,0.5387
595,4308,car,5.99,397.0,178.11,539.17,0.7947
595,6580,car,372.32,302.22,579.16,482.57,0.87
595,6713,bike,667.94,84.57,715.43,112.96,0.4308
596,2,car,659.03,171.2,773.68,263.41,0.8765
596,10,car,554.77,161.42,643.7,241.18,0.8697
596,1930,car,590.49,249.36,700.21,362.7,0.7737
596,2309,bus,762.58,90.67,959.3,403.0,0.9125
596,5,car,736.53,16.27,816.16,45.02,0.7829
596,3442,car,690.01,0.0,722.47,19.95,0.2727
596,6482,car,905.75,16.06,957.57,50.7,0.7875
596,4785,car,391.47,86.15,503.34,144.66,0.8369
596,4528,car,435.95,14.54,482.46,40.99,0.46
596,4308,car,6.52,407.82,166.64,538.65,0.837
596,6580,car,378.2,298.03,572.42,473.37,0.8614
596,6713,bike,670.92,85.18,716.69,112.63,0.3128
596,6752,car,218.77,20.03,243.57,42.36,0.3227
597,2,car,658.72,171.06,773.8,263.66,0.8783
597,10,car,555.06,161.54,643.68,241.01,0.8734
597,1930,car,590.85,249.23,699.97,361.95,0.7995
597,2309,bus,762.51,90.64,958.89,402.17,0.9116
597,5,car,733.93,16.25,813.93,45.27,0.7936
597,3442,car,689.99,0.0,722.38,19.88,0.2121
597,6482,car,902.99,16.36,955.91,51.08,0.7898
597,4785,car,387.12,86.92,499.39,145.73,0.8354
597,4528,car,437.43,14.13,482.42,39.69,0.4345
597,4308,car,9.08,421.85,154.49,538.73,0.6222
597,6580,car,383.85,294.14,566.28,464.28,0.8834
597,6713,bike,673.93,85.96,718.4,112.63,0.3113
597,6752,car,218.56,19.49,243.43,41.88,0.3136
598,2,car,658.74,170.73,773.85,263.39,0.8773
598,10,car,554.94,161.11,643.94,240.94,0.8647
598,1930,car,590.85,249.05,699.88,361.66,0.7912
598,2309,bus,762.35,90.53,958.57,401.44,0.9156
598,5,car,731.49,16.31,811.46,45.38,0.7612
598,3442,car,690.12,0.0,722.44,19.82,0.2658
598,6482,car,901.49,17.86,953.68,51.07,0.8131
598,4785,car,382.98,87.61,496.89,147.5,0.8491
598,4528,car,438.72,13.79,483.42,39.24,0.5051
598,4308,car,9.61,437.03,138.38,538.7,0.6658
598,6580,car,387.79,290.76,561.7,458.04,0.8747
598,6713,bike,674.11,84.53,720.64,112.6,0.4233
598,6752,car,219.25,19.49,243.36,41.16,0.3057
599,2,car,658.73,170.6,774.05,263.49,0.8854
599,10,car,554.68,161.08,643.88,241.1,0.8719
599,1930,car,590.77,249.02,699.88,361.71,0.814
599,2309,bus,762.17,90.52,958.75,401.83,0.9211
599,5,car,729.09,16.04,808.53,44.9,0.775
599,6482,car,899.37,18.39,952.29,50.96,0.7699
599,4785,car,380.16,88.42,494.56,148.76,0.8584
599,4528,car,439.78,13.49,484.31,38.92,0.4939
599,4308,car,11.23,453.7,122.17,539.2,0.3183
599,6580,car,392.87,287.15,556.17,448.66,0.8602
599,6713,bike,675.68,83.96,722.74,112.54,0.4963
599,6752,car,219.51,19.5,244.29,41.76,0.2567
600,2,car,658.81,170.38,773.99,263.17,0.8928
600,10,car,554.23,160.63,643.82,240.95,0.866
600,1930,car,590.31,248.76,700.13,362.31,0.7985
600,2309,bus,762.14,90.46,958.6,401.25,0.9236
600,5,car,726.15,15.72,805.06,44.37,0.7961
600,6482,car,896.29,19.43,949.39,50.71,0.7804
600,4785,car,376.88,89.88,490.24,149.82,0.8883
600,4528,car,440.61,13.02,485.74,38.89,0.4466
600,6580,car,396.66,283.47,552.31,441.32,0.8692
600,6713,bike,677.71,83.73,724.67,112.41,0.5248
600,6752,car,219.58,19.14,244.79,41.75,0.3199
600,3442,car,690.23,0.0,722.48,19.74,0.375
601,2,car,658.68,170.46,773.97,263.34,0.8852
601,10,car,554.47,160.75,643.69,240.69,0.8666
601,1930,car,589.72,248.79,700.59,363.7,0.8035
601,2309,bus,762.26,90.51,958.44,400.44,0.922
601,5,car,723.59,15.98,802.58,44.69,0.7818
601,6482,car,893.29,20.21,947.71,50.86,0.8212
601,4785,car,373.31,91.65,485.27,150.89,0.8932
601,4528,car,441.99,12.94,486.5,38.54,0.4402
601,6580,car,399.37,279.08,549.3,434.77,0.8718
601,6713,bike,680.65,84.98,725.73,112.5,0.4929
601,6752,car,219.35,19.49,243.99,41.43,0.2774
601,3442,car,689.99,0.0,722.17,19.68,0.3012
602,2,car,658.31,170.49,774.17,263.94,0.8897
602,10,car,554.11,160.68,643.63,240.93,0.8646
602,1930,car,589.49,248.94,699.94,363.47,0.7981
602,2309,bus,762.04,90.51,958.62,400.83,0.9217
602,5,car,721.82,15.89,799.86,44.29,0.7732
602,6482,car,890.34,21.24,945.16,50.84,0.7859
602,4785,car,369.18,93.01,481.29,152.41,0.8835
602,4528,car,442.98,12.71,487.42,38.43,0.4528
602,6580,car,402.18,276.05,546.67,429.4,0.8698
602,6713,bike,682.69,84.11,728.55,112.24,0.4696
602,6752,car,219.52,19.29,244.06,41.04,0.2222
602,3442,car,689.54,0.0,722.06,19.89,0.2247
603,2,car,657.73,169.94,774.57,264.38,0.8981
603,10,car,553.97,160.66,643.6,240.96,0.8721
603,1930,car,590.51,248.79,699.33,361.51,0.8094
603,2309,bus,762.03,90.34,958.79,400.77,0.925
603,5,car,718.7,15.55,797.28,44.11,0.7715
603,6482,car,885.37,21.44,941.91,50.92,0.8015
603,4785,car,365.5,93.85,478.38,153.81,0.8633
603,4528,car,444.14,12.39,488.8,38.46,0.4509
603,6580,car,405.25,272.96,543.18,422.07,0.8517
603,6713,bike,683.81,82.1,732.47,112.23,0.3853
603,6752,car,219.58,19.12,244.19,40.74,0.2348
603,3442,car,690.04,0.0,722.01,19.54,0.41
603,6793,car,936.27,15.9,958.65,44.16,0.4762
604,2,car,658.28,170.36,773.99,263.9,0.9013
604,10,car,554.01,160.99,643.4,241.06,0.8621
604,1930,car,589.89,248.52,699.62,362.28,0.7789
604,2309,bus,761.88,90.38,958.81,400.89,0.9248
604,5,car,716.91,15.33,794.57,43.43,0.7098
604,6482,car,880.89,21.47,938.93,50.86,0.7968
604,4785,car,361.15,94.69,475.09,155.43,0.8656
604,4528,car,445.57,12.43,489.8,38.45,0.5531
604,6580,car,407.43,269.41,540.55,415.66,0.8558
604,6713,bike,684.15,80.1,735.13,112.1,0.3589
604,3442,car,690.01,0.0,721.94,19.51,0.3201
604,6793,car,935.69,16.08,957.01,42.86,0.5347
605,2,car,658.25,170.19,773.51,263.35,0.8987
605,10,car,553.83,160.97,643.29,241.13,0.8625
605,1930,car,589.39,248.54,699.61,362.98,0.7865
605,2309,bus,762.21,90.36,958.94,400.42,0.9237
605,5,car,714.27,15.09,792.86,43.55,0.7887
605,6482,car,876.39,22.12,933.96,50.34,0.7832
605,4785,car,355.84,95.86,470.79,157.22,0.8567
605,4528,car,446.78,12.47,490.6,38.46,0.5287
605,6580,car,409.43,266.57,538.26,410.05,0.8719
605,6713,bike,687.69,82.58,735.02,112.46,0.309
605,3442,car,690.18,0.0,721.95,19.4,0.3359
605,6793,car,933.82,16.53,955.23,43.08,0.6419
605,6752,car,220.79,20.01,244.88,40.75,0.2626
606,2,car,658.4,170.23,773.34,263.17,0.9019
606,10,car,553.61,160.98,643.24,241.32,0.868
606,1930,car,589.5,248.65,699.3,362.73,0.7788
606,2309,bus,761.94,90.29,959.2,401.15,0.9221
606,5,car,711.85,14.84,791.07,43.62,0.8154
606,6482,car,872.02,21.61,931.56,50.06,0.7743
606,4785,car,350.82,96.45,468.18,159.4,0.8778
606,4528,car,448.01,12.17,491.39,38.06,0.4665
606,6580,car,410.18,263.15,536.94,406.3,0.8551
606,6713,bike,689.23,83.09,735.2,112.42,0.3074
606,3442,car,689.98,0.0,721.84,19.42,0.4078
606,6793,car,931.83,15.52,954.39,43.02,0.7008
607,2,car,658.19,170.4,773.17,263.44,0.8968
607,10,car,553.72,160.74,643.43,241.25,0.8729
607,1930,car,589.48,248.67,699.52,363.05,0.7759
607,2309,bus,761.69,90.45,958.86,400.92,0.9204
607,5,car,710.18,14.91,788.32,43.28,0.7963
607,6482,car,869.5,21.92,929.89,49.9,0.7972
607,4785,car,346.76,97.58,465.41,161.58,0.9124
607,4528,car,449.26,11.66,492.2,37.39,0.4153
607,6580,car,413.1,260.92,534.02,398.58,0.8436
607,6713,bike,689.29,83.44,734.05,112.64,0.3506
607,3442,car,690.65,0.0,722.64,19.57,0.2282
607,6793,car,931.08,15.96,953.54,42.61,0.6665
607,6816,car,180.02,27.62,227.25,55.55,0.3286
608,2,car,658.31,170.46,773.15,263.39,0.8964
608,10,car,553.7,160.69,643.48,241.25,0.8725
608,1930,car,588.48,248.99,699.11,363.94,0.7922
608,2309,bus,761.45,90.38,958.83,400.98,0.9284
608,5,car,708.02,14.68,786.39,43.13,0.7943
608,6482,car,864.41,22.0,925.94,49.84,0.7606
608,4785,car,343.49,99.09,461.32,162.87,0.9058
608,4528,car,451.01,11.45,493.59,37.07,0.4947
608,6580,car,414.6,257.73,532.7,393.2,0.8577
608,3442,car,690.71,0.0,722.94,19.88,0.3843
608,6793,car,929.73,16.62,952.88,43.2,0.7181
608,6816,car,179.62,27.99,226.61,55.78,0.2696
608,6752,car,219.31,19.71,243.63,40.4,0.2454
609,2,car,658.42,170.6,772.43,262.72,0.8904
609,10,car,553.39,160.65,643.39,241.44,0.8648
609,1930,car,589.48,248.92,699.0,362.6,0.7861
609,2309,bus,761.81,90.43,958.76,400.12,0.9256
609,5,car,705.66,14.58,784.52,43.29,0.7557
609,6482,car,859.44,22.06,921.7,49.7,0.7711
609,4785,car,337.47,101.17,455.77,165.24,0.8892
609,4528,car,451.95,11.47,494.38,37.17,0.4954
609,6580,car,416.24,254.83,531.11,387.42,0.8739
609,6793,car,927.79,15.97,952.91,43.91,0.7327
609,6816,car,180.04,26.83,225.83,53.88,0.2673
609,6752,car,218.57,19.5,243.76,40.73,0.3067
610,2,car,658.2,170.54,772.84,263.23,0.896
610,10,car,553.24,160.6,643.37,241.59,0.867
610,1930,car,585.76,248.83,698.8,366.09,0.7871
610,2309,bus,761.94,90.4,958.96,400.1,0.9214
610,5,car,704.63,14.99,781.53,42.97,0.7987
610,6482,car,855.72,22.15,919.49,50.02,0.797
610,4785,car,333.34,102.62,452.58,167.45,0.8784
610,4528,car,452.56,11.36,494.52,36.91,0.5141
610,6580,car,417.01,252.05,529.89,383.04,0.8797
610,6793,car,926.3,16.78,951.76,43.8,0.694
610,6816,car,180.15,26.41,225.86,53.39,0.2589
610,6752,car,218.79,19.6,243.52,40.24,0.3401
611,2,car,657.96,170.7,772.85,263.65,0.8908
611,10,car,553.53,160.65,643.45,241.44,0.8681
611,1930,car,588.01,248.74,698.32,362.98,0.7859
611,2309,bus,761.67,90.38,958.97,400.37,0.9253
611,5,car,702.08,14.71,780.38,43.29,0.7727
611,6482,car,850.82,22.14,915.3,50.02,0.7878
611,4785,car,329.65,104.31,447.79,168.7,0.8661
611,4528,car,453.7,11.28,495.08,36.56,0.4513
611,6580,car,418.45,249.39,528.57,377.5,0.8776
611,6793,car,923.93,16.76,950.77,43.8,0.713
611,6816,car,180.64,26.35,226.1,53.16,0.2819
611,6752,car,218.79,19.48,244.08,40.32,0.3592
611,3442,car,690.49,0.0,722.4,19.68,0.283
612,2,car,658.62,170.95,772.77,263.08,0.8862
612,10,car,553.58,160.72,643.13,241.13,0.8642
612,1930,car,588.23,248.74,698.07,362.31,0.7783
612,2309,bus,761.92,90.41,959.35,400.65,0.9191
612,5,car,700.5,14.71,777.94,43.08,0.7477
612,6482,car,847.24,22.45,911.36,49.88,0.8386
612,4785,car,325.12,106.07,443.45,170.68,0.8787
612,4528,car,454.77,11.37,494.99,36.03,0.5228
612,6580,car,419.51,246.91,527.15,372.32,0.8791
612,6793,car,922.18,16.85,950.6,44.06,0.7231
612,6816,car,180.34,26.29,225.91,53.12,0.2866
612,6752,car,219.07,20.07,244.04,40.54,0.3209
612,3442,car,690.4,0.0,722.38,19.71,0.2064
613,2,car,658.63,171.12,772.82,263.16,0.878
613,10,car,553.75,160.57,643.35,240.99,0.8641
613,1930,car,585.89,248.87,698.28,365.02,0.7753
613,2309,bus,761.77,90.52,959.11,400.46,0.9218
613,5,car,699.15,14.78,775.25,42.67,0.7716
613,6482,car,843.61,22.37,908.3,49.77,0.812
613,4785,car,320.73,107.5,440.6,173.17,0.8766
613,4528,car,455.69,11.3,495.4,35.72,0.4615
613,6580,car,420.53,243.86,526.53,367.55,0.8741
613,6793,car,921.52,17.55,950.79,44.19,0.7621
613,6816,car,179.08,25.47,225.99,53.19,0.2313
613,6752,car,219.61,20.39,244.06,40.35,0.3272
613,6713,bike,699.63,79.01,749.22,112.78,0.3171
614,2,car,658.23,170.3,773.36,263.07,0.8702
614,10,car,553.7,160.73,643.46,241.28,0.8673
614,1930,car,586.15,248.93,697.68,363.83,0.7759
614,2309,bus,761.84,90.44,958.93,399.8,0.9236
614,5,car,697.18,14.72,773.05,42.48,0.7708
614,6482,car,840.13,22.09,905.55,49.5,0.8201
614,4785,car,315.94,108.74,436.4,175.05,0.9124
614,4528,car,458.28,11.03,496.71,34.63,0.3877
614,6580,car,421.32,241.28,525.39,362.63,0.8859
614,6793,car,919.8,16.88,951.41,44.48,0.7937
614,6816,car,178.92,26.35,226.8,54.69,0.2696
614,6752,car,219.82,20.28,243.81,39.76,0.2572
615,2,car,658.8,171.13,773.16,263.13,0.86
615,10,car,553.68,160.7,643.59,241.41,0.8659
615,1930,car,586.44,248.92,697.45,362.9,0.7834
615,2309,bus,761.76,90.52,959.13,400.26,0.925
615,5,car,695.12,14.86,769.96,42.24,0.7708
615,6482,car,834.02,21.5,901.38,49.32,0.7697
615,4785,car,310.83,110.01,432.96,177.67,0.8947
615,4528,car,458.47,9.45,498.34,34.04,0.3517
615,6580,car,421.1,238.57,525.26,360.27,0.8775
615,6793,car,918.6,15.68,952.54,44.37,0.8231
615,6816,car,178.85,26.5,226.94,55.04,0.2819
615,6752,car,219.25,19.53,245.37,40.7,0.3061
616,2,car,658.29,171.29,772.97,263.49,0.8713
616,10,car,553.46,160.98,643.1,241.39,0.8596
616,1930,car,587.98,249.01,698.04,361.81,0.785
616,2309,bus,761.44,90.74,959.06,400.69,0.9187
616,5,car,692.77,14.79,768.22,42.45,0.7708
616,6482,car,829.91,21.27,899.37,49.72,0.7662
616,4785,car,306.42,111.98,428.91,180.2,0.8409
616,4528,car,458.73,9.37,498.0,33.74,0.3007
616,6580,car,420.86,235.58,524.35,356.6,0.867
616,6793,car,918.35,15.52,953.41,44.31,0.8079
616,6816,car,179.96,26.14,226.94,54.19,0.2873
616,6752,car,219.15,19.65,245.57,40.87,0.276
617,2,car,658.56,171.68,772.29,262.92,0.8723
617,10,car,552.95,160.79,642.9,241.48,0.8499
617,1930,car,587.97,248.98,698.9,362.62,0.7778
617,2309,bus,761.18,90.74,959.21,401.29,0.9245
617,5,car,690.34,14.36,766.41,42.31,0.7884
617,6482,car,826.73,20.76,897.14,49.43,0.7454
617,4785,car,302.41,113.84,424.16,181.96,0.8878
617,4528,car,457.61,6.44,499.98,33.1,0.2846
617,6580,car,421.77,233.02,523.47,351.95,0.8803
617,6793,car,918.09,15.74,953.92,44.34,0.7944
617,6816,car,180.95,25.39,227.51,53.46,0.2559
617,6752,car,218.84,19.99,245.14,40.98,0.2718
618,2,car,658.49,171.59,772.12,262.6,0.8845
618,10,car,552.66,161.11,642.66,241.86,0.8582
618,1930,car,587.1,249.12,698.17,362.58,0.7873
618,2309,bus,761.19,90.84,959.27,401.42,0.9254
618,5,car,687.3,14.12,763.84,42.34,0.7141
618,6482,car,824.78,20.63,895.55,49.5,0.6265
618,4785,car,296.92,115.74,419.99,184.95,0.8929
618,4528,car,458.63,5.65,501.14,32.69,0.3009
618,6580,car,422.05,230.81,522.57,348.28,0.8796
618,6793,car,917.72,16.26,953.92,44.28,0.7353
618,6816,car,182.53,25.21,228.47,53.12,0.2922
618,6752,car,218.39,19.56,245.16,40.74,0.4144
619,2,car,658.07,171.23,772.45,262.8,0.8878
619,10,car,552.7,161.08,642.75,241.92,0.8645
619,1930,car,585.97,249.34,698.23,363.89,0.7853
619,2309,bus,761.16,90.87,959.49,401.9,0.9249
619,5,car,685.68,13.97,761.42,41.97,0.7113
619,6482,car,819.8,19.89,892.64,49.66,0.6889
619,4785,car,291.25,116.57,415.54,186.86,0.9008
619,4528,car,459.27,4.9,502.42,32.72,0.3854
619,6580,car,422.56,228.64,521.38,343.84,0.8743
619,6793,car,917.93,16.77,954.58,44.42,0.7706
619,6816,car,181.39,26.56,227.36,54.38,0.3563
619,6752,car,218.6,19.59,245.47,40.72,0.3157
620,2,car,657.43,171.19,772.85,263.61,0.8823
620,10,car,553.15,161.34,642.68,241.69,0.8684
620,1930,car,587.25,249.26,698.26,362.3,0.8099
620,2309,bus,761.35,90.86,959.37,401.35,0.9237
620,5,car,683.82,13.69,759.65,41.8,0.7538
620,6482,car,816.3,19.78,888.66,49.38,0.7328
620,4785,car,286.76,117.83,411.69,188.75,0.9022
620,4528,car,459.65,3.19,503.85,32.2,0.4236
620,6580,car,422.99,226.3,520.74,340.07,0.8732
620,6793,car,916.97,15.97,955.16,44.18,0.7538
620,6816,car,181.06,26.24,227.65,54.48,0.3623
620,6752,car,218.09,19.04,245.83,40.76,0.3269
621,2,car,657.6,171.56,772.58,263.47,0.88
621,10,car,553.52,161.54,642.43,241.24,0.8716
621,1930,car,586.72,249.24,698.34,362.93,0.8054
621,2309,bus,761.17,91.0,959.46,401.94,0.9287
621,5,car,681.96,13.46,756.91,41.31,0.6909
621,6482,car,812.04,19.09,885.8,49.4,0.7532
621,4785,car,282.15,119.48,408.02,191.17,0.8803
621,4528,car,460.8,2.52,504.52,31.71,0.4959
621,6580,car,423.24,224.24,520.16,336.88,0.8737
621,6793,car,916.49,15.62,956.02,44.39,0.7434
621,6816,car,181.4,26.76,226.27,53.7,0.3311
621,6752,car,218.01,19.09,245.42,40.36,0.3931
622,2,car,658.15,171.78,772.32,262.8,0.8853
622,10,car,553.37,161.46,642.6,241.49,0.8721
622,1930,car,588.21,249.55,698.14,361.51,0.8167
622,2309,bus,760.89,91.12,959.43,402.43,0.9262
622,5,car,680.38,13.41,755.76,41.44,0.6685
622,6482,car,809.16,19.13,882.33,49.25,0.7455
622,4785,car,277.72,121.53,403.6,193.37,0.8731
622,4528,car,462.15,2.67,504.84,31.62,0.383
622,6580,car,423.26,222.0,519.66,333.94,0.8837
622,6793,car,915.85,15.76,956.23,44.67,0.7424
622,6816,car,180.5,26.21,227.67,54.56,0.3631
622,6752,car,217.9,19.67,245.31,40.86,0.3416
623,2,car,657.7,171.5,772.47,262.87,0.8716
623,10,car,553.51,161.37,642.75,241.43,0.8661
623,1930,car,586.62,249.76,697.11,361.91,0.7944
623,2309,bus,760.92,91.13,959.34,402.2,0.9225
623,5,car,678.19,13.57,753.69,41.76,0.6534
623,6482,car,807.02,19.88,878.64,49.28,0.6707
623,4785,car,270.71,122.52,400.38,197.04,0.8837
623,4528,car,462.49,2.41,505.2,31.72,0.2997
623,6580,car,423.48,220.12,518.69,330.51,0.8731
623,6793,car,915.27,15.65,956.44,44.69,0.7635
623,6816,car,181.25,27.28,227.08,54.7,0.3302
623,6752,car,217.72,19.65,246.3,41.67,0.3494
624,2,car,657.5,171.75,772.34,263.04,0.8638
624,10,car,553.71,161.08,642.87,241.0,0.8595
624,1930,car,586.03,249.57,697.26,362.23,0.7786
624,2309,bus,761.32,91.06,959.34,401.46,0.9223
624,5,car,676.21,13.4,751.39,41.64,0.6343
624,6482,car,804.2,19.92,876.08,49.3,0.7313
624,4785,car,266.29,124.68,395.46,199.17,0.886
624,4528,car,463.58,2.53,505.66,31.77,0.3578
624,6580,car,423.63,218.05,517.66,326.72,0.8686
624,6793,car,914.76,15.31,956.92,44.72,0.7888
624,6816,car,181.53,26.67,227.19,54.0,0.3326
624,6752,car,217.92,19.69,246.4,41.58,0.3705
625,2,car,657.38,171.86,772.48,263.37,0.8637
625,10,car,553.54,161.3,642.9,241.37,0.8485
625,1930,car,587.63,249.52,697.55,360.69,0.7754
625,2309,bus,761.59,91.03,959.41,401.13,0.9234
625,5,car,675.05,13.41,750.09,41.74,0.7292
625,6482,car,801.15,19.97,873.39,49.52,0.7269
625,4785,car,261.57,126.95,391.29,202.04,0.8697
625,4528,car,464.78,3.01,505.75,31.78,0.3417
625,6580,car,424.41,215.71,517.72,323.25,0.8749
625,6793,car,914.42,15.33,957.14,44.79,0.7873
625,6816,car,182.28,28.29,225.41,53.78,0.2881
626,2,car,658.25,171.92,772.52,262.52,0.8589
626,10,car,553.4,161.33,643.06,241.73,0.8534
626,1930,car,586.69,249.7,696.39,360.06,0.7745
626,2309,bus,761.47,90.97,959.3,401.01,0.9179
626,5,car,673.47,13.48,747.07,41.43,0.7227
626,6482,car,798.03,20.05,869.46,49.25,0.7456
626,4785,car,256.44,129.12,387.0,205.06,0.8677
626,4528,car,465.2,3.11,505.77,31.79,0.2633
626,6580,car,424.29,213.19,517.41,320.37,0.8649
626,6793,car,914.31,15.7,957.18,44.93,0.7747
626,6816,car,182.17,28.43,225.09,53.55,0.3147
626,6752,car,217.6,19.4,246.92,41.91,0.3573
627,2,car,657.87,171.67,772.86,262.82,0.8543
627,10,car,553.13,161.24,642.92,241.77,0.8526
627,1930,car,588.15,249.69,696.7,358.59,0.8017
627,2309,bus,761.5,90.85,958.91,399.99,0.92
627,5,car,671.81,13.83,744.39,41.39,0.5983
627,6482,car,794.13,19.9,865.76,49.24,0.7826
627,4785,car,251.2,131.11,382.52,207.79,0.8638
627,4528,car,466.92,3.95,505.14,31.04,0.3163
627,6580,car,424.89,211.29,516.79,316.8,0.8792
627,6793,car,914.15,15.6,957.5,44.89,0.7471
627,6816,car,181.18,27.35,227.02,54.27,0.3367
627,6752,car,217.98,19.47,246.81,41.64,0.3291
628,2,car,657.79,171.52,773.28,262.96,0.8446
628,10,car,553.2,161.71,642.97,242.28,0.8523
628,1930,car,588.15,249.78,696.84,358.48,0.7716
628,2309,bus,761.45,90.8,959.37,400.81,0.921
628,5,car,670.33,13.92,741.8,40.97,0.6741
628,6482,car,790.42,19.82,862.11,49.27,0.8231
628,4785,car,245.03,133.62,376.83,210.9,0.8664
628,4528,car,468.23,4.37,504.98,30.44,0.4373
628,6580,car,424.79,208.83,516.21,313.51,0.8687
628,6793,car,914.11,16.0,957.37,44.91,0.7678
628,6816,car,183.72,28.02,227.54,53.76,0.3272
628,6752,car,217.79,19.92,246.26,41.58,0.3798
629,2,car,658.18,172.0,772.99,262.67,0.8482
629,10,car,553.09,161.75,643.0,242.48,0.8467
629,1930,car,586.61,249.94,697.58,360.79,0.7673
629,2309,bus,761.57,90.82,959.34,400.57,0.9276
629,5,car,668.86,14.09,738.35,40.35,0.6882
629,6482,car,787.12,19.77,858.52,49.16,0.7719
629,4785,car,239.12,135.86,372.54,214.37,0.8845
629,4528,car,468.04,4.08,505.27,30.47,0.4233
629,6580,car,425.11,206.92,515.89,310.7,0.8632
629,6793,car,913.58,15.37,958.06,44.94,0.7813
629,6816,car,183.54,28.05,227.49,53.88,0.3544
629,6752,car,217.09,19.65,245.86,41.44,0.3651
630,2,car,658.64,172.87,772.62,262.58,0.8456
630,10,car,553.04,161.7,642.83,242.36,0.8536
630,1930,car,585.94,249.93,697.29,360.92,0.7813
630,2309,bus,760.98,90.82,959.67,402.15,0.9249
630,5,car,666.59,13.69,736.36,39.98,0.6656
630,6482,car,784.61,19.93,855.77,49.26,0.8089
630,4785,car,233.37,138.14,367.39,217.3,0.8537
630,4528,car,469.7,3.78,506.43,30.02,0.4742
630,6580,car,425.16,205.41,515.47,308.42,0.8531
630,6793,car,913.49,15.34,958.14,44.84,0.7722
630,6816,car,181.76,28.39,227.17,55.01,0.3581
630,6752,car,217.3,19.8,245.95,41.41,0.3691
631,2,car,658.35,173.18,772.29,262.74,0.8488
631,10,car,552.78,161.53,642.71,242.3,0.8596
631,1930,car,585.25,250.08,697.08,361.28,0.7657
631,2309,bus,760.89,90.92,959.75,402.62,0.9237
631,5,car,664.1,13.35,734.69,39.92,0.7172
631,6482,car,781.47,19.7,852.54,49.08,0.8157
631,4785,car,226.84,139.82,362.83,220.52,0.7954
631,4528,car,470.67,3.72,506.77,29.67,0.4603
631,6580,car,424.9,203.77,515.44,306.91,0.8603
631,6793,car,913.61,15.96,958.13,45.17,0.7735
631,6816,car,181.53,28.13,226.66,54.53,0.304
631,6752,car,217.93,20.12,246.14,41.42,0.2864
632,2,car,658.11,173.29,772.18,262.79,0.8395
632,10,car,552.52,161.58,642.66,242.53,0.851
632,1930,car,582.64,249.98,696.45,362.72,0.7838
632,2309,bus,760.93,90.87,959.76,402.62,0.9199
632,5,car,662.12,13.32,732.74,39.85,0.6942
632,6482,car,777.9,18.9,850.44,49.03,0.8494
632,4785,car,220.56,141.93,358.21,224.08,0.8246
632,4528,car,471.21,3.55,506.99,29.33,0.4312
632,6580,car,425.48,202.11,514.63,303.32,0.8677
632,6793,car,913.17,15.68,958.48,45.28,0.7645
632,6816,car,181.66,28.54,226.11,54.38,0.3176
632,6752,car,217.95,20.11,246.17,41.47,0.3381
633,2,car,657.93,172.89,772.5,262.74,0.853
633,10,car,552.07,161.53,642.9,243.22,0.8525
633,1930,car,583.29,250.06,695.34,360.28,0.7598
633,2309,bus,760.51,90.86,959.73,403.31,0.9205
633,5,car,660.18,13.2,730.87,39.72,0.6492
633,6482,car,775.0,18.61,847.5,48.93,0.7946
633,4785,car,214.37,144.31,353.36,227.68,0.7827
633,4528,car,471.95,3.25,507.35,28.83,0.3973
633,6580,car,425.62,200.51,513.91,300.42,0.8671
633,6793,car,913.01,15.76,958.5,45.34,0.765
633,6816,car,183.36,28.38,227.08,53.84,0.3041
633,6752,car,217.61,19.93,245.97,41.45,0.4262
634,2,car,657.69,173.2,772.44,263.09,0.8514
634,10,car,552.49,161.69,642.59,242.75,0.8341
634,1930,car,583.25,250.17,694.91,359.25,0.7815
634,2309,bus,760.54,90.91,959.66,403.25,0.9186
634,5,car,658.75,12.98,729.13,39.34,0.689
634,6482,car,771.58,18.09,845.02,49.06,0.8422
634,4785,car,208.4,146.65,349.43,231.72,0.8642
634,4528,car,473.29,3.46,507.7,28.38,0.4526
634,6580,car,426.07,198.65,513.59,297.44,0.8834
634,6793,car,912.9,15.78,958.62,45.38,0.785
634,6816,car,182.88,28.75,226.33,53.94,0.2989
634,6752,car,217.76,20.1,245.76,41.4,0.3268
635,2,car,658.11,173.85,772.05,262.89,0.8483
635,10,car,552.47,161.54,642.46,242.5,0.8584
635,1930,car,582.01,250.18,696.26,361.56,0.7793
635,2309,bus,760.52,91.04,959.86,403.91,0.9158
635,5,car,657.09,12.93,728.14,39.52,0.7127
635,6482,car,769.07,18.29,841.28,48.97,0.8179
635,4785,car,202.43,149.06,344.6,235.31,0.8593
635,4528,car,474.44,3.18,508.53,27.93,0.3215
635,6580,car,425.61,196.95,513.33,295.8,0.8895
635,6793,car,912.54,15.92,958.43,45.45,0.6922
635,6816,car,185.43,29.26,227.57,53.96,0.245
635,6752,car,217.48,19.98,245.79,41.51,0.3838
636,2,car,657.99,173.9,772.12,262.95,0.8531
636,10,car,552.51,161.7,642.5,242.68,0.8568
636,1930,car,581.92,250.17,695.79,360.71,0.7806
636,2309,bus,760.45,91.09,960.0,404.53,0.9122
636,5,car,655.34,13.19,727.07,39.99,0.7337
636,6482,car,765.89,17.29,839.1,48.55,0.8087
636,4785,car,195.91,152.02,338.96,239.24,0.8393
636,4528,car,475.75,3.26,509.27,27.69,0.371
636,6580,car,425.74,195.67,512.79,293.48,0.8906
636,6793,car,912.94,16.33,958.37,45.4,0.7304
636,6816,car,186.09,28.7,228.62,53.83,0.2964
636,6752,car,217.54,19.55,246.76,41.81,0.3398
637,2,car,658.14,174.24,772.0,262.82,0.844
637,10,car,552.86,161.81,642.31,242.27,0.8722
637,1930,car,581.46,250.47,695.74,360.95,0.7754
637,2309,bus,759.54,91.13,960.0,407.54,0.9063
637,5,car,653.36,13.38,724.3,39.87,0.7101
637,6482,car,763.79,17.49,835.88,48.42,0.808
637,4785,car,190.06,154.58,333.79,242.66,0.8579
637,4528,car,476.93,2.93,509.62,26.83,0.4093
637,6580,car,426.87,194.96,512.0,290.16,0.8899
637,6793,car,913.18,16.59,958.66,45.59,0.7181
637,6816,car,186.1,29.26,227.85,54.0,0.2706
637,6752,car,217.66,19.31,246.58,41.42,0.3916
638,2,car,657.69,173.83,772.62,263.25,0.8447
638,10,car,552.07,161.81,642.19,242.87,0.8579
638,1930,car,580.47,250.45,696.47,362.39,0.7303
638,2309,bus,760.09,91.14,960.0,406.79,0.9056
638,5,car,651.19,13.61,721.5,39.74,0.7004
638,6482,car,760.98,17.93,832.54,48.67,0.8382
638,4785,car,183.3,157.34,328.32,246.6,0.8536
638,4528,car,477.89,2.63,509.88,26.16,0.4996
638,6580,car,427.29,194.32,511.46,287.93,0.8866
638,6793,car,913.18,16.96,958.33,45.56,0.6773
638,6816,car,184.92,29.99,226.19,54.19,0.264
638,6752,car,218.3,19.84,245.98,41.08,0.3261
639,2,car,657.23,173.54,772.8,263.5,0.8405
639,10,car,552.18,161.7,642.31,242.83,0.858
639,1930,car,581.16,250.5,695.86,360.63,0.7589
639,2309,bus,759.89,91.39,960.0,407.92,0.9059
639,5,car,649.61,13.49,719.13,39.24,0.6891
639,6482,car,758.99,18.18,829.73,48.69,0.8348
639,4785,car,177.15,159.35,323.99,250.24,0.8444
639,4528,car,478.74,2.44,510.91,26.23,0.4483
639,6580,car,427.42,192.38,511.77,285.86,0.8889
639,6793,car,912.72,16.47,958.79,45.57,0.6607
639,6816,car,183.19,28.65,226.5,53.97,0.3367
639,6752,car,217.94,19.87,245.53,41.04,0.3519
640,2,car,657.97,173.4,772.93,262.7,0.8507
640,10,car,552.8,161.51,642.37,242.14,0.85
640,1930,car,580.66,250.59,696.17,361.19,0.7074
640,2309,bus,758.86,91.27,960.0,411.28,0.9117
640,5,car,648.67,13.55,717.32,38.92,0.7041
640,6482,car,756.59,18.1,826.76,48.44,0.8282
640,4785,car,170.32,161.9,318.37,253.99,0.7817
640,4528,car,479.48,2.14,511.33,25.88,0.5588
640,6580,car,427.21,191.04,511.61,284.28,0.8759
640,6793,car,912.87,17.34,958.05,45.62,0.6491
640,6816,car,182.52,28.93,225.87,54.09,0.2823
640,6752,car,217.97,19.48,245.92,41.0,0.2731
641,2,car,657.06,173.23,773.1,263.32,0.8577
641,10,car,552.48,161.64,642.3,242.42,0.843
641,1930,car,578.54,250.55,698.18,365.37,0.721
641,2309,bus,760.41,91.29,960.0,407.39,0.9079
641,5,car,646.91,13.31,716.24,38.89,0.7262
641,6482,car,754.36,18.03,824.04,48.25,0.839
641,4785,car,163.22,164.64,314.72,259.56,0.8447
641,4528,car,480.1,1.95,511.44,25.57,0.4616
641,6580,car,427.41,190.68,511.78,283.69,0.8856
641,6793,car,912.59,17.43,958.21,45.81,0.5678
641,6816,car,183.11,28.98,226.22,53.98,0.2824
641,6752,car,217.67,19.39,245.51,40.85,0.339
642,2,car,656.51,172.47,773.6,263.55,0.8594
642,10,car,552.78,161.86,642.27,242.33,0.8516
642,1930,car,579.27,250.64,697.52,363.91,0.7519
642,2309,bus,760.33,91.26,960.0,407.87,0.8983
642,5,car,644.88,13.07,714.56,38.8,0.7329
642,6482,car,752.23,18.38,821.62,48.54,0.7844
642,4785,car,156.14,167.44,308.7,263.64,0.7621
642,4528,car,481.21,1.73,512.01,25.3,0.2739
642,6580,car,427.88,190.03,511.32,281.56,0.8882
642,6793,car,912.09,16.99,958.71,45.91,0.554
642,6752,car,217.49,19.31,245.34,40.81,0.314
643,2,car,656.16,172.32,773.87,264.01,0.8539
643,10,car,552.73,161.91,642.16,242.24,0.8548
643,1930,car,580.2,250.54,697.33,362.55,0.7213
643,2309,bus,760.59,91.35,960.0,407.97,0.9053
643,5,car,643.07,12.54,713.42,38.62,0.7308
643,6482,car,748.73,17.75,818.99,48.5,0.8254
643,4785,car,149.57,170.7,304.19,268.92,0.8266
643,4528,car,482.06,1.82,512.06,25.07,0.2625
643,6580,car,427.78,188.38,511.4,279.83,0.8833
643,6793,car,913.66,17.68,958.81,45.56,0.6573
643,6752,car,217.6,19.71,245.14,40.97,0.2493
643,6816,car,184.16,29.65,226.51,54.12,0.2275
644,2,car,656.02,172.24,773.96,264.23,0.8366
644,10,car,553.08,161.74,642.44,242.06,0.8369
644,1930,car,579.38,250.55,697.76,363.74,0.6345
644,2309,bus,760.54,91.23,960.0,407.78,0.9013
644,5,car,641.4,12.35,711.21,38.41,0.6742
644,6482,car,746.36,17.6,816.35,48.47,0.7779
644,4785,car,143.62,174.09,298.98,273.04,0.8282
644,6580,car,427.96,187.14,510.92,277.54,0.8881
644,6793,car,912.83,17.22,959.01,45.68,0.6252
644,6752,car,217.94,19.9,244.98,40.72,0.2811
644,6816,car,185.74,29.21,228.11,53.94,0.2559
645,2,car,656.16,172.4,774.23,264.65,0.8493
645,10,car,552.78,161.88,642.47,242.48,0.8479
645,1930,car,580.49,250.5,697.46,362.17,0.6952
645,2309,bus,761.47,91.15,959.23,404.32,0.9034
645,5,car,640.54,12.13,709.33,37.9,0.6584
645,6482,car,743.62,17.04,813.9,48.21,0.8453
645,4785,car,135.4,176.75,292.9,277.77,0.8389
645,6580,car,428.12,185.67,511.0,275.76,0.892
645,6793,car,912.91,17.18,959.32,45.78,0.684
645,6752,car,217.67,19.61,244.91,40.66,0.2732
646,2,car,656.55,172.37,773.96,264.23,0.8473
646,10,car,552.91,161.72,642.82,242.58,0.8379
646,1930,car,577.43,250.53,699.54,367.66,0.6728
646,2309,bus,761.29,91.16,959.7,405.55,0.9039
646,5,car,639.27,12.24,707.75,37.96,0.6755
646,6482,car,741.42,16.78,811.49,47.98,0.8093
646,4785,car,127.74,180.16,287.77,283.33,0.8237
646,6580,car,428.57,184.6,510.48,273.23,0.8945
646,6793,car,912.61,17.11,959.24,45.8,0.7034
646,6752,car,217.56,20.23,244.33,40.76,0.249
646,6816,car,183.64,29.16,227.2,54.45,0.2543
647,2,car,656.34,172.23,774.08,264.53,0.8348
647,10,car,552.83,161.38,643.24,242.81,0.8334
647,1930,car,576.35,250.84,700.46,370.44,0.6172
647,2309,bus,761.11,91.08,959.81,406.08,0.9059
647,5,car,637.76,12.03,706.27,37.9,0.5918
647,6482,car,740.07,16.98,808.97,47.72,0.7671
647,4785,car,119.69,183.51,282.16,288.83,0.8428
647,6580,car,427.86,182.6,510.94,272.43,0.8802
647,6793,car,912.26,16.92,959.65,46.11,0.6711
647,6752,car,217.38,20.13,244.44,40.95,0.3029
647,6816,car,182.92,29.8,225.96,54.61,0.2469
648,2,car,656.48,172.11,774.58,264.93,0.8482
648,10,car,553.03,161.64,643.15,242.84,0.8524
648,1930,car,577.57,250.61,699.38,368.13,0.6511
648,2309,bus,761.39,91.0,959.35,404.71,0.904
648,5,car,636.26,11.97,703.97,37.59,0.674
648,6482,car,736.93,16.61,806.46,47.82,0.8064
648,4785,car,112.65,186.76,277.32,294.07,0.823
648,6580,car,427.88,181.18,511.73,271.98,0.8811
648,6793,car,912.45,17.13,959.5,46.09,0.7234
648,6752,car,217.99,20.22,244.66,40.88,0.2542
648,6816,car,183.02,29.18,226.83,54.47,0.2336
648,7021,car,691.19,0.0,722.52,21.93,0.317
649,2,car,656.3,172.21,774.73,265.48,0.8523
649,10,car,553.51,161.71,642.93,242.25,0.8366
649,1930,car,576.28,250.79,700.54,371.24,0.7277
649,2309,bus,761.69,91.09,959.3,404.17,0.9047
649,5,car,633.82,11.59,701.66,37.38,0.6054
649,6482,car,734.84,16.62,802.98,47.32,0.7838
649,4785,car,105.06,190.32,270.71,298.86,0.7683
649,6580,car,427.84,180.21,511.67,270.96,0.8726
649,6793,car,912.39,17.38,959.19,46.11,0.6764
649,6816,car,181.8,28.42,226.73,54.34,0.2434
649,7021,car,691.83,0.0,722.56,21.53,0.2409
650,2,car,656.49,172.36,774.47,265.46,0.8364
650,10,car,553.25,161.87,642.72,242.37,0.8388
650,1930,car,576.98,250.57,700.35,370.51,0.6463
650,2309,bus,761.93,91.12,959.28,403.73,0.9087
650,5,car,632.58,11.47,700.07,37.26,0.5422
650,6482,car,732.89,16.56,800.18,46.98,0.7861
650,4785,car,97.72,194.01,264.45,303.54,0.8285
650,6580,car,428.85,179.28,511.46,268.53,0.8755
650,6793,car,912.81,17.47,959.34,46.02,0.6979
650,6816,car,182.35,28.48,227.17,54.39,0.2175
650,7021,car,692.58,0.0,722.74,21.15,0.2479
650,6752,car,218.11,20.65,244.87,41.3,0.2761
651,2,car,656.61,172.31,774.15,265.22,0.8465
651,10,car,552.7,161.92,642.77,242.89,0.8474
651,1930,car,577.34,250.76,700.4,370.78,0.6708
651,2309,bus,761.91,91.05,959.22,403.49,0.9103
651,5,car,631.52,10.92,698.62,36.71,0.539
651,6482,car,731.04,16.45,797.85,46.65,0.8127
651,4785,car,89.53,197.46,260.21,310.14,0.812
651,6580,car,429.38,178.54,511.26,266.95,0.8807
651,6793,car,912.32,16.67,960.0,46.03,0.7368
651,6816,car,182.67,27.59,228.31,54.14,0.2265
651,7021,car,692.49,0.0,722.23,20.82,0.2546
651,6752,car,217.82,20.55,245.08,41.45,0.2639
652,2,car,657.15,171.87,773.68,264.01,0.8362
652,10,car,553.21,161.93,642.91,242.53,0.8215
652,1930,car,579.4,250.69,698.86,367.13,0.6485
652,2309,bus,761.51,91.13,959.57,404.88,0.9142
652,5,car,629.44,9.79,697.12,36.15,0.3261
652,6482,car,729.1,16.4,795.48,46.47,0.8536
652,4785,car,81.9,201.14,255.9,316.47,0.7613
652,6580,car,429.86,177.63,510.82,264.94,0.8855
652,6793,car,912.66,16.72,959.99,45.9,0.7105
652,7021,car,692.29,0.0,722.06,20.78,0.3711
652,6752,car,218.31,20.59,245.45,41.39,0.2307
653,2,car,656.96,171.71,774.03,264.44,0.8385
653,10,car,553.66,161.87,642.93,241.99,0.8404
653,1930,car,578.05,250.45,699.91,369.67,0.6792
653,2309,bus,761.63,91.13,959.09,403.67,0.9018
653,5,car,626.77,9.54,694.37,36.04,0.4815
653,6482,car,726.43,16.12,793.42,46.54,0.8237
653,4785,car,70.69,203.84,248.54,322.4,0.7299
653,6580,car,429.72,176.19,510.61,263.33,0.8891
653,6793,car,912.84,16.74,959.77,45.69,0.7491
653,7021,car,692.26,0.0,721.94,20.64,0.3591
653,6752,car,218.3,20.32,245.31,41.15,0.265
653,7041,truck,417.9,15.27,500.8,48.39,0.3653
653,7046,car,850.54,491.81,959.08,538.24,0.4115
654,2,car,657.07,171.65,773.99,264.39,0.845
654,10,car,553.82,161.98,643.03,241.98,0.826
654,1930,car,577.24,250.72,700.4,371.59,0.7061
654,2309,bus,761.36,91.13,959.54,404.91,0.9077
654,5,car,624.51,8.88,692.55,35.65,0.4911
654,6482,car,724.16,15.77,791.33,46.42,0.8418
654,4785,car,60.46,205.13,244.2,328.9,0.5874
654,6580,car,429.86,175.05,510.79,262.15,0.8921
654,6793,car,913.58,17.53,959.39,45.74,0.7486
654,7021,car,692.21,0.0,721.99,20.65,0.3929
654,6752,car,218.17,20.08,245.48,41.1,0.3086
654,7041,truck,418.48,15.23,500.92,48.22,0.3831
654,7046,car,843.42,488.18,960.0,539.34,0.4236
655,2,car,657.63,172.1,773.77,264.25,0.8508
655,10,car,553.12,161.93,642.85,242.34,0.834
655,1930,car,577.92,250.32,700.23,370.64,0.6528
655,2309,bus,761.67,91.15,959.26,403.86,0.9165
655,5,car,623.34,8.88,690.67,35.45,0.5602
655,6482,car,721.89,15.45,789.07,46.16,0.8401
655,4785,car,52.26,206.56,241.24,335.01,0.5445
655,6580,car,429.87,173.99,510.98,261.3,0.8927
655,6793,car,913.05,17.22,959.41,45.74,0.6767
655,7021,car,692.12,0.0,721.84,20.57,0.4763
655,6752,car,218.79,20.43,245.59,41.01,0.2762
655,7041,truck,419.34,13.62,503.72,47.51,0.3115
655,7046,car,838.9,484.41,960.0,538.64,0.5769
656,2,car,657.98,172.22,773.57,263.94,0.8436
656,10,car,552.96,161.97,642.79,242.35,0.832
656,1930,car,577.49,250.63,700.34,371.84,0.7063
656,2309,bus,761.75,91.05,958.97,402.9,0.9099
656,5,car,622.6,9.29,688.97,35.58,0.6201
656,6482,car,720.2,15.92,785.98,46.0,0.8252
656,4785,truck,40.2,207.48,236.16,342.33,0.4651
656,6580,car,429.5,173.39,511.15,261.42,0.886
656,6793,car,913.34,17.72,959.55,46.1,0.6317
656,7021,car,692.32,0.0,721.94,20.46,0.3451
656,6752,car,218.56,20.35,245.34,40.85,0.3196
656,7041,truck,421.87,13.02,507.07,47.46,0.3773
656,7046,car,835.07,481.21,960.0,538.18,0.641
656,6816,car,182.25,29.27,225.93,54.38,0.2725
657,2,car,657.58,172.29,773.67,264.5,0.8398
657,10,car,553.63,161.71,643.07,241.74,0.832
657,1930,car,577.62,250.61,700.31,371.94,0.6376
657,2309,bus,762.14,91.01,959.08,402.35,0.9077
657,5,car,620.35,8.07,687.93,35.09,0.6049
657,6482,car,717.84,15.68,783.26,45.68,0.8376
657,4785,car,34.07,216.64,224.98,348.74,0.6887
657,6580,car,429.44,173.16,511.36,261.67,0.8829
657,6793,car,912.97,17.71,959.71,46.38,0.5271
657,7021,car,691.88,0.0,721.39,20.33,0.3625
657,6752,car,218.54,20.43,245.47,41.06,0.3391
657,7041,truck,423.79,10.06,512.28,46.17,0.3975
657,7046,car,830.71,477.63,960.0,537.56,0.746
658,2,car,657.43,172.43,773.85,265.01,0.8532
658,10,car,553.33,161.76,643.3,242.28,0.8387
658,1930,car,577.55,250.54,700.54,372.51,0.7809
658,2309,bus,762.18,90.96,958.87,401.66,0.9165
658,5,car,618.3,7.69,686.31,35.17,0.5137
658,6482,car,715.44,15.26,781.1,45.5,0.845
658,4785,truck,24.25,219.39,218.56,355.02,0.442
658,6580,car,429.4,172.45,511.35,261.19,0.8759
658,6793,car,912.14,17.84,960.0,47.67,0.5747
658,7021,car,691.52,0.0,721.2,20.42,0.31
658,6752,car,218.68,20.17,245.82,40.93,0.31
658,7041,truck,425.17,9.2,514.81,46.11,0.3244
658,7046,car,826.77,474.4,960.0,537.07,0.7118
658,6816,car,183.09,29.08,227.0,54.4,0.2212
659,2,car,657.14,172.12,774.28,265.43,0.8558
659,10,car,553.04,161.67,643.13,242.29,0.8434
659,1930,car,577.8,250.58,700.32,372.37,0.7856
659,2309,bus,762.2,90.88,959.06,401.75,0.9137
659,5,car,617.19,8.0,684.03,35.34,0.4862
659,6482,car,713.12,15.22,778.88,45.65,0.8512
659,4785,car,15.98,227.64,210.07,363.92,0.808
659,6580,car,429.39,171.56,510.82,259.79,0.8675
659,6793,car,915.7,17.66,960.0,49.68,0.4906
659,7021,car,692.1,0.0,721.89,20.51,0.2717
659,6752,car,218.99,20.4,245.61,40.54,0.3285
659,7041,truck,422.93,3.45,522.44,45.14,0.3007
659,7046,car,820.71,470.76,960.0,538.33,0.7353
659,6816,car,181.98,28.43,227.06,54.34,0.259
660,2,car,657.2,171.97,773.81,264.88,0.8575
660,10,car,553.38,161.81,642.93,241.87,0.8392
660,1930,car,578.17,250.28,700.41,372.13,0.7929
660,2309,bus,761.7,90.88,959.5,403.35,0.9101
660,5,car,615.39,7.43,682.73,35.39,0.5966
660,6482,car,710.76,14.93,777.0,45.73,0.817
660,4785,car,6.14,233.35,202.66,371.92,0.7888
660,6580,car,429.96,170.42,509.99,257.03,0.8706
660,6793,car,913.35,19.06,960.0,50.59,0.5754
660,7021,car,692.11,0.0,722.26,20.84,0.2846
660,6752,car,218.41,20.37,244.89,40.31,0.3161
660,7041,truck,425.54,1.01,527.7,44.85,0.4147
660,7046,car,816.9,468.24,960.0,538.72,0.7691
660,6816,car,181.98,28.46,227.13,54.25,0.2868
661,2,car,656.92,172.23,773.55,265.17,0.8602
661,10,car,553.04,161.91,642.99,242.34,0.8397
661,1930,car,579.21,250.3,699.63,370.37,0.7342
661,2309,bus,762.18,91.05,959.14,401.99,0.911
661,5,car,613.13,7.03,680.38,35.27,0.5561
661,6482,car,708.67,14.83,774.9,45.76,0.8465
661,4785,car,0.0,238.1,198.39,382.64,0.7392
661,6580,car,430.52,170.21,509.62,255.56,0.8587
661,6793,car,911.11,18.02,960.0,51.19,0.7053
661,7021,car,692.09,0.0,722.54,21.08,0.3871
661,6752,car,218.41,20.82,244.47,40.42,0.2154
661,7041,truck,423.8,0.11,526.1,44.79,0.4797
661,7046,car,815.03,465.44,960.0,537.39,0.8471
661,6816,car,181.67,28.45,226.93,54.16,0.2654
662,2,car,657.1,172.03,773.44,264.69,0.8519
662,10,car,553.23,161.98,643.06,242.29,0.8436
662,1930,car,583.63,250.39,698.72,364.96,0.724
662,2309,bus,761.78,90.96,958.97,402.09,0.916
662,5,car,607.91,4.9,679.95,35.61,0.5089
662,6482,car,707.09,14.94,772.65,45.61,0.8478
662,4785,car,0.0,243.24,193.35,389.85,0.7357
662,6580,car,430.83,170.02,508.99,254.05,0.8611
662,6793,car,909.34,16.26,960.0,51.7,0.7242
662,7021,car,691.1,0.0,722.1,21.51,0.3181
662,6752,car,218.96,20.63,245.31,40.32,0.2388
662,7041,truck,424.79,0.0,525.82,44.64,0.5227
662,7046,car,812.88,462.69,960.0,536.65,0.8459
663,2,car,656.4,172.07,773.49,265.37,0.8461
663,10,car,553.29,161.93,643.02,242.13,0.842
663,1930,car,581.54,250.28,699.79,368.27,0.7401
663,2309,bus,761.79,90.96,959.05,402.06,0.911
663,5,car,607.04,4.65,677.9,35.27,0.6029
663,6482,car,705.53,15.12,769.47,45.06,0.8082
663,4785,car,0.0,248.8,189.21,397.4,0.8266
663,6580,car,430.63,168.92,509.0,253.12,0.8761
663,6793,car,909.33,16.3,960.0,52.08,0.7549
663,6752,car,218.82,20.68,245.9,40.78,0.3203
663,7041,truck,419.35,0.0,522.64,45.94,0.4983
663,7046,car,810.94,460.26,960.0,535.89,0.8192
663,6816,car,184.77,29.37,227.82,53.99,0.2513
664,2,car,656.39,171.85,772.99,264.62,0.8488
664,10,car,553.6,161.53,643.25,241.78,0.8434
664,1930,car,581.93,250.33,698.68,366.69,0.7513
664,2309,bus,761.84,90.85,959.15,401.93,0.92
664,5,car,606.33,4.1,676.82,35.05,0.5829
664,6482,car,703.85,15.16,767.42,45.04,0.8032
664,4785,car,0.0,253.98,187.21,407.45,0.6453
664,6580,car,430.55,168.12,509.11,252.52,0.8794
664,6793,car,908.13,17.37,960.0,52.24,0.7587
664,6752,car,218.58,20.45,245.5,40.45,0.2969
664,7041,truck,417.33,0.0,521.06,46.41,0.4246
664,7046,car,808.75,457.6,960.0,535.64,0.8296
664,6816,car,186.11,29.33,228.71,53.98,0.2907
664,7021,car,689.21,0.01,722.66,23.28,0.3565
665,2,car,656.47,171.97,773.03,264.65,0.8565
665,10,car,553.91,161.78,643.27,241.86,0.8323
665,1930,car,581.22,250.29,698.56,367.14,0.7799
665,2309,bus,762.01,91.06,959.48,402.46,0.9093
665,5,car,605.66,3.55,676.09,35.01,0.5896
665,6482,car,702.1,15.12,765.56,44.99,0.7751
665,4785,car,0.0,258.81,184.16,415.77,0.7946
665,6580,car,430.73,167.43,508.92,251.36,0.8774
665,6793,car,905.41,17.26,958.67,52.31,0.7782
665,6752,car,218.18,20.33,245.67,40.67,0.3083
665,7041,truck,417.57,0.0,520.59,46.46,0.3709
665,7046,car,806.58,455.42,960.0,535.71,0.8162
665,6816,car,184.15,28.97,227.65,54.1,0.2584
666,2,car,657.12,172.19,773.38,264.67,0.8659
666,10,car,553.54,161.7,643.05,241.93,0.8423
666,1930,car,579.82,250.25,699.26,369.33,0.7253
666,2309,bus,761.85,91.26,959.35,402.65,0.9164
666,5,car,606.68,5.24,672.8,35.11,0.5192
666,6482,car,700.21,14.98,763.89,45.02,0.7803
666,4785,car,0.0,265.43,178.11,422.54,0.843
666,6580,car,430.69,166.88,508.7,250.6,0.8803
666,6793,car,902.12,17.18,956.99,52.77,0.7835
666,6752,car,218.52,20.27,246.0,40.66,0.3122
666,7046,car,804.29,452.76,960.0,535.73,0.8257
666,6816,car,184.32,28.77,227.59,53.89,0.2469
667,2,car,657.53,172.08,773.51,264.32,0.8648
667,10,car,553.51,161.82,642.71,241.74,0.8453
667,1930,car,585.5,250.27,699.7,364.33,0.7226
667,2309,bus,761.85,91.27,959.43,402.8,0.9177
667,5,car,607.12,6.17,670.02,34.81,0.5479
667,6482,car,697.86,14.77,761.16,44.54,0.8398
667,4785,car,0.0,271.21,173.11,430.18,0.8502
667,6580,car,430.82,166.41,508.53,249.69,0.885
667,6793,car,899.45,17.61,955.15,52.92,0.7848
667,6752,car,218.59,20.34,245.94,40.56,0.358
667,7046,car,801.15,450.12,960.0,536.96,0.8384
667,6816,car,184.68,28.61,227.7,53.69,0.2491
667,7041,truck,431.84,0.0,526.19,43.55,0.4596
668,2,car,657.61,171.67,773.62,263.9,0.8637
668,10,car,553.44,161.87,642.96,242.04,0.8493
668,1930,car,584.63,250.35,699.53,365.12,0.7282
668,2309,bus,762.04,91.29,959.12,401.85,0.9167
668,5,car,607.09,6.5,668.05,34.42,0.5796
668,6482,car,696.04,14.44,759.0,43.92,0.8189
668,4785,car,0.0,278.26,166.63,436.01,0.8382
668,6580,car,430.76,165.76,508.23,248.78,0.8827
668,6793,car,896.7,19.16,952.33,53.13,0.751
668,6752,car,218.22,20.49,245.63,40.62,0.3821
668,7046,car,798.99,447.45,960.0,537.45,0.8422
668,6816,car,186.67,28.48,228.8,53.37,0.2689
668,7041,truck,436.6,0.0,525.76,42.29,0.3914
669,2,car,658.19,172.02,773.31,263.46,0.8665
669,10,car,553.78,161.81,643.03,241.64,0.8626
669,1930,car,586.99,250.21,699.39,362.48,0.7531
669,2309,bus,761.85,91.32,959.04,401.91,0.9211
669,5,car,606.99,6.84,666.05,34.04,0.5595
669,6482,car,694.38,14.13,756.74,43.17,0.82
669,4785,car,0.0,283.45,160.77,443.26,0.7437
669,6580,car,430.56,164.87,508.65,248.54,0.8815
669,6793,car,893.54,20.17,949.84,53.15,0.7392
669,6752,car,217.77,20.44,245.38,40.6,0.3776
669,7046,car,797.53,445.25,960.0,537.57,0.8532
669,6816,car,187.07,29.26,227.91,53.43,0.2274
669,7041,truck,439.57,0.02,525.48,42.05,0.2981
670,2,car,657.85,172.09,773.57,264.06,0.8691
670,10,car,553.68,161.74,643.13,241.68,0.8647
670,1930,car,584.74,250.12,698.24,363.14,0.7635
670,2309,bus,761.37,91.44,959.16,402.9,0.9247
670,5,car,605.83,6.27,664.34,33.32,0.5508
670,6482,car,692.54,13.73,755.82,43.07,0.8068
670,4785,car,0.0,289.78,154.08,451.47,0.5679
670,6580,car,430.35,163.76,509.26,248.42,0.8741
670,6793,car,890.35,21.06,946.93,52.83,0.7071
670,6752,car,218.07,20.59,245.59,40.57,0.324
670,7046,car,797.64,442.75,960.0,535.9,0.866
670,6816,car,184.77,28.65,227.1,53.63,0.2468
670,7041,truck,441.34,0.03,525.15,41.86,0.3098
671,2,car,658.02,171.89,773.68,263.81,0.8667
671,10,car,554.14,161.82,643.55,241.68,0.8583
671,1930,car,587.54,249.94,699.35,361.4,0.7248
671,2309,bus,761.64,91.42,959.17,402.39,0.9189
671,5,car,606.02,6.84,661.72,32.6,0.4382
671,6482,car,690.96,13.59,753.98,42.75,0.8104
671,4785,car,0.0,295.75,149.91,461.06,0.5672
671,6580,car,430.73,164.22,508.98,248.21,0.8871
671,6793,car,885.1,21.61,941.79,52.39,0.5867
671,6752,car,218.56,20.57,245.22,39.87,0.342
671,7046,car,796.34,439.89,960.0,535.36,0.8884
671,6816,car,184.18,29.25,225.48,53.33,0.2288
671,7154,car,938.44,18.38,957.79,45.46,0.4248
672,2,car,658.03,171.77,773.69,263.66,0.8639
672,10,car,553.89,161.93,643.6,241.95,0.8685
672,1930,car,588.26,249.81,700.18,361.65,0.7522
672,2309,bus,761.66,91.37,959.11,402.07,0.9225
672,5,car,605.17,7.4,659.19,32.36,0.3729
672,6482,car,688.97,13.71,751.56,42.71,0.8538
672,4785,car,0.0,303.04,142.96,464.92,0.7758
672,6580,car,430.65,163.89,508.97,248.08,0.887
672,6793,car,877.81,22.04,935.93,52.66,0.7508
672,6752,car,218.77,20.71,245.42,39.94,0.3268
672,7046,car,795.07,437.6,960.0,535.28,0.887
672,6816,car,185.73,28.81,226.96,53.02,0.2417
672,7154,car,937.96,18.94,955.95,43.89,0.5699
673,2,car,658.31,171.85,773.43,263.23,0.86
673,10,car,554.23,161.77,643.79,241.61,0.8621
673,1930,car,589.42,249.56,700.51,360.76,0.7891
673,2309,bus,761.76,91.16,959.2,401.78,0.922
673,5,car,604.89,8.14,655.87,31.56,0.4792
673,6482,car,687.3,13.47,749.73,42.41,0.8599
673,4785,car,0.0,309.88,125.61,455.65,0.7919
673,6580,car,430.83,163.7,508.89,247.71,0.8884
673,6793,car,873.2,22.9,931.24,52.53,0.752
673,6752,car,218.75,20.39,245.56,39.86,0.2903
673,7046,car,793.72,435.35,960.0,535.33,0.8799
673,7154,car,934.03,17.06,953.89,44.13,0.715
674,2,car,658.3,171.61,773.75,263.27,0.8656
674,10,car,554.38,161.9,643.65,241.39,0.86
674,1930,car,588.6,249.5,701.26,362.65,0.7779
674,2309,bus,761.82,91.09,959.02,401.13,0.9188
674,5,car,604.69,8.28,653.97,30.77,0.5542
674,6482,car,685.45,13.43,747.23,42.13,0.8305
674,4785,car,0.0,317.83,112.3,451.5,0.7579
674,6580,car,430.79,163.86,508.86,247.94,0.8864
674,6793,car,868.12,22.65,928.33,52.63,0.7777
674,6752,car,218.41,19.83,246.29,40.05,0.3395
674,7046,car,792.21,433.14,960.0,535.51,0.8748
674,7154,car,932.19,16.87,952.64,43.98,0.7279
674,6816,car,185.81,26.79,229.02,52.61,0.2612
675,2,car,658.44,171.41,773.78,262.96,0.8654
675,10,car,554.52,161.79,643.97,241.4,0.8595
675,1930,car,590.01,249.43,700.75,360.73,0.7971
675,2309,bus,761.62,91.0,959.09,401.36,0.9143
675,5,car,601.82,7.23,654.09,31.15,0.3787
675,6482,car,683.43,13.29,744.7,41.78,0.8247
675,4785,car,0.0,326.79,99.18,448.83,0.7823
675,6580,car,430.74,162.83,509.24,247.55,0.8893
675,6793,car,862.6,22.32,923.86,52.24,0.796
675,6752,car,218.84,20.21,245.43,39.57,0.284
675,7046,car,790.71,430.65,960.0,535.55,0.8853
675,7154,car,930.26,17.26,951.66,44.63,0.7902
676,2,car,658.2,171.22,773.85,263.07,0.8752
676,10,car,554.67,161.87,643.79,241.14,0.8516
676,1930,car,590.37,249.45,700.42,360.11,0.8047
676,2309,bus,761.66,90.85,959.33,401.53,0.8632
676,5,car,599.96,6.28,653.86,31.08,0.4765
676,6482,car,681.78,13.06,742.59,41.34,0.8365
676,4785,car,0.0,333.26,91.2,448.06,0.7062
676,6580,car,430.81,162.49,509.22,247.22,0.8878
676,6793,car,856.77,22.36,918.97,52.08,0.7642
676,6752,car,218.87,20.54,245.22,39.7,0.376
676,7046,car,789.29,427.94,960.0,535.53,0.8964
676,7154,car,927.02,16.34,950.47,45.04,0.8232
677,2,car,658.46,171.16,773.81,262.76,0.8682
677,10,car,554.21,161.69,643.6,241.17,0.856
677,1930,car,590.28,249.49,700.37,360.3,0.7732
677,2309,bus,761.64,90.74,959.33,401.42,0.9021
677,5,car,597.94,5.09,653.64,31.01,0.6111
677,6482,car,680.22,13.19,740.75,41.3,0.8314
677,4785,car,0.0,341.97,79.3,448.27,0.692
677,6580,car,430.42,161.57,509.48,247.27,0.8826
677,6793,car,852.11,22.61,914.72,52.02,0.8109
677,6752,car,218.37,19.88,245.68,39.77,0.3213
677,7046,car,788.37,425.7,960.0,535.62,0.8969
677,7154,car,926.04,17.0,950.07,44.93,0.7939
678,2,car,658.1,170.84,773.89,262.82,0.8616
678,10,car,553.37,161.68,643.14,241.47,0.873
678,1930,car,590.18,249.4,700.41,360.45,0.7805
678,2309,bus,761.65,90.81,959.19,401.14,0.9072
678,5,car,597.58,5.16,652.09,30.75,0.5307
678,6482,car,678.65,13.21,738.75,41.04,0.8198
678,4785,car,0.0,350.0,67.73,448.91,0.6784
678,6580,car,430.66,161.33,509.46,246.87,0.8863
678,6793,car,845.81,22.35,910.03,52.18,0.8372
678,6752,car,217.2,18.94,245.69,39.79,0.3387
678,7046,car,787.35,423.32,960.0,535.69,0.9075
678,7154,car,923.44,16.04,949.61,44.94,0.8624
679,2,car,658.03,171.02,774.08,263.26,0.8707
679,10,car,554.05,161.76,643.18,240.98,0.8557
679,1930,car,590.23,249.3,700.51,360.58,0.7959
679,2309,bus,761.71,90.84,959.32,401.28,0.9213
679,5,car,596.56,4.54,651.51,30.67,0.6892
679,6482,car,677.31,13.34,736.57,40.72,0.8002
679,4785,car,0.0,358.29,57.82,454.67,0.65
679,6580,car,430.39,160.76,509.53,246.88,0.8789
679,6793,car,841.27,22.25,906.08,52.05,0.8355
679,6752,car,216.98,18.75,245.07,39.44,0.2992
679,7046,car,786.89,421.58,960.0,535.7,0.9037
679,7154,car,921.85,16.43,949.16,44.86,0.7867
680,2,car,658.14,171.19,774.03,263.31,0.8727
680,10,car,553.8,161.57,643.3,241.11,0.8567
680,1930,car,590.63,249.31,700.01,359.64,0.806
680,2309,bus,761.64,90.84,959.14,401.0,0.9223
680,5,car,595.25,4.0,650.74,30.75,0.6254
680,6482,car,675.02,13.2,734.35,40.5,0.7629
680,6580,car,430.62,161.08,509.15,246.63,0.8802
680,6793,car,835.23,21.78,901.4,51.96,0.8423
680,6752,car,217.26,18.71,245.39,39.4,0.3159
680,7046,car,785.81,419.25,960.0,535.6,0.911
680,7154,car,921.5,15.86,950.49,44.7,0.7927
680,7204,car,262.84,21.67,299.24,39.16,0.3228
681,2,car,657.96,170.93,774.23,263.41,0.8702
681,10,car,553.37,161.54,643.06,241.22,0.852
681,1930,car,590.55,249.16,700.34,360.05,0.7929
681,2309,bus,761.91,90.59,959.47,400.93,0.9188
681,5,car,594.01,3.74,649.62,30.91,0.5086
681,6482,car,673.09,13.06,732.17,40.14,0.7383
681,6580,car,430.43,160.67,509.23,246.76,0.8867
681,6793,car,829.53,21.0,897.93,52.03,0.8099
681,6752,car,218.5,19.37,245.48,39.2,0.2741
681,7046,car,784.45,416.57,960.0,535.78,0.8963
681,7154,car,920.47,15.3,951.31,44.73,0.8017
681,7204,car,263.23,22.0,299.45,39.41,0.3083
682,2,car,657.95,170.65,774.49,263.4,0.8685
682,10,car,553.67,161.67,643.08,241.06,0.8468
682,1930,car,589.93,249.14,700.72,361.32,0.7673
682,2309,bus,761.91,90.54,959.4,400.76,0.914
682,5,car,592.95,3.26,648.54,30.8,0.5824
682,6482,car,670.83,12.61,730.69,40.04,0.7707
682,6580,car,430.53,160.16,509.35,246.38,0.8832
682,6793,car,824.41,20.9,893.74,52.34,0.7865
682,6752,car,218.23,18.97,245.56,39.03,0.2725
682,7046,car,783.52,414.13,960.0,535.49,0.893
682,7154,car,919.78,14.96,952.2,44.81,0.7767
682,7204,car,263.29,22.41,299.02,39.64,0.3017
683,2,car,657.93,170.3,774.08,262.75,0.8651
683,10,car,553.31,161.62,643.0,241.18,0.8538
683,1930,car,589.81,249.05,700.68,361.55,0.7838
683,2309,bus,761.94,90.42,959.18,400.12,0.8382
683,5,car,592.55,3.48,646.67,30.62,0.5426
683,6482,car,669.36,12.48,729.4,39.9,0.7259
683,6580,car,430.6,159.71,509.22,245.74,0.8792
683,6793,car,818.64,20.34,890.05,52.76,0.801
683,6752,car,218.19,18.86,245.57,38.91,0.3422
683,7046,car,781.88,411.73,960.0,535.49,0.8892
683,7154,car,919.34,14.7,952.84,44.5,0.7879
683,7204,car,265.48,23.62,298.71,39.72,0.3294
684,2,car,657.86,170.39,774.36,263.19,0.8722
684,10,car,553.39,161.5,643.13,241.08,0.8677
684,1930,car,590.95,249.09,699.96,359.65,0.8107
684,2309,bus,762.15,90.42,959.06,399.4,0.904
684,5,car,593.15,4.2,644.16,29.89,0.4693
684,6482,car,668.19,12.69,727.42,39.65,0.6926
684,6580,car,430.45,160.05,509.28,246.41,0.8787
684,6793,car,815.13,20.11,885.54,52.17,0.7888
684,6752,car,218.27,18.41,246.12,38.74,0.3506
684,7046,car,780.7,409.78,960.0,535.67,0.898
684,7154,car,918.85,14.82,953.34,44.57,0.7777
684,7204,car,265.03,23.67,297.61,39.51,0.3233
684,6816,car,187.52,26.2,229.37,51.82,0.2708
685,2,car,657.87,170.56,774.32,263.39,0.8735
685,10,car,553.82,161.35,643.64,241.07,0.8437
685,1930,car,590.64,248.98,700.03,360.06,0.7831
685,2309,bus,762.14,90.34,959.05,399.22,0.8852
685,5,car,592.71,3.79,643.09,29.34,0.5604
685,6482,car,665.85,12.0,725.75,39.33,0.5934
685,6580,car,430.71,160.12,509.13,246.04,0.88
685,6793,car,812.12,20.21,880.17,51.09,0.7706
685,6752,car,218.11,18.24,245.85,38.4,0.32
685,7046,car,779.66,407.94,960.0,536.04,0.9035
685,7154,car,918.42,14.87,953.88,44.57,0.7892
685,7204,car,263.08,22.62,297.37,39.32,0.3294
686,2,car,657.88,170.64,774.39,263.59,0.8684
686,10,car,553.6,161.22,643.67,241.14,0.8552
686,1930,car,590.55,249.03,700.04,360.31,0.7772
686,2309,bus,762.11,90.28,959.14,399.28,0.8642
686,5,car,592.41,4.13,640.75,28.7,0.3848
686,6482,car,664.16,11.54,724.57,39.17,0.597
686,6580,car,430.76,160.2,509.02,246.02,0.8806
686,6793,car,807.39,19.99,876.15,51.22,0.7755
686,6752,car,217.99,18.29,246.52,38.94,0.3574
686,7046,car,778.42,405.45,960.0,536.19,0.8971
686,7154,car,918.23,14.96,954.38,44.45,0.7455
686,7204,car,262.08,22.18,297.13,39.35,0.241
686,6816,car,188.2,27.42,227.79,51.62,0.2581
687,2,car,658.23,170.53,774.06,262.93,0.8718
687,10,car,553.48,160.97,644.02,241.38,0.8612
687,1930,car,590.45,249.13,699.92,360.45,0.7837
687,2309,bus,766.76,89.87,954.67,381.97,0.7495
687,5,car,589.97,3.09,639.96,28.77,0.5094
687,6482,car,662.97,11.66,722.68,38.93,0.6812
687,6580,car,430.71,160.2,509.03,246.15,0.8777
687,6793,car,802.3,19.61,872.16,51.39,0.7574
687,6752,car,217.58,17.99,246.89,39.14,0.4075
687,7046,car,777.28,403.13,960.0,536.23,0.8924
687,7154,car,917.52,14.91,954.73,44.57,0.7767
687,7204,car,260.81,21.45,296.98,39.28,0.2715
688,2,car,658.49,170.56,774.13,262.8,0.8698
688,10,car,553.69,161.01,643.65,240.88,0.8633
688,1930,car,590.95,249.25,699.81,359.94,0.7883
688,2309,bus,767.14,89.43,954.57,379.13,0.7684
688,5,car,588.35,2.2,639.21,28.66,0.6406
688,6482,car,661.48,11.66,720.36,38.5,0.7004
688,6580,car,430.69,160.28,509.2,246.57,0.8788
688,6793,car,797.64,19.93,865.65,50.75,0.7491
688,6752,car,217.5,18.19,246.53,39.07,0.3708
688,7046,car,775.92,400.84,960.0,536.76,0.8766
688,7154,car,917.78,14.87,955.41,44.28,0.7996
688,7204,car,260.32,21.04,298.64,40.19,0.3492
688,6816,car,186.1,26.24,227.76,51.76,0.2627
689,2,car,658.68,170.56,774.1,262.64,0.8728
689,10,car,553.58,160.94,643.71,241.03,0.869
689,1930,car,590.78,249.21,700.23,360.67,0.7777
689,2309,bus,762.69,89.75,958.28,392.42,0.886
689,5,car,588.3,2.41,637.07,27.97,0.5705
689,6482,car,659.17,11.41,718.18,38.29,0.6878
689,6580,car,431.01,160.84,508.78,246.36,0.8852
689,6793,car,794.42,20.26,860.8,50.17,0.7585
689,6752,car,217.44,18.2,246.59,39.1,0.3974
689,7046,car,775.25,399.0,960.0,536.93,0.8862
689,7154,car,917.56,14.97,955.75,44.24,0.7793
689,7204,car,261.04,21.04,297.85,39.61,0.305
689,7271,car,479.99,0.4,527.21,29.19,0.3792
689,6816,car,187.73,26.51,228.31,51.6,0.2568
690,2,car,658.32,170.22,774.34,262.9,0.8687
690,10,car,553.67,160.73,643.84,240.9,0.8662
690,1930,car,591.17,249.23,699.86,359.86,0.7821
690,2309,bus,763.67,89.42,957.35,388.22,0.7916
690,5,car,587.54,1.81,636.0,27.48,0.6087
690,6482,car,658.48,11.13,717.54,37.91,0.6504
690,6580,car,431.03,161.09,508.72,246.58,0.8807
690,6793,car,789.87,20.23,856.41,50.2,0.7882
690,6752,car,216.73,17.67,246.92,39.35,0.3591
690,7046,car,774.63,397.21,960.0,537.11,0.8851
690,7154,car,917.09,15.0,955.88,44.19,0.7929
690,7204,car,260.66,21.64,297.11,40.29,0.4323
690,7271,car,480.64,0.81,527.44,29.35,0.379
691,2,car,658.13,170.44,774.6,263.57,0.8665
691,10,car,553.63,160.92,644.02,241.32,0.8632
691,1930,car,591.53,249.39,699.64,359.37,0.7782
691,2309,bus,761.7,89.71,959.27,394.83,0.8468
691,5,car,587.48,1.25,635.01,26.61,0.6569
691,6482,car,658.15,11.38,716.22,37.46,0.6987
691,6580,car,431.26,161.66,508.75,246.92,0.8768
691,6793,car,785.42,19.79,852.56,50.0,0.7833
691,6752,car,217.21,17.74,247.04,39.13,0.3286
691,7046,car,773.48,395.18,960.0,537.25,0.8836
691,7154,car,916.98,14.86,956.43,44.12,0.7834
691,7204,car,260.55,21.85,296.34,40.38,0.4266
691,7271,car,481.56,0.43,528.66,29.18,0.3188
692,2,car,658.23,170.35,774.47,263.36,0.8708
692,10,car,553.41,161.28,643.91,241.79,0.8718
692,1930,car,590.95,249.3,700.3,360.73,0.792
692,2309,bus,760.6,89.71,960.0,399.11,0.9123
692,5,car,587.64,1.04,634.72,26.3,0.7056
692,6482,car,656.65,11.61,713.86,37.06,0.6218
692,6580,car,430.93,161.11,509.12,247.32,0.8848
692,6793,car,781.7,19.99,847.69,49.66,0.7811
692,6752,car,217.96,18.28,247.14,39.22,0.322
692,7046,car,772.24,392.78,960.0,537.05,0.8669
692,7154,car,916.64,14.9,956.67,44.17,0.7704
692,7204,car,260.03,21.75,296.03,40.67,0.3995
692,7271,car,482.54,0.22,530.25,29.4,0.4339
692,6816,car,186.33,26.09,228.26,52.02,0.2234
693,2,car,658.17,170.34,774.36,263.33,0.8762
693,10,car,553.87,161.47,643.8,241.46,0.8539
693,1930,car,591.24,249.26,700.21,360.4,0.7918
693,2309,bus,760.3,89.81,960.0,400.99,0.9162
693,5,car,586.94,0.81,634.44,26.47,0.676
693,6482,car,655.78,11.66,713.49,37.02,0.6021
693,6580,car,431.07,161.11,509.07,247.22,0.881
693,6793,car,777.06,19.3,844.23,49.61,0.7276
693,6752,car,218.83,18.54,247.82,39.38,0.3003
693,7046,car,771.55,390.19,960.0,536.4,0.877
693,7154,car,916.38,15.12,956.83,44.3,0.7778
693,7204,car,260.53,22.14,295.14,40.54,0.3517
693,7271,car,484.15,0.27,530.28,28.47,0.4268
693,6816,car,185.83,26.36,227.56,52.05,0.2134
694,2,car,658.01,170.2,774.41,263.4,0.8746
694,10,car,553.8,161.49,643.66,241.26,0.8471
694,1930,car,591.17,249.42,700.29,360.79,0.8002
694,2309,bus,760.06,89.98,960.0,402.36,0.9258
694,5,car,586.69,0.93,633.51,26.35,0.6173
694,6482,car,652.45,11.2,710.71,36.79,0.5822
694,6580,car,431.33,161.84,508.62,247.19,0.8871
694,6793,car,772.89,19.33,840.32,49.72,0.7421
694,6752,car,217.77,18.41,247.22,39.53,0.341
694,7046,car,770.9,388.09,960.0,536.16,0.8859
694,7154,car,916.19,15.19,957.0,44.26,0.8119
694,7204,car,259.27,21.84,294.64,40.97,0.4138
694,7271,car,484.78,0.23,531.64,28.97,0.5274
694,6816,car,186.31,26.26,228.05,51.89,0.2193
695,2,car,658.34,170.13,774.18,262.86,0.8677
695,10,car,553.79,161.62,643.95,241.55,0.8524
695,1930,car,590.73,249.37,700.59,361.63,0.7889
695,2309,bus,760.69,90.24,960.0,401.12,0.9149
695,5,car,587.05,1.75,632.21,26.23,0.422
695,6482,car,650.15,11.17,707.81,36.46,0.5789
695,6580,car,431.54,162.28,508.4,247.09,0.8865
695,6793,car,768.91,19.34,835.82,49.54,0.8005
695,6752,car,218.08,18.64,247.82,39.87,0.3316
695,7046,car,769.63,386.32,960.0,536.85,0.8998
695,7154,car,916.17,15.45,957.04,44.2,0.7696
695,7204,car,259.25,21.76,293.68,40.69,0.4052
695,7271,car,485.54,0.33,531.63,28.68,0.4444
696,2,car,658.13,170.12,774.44,263.3,0.8698
696,10,car,553.5,161.37,644.02,241.63,0.8532
696,1930,car,591.3,249.49,700.07,360.56,0.8057
696,2309,bus,760.99,90.26,960.0,400.09,0.9228
696,5,car,585.96,1.59,630.51,25.92,0.4615
696,6482,car,647.34,10.86,705.74,36.54,0.6123
696,6580,car,431.52,162.12,508.5,247.07,0.8833
696,6793,car,764.86,18.8,832.7,49.53,0.8428
696,6752,car,218.19,18.38,248.31,39.89,0.332
696,7046,car,768.96,384.64,960.0,536.95,0.8848
696,7154,car,915.81,15.31,957.44,44.32,0.7981
696,7204,car,259.72,21.9,293.2,40.57,0.2872
696,7271,car,486.25,0.32,532.04,28.59,0.4928
697,2,car,658.34,170.5,774.1,263.18,0.8608
697,10,car,553.38,161.16,644.18,241.79,0.8669
697,1930,car,591.6,249.61,699.76,359.92,0.8029
697,2309,bus,760.53,90.42,960.0,402.62,0.9215
697,5,car,585.02,1.26,629.4,25.79,0.4859
697,6482,car,645.43,11.22,703.25,36.69,0.5726
697,6580,car,431.49,161.87,508.57,246.94,0.8794
697,6793,car,760.44,18.95,828.05,49.62,0.7934
697,6752,car,218.55,18.77,248.89,40.42,0.3427
697,7046,car,768.73,383.12,960.0,536.29,0.9004
697,7154,car,915.63,15.11,957.74,44.25,0.8013
697,7204,car,258.91,21.69,293.17,41.04,0.3477
697,7271,car,486.96,0.24,532.51,28.5,0.5539
698,2,car,657.61,170.56,774.55,264.28,0.8652
698,10,car,553.28,161.05,644.27,241.83,0.8679
698,1930,car,590.93,249.63,700.14,361.08,0.7968
698,2309,bus,760.23,90.55,960.0,403.6,0.9183
698,5,car,584.63,0.98,628.44,25.6,0.4872
698,6482,car,643.66,10.88,701.41,36.37,0.5363
698,6580,car,431.42,161.93,508.64,247.16,0.881
698,6793,car,757.52,18.65,824.09,48.88,0.7972
698,6752,car,218.77,19.18,248.59,40.37,0.2611
698,7046,car,767.93,381.36,960.0,536.52,0.9045
698,7154,car,915.36,15.26,957.83,44.41,0.7694
698,7204,car,258.54,21.56,293.08,41.29,0.3281
698,7271,car,487.22,0.28,532.7,28.69,0.5051
699,2,car,657.88,170.93,774.27,264.23,0.8676
699,10,car,552.75,160.76,644.48,242.24,0.8721
699,1930,car,590.97,249.77,700.38,361.51,0.8061
699,2309,bus,759.0,90.66,960.0,409.25,0.9172
699,5,car,585.58,1.16,627.46,25.06,0.5011
699,6482,car,639.97,10.85,698.43,36.53,0.5454
699,6580,car,431.51,162.17,508.6,247.25,0.8859
699,6793,car,754.08,18.57,821.01,49.08,0.813
699,6752,car,218.45,19.21,247.72,40.03,0.3021
699,7046,car,767.18,379.47,960.0,536.5,0.8983
699,7154,car,915.25,15.29,958.08,44.51,0.7888
699,7204,car,258.39,21.82,292.23,41.28,0.2574
699,7271,car,488.03,0.15,533.21,28.64,0.5745
700,2,car,658.51,171.06,773.98,263.58,0.8679
700,10,car,552.29,160.86,644.39,242.72,0.8597
700,1930,car,591.1,249.81,700.08,361.11,0.8031
700,2309,bus,758.47,90.63,960.0,412.29,0.9187
700,5,car,587.93,2.06,626.78,24.65,0.4706
700,6482,car,638.98,11.56,695.72,36.38,0.5668
700,6580,car,431.98,163.16,508.11,247.03,0.8835
700,6793,car,750.61,18.87,816.61,48.95,0.805
700,6752,car,217.89,18.79,247.18,39.72,0.3146
700,7046,car,766.37,378.16,960.0,536.94,0.9094
700,7154,car,915.08,15.11,958.1,44.24,0.7853
700,7271,car,489.13,0.04,533.53,28.24,0.5261
701,2,car,658.47,171.33,774.02,263.89,0.8615
701,10,car,552.47,161.39,644.04,242.8,0.8611
701,1930,car,591.08,249.84,700.06,361.16,0.8082
701,2309,bus,758.42,89.94,960.0,413.01,0.9178
701,5,car,587.34,1.74,625.73,24.38,0.3802
701,6482,car,635.69,10.72,694.31,36.36,0.5326
701,6580,car,431.74,162.64,508.3,246.97,0.8844
701,6793,car,747.77,18.65,813.59,48.67,0.8005
701,6752,car,218.17,19.1,246.72,39.52,0.2588
701,7046,car,765.17,376.43,960.0,537.02,0.9095
701,7154,car,914.88,15.1,958.45,44.48,0.7941
701,7271,car,489.98,0.0,533.8,28.07,0.5567
702,2,car,658.47,171.21,774.22,263.95,0.8602
702,10,car,553.02,161.57,643.84,242.29,0.8316
702,1930,car,590.98,249.74,700.2,361.43,0.8023
702,2309,bus,758.44,90.09,960.0,413.69,0.9205
702,5,car,589.84,3.35,624.52,24.15,0.3392
702,6482,car,634.16,10.3,692.68,35.89,0.5937
702,6580,car,431.54,162.38,508.33,246.98,0.8806
702,6793,car,743.62,17.43,811.38,48.49,0.8454
702,6752,car,218.62,19.69,245.95,39.23,0.295
702,7046,car,764.25,374.35,960.0,536.35,0.9232
702,7154,car,914.7,15.01,958.64,44.53,0.7883
702,7271,car,490.52,0.0,533.27,27.58,0.518
703,2,car,658.43,171.2,774.15,263.92,0.8652
703,10,car,552.57,161.31,643.84,242.4,0.8537
703,1930,car,591.11,249.75,700.18,361.32,0.7968
703,2309,bus,759.02,90.07,960.0,412.79,0.9184
703,5,car,590.25,4.09,622.86,23.84,0.364
703,6482,car,633.08,10.33,690.53,35.48,0.6647
703,6580,car,431.28,162.12,508.56,247.35,0.8808
703,6793,car,740.62,17.44,808.22,48.58,0.7987
703,6752,car,219.04,20.18,245.04,38.78,0.2879
703,7046,car,763.06,372.91,960.0,536.78,0.925
703,7154,car,914.59,15.12,958.74,44.68,0.7819
703,7271,car,490.92,0.0,533.35,27.65,0.473
703,7379,car,690.8,0.0,725.47,19.82,0.3579
704,2,car,658.3,171.09,774.18,263.98,0.8611
704,10,car,552.48,161.18,643.9,242.39,0.8517
704,1930,car,591.23,249.93,700.34,361.62,0.7903
704,2309,bus,759.48,90.09,960.0,412.6,0.924
704,5,car,589.71,3.59,621.96,23.45,0.3698
704,6482,car,632.53,10.26,689.17,35.2,0.6562
704,6580,car,431.64,162.88,508.09,247.1,0.8887
704,6793,car,737.14,17.07,804.8,48.4,0.8261
704,6752,car,218.83,20.27,244.15,38.47,0.2782
704,7046,car,761.8,371.34,960.0,537.04,0.9124
704,7154,car,914.61,15.17,958.88,44.73,0.7626
704,7271,car,491.81,0.01,532.78,26.88,0.4409
704,7379,car,691.02,0.0,725.55,19.75,0.2128
705,2,car,658.46,171.0,774.16,263.78,0.8628
705,10,car,552.81,161.08,643.74,241.95,0.8387
705,1930,car,591.37,249.8,700.17,361.15,0.7836
705,2309,bus,760.09,90.27,960.0,411.71,0.9203
705,5,car,589.43,2.74,621.46,22.9,0.3696
705,6482,car,630.61,9.7,687.91,35.15,0.6477
705,6580,car,431.57,162.67,508.19,247.11,0.8915
705,6793,car,734.19,17.17,801.26,48.37,0.7801
705,6752,car,218.98,20.31,244.14,38.45,0.2844
705,7046,car,760.62,369.3,960.0,536.6,0.9225
705,7154,car,914.57,15.15,959.19,44.92,0.7739
705,7271,car,492.61,0.18,532.38,26.35,0.2886
706,2,car,658.4,171.22,774.09,264.02,0.8593
706,10,car,553.12,160.87,643.84,241.62,0.8368
706,1930,car,591.34,249.94,700.16,361.36,0.7878
706,2309,bus,759.88,90.32,960.0,412.53,0.9202
706,5,car,588.75,2.21,620.13,22.45,0.314
706,6482,car,629.19,9.29,686.63,35.09,0.6441
706,6580,car,431.69,162.8,508.36,247.33,0.8862
706,6793,car,732.11,17.52,797.98,48.2,0.796
706,6752,car,218.39,19.7,244.72,38.64,0.2802
706,7046,car,758.82,366.93,960.0,535.99,0.9213
706,7154,car,914.26,15.46,958.69,44.95,0.7529
706,7271,car,492.85,0.21,532.03,26.11,0.3391
706,7405,bike,575.74,26.98,598.17,51.46,0.3254
706,7379,car,691.54,0.0,725.87,19.61,0.2455
707,2,car,658.58,171.42,774.01,263.99,0.8606
707,10,car,553.23,160.98,644.01,241.94,0.843
707,1930,car,591.8,250.13,699.72,360.49,0.7948
707,2309,bus,759.59,90.28,960.0,413.99,0.9201
707,5,car,588.36,2.0,618.54,21.93,0.2744
707,6482,car,626.93,9.18,684.05,35.08,0.6701
707,6580,car,431.76,162.58,508.56,247.27,0.8835
707,6793,car,728.63,17.1,795.11,48.27,0.7738
707,7046,car,757.34,365.14,960.0,536.59,0.9206
707,7154,car,913.75,15.08,958.81,44.89,0.7798
707,7271,car,492.94,0.2,531.25,25.68,0.4219
707,7405,bike,575.49,25.02,599.64,51.46,0.2821
708,2,car,658.29,171.48,774.17,264.48,0.8648
708,10,car,553.7,160.99,644.14,241.81,0.8414
708,1930,car,591.68,250.13,700.03,360.97,0.7997
708,2309,bus,759.63,90.34,960.0,414.1,0.9053
708,5,car,586.41,1.8,616.12,21.6,0.3674
708,6482,car,625.23,9.2,681.27,34.79,0.6304
708,6580,car,431.72,162.5,508.54,247.2,0.8867
708,6793,car,725.83,17.39,790.68,47.78,0.7557
708,7046,car,757.48,363.41,960.0,536.22,0.9238
708,7154,car,913.63,15.22,958.83,45.03,0.7584
708,7271,car,492.91,0.18,530.76,25.56,0.4385
708,7405,bike,574.85,22.69,600.72,51.19,0.3274
709,2,car,658.27,171.17,774.07,264.16,0.8651
709,10,car,553.79,161.0,644.23,241.96,0.8349
709,1930,car,591.44,249.92,700.23,361.26,0.7987
709,2309,bus,760.52,90.33,960.0,411.88,0.9029
709,5,car,581.27,0.56,612.96,21.44,0.4875
709,6482,car,623.33,8.74,679.11,34.38,0.6268
709,6580,car,431.47,161.79,508.81,247.24,0.8809
709,6793,car,722.33,17.0,788.04,47.97,0.7491
709,7046,car,757.44,361.91,960.0,535.27,0.9162
709,7154,car,913.85,15.28,959.01,45.01,0.7612
709,7271,car,493.89,0.13,530.98,25.07,0.4812
709,7405,bike,576.21,24.58,600.39,51.31,0.369
709,6752,car,218.03,19.93,245.03,39.38,0.3317
710,2,car,658.1,171.24,773.84,264.14,0.8619
710,10,car,554.24,160.87,644.41,241.82,0.8236
710,1930,car,591.46,249.9,699.93,360.8,0.8038
710,2309,bus,760.69,90.49,960.0,412.7,0.9073
710,5,car,579.04,0.11,611.49,21.28,0.432
710,6482,car,625.77,8.19,680.32,33.87,0.5593
710,6580,car,431.5,161.41,509.0,247.12,0.8779
710,6793,car,719.08,16.66,785.22,48.03,0.7377
710,7046,car,757.1,360.36,960.0,534.91,0.924
710,7154,car,914.1,15.22,959.19,44.87,0.7885
710,7271,car,494.19,0.24,531.11,25.18,0.489
710,7405,bike,576.44,24.25,600.76,51.31,0.3589
710,6752,car,218.33,20.27,246.71,40.68,0.304
711,2,car,658.57,171.47,773.17,263.29,0.8674
711,10,car,554.4,161.1,644.13,241.78,0.8161
711,1930,car,591.7,249.98,699.71,360.33,0.7998
711,2309,bus,760.7,90.14,960.0,411.01,0.9097
711,5,car,577.51,0.0,610.62,21.38,0.4882
711,6482,car,628.49,8.2,680.53,33.43,0.6258
711,6580,car,431.7,161.9,508.84,247.2,0.8891
711,6793,car,716.2,16.23,781.94,47.6,0.7499
711,7046,car,756.85,359.04,960.0,534.93,0.9335
711,7154,car,914.06,15.56,958.96,45.0,0.7781
711,7271,car,494.67,0.31,531.15,25.12,0.4845
711,7405,bike,576.3,22.8,601.5,51.08,0.3117
711,6752,car,218.61,20.47,246.96,40.88,0.2407
711,7379,car,689.36,0.0,723.4,19.52,0.3111
712,2,car,658.13,171.55,773.69,264.18,0.8626
712,10,car,552.76,161.05,643.25,242.26,0.8271
712,1930,car,591.53,250.04,699.75,360.58,0.7852
712,2309,bus,761.25,90.24,960.0,410.69,0.908
712,5,car,576.74,0.0,610.02,21.27,0.4654
712,6482,car,621.91,8.0,674.51,33.51,0.5124
712,6580,car,431.66,162.2,508.75,247.42,0.8793
712,6793,car,713.18,16.27,778.77,47.7,0.8233
712,7046,car,756.52,358.17,960.0,534.82,0.9353
712,7154,car,913.99,15.29,959.17,44.88,0.7726
712,7271,car,494.59,0.11,531.03,25.01,0.3985
712,7405,bike,576.91,21.85,602.5,50.96,0.2845
712,6752,car,217.88,20.3,246.77,41.23,0.3017
712,7379,car,689.15,0.0,723.07,19.55,0.3109
713,2,car,657.9,171.21,773.93,264.27,0.8608
713,10,car,554.78,161.36,644.0,241.63,0.8337
713,1930,car,591.69,249.95,699.61,360.11,0.7998
713,2309,bus,761.8,90.38,960.0,410.21,0.9098
713,5,car,576.36,0.0,609.42,20.96,0.4875
713,6482,car,617.98,7.49,671.59,33.54,0.5078
713,6580,car,431.76,162.79,508.56,247.69,0.8819
713,6793,car,710.84,16.05,776.16,47.51,0.7918
713,7046,car,756.52,357.03,960.0,534.66,0.938
713,7154,car,913.81,15.27,959.08,44.85,0.7661
713,7271,car,495.49,0.35,531.12,24.81,0.4507
713,7405,bike,577.21,21.22,602.99,50.91,0.3131
713,7379,car,688.76,0.0,722.72,19.65,0.2666
714,2,car,658.14,171.27,773.64,263.86,0.8681
714,10,car,555.37,161.58,643.86,241.3,0.8486
714,1930,car,592.01,250.05,699.03,359.1,0.8097
714,2309,bus,762.15,90.08,959.09,407.24,0.9033
714,5,car,576.6,0.0,608.17,19.76,0.4408
714,6482,car,614.09,6.53,669.53,33.64,0.4369
714,6580,car,431.25,161.77,508.92,247.77,0.8823
714,6793,car,708.68,16.38,772.17,46.99,0.811
714,7046,car,755.7,355.52,960.0,534.74,0.9409
714,7154,car,913.71,15.19,959.44,45.1,0.7822
714,7271,car,495.95,0.53,531.06,24.69,0.4404
714,7405,bike,578.78,20.66,604.25,50.46,0.3074
714,7379,car,688.3,0.0,722.81,20.1,0.3999
714,6752,car,216.46,19.3,246.56,41.32,0.3834
715,2,car,658.24,171.3,773.47,263.66,0.8685
715,10,car,555.31,161.6,644.05,241.75,0.8585
715,1930,car,591.89,250.02,699.01,359.03,0.8181
715,2309,bus,762.65,90.02,958.01,403.89,0.9014
715,5,car,576.51,0.0,607.27,19.02,0.3162
715,6482,car,611.42,5.52,668.12,33.57,0.3768
715,6580,car,431.33,161.56,508.72,247.35,0.8814
715,6793,car,705.71,16.12,769.25,46.95,0.7887
715,7046,car,754.81,353.93,960.0,534.78,0.9463
715,7154,car,913.88,15.51,959.17,45.06,0.7665
715,7271,car,496.15,0.58,530.89,24.46,0.4829
715,7405,bike,579.94,19.69,605.58,50.18,0.3007
715,7379,car,688.02,0.0,722.82,20.38,0.4112
715,6752,car,216.68,19.77,245.76,41.22,0.3098
716,2,car,657.92,171.36,773.93,264.41,0.8612
716,10,car,552.1,161.55,642.17,242.47,0.862
716,1930,car,592.19,249.95,698.52,357.86,0.8156
716,2309,bus,763.45,90.39,957.51,401.44,0.8893
716,5,car,575.0,0.0,607.35,19.92,0.2884
716,6580,car,431.25,161.52,508.51,247.26,0.8778
716,6793,car,703.17,16.28,765.98,46.87,0.8248
716,7046,car,753.83,352.56,960.0,534.7,0.9405
716,7154,car,913.8,15.75,958.62,44.83,0.7662
716,7271,car,496.51,0.38,530.6,23.77,0.3487
716,7405,bike,580.67,18.7,606.66,50.11,0.2712
716,7379,car,687.94,0.0,722.89,20.67,0.2829
716,6752,car,217.5,20.22,245.62,41.0,0.2833
717,2,car,657.66,171.51,773.97,264.89,0.8646
717,10,car,550.86,161.7,641.77,243.08,0.8541
717,1930,car,591.78,250.05,698.97,358.71,0.8096
717,2309,bus,762.89,90.43,957.71,402.12,0.9022
717,5,car,573.85,0.0,606.75,20.2,0.2644
717,6580,car,431.18,161.16,508.68,247.3,0.8832
717,6793,car,700.61,16.28,763.06,46.76,0.8334
717,7046,car,752.8,350.98,960.0,534.71,0.9413
717,7154,car,913.63,15.48,958.98,44.86,0.7742
717,7271,car,495.96,0.28,529.93,23.54,0.327
717,7405,bike,581.58,18.81,607.11,50.14,0.3082
717,6752,car,217.05,19.8,245.96,41.3,0.2293
718,2,car,657.99,171.4,773.63,264.23,0.8706
718,10,car,550.33,161.55,641.64,242.98,0.8392
718,1930,car,591.84,250.1,698.46,357.89,0.7888
718,2309,bus,762.46,90.3,958.01,402.69,0.9017
718,5,car,573.8,0.0,605.41,19.23,0.2397
718,6580,car,430.98,160.63,508.66,247.17,0.876
718,6793,car,698.12,15.85,760.65,46.43,0.8542
718,7046,car,751.83,349.63,960.0,534.68,0.9464
718,7154,car,914.02,15.94,958.92,44.94,0.7401
718,7271,car,496.79,0.38,529.62,22.81,0.4138
718,7405,bike,582.21,18.64,607.55,50.11,0.413
718,6752,car,217.92,20.24,245.01,40.32,0.2585
719,2,car,657.57,171.36,774.2,265.15,0.8609
719,10,car,552.37,161.55,642.88,242.33,0.829
719,1930,car,592.01,250.02,698.51,357.46,0.7965
719,2309,bus,761.78,90.21,958.66,404.56,0.9089
719,6580,car,431.37,161.71,508.17,247.26,0.8841
719,6793,car,696.27,15.63,758.19,45.86,0.8334
719,7046,car,751.14,348.57,960.0,534.75,0.9404
719,7154,car,913.91,15.82,958.97,44.85,0.7694
719,7271,car,497.07,0.44,528.95,22.03,0.3484
719,7405,bike,582.68,18.48,608.1,50.46,0.3232
720,2,car,657.2,171.0,774.36,265.41,0.8633
720,10,car,552.03,161.72,642.47,242.25,0.8393
720,1930,car,591.68,249.82,698.51,357.47,0.8165
720,2309,bus,761.21,90.13,959.32,406.51,0.902
720,6580,car,431.4,161.76,508.07,247.23,0.8821
720,6793,car,692.51,15.03,756.1,46.26,0.847
720,7046,car,750.44,347.52,960.0,534.75,0.937
720,7154,car,913.74,15.74,959.12,44.94,0.7616
720,7271,car,497.89,0.58,528.81,21.38,0.3184
720,7405,bike,583.18,18.47,608.27,50.4,0.2625
720,6752,car,216.86,20.12,244.25,40.54,0.2949
721,2,car,656.95,170.76,774.48,265.65,0.8611
721,10,car,552.42,161.6,642.86,242.14,0.8581
721,1930,car,591.94,249.85,698.36,356.87,0.8281
721,2309,bus,762.07,90.01,958.53,403.23,0.9045
721,6580,car,431.28,161.62,508.37,247.63,0.8805
721,6793,car,688.92,14.59,752.86,46.2,0.8665
721,7046,car,749.65,346.16,960.0,534.69,0.9359
721,7154,car,913.7,15.73,959.27,45.02,0.7635
721,7271,car,498.95,0.59,528.74,20.51,0.4461
721,7405,bike,583.37,18.14,608.52,50.59,0.2434
722,2,car,657.09,170.82,774.19,265.47,0.8581
722,10,car,552.65,161.6,643.01,242.09,0.8683
722,1930,car,591.66,249.83,698.56,357.19,0.8347
722,2309,bus,761.78,89.95,958.74,403.74,0.9046
722,6580,car,430.98,160.91,508.51,247.53,0.8795
722,6793,car,687.21,14.47,750.31,45.74,0.8407
722,7046,car,748.82,344.82,960.0,534.69,0.9335
722,7154,car,913.36,15.49,959.2,44.9,0.7408
722,7271,car,499.68,0.53,528.82,19.94,0.5454
722,6752,car,216.12,19.94,243.29,40.41,0.2275
723,2,car,657.22,170.57,774.08,265.11,0.8609
723,10,car,553.09,161.58,643.23,241.92,0.8725
723,1930,car,591.5,249.69,698.55,357.09,0.8319
723,2309,bus,761.68,90.22,958.8,404.01,0.8875
723,6580,car,431.11,161.25,507.91,247.09,0.8761
723,6793,car,684.97,14.47,747.46,45.54,0.8327
723,7046,car,747.67,342.52,960.0,534.61,0.9264
723,7154,car,913.33,15.67,958.98,44.87,0.7445
723,7271,car,500.15,0.57,528.82,19.58,0.4718
724,2,car,657.59,170.36,773.8,264.39,0.864
724,10,car,553.4,161.46,643.36,241.71,0.8722
724,1930,car,591.45,249.43,698.78,356.97,0.8262
724,2309,bus,761.98,90.2,958.67,402.99,0.8756
724,6580,car,431.04,161.21,507.8,247.05,0.8868
724,6793,car,682.19,13.99,744.42,45.1,0.8018
724,7046,car,746.77,340.53,960.0,534.62,0.9212
724,7154,car,913.18,15.74,959.03,45.0,0.7653
724,7271,car,500.17,0.58,528.69,19.34,0.6341
724,6482,car,593.88,6.61,645.91,32.13,0.2581
724,6752,car,217.09,20.18,244.69,41.07,0.2577
725,2,car,657.54,170.43,773.87,264.62,0.8632
725,10,car,553.29,161.45,643.09,241.57,0.8745
725,1930,car,590.89,249.26,699.08,357.65,0.7895
725,2309,bus,761.9,90.22,958.87,403.25,0.8784
725,6580,car,431.08,161.01,507.89,246.96,0.8797
725,6793,car,680.17,13.67,741.27,44.27,0.7617
725,7046,car,746.36,339.12,960.0,534.55,0.8653
725,7154,car,913.25,15.83,959.0,44.96,0.7792
725,7271,car,499.97,0.69,528.52,19.26,0.5551
725,6482,car,592.38,6.77,643.79,31.91,0.4836
725,6752,car,216.72,19.74,243.83,40.49,0.2581
725,6816,car,186.34,27.26,226.22,51.79,0.2596
726,2,car,657.34,170.19,774.08,264.86,0.8658
726,10,car,553.27,161.46,643.18,241.72,0.8731
726,1930,car,590.53,249.09,699.3,358.14,0.8031
726,2309,bus,761.73,90.01,959.27,403.94,0.867
726,6580,car,430.87,160.16,508.19,246.82,0.8718
726,6793,car,678.28,13.83,737.75,43.52,0.7347
726,7046,car,745.39,338.08,960.0,534.79,0.906
726,7154,car,913.12,15.32,959.44,44.84,0.7789
726,7271,car,500.31,0.69,528.64,18.98,0.5349
726,6482,car,590.99,6.0,643.93,31.94,0.4671
727,2,car,657.75,170.12,773.63,264.07,0.8732
727,10,car,553.74,161.34,642.99,241.0,0.8764
727,1930,car,589.97,249.23,700.17,359.95,0.7986
727,2309,bus,762.09,90.33,958.95,402.98,0.8772
727,6580,car,431.49,161.33,507.92,246.94,0.8845
727,6793,car,675.89,14.26,734.01,43.17,0.748
727,7046,car,744.84,337.23,960.0,535.14,0.8796
727,7154,car,913.3,15.45,959.28,44.72,0.7748
727,7271,car,500.42,0.67,528.59,18.66,0.6581
727,6482,car,590.74,5.73,643.99,31.88,0.4196
728,2,car,657.2,169.83,774.24,264.91,0.8719
728,10,car,553.34,161.32,642.95,241.28,0.8809
728,1930,car,589.51,248.95,700.52,360.79,0.8062
728,2309,bus,761.8,90.19,958.91,403.0,0.881
728,6580,car,431.74,161.69,507.8,246.79,0.889
728,6793,car,673.52,14.22,730.5,42.51,0.735
728,7046,car,744.02,336.34,960.0,535.51,0.9194
728,7154,car,913.52,15.78,958.72,44.39,0.7548
728,7271,car,501.06,0.73,528.91,18.34,0.6642
728,6482,car,589.59,5.05,644.22,32.08,0.3948
728,6752,car,217.03,19.94,242.44,39.54,0.2468
729,2,car,657.07,169.55,774.24,264.87,0.8695
729,10,car,552.89,161.17,643.04,241.6,0.8814
729,1930,car,589.4,248.78,700.55,361.08,0.7998
729,2309,bus,762.22,90.21,958.14,400.55,0.8916
729,6580,car,431.65,161.15,507.95,246.5,0.8845
729,6793,car,671.68,13.97,728.06,41.88,0.7398
729,7046,car,743.08,335.36,960.0,535.8,0.9493
729,7154,car,913.31,15.48,958.92,44.3,0.7591
729,7271,car,501.32,0.77,528.66,17.84,0.6834
729,6482,car,588.36,4.21,640.94,30.61,0.2746
730,2,car,657.62,169.62,773.83,264.18,0.8671
730,10,car,552.82,161.06,643.42,241.99,0.873
730,1930,car,589.63,248.99,700.5,361.19,0.7924
730,2309,bus,761.62,90.09,958.68,402.04,0.8747
730,6580,car,431.49,161.21,507.99,246.78,0.8797
730,6793,car,668.72,13.85,725.44,41.91,0.7524
730,7046,car,742.67,334.82,960.0,536.12,0.9166
730,7154,car,913.05,15.38,959.02,44.36,0.7613
730,7271,car,502.16,0.65,529.07,17.31,0.5971
730,6482,car,587.49,4.02,637.81,29.53,0.2925
731,2,car,657.87,169.62,773.82,263.97,0.8736
731,10,car,552.85,160.84,643.43,241.77,0.8747
731,1930,car,589.84,248.92,700.0,360.58,0.7902
731,2309,bus,761.3,90.17,958.19,401.34,0.8792
731,6580,car,431.61,161.37,507.89,246.63,0.8785
731,6793,car,666.48,13.75,722.8,41.56,0.69
731,7046,car,741.8,333.38,960.0,536.29,0.9299
731,7154,car,912.94,15.3,959.13,44.38,0.7478
731,7271,car,502.58,0.69,529.08,16.89,0.5952
731,6482,car,586.32,3.96,634.2,28.43,0.3793
731,6752,car,217.7,18.7,245.32,39.64,0.3022
732,2,car,657.99,169.31,773.98,263.78,0.876
732,10,car,553.18,160.43,643.71,241.43,0.8668
732,1930,car,590.66,248.8,699.54,359.11,0.8164
732,2309,bus,760.59,90.08,959.21,404.06,0.89
732,6580,car,431.54,160.88,507.73,245.99,0.8798
732,6793,car,664.14,13.47,720.27,41.17,0.7291
732,7046,car,740.79,331.48,960.0,536.44,0.9246
732,7154,car,912.8,15.25,959.18,44.41,0.7803
732,7271,car,502.66,0.79,528.92,16.62,0.5237
732,6482,car,584.55,3.38,632.62,28.28,0.3196
732,6752,car,217.59,18.32,246.06,39.76,0.2756
732,6816,car,189.37,27.32,228.76,51.88,0.2502
733,2,car,657.83,169.28,774.12,264.09,0.8737
733,10,car,552.48,160.16,643.51,241.6,0.8728
733,1930,car,590.38,248.47,699.69,359.36,0.7838
733,2309,bus,760.65,89.91,959.72,404.77,0.8849
733,6580,car,431.45,160.86,507.71,246.04,0.8887
733,6793,car,661.76,12.8,718.3,40.71,0.7345
733,7046,car,740.43,330.22,960.0,536.48,0.9426
733,7154,car,913.27,15.52,958.65,43.89,0.7309
733,7271,car,501.63,0.51,528.49,16.37,0.5392
733,6482,car,582.61,2.47,631.0,27.9,0.3013
733,6752,car,218.18,18.17,246.43,39.23,0.2463
733,6816,car,190.91,26.46,230.21,51.74,0.2833
734,2,car,657.5,168.96,774.36,264.37,0.8778
734,10,car,552.36,160.29,643.3,241.59,0.8767
734,1930,car,590.52,248.43,700.16,359.82,0.7888
734,2309,bus,760.29,90.26,958.59,403.31,0.8579
734,6580,car,431.32,160.24,507.8,245.7,0.8768
734,6793,car,658.92,12.58,715.54,40.48,0.7274
734,7046,car,739.87,329.08,960.0,536.7,0.9257
734,7154,car,913.03,15.6,958.81,44.14,0.7564
734,7271,car,501.7,0.5,528.47,16.03,0.5119
734,6482,car,581.73,2.58,628.5,27.41,0.3476
734,6752,car,218.38,18.01,247.08,39.33,0.2706
734,6816,car,187.87,27.1,228.3,52.3,0.2889
735,2,car,657.92,169.06,774.22,264.08,0.8784
735,10,car,553.02,160.18,643.28,240.84,0.869
735,1930,car,590.57,248.36,700.34,360.08,0.7906
735,2309,bus,759.59,89.91,958.86,404.35,0.8985
735,6580,car,431.31,160.34,507.68,245.7,0.8822
735,6793,car,656.8,12.53,712.92,40.11,0.7427
735,7046,car,739.28,328.28,960.0,537.02,0.9243
735,7154,car,913.65,15.76,958.66,43.7,0.7343
735,7271,car,501.6,0.42,528.28,15.63,0.4523
735,6482,car,580.3,1.99,626.74,26.89,0.3209
735,6752,car,218.14,17.84,247.26,39.34,0.3318
735,6816,car,185.76,27.3,226.82,52.14,0.2534
736,2,car,657.95,168.84,774.05,263.74,0.8747
736,10,car,552.86,159.87,643.71,241.14,0.8676
736,1930,car,590.18,248.37,701.15,361.71,0.7987
736,2309,bus,760.14,90.03,958.78,403.16,0.898
736,6580,car,431.05,159.96,507.75,245.74,0.8755
736,6793,car,654.59,12.32,710.3,39.62,0.6939
736,7046,car,739.07,327.37,960.0,536.76,0.937
736,7154,car,912.64,15.36,958.72,43.87,0.7674
736,7271,car,501.5,0.32,528.08,15.2,0.3867
736,6482,car,579.17,1.5,624.9,26.18,0.3137
736,6752,car,217.9,17.48,247.2,38.94,0.3473
736,6816,car,183.01,26.14,227.8,52.62,0.281
737,2,car,657.88,168.8,774.26,263.99,0.8798
737,10,car,553.19,159.79,643.61,240.69,0.8662
737,1930,car,590.21,248.38,701.18,362.02,0.7962
737,2309,bus,758.91,89.83,958.75,404.62,0.8896
737,6580,car,431.23,160.07,507.72,245.65,0.8803
737,6793,car,651.93,12.09,707.62,39.3,0.7261
737,7046,car,739.14,326.69,960.0,536.14,0.9174
737,7154,car,912.37,15.02,958.8,43.66,0.7773
737,7271,car,500.66,0.3,527.45,14.9,0.4626
737,6482,car,577.9,1.45,622.52,25.53,0.3126
737,6752,car,218.41,17.55,246.08,37.55,0.2452
737,6816,car,181.38,24.4,229.29,52.83,0.3077
738,2,car,658.07,168.77,774.15,263.77,0.8777
738,10,car,553.13,159.75,643.54,240.68,0.8709
738,1930,car,590.13,248.4,701.04,362.3,0.8023
738,2309,bus,758.42,89.6,958.83,405.11,0.8976
738,6580,car,431.11,159.85,507.77,245.7,0.877
738,6793,car,649.04,12.0,703.97,38.61,0.7201
738,7046,car,739.15,325.66,960.0,535.47,0.9291
738,7154,car,912.58,14.89,958.95,43.44,0.7917
738,7271,car,500.0,0.18,526.76,14.31,0.302
738,6482,car,576.01,1.16,620.09,25.05,0.3205
738,6816,car,180.73,24.16,228.72,52.58,0.2609
739,2,car,657.94,168.7,774.27,264.0,0.879
739,10,car,553.07,159.69,643.39,240.53,0.8696
739,1930,car,589.95,248.21,701.41,363.09,0.7931
739,2309,bus,758.19,89.47,959.13,405.76,0.9008
739,6580,car,431.56,160.6,507.76,245.9,0.8745
739,6793,car,646.89,11.99,702.35,38.75,0.713
739,7046,car,739.36,324.84,960.0,534.36,0.9169
739,7154,car,912.93,15.28,958.83,43.44,0.7821
739,7271,car,499.39,0.15,526.55,14.14,0.3082
739,6482,car,575.23,1.06,617.65,24.04,0.3634
739,6816,car,180.03,23.92,229.3,53.02,0.2592
739,6752,car,220.01,18.49,245.93,37.18,0.2758
740,2,car,657.98,168.51,774.12,263.69,0.8762
740,10,car,553.31,159.57,643.55,240.36,0.8635
740,1930,car,590.01,248.1,701.22,363.04,0.7746
740,2309,bus,757.96,89.25,958.89,405.28,0.9014
740,6580,car,431.48,160.76,507.6,246.01,0.8809
740,6793,car,643.93,10.66,701.76,38.76,0.5884
740,7046,car,739.79,324.29,960.0,533.16,0.9314
740,7154,car,912.8,14.77,958.9,43.0,0.7872
740,7271,car,500.15,0.03,527.29,13.78,0.252
740,6482,car,573.73,0.61,616.28,23.83,0.4186
740,6816,car,180.37,25.57,228.98,54.13,0.3135
741,2,car,657.89,168.69,774.21,264.13,0.8775
741,10,car,553.5,159.62,643.64,240.33,0.8522
741,1930,car,590.35,247.96,701.11,362.64,0.7659
741,2309,bus,759.06,89.51,959.01,403.8,0.9014
741,6580,car,431.61,160.78,507.4,245.62,0.8859
741,6793,car,642.44,10.39,699.77,38.38,0.5775
741,7046,car,740.0,323.92,960.0,531.88,0.94
741,7154,car,912.74,14.63,958.99,42.9,0.807
741,6482,car,572.19,0.25,614.17,23.26,0.3808
741,6816,car,180.65,26.41,228.19,54.14,0.2762
741,6752,car,219.18,18.11,245.28,36.97,0.2908
742,2,car,658.1,168.79,774.04,263.94,0.8757
742,10,car,553.4,159.65,643.55,240.36,0.8692
742,1930,car,591.23,247.9,700.36,360.9,0.7875
742,2309,bus,759.77,89.6,958.49,401.46,0.9004
742,6580,car,431.55,160.87,507.24,245.58,0.9003
742,6793,car,639.92,10.51,696.56,38.25,0.6038
742,7046,car,740.37,323.43,959.61,530.26,0.9447
742,7154,car,913.42,15.04,958.83,42.7,0.76
742,6482,car,570.98,0.04,612.65,22.92,0.495
742,6816,car,180.11,26.81,227.73,54.58,0.2683
742,6752,car,218.95,18.11,245.83,37.41,0.2462
742,7271,car,501.04,0.0,527.72,13.15,0.2466
743,2,car,657.71,168.47,774.25,264.19,0.8744
743,10,car,553.42,159.43,643.76,240.28,0.8609
743,1930,car,591.42,247.97,700.16,360.62,0.7659
743,2309,bus,759.94,89.66,958.59,401.07,0.9018
743,6580,car,431.57,161.07,507.38,245.86,0.8937
743,6793,car,637.97,10.86,693.73,38.18,0.6327
743,7046,car,740.61,322.98,959.29,529.21,0.9458
743,7154,car,912.84,14.87,958.79,42.77,0.7909
743,6482,car,570.27,0.0,611.61,22.54,0.4537
743,6816,car,180.33,26.78,227.15,54.02,0.2474
743,6752,car,218.92,18.14,245.89,37.52,0.2846
744,2,car,657.8,168.83,773.99,264.27,0.873
744,10,car,553.27,159.59,643.73,240.57,0.8694
744,1930,car,591.9,247.76,699.58,359.18,0.7218
744,2309,bus,760.03,89.56,958.49,400.26,0.8946
744,6580,car,431.6,160.92,507.63,245.94,0.8685
744,6793,car,636.01,11.3,690.76,38.05,0.6447
744,7046,car,740.51,322.21,959.01,528.14,0.9461
744,7154,car,912.62,14.66,958.95,42.73,0.796
744,6482,car,569.78,0.0,611.33,22.55,0.4728
744,6752,car,218.72,18.0,245.13,36.96,0.2263
745,2,car,657.91,168.95,774.07,264.41,0.8736
745,10,car,553.61,159.78,643.65,240.36,0.8691
745,1930,car,591.86,247.96,699.35,359.09,0.7435
745,2309,bus,758.56,89.04,958.8,402.36,0.913
745,6580,car,431.88,161.77,507.28,245.96,0.8778
745,6793,car,633.82,10.96,688.27,37.49,0.6548
745,7046,car,740.44,321.39,958.87,527.14,0.9459
745,7154,car,912.21,14.55,959.12,42.95,0.7909
745,6482,car,568.72,0.14,609.76,22.23,0.3442
745,6752,car,218.55,17.69,245.42,36.95,0.2476
745,6816,car,179.92,26.37,226.53,53.52,0.2366
746,2,car,657.83,168.7,774.34,264.54,0.8701
746,10,car,553.63,159.96,643.69,240.59,0.8695
746,1930,car,591.63,248.35,699.38,359.71,0.7559
746,2309,bus,759.06,89.22,958.98,401.84,0.8992
746,6580,car,432.07,161.77,507.29,245.64,0.8779
746,6793,car,631.51,10.68,686.09,37.21,0.5468
746,7046,car,740.25,320.43,958.77,526.11,0.9513
746,7154,car,912.38,14.59,959.61,43.24,0.7863
746,6482,car,567.49,0.12,607.65,21.56,0.3087
746,7726,car,692.38,0.0,724.18,18.77,0.3481
747,2,car,657.88,168.98,774.38,264.88,0.8694
747,10,car,553.39,160.02,643.73,240.9,0.8737
747,1930,car,591.44,248.58,699.55,360.35,0.7292
747,2309,bus,759.41,89.59,958.87,401.21,0.8966
747,6580,car,431.89,161.64,507.33,245.71,0.8873
747,6793,car,629.54,10.82,682.68,36.56,0.5659
747,7046,car,740.52,320.37,958.31,525.07,0.9411
747,7154,car,912.92,14.91,959.46,43.13,0.7745
747,6482,car,564.95,0.0,604.15,21.02,0.3924
747,7726,car,692.65,0.0,724.44,18.78,0.2187
747,6752,car,218.36,18.26,245.31,37.89,0.2964
747,6816,car,178.52,23.75,226.28,51.89,0.3025
748,2,car,657.98,168.92,774.36,264.81,0.8763
748,10,car,553.29,160.01,643.66,240.95,0.8703
748,1930,car,592.0,248.63,699.11,359.18,0.7809
748,2309,bus,759.8,89.64,958.85,400.35,0.9032
748,6580,car,431.66,161.3,507.51,245.86,0.8694
748,6793,car,628.13,10.66,680.17,35.82,0.5194
748,7046,car,740.41,319.14,958.19,523.55,0.9418
748,7154,car,913.24,15.0,959.6,43.14,0.7586
748,6482,car,563.38,0.06,602.0,20.89,0.367
748,7726,car,693.07,0.0,724.5,18.62,0.3632
748,6752,car,218.66,18.05,245.81,37.92,0.2938
748,6816,car,178.98,24.27,224.81,51.41,0.2881
749,2,car,658.41,169.25,773.94,264.39,0.8789
749,10,car,552.92,159.91,643.61,241.16,0.8697
749,1930,car,591.53,248.53,699.39,359.87,0.7466
749,2309,bus,760.03,89.27,958.42,398.43,0.8949
749,6580,car,431.68,161.16,507.51,245.75,0.8769
749,6793,car,625.45,10.24,678.82,36.04,0.6384
749,7046,car,740.44,319.08,957.68,522.56,0.9357
749,7154,car,913.4,15.04,959.6,43.1,0.7609
749,6482,car,562.41,0.11,600.17,20.54,0.4593
749,7726,car,692.46,0.0,724.1,18.77,0.3235
750,2,car,658.73,169.37,773.49,263.8,0.8783
750,10,car,553.13,160.2,643.46,241.09,0.8718
750,1930,car,591.82,248.73,699.3,359.6,0.7819
750,2309,bus,759.59,89.36,959.0,400.02,0.9051
750,6580,car,431.91,161.5,507.6,245.84,0.8796
750,6793,car,623.52,9.9,677.2,35.82,0.6883
750,7046,car,740.29,318.08,957.65,521.31,0.9362
750,7154,car,913.33,15.54,959.41,43.5,0.7331
750,6482,car,562.03,0.16,599.18,20.28,0.5404
750,7726,car,692.43,0.0,724.33,18.99,0.3931
751,2,car,658.95,169.33,773.56,263.6,0.8759
751,10,car,553.47,160.3,643.52,240.86,0.8588
751,1930,car,591.65,248.67,699.5,359.94,0.7742
751,2309,bus,759.85,89.34,958.59,398.53,0.9027
751,6580,car,431.96,161.64,507.36,245.59,0.8788
751,6793,car,621.17,9.62,675.25,35.83,0.6169
751,7046,car,740.36,318.09,957.23,520.37,0.9354
751,7154,car,913.75,15.68,959.23,43.23,0.7471
751,6482,car,560.78,0.42,597.41,20.22,0.422
751,7726,car,692.68,0.0,724.24,18.86,0.3219
751,6752,car,218.0,17.58,245.27,37.75,0.3264
752,2,car,658.3,169.22,773.92,264.38,0.8721
752,10,car,553.6,160.43,643.56,240.83,0.8671
752,1930,car,592.01,248.78,698.97,358.94,0.753
752,2309,bus,760.33,89.44,958.59,397.53,0.8875
752,6580,car,431.86,161.51,507.77,245.96,0.8816
752,6793,car,618.75,9.23,673.98,36.21,0.6039
752,7046,car,739.95,317.69,956.8,519.35,0.9303
752,7154,car,913.32,15.15,959.53,43.18,0.7902
752,6482,car,559.97,0.59,596.08,20.01,0.49
752,7726,car,692.08,0.0,723.84,19.01,0.3208
752,6752,car,217.68,17.64,244.6,37.76,0.2519
753,2,car,657.83,169.05,774.32,265.07,0.8718
753,10,car,553.82,160.41,643.68,240.72,0.8673
753,1930,car,592.64,248.66,698.71,357.63,0.7899
753,2309,bus,760.66,89.72,958.26,396.26,0.896
753,6580,car,431.58,160.59,508.18,245.8,0.8758
753,6793,car,617.43,9.83,672.15,36.73,0.558
753,7046,car,739.42,316.27,956.7,517.79,0.9213
753,7154,car,913.57,15.4,959.56,43.31,0.7559
753,6482,car,558.44,0.32,594.62,19.77,0.5407
753,7726,car,691.69,0.0,723.35,18.93,0.3266
753,6752,car,218.25,17.48,246.29,38.47,0.2698
754,2,car,658.19,169.26,774.16,264.84,0.8738
754,10,car,553.8,160.39,643.97,241.01,0.861
754,1930,car,592.47,248.76,698.58,357.53,0.7634
754,2309,bus,760.36,89.84,958.65,397.2,0.8965
754,6580,car,431.52,160.6,507.97,245.66,0.8753
754,6793,car,615.65,9.97,670.86,37.4,0.5565
754,7046,car,739.11,316.13,956.53,517.17,0.9265
754,7154,car,913.66,15.68,959.12,43.19,0.7339
754,6482,car,557.33,0.31,593.32,19.65,0.5431
754,7726,car,691.56,0.0,723.21,18.93,0.4112
754,6752,car,218.83,17.77,246.56,38.48,0.2317
755,2,car,658.73,169.6,773.73,264.28,0.8785
755,10,car,553.59,160.41,644.06,241.3,0.8659
755,1930,car,592.8,249.11,698.24,356.84,0.7841
755,2309,bus,760.51,89.76,958.24,395.71,0.8722
755,6580,car,431.77,160.52,508.19,245.53,0.8768
755,6793,car,614.39,9.32,669.5,37.04,0.4989
755,7046,car,738.96,315.95,956.39,516.39,0.9246
755,7154,car,913.6,15.42,959.23,43.01,0.7284
755,6482,car,556.26,0.26,591.71,19.23,0.5367
755,7726,car,691.34,0.0,723.56,19.3,0.3501
755,6752,car,218.48,17.72,246.75,38.92,0.2388
755,6816,car,180.82,23.98,228.73,52.34,0.2947
756,2,car,658.43,169.66,774.02,264.85,0.873
756,10,car,553.85,160.3,644.14,241.04,0.8648
756,1930,car,592.73,249.07,698.38,356.73,0.7724
756,2309,bus,760.0,89.9,958.75,397.23,0.8975
756,6580,car,432.13,161.29,508.18,245.77,0.8761
756,6793,car,613.98,9.45,667.48,36.68,0.5387
756,7046,car,739.28,315.68,956.78,515.7,0.9321
756,7154,car,913.24,15.34,959.12,43.03,0.7318
756,6482,car,554.95,0.12,590.0,18.84,0.6265
756,7726,car,692.01,0.0,723.93,19.2,0.3266
756,6752,car,217.82,18.09,245.51,39.09,0.287
756,6816,car,180.56,23.68,228.94,52.42,0.3268
757,2,car,658.14,169.6,774.26,265.32,0.871
757,10,car,553.8,160.29,644.13,241.04,0.8527
757,1930,car,592.6,249.34,698.52,357.04,0.786
757,2309,bus,759.85,89.99,959.24,398.26,0.8946
757,6580,car,432.37,161.81,508.27,246.04,0.8793
757,6793,car,608.73,9.15,665.53,38.29,0.3004
757,7046,car,738.64,315.31,956.82,515.44,0.9232
757,7154,car,913.6,15.58,959.18,43.06,0.7159
757,6482,car,553.78,0.05,588.33,18.47,0.5768
757,7726,car,691.38,0.0,723.41,19.28,0.3242
757,6752,car,217.89,19.0,244.91,39.66,0.2676
757,6816,car,180.76,24.51,228.33,52.78,0.3615
758,2,car,658.74,169.55,773.88,264.4,0.8757
758,10,car,553.67,160.47,644.05,241.32,0.8601
758,1930,car,592.29,249.51,698.66,357.47,0.7749
758,2309,bus,759.8,90.02,958.91,397.55,0.8768
758,6580,car,432.41,162.14,507.72,245.6,0.8779
758,6793,car,607.14,8.76,662.69,37.31,0.3093
758,7046,car,738.38,315.01,957.12,515.22,0.9264
758,7154,car,913.26,15.39,959.57,43.33,0.724
758,6482,car,552.81,0.01,587.24,18.35,0.5548
758,7726,car,691.14,0.0,723.53,19.54,0.2846
758,6816,car,180.7,25.28,227.87,53.34,0.244
759,2,car,658.93,169.7,773.82,264.31,0.8666
759,10,car,553.93,160.8,643.96,241.32,0.8637
759,1930,car,592.1,249.54,698.67,357.46,0.7747
759,2309,bus,759.6,89.9,958.69,397.05,0.8675
759,6580,car,432.35,162.45,507.54,245.67,0.8796
759,6793,car,609.72,9.79,659.74,35.86,0.334
759,7046,car,738.37,314.7,957.18,514.53,0.9198
759,7154,car,913.56,15.6,959.15,43.04,0.6936
759,6482,car,551.96,0.0,586.28,18.24,0.5806
759,7726,car,690.98,0.0,723.07,19.36,0.2311
759,6816,car,180.72,25.84,228.28,54.07,0.2415
760,2,car,658.72,170.12,773.96,265.06,0.8631
760,10,car,553.9,161.06,643.47,241.08,0.8674
760,1930,car,592.33,249.57,698.5,356.81,0.811
760,2309,bus,759.31,89.95,958.77,397.39,0.8688
760,6580,car,432.28,162.98,507.64,246.23,0.8846
760,7046,car,738.53,313.95,957.34,513.34,0.9209
760,7154,car,913.05,15.2,959.43,43.12,0.7028
760,6482,car,550.95,0.0,584.82,17.92,0.5669
760,7726,car,690.76,0.0,722.94,19.41,0.369
761,2,car,658.74,170.36,773.86,265.21,0.8643
761,10,car,553.94,160.91,643.75,241.14,0.8604
761,1930,car,592.18,249.54,698.63,356.8,0.8138
761,2309,bus,759.85,90.19,958.5,395.94,0.8385
761,6580,car,431.95,162.29,508.18,246.5,0.8721
761,7046,car,738.43,313.72,956.93,512.25,0.9178
761,7154,car,912.78,14.96,959.9,43.4,0.5645
761,6482,car,550.39,0.0,583.82,17.59,0.4605
761,7726,car,690.56,0.0,723.12,19.68,0.3577
761,6793,car,603.66,10.47,651.09,35.04,0.2572
761,6816,car,180.98,27.81,228.01,55.6,0.2674
762,2,car,658.47,170.53,773.87,265.62,0.8642
762,10,car,553.94,161.03,643.67,241.19,0.8631
762,1930,car,592.24,249.56,698.71,356.58,0.7856
762,2309,bus,759.84,90.4,958.37,395.55,0.8618
762,6580,car,431.86,161.92,508.19,246.17,0.8791
762,7046,car,738.18,313.51,957.17,512.05,0.9123
762,7154,car,912.72,15.4,960.0,44.06,0.4734
762,6482,car,549.32,0.0,582.25,17.21,0.5024
762,7726,car,690.64,0.0,723.34,19.82,0.3912
762,6816,car,180.41,26.93,229.2,55.8,0.341
763,2,car,658.45,170.49,773.94,265.7,0.8615
763,10,car,553.73,161.08,643.81,241.58,0.8642
763,1930,car,592.17,249.61,698.93,356.71,0.801
763,2309,bus,759.56,90.55,958.59,396.17,0.8351
763,6580,car,432.06,162.3,508.36,246.45,0.8674
763,7046,car,737.98,313.53,957.31,511.95,0.9102
763,7154,car,912.46,15.26,960.0,44.2,0.6342
763,6482,car,548.34,0.0,580.81,16.83,0.4641
763,7726,car,690.46,0.0,723.02,19.77,0.3324
763,6816,car,180.74,26.04,228.72,54.43,0.2537
763,6793,car,604.97,8.82,651.69,33.91,0.336
764,2,car,658.3,170.6,773.97,266.0,0.8671
764,10,car,553.79,161.06,643.72,241.45,0.8662
764,1930,car,592.05,249.73,699.07,356.99,0.798
764,2309,bus,759.2,90.58,958.99,397.22,0.8548
764,6580,car,431.9,162.66,508.11,246.65,0.8734
764,7046,car,737.57,313.44,956.95,511.35,0.9072
764,7154,car,912.93,15.5,959.88,44.02,0.6502
764,6482,car,547.11,0.0,579.13,16.54,0.6525
764,7726,car,690.13,0.0,722.8,19.83,0.3037
764,6793,car,599.83,8.35,646.94,33.72,0.3833
765,2,car,658.77,170.67,773.69,265.4,0.8606
765,10,car,553.99,161.11,643.7,241.31,0.8577
765,1930,car,592.23,249.85,698.94,356.52,0.7883
765,2309,bus,759.41,90.78,959.42,397.76,0.8857
765,6580,car,431.71,162.28,508.27,246.67,0.8866
765,7046,car,737.28,313.18,957.33,511.28,0.916
765,7154,car,912.56,15.45,960.0,44.44,0.6813
765,6482,car,546.32,0.0,578.08,16.38,0.6835
765,7726,car,690.62,0.0,723.19,19.84,0.3614
765,6793,car,600.68,7.27,647.99,33.6,0.3753
766,2,car,658.46,170.92,773.81,266.0,0.8618
766,10,car,553.73,161.07,643.93,241.75,0.8561
766,1930,car,592.1,249.81,699.01,356.53,0.8073
766,2309,bus,759.44,90.74,959.72,398.2,0.853
766,6580,car,431.52,161.31,508.54,246.33,0.8906
766,7046,car,737.0,313.01,957.31,510.91,0.9133
766,7154,car,912.51,15.4,960.0,44.58,0.5145
766,6482,car,545.34,0.16,577.1,16.47,0.6497
766,7726,car,690.43,0.0,722.99,19.85,0.3138
766,6793,car,596.19,7.79,642.86,33.63,0.5205
767,2,car,658.46,170.69,773.79,265.77,0.8637
767,10,car,553.79,160.97,643.94,241.63,0.8673
767,1930,car,591.79,249.96,699.4,357.35,0.7998
767,2309,bus,759.34,90.64,959.7,398.24,0.8551
767,6580,car,431.6,161.06,508.83,246.45,0.8908
767,7046,car,736.94,312.83,957.33,510.36,0.9052
767,7154,car,912.23,15.11,960.0,44.7,0.6526
767,6482,car,544.25,0.16,576.21,16.47,0.5251
767,7726,car,690.41,0.0,722.85,19.81,0.3824
767,6793,car,592.48,7.89,638.43,33.1,0.4894
768,2,car,658.56,170.99,773.67,265.86,0.8578
768,10,car,553.48,161.16,643.99,242.22,0.8623
768,1930,car,591.8,249.96,699.17,356.92,0.7892
768,2309,bus,759.45,90.79,959.82,398.5,0.8748
768,6580,car,431.46,160.67,509.06,246.62,0.8919
768,7046,car,736.83,312.87,957.37,510.12,0.9021
768,7154,car,912.39,15.43,960.0,44.8,0.6116
768,6482,car,543.38,0.05,575.12,16.17,0.4423
768,6793,car,590.12,8.05,635.04,32.47,0.446
769,2,car,658.83,171.3,773.55,265.8,0.8577
769,10,car,553.47,161.12,643.9,242.2,0.8565
769,1930,car,591.95,250.06,698.99,356.44,0.7677
769,2309,bus,759.99,90.65,958.53,394.9,0.8014
769,6580,car,431.94,161.29,508.78,246.44,0.8902
769,7046,car,737.04,312.77,957.48,509.52,0.8983
769,7154,car,912.55,15.52,959.94,44.71,0.7338
769,6482,car,542.78,0.01,574.07,15.77,0.3964
769,6793,car,587.67,7.91,632.85,32.34,0.5274
769,7726,car,690.03,0.0,722.15,19.58,0.2942
770,2,car,658.79,171.54,773.49,265.97,0.8651
770,10,car,553.52,161.25,644.07,242.55,0.8618
770,1930,car,591.57,250.13,699.25,357.06,0.8
770,2309,bus,759.52,90.63,959.05,396.32,0.8787
770,6580,car,432.42,162.07,508.62,246.48,0.8905
770,7046,car,737.15,312.76,957.58,509.13,0.9044
770,7154,car,912.56,15.64,959.98,44.92,0.7072
770,6482,car,542.08,0.0,573.07,15.48,0.3218
770,6793,car,584.94,7.13,631.21,32.15,0.5357
770,7726,car,690.22,0.01,722.83,19.9,0.2525
771,2,car,658.8,171.66,773.36,265.89,0.8671
771,10,car,553.96,161.22,644.21,242.37,0.8505
771,1930,car,591.2,250.1,699.49,357.58,0.7671
771,2309,bus,759.44,90.61,959.87,397.92,0.88
771,6580,car,432.62,162.66,508.41,246.62,0.8888
771,7046,car,736.8,312.61,957.4,508.69,0.9099
771,7154,car,912.7,15.69,959.95,44.91,0.7429
771,6482,car,541.45,0.0,571.89,15.09,0.3903
771,6793,car,583.45,7.36,629.5,32.15,0.5356
771,7726,car,690.17,0.01,722.83,19.97,0.3656
771,6816,car,183.24,28.58,227.32,54.25,0.2394
772,2,car,659.15,171.35,773.18,265.01,0.8639
772,10,car,553.78,161.12,644.19,242.51,0.8594
772,1930,car,591.57,250.13,699.51,357.2,0.7699
772,2309,bus,759.2,90.67,960.0,398.67,0.8404
772,6580,car,432.41,162.41,508.38,246.55,0.8712
772,7046,car,736.47,312.53,957.8,508.96,0.9003
772,7154,car,912.78,15.79,960.0,45.28,0.7241
772,6482,car,540.77,0.05,570.89,14.87,0.2935
772,6793,car,580.53,9.27,621.81,31.64,0.4636
772,7726,car,690.24,0.01,722.8,19.96,0.2938
773,2,car,658.71,171.4,773.63,265.83,0.8646
773,10,car,553.9,161.43,644.07,242.69,0.8644
773,1930,car,591.64,250.17,699.42,356.95,0.7866
773,2309,bus,759.07,90.69,959.82,398.62,0.8695
773,6580,car,432.47,162.93,508.24,246.79,0.8847
773,7046,car,736.66,312.57,958.0,508.73,0.888
773,7154,car,913.06,16.42,959.67,45.34,0.6738
773,6482,car,539.79,0.18,569.47,14.69,0.2978
773,6793,car,579.0,8.7,621.54,31.78,0.6129
773,7726,car,689.82,0.01,722.63,20.17,0.3474
773,6816,car,184.6,28.27,228.99,54.23,0.2402
774,2,car,658.65,171.56,773.74,266.14,0.8618
774,10,car,554.24,161.33,643.98,242.27,0.862
774,1930,car,591.53,250.16,699.65,357.24,0.7252
774,2309,bus,758.81,90.67,959.68,398.79,0.8676
774,6580,car,432.4,163.02,508.2,246.89,0.8776
774,7046,car,736.4,312.52,958.28,508.94,0.9086
774,7154,car,913.38,16.5,959.77,45.32,0.7578
774,6482,car,537.99,0.11,568.2,14.85,0.2291
774,6793,car,577.65,8.09,621.32,31.77,0.5425
774,7726,car,689.87,0.01,722.62,20.11,0.3571
774,6816,car,182.2,27.19,228.93,54.51,0.2495
775,2,car,658.59,171.42,773.81,266.09,0.8636
775,10,car,553.97,161.36,643.79,242.37,0.8609
775,1930,car,591.52,250.02,699.7,357.1,0.7586
775,2309,bus,759.25,90.62,959.27,397.22,0.8545
775,6580,car,432.09,162.52,508.28,246.78,0.8803
775,7046,car,735.9,312.54,958.03,508.86,0.9103
775,7154,car,912.99,16.02,959.95,45.26,0.762
775,6482,car,536.52,0.1,566.57,14.74,0.2924
775,6793,car,575.91,7.8,619.26,31.31,0.5818
775,7726,car,690.03,0.01,722.76,20.12,0.4118
775,6816,car,183.0,27.98,227.78,54.06,0.2488
775,7960,car,429.94,496.94,585.2,539.56,0.4488
776,2,car,658.54,171.47,773.96,266.34,0.8483
776,10,car,553.87,161.36,643.76,242.5,0.8608
776,1930,car,591.64,249.98,699.59,356.76,0.7225
776,2309,bus,758.88,90.62,959.56,398.24,0.8772
776,6580,car,431.49,161.3,508.79,246.89,0.8943
776,7046,car,735.84,312.49,958.54,509.15,0.9087
776,7154,car,913.07,16.25,959.83,45.4,0.6988
776,6482,car,536.79,0.11,566.12,14.56,0.2671
776,6793,car,576.27,8.9,616.59,30.42,0.5423
776,7726,car,690.39,0.01,722.95,20.1,0.4092
776,7960,car,421.31,492.35,593.11,539.69,0.6586
777,2,car,658.47,171.16,774.0,266.17,0.8595
777,10,car,553.84,161.34,643.67,242.49,0.859
777,1930,car,591.48,250.04,699.89,357.26,0.7833
777,2309,bus,759.0,90.48,959.19,397.12,0.8242
777,6580,car,431.82,161.76,508.52,246.63,0.8894
777,7046,car,735.76,312.56,958.52,509.07,0.9143
777,7154,car,913.22,16.34,959.64,45.28,0.7606
777,6482,car,534.95,0.08,564.71,14.77,0.3398
777,6793,car,573.65,7.92,615.43,30.2,0.4665
777,7726,car,690.03,0.0,722.88,20.29,0.4545
777,7960,car,412.22,486.85,601.7,539.45,0.6575
778,2,car,658.34,171.49,773.88,266.53,0.8565
778,10,car,554.13,161.14,643.85,242.29,0.8502
778,1930,car,591.33,250.14,699.88,357.49,0.7503
778,2309,bus,758.77,90.65,959.29,397.72,0.8193
778,6580,car,431.81,161.83,508.55,246.79,0.8775
778,7046,car,735.64,312.65,958.72,509.3,0.9033
778,7154,car,912.88,15.78,960.0,45.27,0.7769
778,6482,car,533.69,0.03,563.39,14.65,0.4089
778,6793,car,571.84,7.43,614.36,30.08,0.535
778,7726,car,690.19,0.0,722.8,20.15,0.3636
778,7960,car,405.52,481.82,610.61,539.39,0.6687
779,2,car,658.39,171.26,774.0,266.39,0.8494
779,10,car,553.84,161.27,643.65,242.57,0.8537
779,1930,car,591.42,250.15,699.84,357.38,0.792
779,2309,bus,758.52,90.53,959.83,398.95,0.7932
779,6580,car,431.49,161.68,508.32,246.78,0.881
779,7046,car,735.26,312.72,958.94,509.8,0.9089
779,7154,car,912.69,15.64,960.0,45.36,0.7737
779,6482,car,533.17,0.01,561.86,14.03,0.3248
779,6793,car,568.69,5.69,613.52,29.79,0.5812
779,7726,car,690.2,0.0,723.01,20.28,0.3778
779,7960,car,401.72,476.88,619.99,538.98,0.715
780,2,car,658.51,171.47,773.78,266.31,0.8633
780,10,car,553.8,161.19,643.49,242.39,0.8468
780,1930,car,591.25,249.97,699.69,357.18,0.7862
780,2309,bus,758.86,90.58,959.19,397.22,0.8269
780,6580,car,431.85,162.28,507.94,246.5,0.8906
780,7046,car,735.54,312.64,958.88,509.29,0.9079
780,7154,car,912.77,15.58,960.0,45.27,0.7776
780,6793,car,567.16,5.41,611.65,29.43,0.5724
780,7726,car,690.3,0.0,722.9,20.21,0.3174
780,7960,car,395.08,472.41,627.04,539.35,0.6725
780,6816,car,180.61,28.88,226.87,55.82,0.3091
781,2,car,658.56,171.29,773.56,265.86,0.8576
781,10,car,554.07,161.14,643.52,242.16,0.8436
781,1930,car,591.19,249.91,699.62,357.09,0.781
781,2309,bus,759.34,90.43,958.89,395.54,0.7839
781,6580,car,431.78,162.06,507.89,246.28,0.8785
781,7046,car,735.07,312.51,959.0,509.57,0.9143
781,7154,car,913.8,16.13,959.77,45.01,0.7461
781,6793,car,565.69,5.15,609.85,29.1,0.5792
781,7726,car,690.62,0.0,722.93,20.1,0.3142
781,7960,car,389.95,468.02,632.48,539.19,0.667
781,6816,car,181.71,28.98,226.57,55.23,0.242
782,2,car,658.55,170.72,773.71,265.45,0.867
782,10,car,554.26,161.29,643.47,242.08,0.8523
782,1930,car,591.14,249.79,699.31,356.66,0.7857
782,2309,bus,759.17,90.57,959.24,396.42,0.845
782,6580,car,431.68,161.68,507.88,246.05,0.8933
782,7046,car,735.41,312.45,959.08,509.2,0.9054
782,7154,car,913.25,15.75,959.7,44.95,0.7647
782,6793,car,564.14,4.57,608.25,28.69,0.6344
782,7726,car,690.79,0.0,722.87,19.96,0.3578
782,7960,car,382.87,463.6,634.95,539.01,0.7277
783,2,car,658.15,170.58,773.94,265.88,0.8585
783,10,car,554.42,160.92,643.45,241.56,0.8442
783,1930,car,591.2,249.6,699.25,356.26,0.8052
783,2309,bus,759.94,90.41,958.19,392.8,0.8002
783,6580,car,431.61,161.27,508.31,246.29,0.8821
783,7046,car,735.48,312.25,959.31,509.09,0.9115
783,7154,car,913.34,15.71,959.62,44.81,0.7686
783,6793,car,562.45,4.08,606.88,28.58,0.6652
783,7726,car,690.92,0.0,722.77,19.86,0.4067
783,7960,car,376.35,459.97,634.79,538.92,0.7464
784,2,car,658.41,170.14,774.18,265.47,0.8633
784,10,car,554.22,160.78,643.49,241.65,0.8526
784,1930,car,591.08,249.64,699.63,356.75,0.8202
784,2309,bus,759.53,90.36,958.71,393.96,0.8077
784,6580,car,431.37,160.58,508.51,246.27,0.8831
784,7046,car,735.62,312.13,959.22,508.69,0.9164
784,7154,car,913.14,15.18,959.81,44.58,0.7825
784,6793,car,561.48,3.94,604.66,27.85,0.6716
784,7726,car,690.86,0.0,722.66,19.81,0.4466
784,7960,car,371.41,456.1,635.63,538.7,0.7431
784,6816,car,185.65,28.1,229.52,54.52,0.3047
785,2,car,658.05,169.71,774.46,265.71,0.8667
785,10,car,554.15,160.67,643.41,241.52,0.8527
785,1930,car,591.29,249.58,699.37,356.11,0.8185
785,2309,bus,760.05,90.15,958.09,391.38,0.8172
785,6580,car,431.45,160.31,508.52,245.96,0.884
785,7046,car,735.63,312.14,958.9,508.25,0.9108
785,7154,car,913.41,15.08,959.76,44.31,0.7697
785,6793,car,559.81,3.64,602.72,27.59,0.678
785,7726,car,691.41,0.0,722.9,19.62,0.3944
785,7960,car,365.57,451.77,637.2,538.85,0.7388
786,2,car,658.08,169.54,774.49,265.65,0.8767
786,10,car,554.03,160.47,643.47,241.43,0.861
786,1930,car,591.47,249.53,699.43,355.81,0.8193
786,2309,bus,759.79,90.08,958.68,392.41,0.8527
786,6580,car,431.21,159.74,508.68,245.94,0.8821
786,7046,car,735.75,312.07,959.17,508.26,0.9131
786,7154,car,913.4,14.81,960.0,44.29,0.8115
786,6793,car,558.04,2.79,601.93,27.53,0.6737
786,7726,car,691.49,0.0,722.84,19.57,0.358
786,7960,car,363.24,447.99,637.86,538.33,0.7142
787,2,car,658.31,169.54,774.32,265.39,0.8767
787,10,car,554.37,160.64,643.36,241.14,0.855
787,1930,car,591.17,249.41,699.6,356.11,0.8214
787,2309,bus,759.41,89.47,960.0,395.78,0.8364
787,6580,car,431.09,159.55,508.6,245.87,0.8747
787,7046,car,735.69,311.93,959.64,508.63,0.912
787,7154,car,913.44,15.09,959.51,44.19,0.7775
787,6793,car,556.85,2.4,599.4,26.51,0.6601
787,7726,car,691.88,0.0,722.73,19.26,0.2412
787,7960,car,361.15,444.71,637.39,538.09,0.7138
788,2,car,658.14,169.49,774.38,265.64,0.8728
788,10,car,554.15,160.52,643.44,241.31,0.8545
788,1930,car,591.13,249.27,699.63,356.05,0.8114
788,2309,bus,758.65,89.27,960.0,399.66,0.773
788,6580,car,431.3,160.29,508.25,245.95,0.8727
788,7046,car,735.74,311.47,959.68,508.17,0.9103
788,7154,car,913.43,15.52,958.99,44.19,0.7671
788,6793,car,555.71,2.22,597.38,25.95,0.609
788,7726,car,692.36,0.0,723.13,19.29,0.3724
788,7960,car,361.78,441.14,637.73,536.96,0.7479
789,2,car,658.44,169.17,774.12,264.88,0.866
789,10,car,554.19,160.55,643.37,241.22,0.8544
789,1930,car,591.26,249.3,699.43,355.66,0.8034
789,2309,bus,758.61,89.66,960.0,397.6,0.8399
789,6580,car,431.29,160.3,508.11,245.86,0.8639
789,7046,car,735.67,311.66,959.28,507.98,0.9007
789,7154,car,913.29,15.24,958.97,43.91,0.7776
789,6793,car,554.87,2.2,595.71,25.56,0.6123
789,7726,car,692.43,0.0,722.93,19.14,0.2998
789,7960,car,360.32,437.74,636.63,536.58,0.69
790,2,car,658.28,169.1,774.09,264.98,0.8669
790,10,car,553.94,160.32,643.46,241.27,0.8474
790,1930,car,591.16,249.0,699.43,355.47,0.8037
790,2309,bus,768.3,89.13,951.53,364.42,0.7271
790,6580,car,431.26,159.97,508.14,245.73,0.8629
790,7046,car,735.85,311.25,959.77,507.89,0.9012
790,7154,car,913.26,15.21,958.69,43.6,0.7613
790,6793,car,553.64,2.09,593.96,25.24,0.6579
790,7726,car,692.66,0.0,723.0,19.08,0.2776
790,7960,car,360.22,434.95,635.07,536.18,0.7505
791,2,car,658.08,168.87,774.18,265.06,0.8734
791,10,car,553.86,160.43,643.36,241.3,0.8518
791,1930,car,591.28,248.74,699.73,355.38,0.8024
791,2309,bus,769.95,88.93,950.3,356.8,0.7118
791,6580,car,431.47,160.17,508.05,245.63,0.8744
791,7046,car,736.19,311.05,959.85,507.51,0.8961
791,7154,car,913.43,15.26,958.81,43.54,0.766
791,6793,car,552.39,2.08,591.72,24.73,0.5603
791,7726,car,692.2,0.0,722.79,19.2,0.2358
791,7960,car,361.9,432.04,636.72,536.13,0.7843
792,2,car,658.14,168.68,774.3,265.01,0.8704
792,10,car,553.95,160.26,643.44,241.13,0.8556
792,1930,car,591.14,248.64,699.88,355.56,0.8009
792,2309,bus,760.71,89.45,958.01,383.3,0.8366
792,6580,car,431.45,159.99,508.13,245.63,0.8743
792,7046,car,736.14,310.97,960.0,507.96,0.9051
792,7154,car,913.09,15.3,958.55,43.49,0.752
792,6793,car,550.69,1.58,589.95,24.36,0.5763
792,7726,car,692.29,0.0,722.81,19.2,0.3541
792,7960,car,364.51,429.5,638.03,536.16,0.7289
792,8078,bike,513.99,72.44,555.11,113.77,0.4065
793,2,car,658.26,168.86,774.0,264.85,0.8729
793,10,car,554.04,160.22,643.44,241.01,0.8432
793,1930,car,591.4,248.68,699.92,355.36,0.811
793,2309,bus,757.94,89.71,960.0,391.65,0.8077
793,6580,car,431.74,160.32,508.06,245.52,0.8751
793,7046,car,736.63,310.82,960.0,507.25,0.8882
793,7154,car,913.0,15.14,958.67,43.38,0.7741
793,6793,car,549.35,1.25,588.27,23.96,0.6157
793,7726,car,693.21,0.0,723.41,19.06,0.3533
793,7960,car,365.48,426.43,637.81,536.35,0.6896
794,2,car,658.47,169.01,773.95,264.79,0.8778
794,10,car,554.21,159.91,643.56,240.68,0.8553
794,1930,car,591.53,248.64,699.79,355.03,0.7982
794,2309,bus,757.11,89.77,960.0,394.67,0.8703
794,6580,car,431.82,160.5,508.21,245.76,0.884
794,7046,car,736.66,310.94,959.79,507.14,0.8965
794,7154,car,913.17,15.29,958.31,43.01,0.7543
794,6793,car,548.49,1.3,586.63,23.61,0.6131
794,7726,car,693.3,0.0,723.33,19.03,0.3367
794,7960,car,360.14,423.69,633.78,537.47,0.7939
795,2,car,658.14,168.68,774.26,265.11,0.868
795,10,car,554.2,159.84,643.68,240.77,0.8481
795,1930,car,591.34,248.51,700.02,355.35,0.8015
795,2309,bus,756.9,90.07,960.0,397.11,0.868
795,6580,car,431.72,160.78,508.13,246.01,0.8757
795,7046,car,736.2,311.02,959.67,507.57,0.9123
795,7154,car,913.32,15.19,958.68,42.97,0.7401
795,6793,car,547.53,1.21,585.28,23.36,0.5779
795,7960,car,366.43,421.26,635.56,537.13,0.74
796,2,car,658.09,168.47,774.16,264.94,0.8691
796,10,car,553.87,159.96,643.42,240.92,0.866
796,1930,car,591.49,248.34,699.94,355.02,0.8257
796,2309,bus,757.3,89.75,960.0,399.28,0.8614
796,6580,car,431.76,160.67,508.27,245.98,0.8805
796,7046,car,736.25,310.85,959.85,507.58,0.9086
796,7154,car,913.29,14.97,958.96,42.91,0.7476
796,6793,car,546.75,1.1,583.87,22.91,0.5836
796,7960,car,366.74,419.15,631.98,536.86,0.7077
797,2,car,658.22,168.51,774.21,265.0,0.8779
797,10,car,553.8,159.81,643.58,241.02,0.8536
797,1930,car,590.93,248.01,700.16,355.57,0.7966
797,2309,bus,757.93,90.03,960.0,396.55,0.8646
797,6580,car,431.57,160.5,508.32,246.07,0.8827
797,7046,car,736.32,311.29,959.37,507.44,0.9187
797,7154,car,913.01,14.88,959.12,43.06,0.7748
797,6793,car,545.92,1.02,582.64,22.67,0.5935
797,7960,car,371.61,416.72,632.17,536.61,0.7808
798,2,car,658.22,168.49,774.02,264.84,0.8755
798,10,car,553.72,159.78,643.59,241.11,0.8582
798,1930,car,591.2,248.32,699.78,355.22,0.8174
798,2309,bus,757.75,90.21,960.0,396.49,0.8622
798,6580,car,431.51,160.29,508.35,246.02,0.8824
798,7046,car,736.64,311.02,959.7,507.23,0.9039
798,7154,car,912.54,14.74,958.79,42.89,0.7548
798,6793,car,544.63,1.16,581.26,22.77,0.5705
798,7960,car,366.68,414.34,626.72,537.02,0.8051
799,2,car,658.55,168.71,773.8,264.58,0.8744
799,10,car,553.57,159.95,643.16,240.93,0.8644
799,1930,car,591.38,247.95,699.83,354.75,0.8087
799,2309,bus,757.61,89.6,960.0,399.5,0.8601
799,6580,car,431.61,160.42,508.16,245.77,0.8825
799,7046,car,736.61,311.31,959.71,507.57,0.9029
799,7154,car,912.48,14.61,959.22,43.06,0.7719
799,6793,car,543.8,1.06,578.97,21.86,0.6108
799,7960,car,374.56,411.68,630.07,536.55,0.7673
800,2,car,658.69,168.76,773.89,264.61,0.8786
800,10,car,553.93,159.84,643.48,240.8,0.8554
800,1930,car,591.07,248.08,699.89,355.31,0.8211
800,2309,bus,757.79,89.91,960.0,397.73,0.8532
800,6580,car,431.5,160.02,508.32,245.68,0.8818
800,7046,car,736.49,310.92,959.73,507.33,0.9065
800,7154,car,912.7,14.74,959.12,42.94,0.7647
800,6793,car,542.53,0.68,577.28,21.25,0.5958
800,7960,car,376.37,409.11,628.55,536.49,0.7343
801,2,car,658.67,168.82,773.84,264.64,0.8773
801,10,car,553.78,159.95,643.29,240.87,0.8567
801,1930,car,590.9,248.3,700.26,356.2,0.8153
801,2309,bus,757.94,90.11,960.0,397.55,0.8686
801,6580,car,431.56,159.91,508.33,245.53,0.8764
801,7046,car,736.71,310.79,959.64,506.92,0.9094
801,7154,car,913.08,15.1,958.98,42.91,0.7374
801,6793,car,541.08,0.43,576.16,21.25,0.5466
801,7960,car,381.2,406.78,630.12,537.03,0.749
802,2,car,658.4,168.74,773.93,264.89,0.8748
802,10,car,554.06,159.87,643.59,240.8,0.8557
802,1930,car,591.32,248.33,700.06,355.67,0.8111
802,2309,bus,757.45,89.48,960.0,401.74,0.7694
802,6580,car,431.66,160.37,508.1,245.61,0.8757
802,7046,car,736.96,311.45,959.21,506.87,0.9067
802,7154,car,913.14,15.09,959.01,42.82,0.753
802,6793,car,540.35,0.5,574.87,21.02,0.5238
802,7960,car,384.69,404.24,630.17,536.82,0.6795
803,2,car,658.42,168.64,774.03,264.91,0.8798
803,10,car,553.88,159.78,643.41,240.69,0.8611
803,1930,car,591.57,248.25,699.89,355.18,0.8202
803,2309,bus,758.25,89.88,960.0,398.73,0.8723
803,6580,car,431.59,160.4,508.19,245.84,0.8764
803,7046,car,736.88,311.6,959.15,506.97,0.9064
803,7154,car,912.65,14.74,959.33,42.96,0.7895
803,6793,car,539.36,0.56,573.38,20.8,0.5318
803,7960,car,389.01,401.86,629.65,536.7,0.6373
804,2,car,658.24,168.63,774.13,265.19,0.8776
804,10,car,554.02,159.75,643.47,240.63,0.8442
804,1930,car,591.75,248.11,699.78,354.75,0.8063
804,2309,bus,758.69,90.11,960.0,396.98,0.8222
804,6580,car,431.49,160.37,508.03,245.74,0.8744
804,7046,car,736.42,311.45,959.35,507.37,0.9083
804,7154,car,912.87,14.88,959.29,42.92,0.7456
804,6793,car,538.47,0.37,572.26,20.51,0.5556
804,7960,car,388.82,399.71,625.96,536.64,0.7425
805,2,car,658.62,168.74,773.83,264.71,0.8813
805,10,car,553.9,159.67,643.62,240.83,0.837
805,1930,car,591.76,248.16,699.86,354.85,0.8186
805,2309,bus,758.57,90.14,959.99,396.96,0.8531
805,6580,car,431.61,160.25,508.19,245.66,0.8797
805,7046,car,736.46,310.87,959.31,506.66,0.9089
805,7154,car,912.58,14.99,958.95,42.92,0.7523
805,6793,car,537.63,0.29,571.07,20.24,0.5403
805,7960,car,387.55,397.56,621.84,536.7,0.703
806,2,car,658.46,168.67,774.09,265.08,0.8804
806,10,car,554.06,159.79,643.78,240.97,0.8356
806,1930,car,591.63,248.11,699.83,354.91,0.8163
806,2309,bus,758.86,90.14,959.81,396.26,0.8353
806,6580,car,431.84,160.24,508.16,245.32,0.8719
806,7046,car,736.17,311.42,958.99,507.04,0.9149
806,7154,car,912.43,14.61,959.31,42.84,0.771
806,6793,car,536.9,0.23,570.02,20.01,0.4675
806,7960,car,389.3,395.65,620.33,536.69,0.6726
807,2,car,658.77,168.68,773.98,264.73,0.8796
807,10,car,554.19,159.74,643.8,240.91,0.8146
807,1930,car,591.53,248.2,699.95,355.24,0.7754
807,2309,bus,758.97,90.15,959.65,395.83,0.8288
807,6580,car,431.49,160.1,508.06,245.49,0.8729
807,7046,car,735.87,311.42,958.86,507.04,0.9115
807,7154,car,912.12,14.56,959.5,43.12,0.7922
807,6793,car,536.11,0.4,568.11,19.58,0.4595
807,7960,car,386.56,393.64,615.76,536.68,0.5677
807,7726,car,691.76,0.0,721.6,18.5,0.3006
808,2,car,658.73,168.68,774.08,264.89,0.8792
808,10,car,554.17,159.61,643.72,240.82,0.8319
808,1930,car,591.89,248.47,699.68,354.82,0.8402
808,2309,bus,759.04,90.3,959.68,395.97,0.8435
808,6580,car,431.55,160.08,507.83,245.17,0.8868
808,7046,car,735.91,310.98,958.9,506.48,0.9079
808,7154,car,912.16,14.64,959.5,43.17,0.7823
808,6793,car,535.46,0.42,566.43,19.02,0.5247
808,7960,car,392.77,391.76,618.86,536.74,0.7135
808,7726,car,691.36,0.0,721.65,18.54,0.3064
809,2,car,658.57,168.73,774.22,265.23,0.8777
809,10,car,554.36,159.58,643.68,240.64,0.8402
809,1930,car,591.67,248.22,699.99,355.11,0.825
809,2309,bus,759.17,89.61,960.0,397.47,0.8657
809,6580,car,431.53,159.86,507.87,245.07,0.8767
809,7046,car,735.4,310.87,959.39,507.32,0.9086
809,7154,car,912.45,14.72,959.48,43.06,0.7916
809,6793,car,534.49,0.38,564.61,18.48,0.5435
809,7960,car,396.4,389.98,619.07,536.81,0.7242
809,7726,car,691.21,0.0,721.72,18.41,0.2344
810,2,car,658.5,168.65,774.09,265.12,0.8749
810,10,car,554.51,159.7,643.71,240.71,0.8457
810,1930,car,591.51,247.93,700.1,355.13,0.8074
810,2309,bus,758.99,90.03,960.0,397.87,0.8533
810,6580,car,431.5,159.81,508.13,245.36,0.8711
810,7046,car,735.22,310.78,959.55,507.59,0.9207
810,7154,car,912.53,14.84,959.44,43.1,0.7635
810,6793,car,533.79,0.15,563.4,17.99,0.5338
810,7960,car,398.58,388.04,618.41,536.95,0.6946
811,2,car,659.22,168.85,773.45,264.04,0.8786
811,10,car,554.23,159.71,643.67,240.95,0.8461
811,1930,car,591.95,248.46,699.79,354.87,0.8218
811,2309,bus,758.84,90.13,960.0,398.29,0.8723
811,6580,car,431.53,159.94,508.12,245.45,0.8729
811,7046,car,735.35,311.36,959.27,507.73,0.914
811,7154,car,912.5,14.85,959.16,42.91,0.7519
811,6793,car,533.03,0.02,562.63,17.9,0.5144
811,7960,car,399.34,386.18,615.96,537.06,0.7286
812,2,car,658.95,168.93,773.64,264.46,0.877
812,10,car,554.22,159.77,643.47,240.83,0.8358
812,1930,car,591.92,248.33,699.92,354.86,0.8258
812,2309,bus,759.26,90.1,959.85,396.74,0.805
812,6580,car,431.36,159.83,508.08,245.47,0.8753
812,7046,car,735.25,311.16,959.47,507.82,0.9203
812,7154,car,912.28,14.68,959.18,42.84,0.7647
812,6793,car,532.43,0.0,561.76,17.66,0.4918
812,7960,car,401.22,384.15,615.14,537.21,0.7633
813,2,car,658.95,168.84,773.54,264.2,0.8774
813,10,car,554.22,159.77,643.59,240.97,0.8471
813,1930,car,592.09,248.34,700.01,354.73,0.8309
813,2309,bus,759.44,90.15,959.84,396.57,0.8391
813,6580,car,431.54,160.07,508.2,245.64,0.8766
813,7046,car,734.7,311.07,959.46,508.22,0.9139
813,7154,car,912.07,14.73,959.61,43.32,0.7864
813,6793,car,531.67,0.0,560.76,17.46,0.5073
813,7960,car,402.29,382.3,612.61,536.73,0.7847
814,2,car,658.85,168.9,773.64,264.39,0.8773
814,10,car,554.36,159.97,643.43,240.9,0.8354
814,1930,car,591.96,248.29,700.26,355.13,0.8212
814,2309,bus,758.94,90.02,959.9,397.4,0.8271
814,6580,car,431.39,159.68,508.18,245.48,0.8755
814,7046,car,735.49,311.53,959.16,507.62,0.9151
814,7154,car,912.21,14.68,959.58,43.19,0.7909
814,6793,car,530.65,0.0,559.85,17.49,0.4502
814,7960,car,403.9,379.97,612.04,536.71,0.8395
815,2,car,658.64,169.05,773.97,265.01,0.8757
815,10,car,554.17,159.85,643.58,241.12,0.8507
815,1930,car,592.24,248.45,700.08,354.74,0.8311
815,2309,bus,759.16,90.09,960.0,397.41,0.7468
815,6580,car,431.94,160.21,508.31,245.47,0.8805
815,7046,car,734.74,311.19,959.59,508.39,0.9163
815,7154,car,912.49,15.0,959.56,43.33,0.7723
815,6793,car,530.68,0.0,559.36,17.2,0.2561
815,7960,car,404.4,378.19,610.28,536.96,0.867
816,2,car,658.72,168.98,773.83,264.71,0.8764
816,10,car,554.27,159.79,643.62,241.04,0.8391
816,1930,car,592.33,248.37,700.24,354.67,0.835
816,2309,bus,759.32,89.99,959.8,396.78,0.8689
816,6580,car,432.06,160.55,508.04,245.24,0.8759
816,7046,car,735.32,311.53,959.53,508.15,0.9156
816,7154,car,911.88,14.61,959.23,43.05,0.7834
816,7960,car,405.96,376.68,609.4,537.1,0.868
817,2,car,658.75,168.61,774.05,264.49,0.8795
817,10,car,554.52,159.75,643.71,240.9,0.8284
817,1930,car,592.42,248.56,700.18,354.66,0.83
817,2309,bus,759.28,89.92,960.0,397.54,0.8061
817,6580,car,432.02,160.43,508.35,245.45,0.8793
817,7046,car,735.16,311.23,959.67,508.18,0.9091
817,7154,car,912.43,14.6,959.48,42.88,0.7912
817,7960,car,407.87,375.11,609.01,537.3,0.8836
818,2,car,659.12,168.87,773.83,264.19,0.8881
818,10,car,554.71,160.0,643.67,240.93,0.8195
818,1930,car,592.33,248.46,700.13,354.52,0.8362
818,2309,bus,759.5,89.9,959.8,396.64,0.806
818,6580,car,431.74,160.1,508.38,245.52,0.8773
818,7046,car,735.16,311.47,959.56,508.3,0.9184
818,7154,car,912.68,14.7,959.28,42.66,0.7834
818,7960,car,408.74,373.42,607.75,537.39,0.8753
819,2,car,659.11,168.87,773.72,264.05,0.8801
819,10,car,554.37,159.98,643.54,241.03,0.8359
819,1930,car,591.92,248.39,700.14,354.82,0.8401
819,2309,bus,759.67,89.97,959.58,396.07,0.8828
819,6580,car,431.65,159.97,508.5,245.63,0.8781
819,7046,car,735.57,311.71,959.45,508.04,0.9191
819,7154,car,912.73,14.46,959.4,42.47,0.7988
819,7960,car,409.34,371.79,605.82,537.33,0.8867
820,2,car,658.64,168.8,774.25,264.9,0.8793
820,10,car,554.46,160.02,643.57,241.01,0.8389
820,1930,car,592.39,248.62,700.15,354.48,0.8374
820,2309,bus,759.67,89.99,959.36,395.6,0.8808
820,6580,car,431.58,159.89,508.83,246.09,0.8827
820,7046,car,735.8,311.69,959.8,508.19,0.9169
820,7154,car,912.86,15.0,959.39,42.92,0.7507
820,7960,car,409.55,370.24,603.89,537.64,0.8669
821,2,car,658.62,168.8,774.23,264.92,0.8763
821,10,car,554.66,160.15,643.55,240.86,0.8332
821,1930,car,591.98,248.6,700.09,354.79,0.8229
821,2309,bus,759.77,89.67,960.0,397.99,0.888
821,6580,car,431.29,159.59,508.55,245.86,0.8781
821,7046,car,736.07,311.76,959.39,507.55,0.917
821,7154,car,912.44,14.86,959.44,43.05,0.7731
821,7960,car,410.34,368.58,602.37,537.58,0.8637
822,2,car,658.82,168.83,774.12,264.69,0.8755
822,10,car,554.93,160.27,643.72,240.85,0.8198
822,1930,car,591.97,248.63,700.06,354.79,0.8362
822,2309,bus,759.75,89.24,960.0,398.14,0.8944
822,6580,car,431.33,159.85,508.31,245.8,0.8792
822,7046,car,735.58,311.71,959.25,507.72,0.9197
822,7154,car,913.04,15.13,959.51,43.01,0.7447
822,7960,car,411.66,367.1,601.21,537.36,0.8733
823,2,car,659.04,168.9,773.84,264.27,0.8815
823,10,car,555.06,160.37,643.64,240.71,0.8362
823,1930,car,591.96,248.42,700.03,354.54,0.8404
823,2309,bus,758.84,89.7,959.65,397.99,0.8951
823,6580,car,431.51,159.71,508.75,246.02,0.8809
823,7046,car,735.59,311.14,959.59,507.48,0.9181
823,7154,car,913.26,15.16,959.41,42.83,0.745
823,7960,car,413.11,365.83,599.76,536.96,0.8775
824,2,car,658.59,168.79,774.09,264.79,0.882
824,10,car,555.09,160.53,643.72,240.92,0.8309
824,1930,car,591.99,248.6,700.18,354.86,0.8382
824,2309,bus,759.47,90.01,959.7,397.47,0.885
824,6580,car,431.46,159.7,508.96,246.37,0.883
824,7046,car,735.58,311.65,959.23,507.56,0.9171
824,7154,car,912.94,15.05,959.5,42.98,0.7733
824,7960,car,414.48,364.51,599.01,537.04,0.8762
825,2,car,658.52,168.92,774.04,264.95,0.8791
825,10,car,555.06,160.76,643.61,241.02,0.8561
825,1930,car,592.04,248.81,699.94,354.75,0.8403
825,2309,bus,759.88,90.05,959.65,396.78,0.8836
825,6580,car,431.52,159.4,508.98,246.12,0.8787
825,7046,car,735.36,311.79,959.02,507.59,0.9185
825,7154,car,912.34,14.86,959.69,43.3,0.7815
825,7960,car,415.96,363.59,598.16,537.12,0.8751
826,2,car,658.93,168.95,773.72,264.29,0.8761
826,10,car,555.1,160.81,643.66,241.06,0.8451
826,1930,car,591.66,248.68,700.15,355.24,0.8422
826,2309,bus,759.83,90.14,959.89,397.44,0.8894
826,6580,car,431.49,159.66,508.61,246.05,0.8776
826,7046,car,734.96,311.83,958.82,507.62,0.9202
826,7154,car,912.41,14.86,959.78,43.36,0.7925
826,7960,car,416.44,362.08,596.67,536.88,0.8566
827,2,car,659.25,169.35,773.37,264.03,0.8787
827,10,car,554.81,160.95,643.47,241.26,0.8413
827,1930,car,591.6,249.0,699.99,355.46,0.8201
827,2309,bus,759.79,90.11,960.0,399.68,0.8723
827,6580,car,431.68,160.14,508.4,246.07,0.8792
827,7046,car,734.87,312.05,958.83,507.79,0.9207
827,7154,car,912.3,14.6,960.0,43.42,0.7913
827,7960,car,416.09,360.28,595.25,537.23,0.8648
828,2,car,659.06,169.41,773.57,264.37,0.8781
828,10,car,554.71,160.8,643.46,241.19,0.8361
828,1930,car,591.42,249.21,699.78,355.61,0.843
828,2309,bus,759.6,90.34,960.0,399.04,0.887
828,6580,car,431.75,160.16,508.5,246.12,0.8811
828,7046,car,734.97,312.03,959.43,508.24,0.9184
828,7154,car,911.93,14.57,960.0,43.78,0.7705
828,7960,car,416.75,358.86,594.4,537.3,0.8937
829,2,car,658.99,169.5,773.75,264.66,0.8803
829,10,car,554.77,160.95,643.31,241.15,0.8351
829,1930,car,591.48,249.25,700.0,355.85,0.8391
829,2309,bus,758.96,90.41,959.07,398.17,0.8963
829,6580,car,431.65,160.15,508.23,245.95,0.8735
829,7046,car,735.15,312.13,959.91,508.7,0.9222
829,7154,car,912.44,15.05,959.76,43.7,0.7481
829,7960,car,417.57,357.34,593.83,537.35,0.8825
829,8312,bike,555.92,78.2,595.34,114.42,0.3569
830,2,car,658.88,169.55,773.57,264.62,0.8749
830,10,car,554.62,161.04,643.28,241.35,0.8488
830,1930,car,591.62,249.17,699.82,355.4,0.8401
830,2309,bus,758.43,90.46,959.06,398.93,0.8967
830,6580,car,431.31,159.62,508.28,245.96,0.8708
830,7046,car,735.19,312.09,959.7,508.43,0.9197
830,7154,car,912.17,14.88,960.0,43.96,0.79
830,7960,car,418.37,355.97,592.93,537.27,0.891
830,8312,bike,556.51,76.32,597.48,114.01,0.3225
831,2,car,658.79,169.41,773.57,264.51,0.8743
831,10,car,554.68,161.09,643.18,241.25,0.8507
831,1930,car,591.46,249.37,699.9,355.89,0.8419
831,2309,bus,758.28,90.48,958.38,397.75,0.8676
831,6580,car,431.03,159.15,508.41,246.1,0.8688
831,7046,car,735.14,311.83,959.93,508.55,0.9216
831,7154,car,912.33,15.04,959.97,44.04,0.7846
831,7960,car,419.04,354.32,591.91,536.8,0.899
831,8312,bike,558.14,76.86,599.12,114.58,0.4641
832,2,car,658.85,169.77,773.39,264.62,0.8721
832,10,car,554.83,160.96,643.23,241.07,0.8331
832,1930,car,591.34,249.4,699.69,355.85,0.8418
832,2309,bus,757.75,90.44,959.34,400.22,0.9053
832,6580,car,431.17,159.6,508.25,246.29,0.8777
832,7046,car,735.48,311.55,959.83,507.88,0.9225
832,7154,car,912.75,15.56,959.75,44.18,0.7644
832,7960,car,419.75,352.87,591.36,537.04,0.8903
832,8312,bike,559.47,76.86,600.93,115.14,0.2596
833,2,car,659.14,170.23,772.95,264.33,0.8757
833,10,car,554.77,161.2,642.86,241.03,0.8488
833,1930,car,591.02,249.47,699.9,356.58,0.848
833,2309,bus,758.54,90.67,959.67,399.82,0.8818
833,6580,car,431.03,159.36,508.17,246.23,0.8711
833,7046,car,735.75,311.45,960.0,507.82,0.9217
833,7154,car,912.64,15.48,959.82,44.27,0.7652
833,7960,car,420.12,351.88,590.15,537.28,0.8922
833,8312,bike,563.07,83.35,598.84,116.09,0.3607
833,7726,car,688.99,0.0,722.49,19.86,0.38
834,2,car,658.74,169.91,773.25,264.59,0.8726
834,10,car,554.76,161.01,642.92,240.93,0.8454
834,1930,car,591.21,249.51,699.53,356.06,0.8519
834,2309,bus,758.14,90.69,959.17,399.58,0.8964
834,6580,car,431.0,159.25,508.03,246.07,0.8747
834,7046,car,735.63,311.43,959.94,507.86,0.9191
834,7154,car,912.49,15.23,960.0,44.45,0.7834
834,7960,car,420.64,350.95,588.94,537.17,0.8885
834,8312,bike,562.03,79.37,601.5,115.61,0.3396
834,7726,car,689.54,0.0,722.71,19.83,0.2816
835,2,car,658.31,170.11,773.48,265.38,0.8766
835,10,car,554.79,160.99,643.03,241.08,0.8515
835,1930,car,591.18,249.54,699.54,356.19,0.8486
835,2309,bus,757.76,90.62,959.61,400.93,0.9036
835,6580,car,430.91,159.28,508.01,246.27,0.8819
835,7046,car,735.35,311.35,959.8,507.9,0.915
835,7154,car,912.13,15.41,959.91,44.69,0.7598
835,7960,car,421.57,349.96,588.2,536.96,0.9009
835,7726,car,689.54,0.0,722.69,19.89,0.2688
836,2,car,658.32,170.14,773.47,265.39,0.8721
836,10,car,554.5,161.18,642.81,241.33,0.8514
836,1930,car,591.23,249.55,699.73,356.45,0.8388
836,2309,bus,758.0,90.72,959.38,400.34,0.8884
836,6580,car,431.23,159.98,507.7,246.19,0.8815
836,7046,car,735.12,311.45,960.0,508.55,0.92
836,7154,car,912.64,15.45,959.82,44.4,0.7857
836,7960,car,421.77,348.29,587.25,536.28,0.8733
836,7726,car,689.55,0.0,722.72,19.91,0.2428
836,8312,bike,566.84,86.15,600.9,116.94,0.266
837,2,car,658.27,169.95,773.33,265.1,0.8698
837,10,car,554.6,161.44,642.74,241.44,0.8557
837,1930,car,590.63,249.62,700.04,357.61,0.8345
837,2309,bus,757.93,90.72,959.39,400.51,0.8969
837,6580,car,431.26,160.21,507.69,246.42,0.8804
837,7046,car,734.89,311.39,959.91,508.6,0.9159
837,7154,car,912.76,15.69,959.89,44.66,0.7535
837,7960,car,422.6,347.0,586.68,535.63,0.8932
837,8359,car,217.78,19.48,247.36,40.41,0.3269
838,2,car,657.9,170.32,773.47,265.93,0.8691
838,10,car,554.59,161.5,642.48,241.22,0.8527
838,1930,car,590.61,249.62,699.74,357.4,0.8403
838,2309,bus,757.98,90.61,958.97,399.53,0.8822
838,6580,car,431.46,160.45,507.75,246.48,0.8812
838,7046,car,735.54,311.34,959.77,507.85,0.9139
838,7154,car,912.4,15.63,959.8,44.8,0.7554
838,7960,car,423.39,345.96,586.42,535.65,0.9014
838,8359,car,218.34,20.23,246.97,40.52,0.3147
838,7726,car,689.52,0.01,722.61,19.94,0.2673
839,2,car,658.07,170.4,773.34,265.77,0.8696
839,10,car,554.47,161.52,642.54,241.42,0.8572
839,1930,car,590.34,249.73,700.04,358.3,0.8304
839,2309,bus,757.7,90.62,959.23,400.43,0.9078
839,6580,car,431.15,159.86,507.78,246.35,0.8718
839,7046,car,735.49,311.38,959.75,507.91,0.9203
839,7154,car,912.57,15.79,959.66,44.76,0.7611
839,7960,car,424.23,345.08,585.6,535.05,0.8765
839,8359,car,218.37,20.58,247.29,41.08,0.3961
839,7726,car,688.89,0.01,722.34,20.23,0.3927
840,2,car,658.08,170.27,773.44,265.73,0.8728
840,10,car,554.53,161.39,642.5,241.18,0.8521
840,1930,car,590.74,249.76,699.76,357.72,0.8461
840,2309,bus,757.81,90.68,958.47,398.78,0.8672
840,6580,car,431.36,160.25,507.49,246.14,0.8801
840,7046,car,735.59,311.51,959.87,508.1,0.9285
840,7154,car,912.6,15.72,959.79,44.8,0.758
840,7960,car,424.45,344.15,585.05,535.28,0.9133
840,8359,car,218.33,20.79,246.95,41.08,0.3691
840,7726,car,689.4,0.01,722.53,20.1,0.5014
840,8378,car,196.64,28.43,227.15,53.29,0.3264
841,2,car,658.49,170.49,772.99,265.13,0.8765
841,10,car,554.47,161.17,642.68,241.24,0.8669
841,1930,car,591.02,249.7,699.37,357.05,0.8477
841,2309,bus,758.7,90.42,957.61,395.21,0.841
841,6580,car,431.19,159.85,507.85,246.38,0.8863
841,7046,car,733.95,311.91,959.57,509.81,0.9178
841,7154,car,911.96,15.62,960.0,45.32,0.7634
841,7960,car,424.95,343.33,584.64,535.6,0.9012
841,8359,car,217.08,19.75,247.65,41.45,0.439
841,7726,car,689.65,0.01,722.42,19.94,0.4778
841,8378,car,195.83,27.95,226.71,53.11,0.345
842,2,car,658.44,170.32,773.1,265.05,0.8739
842,10,car,554.41,160.98,642.72,241.18,0.8605
842,1930,car,591.26,249.71,698.93,356.32,0.8475
842,2309,bus,758.14,90.57,958.59,397.73,0.8954
842,6580,car,431.05,159.7,507.74,246.31,0.8799
842,7046,car,733.5,312.1,959.21,510.13,0.9253
842,7154,car,911.95,15.76,959.83,45.36,0.7238
842,7960,car,425.61,342.14,584.39,535.57,0.9163
842,8359,car,217.82,20.28,247.57,41.42,0.4388
842,7726,car,689.27,0.01,721.77,19.9,0.402
842,8378,car,193.51,28.0,224.33,53.01,0.3435
842,8390,car,663.0,516.4,809.6,539.67,0.4091
843,2,car,658.26,170.32,773.22,265.29,0.8718
843,10,car,554.35,161.07,642.72,241.38,0.8715
843,1930,car,591.15,249.79,698.9,356.48,0.8395
843,2309,bus,758.44,90.84,959.4,398.86,0.821
843,6580,car,431.04,159.78,507.76,246.46,0.8767
843,7046,car,734.74,311.71,959.28,508.64,0.9182
843,7154,car,911.74,15.15,960.0,45.22,0.7406
843,7960,car,426.12,341.43,583.4,535.0,0.9158
843,8359,car,218.12,20.47,247.35,41.28,0.3716
843,7726,car,689.42,0.01,721.65,19.85,0.5036
843,8378,car,193.17,28.8,223.28,53.09,0.2798
843,8390,car,655.61,514.01,818.36,539.92,0.336
844,2,car,657.82,170.38,773.42,265.91,0.8647
844,10,car,554.38,161.24,642.5,241.34,0.8807
844,1930,car,590.89,249.93,698.92,356.93,0.847
844,2309,bus,767.59,90.03,951.51,367.51,0.7362
844,6580,car,431.36,160.35,507.59,246.39,0.8873
844,7046,car,735.15,311.7,959.2,508.08,0.9069
844,7154,car,911.92,15.57,959.98,45.43,0.6577
844,7960,car,427.01,340.41,582.97,534.47,0.9177
844,8359,car,217.38,19.76,247.48,41.33,0.3611
844,7726,car,688.96,0.01,721.18,19.84,0.5034
844,8378,car,193.62,27.94,224.6,52.93,0.3233
844,8390,car,648.2,511.62,825.14,539.95,0.4001
845,2,car,657.62,170.32,773.43,266.04,0.8659
845,10,car,554.14,161.12,642.57,241.54,0.8676
845,1930,car,591.11,249.97,698.93,356.81,0.8269
845,2309,bus,761.05,90.71,957.74,387.91,0.8107
845,6580,car,431.31,160.13,507.69,246.33,0.8818
845,7046,car,735.22,311.57,959.32,507.93,0.9111
845,7154,car,911.82,15.46,959.78,45.27,0.6299
845,7960,car,427.79,339.73,582.28,533.95,0.9053
845,8359,car,217.39,20.04,247.23,41.42,0.3924
845,7726,car,689.96,0.01,721.77,19.76,0.5997
845,8378,car,193.2,27.87,224.15,52.7,0.311
845,8390,car,641.82,509.35,829.17,539.6,0.416
846,2,car,657.8,170.34,773.36,265.85,0.8721
846,10,car,554.21,161.25,642.57,241.64,0.8831
846,1930,car,590.53,249.93,699.18,357.71,0.8404
846,2309,bus,758.56,90.92,960.0,395.85,0.795
846,6580,car,431.28,160.09,507.82,246.44,0.8877
846,7046,car,735.13,311.54,959.55,508.14,0.9145
846,7154,car,911.71,15.64,959.93,45.66,0.6295
846,7960,car,428.49,338.72,581.59,533.05,0.9031
846,8359,car,218.43,20.61,247.34,41.35,0.3406
846,7726,car,689.73,0.01,721.36,19.69,0.6455
846,8378,car,192.68,26.85,225.05,52.78,0.3008
846,8390,car,637.29,507.4,832.74,539.3,0.6298
847,2,car,657.89,170.63,773.17,265.89,0.8672
847,10,car,554.28,161.33,642.54,241.66,0.8797
847,1930,car,590.45,250.03,698.84,357.55,0.8388
847,2309,bus,758.08,90.74,959.2,395.04,0.8574
847,6580,car,431.09,160.07,507.71,246.53,0.8766
847,7046,car,735.22,311.57,959.46,507.94,0.9108
847,7154,car,911.94,15.68,959.72,45.4,0.5579
847,7960,car,428.8,337.48,580.84,532.29,0.902
847,8359,car,218.42,20.55,247.84,41.65,0.3161
847,7726,car,689.73,0.01,721.29,19.69,0.6496
847,8378,car,192.54,27.23,224.94,52.97,0.2831
847,8390,car,629.62,504.33,839.34,539.08,0.6162
848,2,car,657.99,170.92,772.73,265.63,0.8671
848,10,car,554.05,161.32,642.4,241.71,0.8774
848,1930,car,590.45,249.75,698.9,357.43,0.8404
848,2309,bus,757.63,90.88,958.9,395.27,0.8624
848,6580,car,430.92,160.23,507.57,246.7,0.8733
848,7046,car,735.44,311.75,959.42,507.81,0.9096
848,7154,car,911.28,16.75,959.28,46.53,0.5178
848,7960,car,429.51,336.25,579.59,530.08,0.9071
848,8359,car,217.65,20.07,247.61,41.74,0.3061
848,7726,car,689.54,0.0,721.3,19.85,0.516
848,8378,car,193.25,26.38,225.79,52.25,0.254
848,8390,car,623.07,501.76,842.36,538.8,0.6417
849,2,car,657.38,170.71,773.32,266.44,0.8634
849,10,car,553.88,161.15,642.49,241.84,0.8766
849,1930,car,590.4,249.76,698.6,357.22,0.8456
849,2309,bus,756.77,90.84,959.85,398.36,0.8922
849,6580,car,431.2,160.9,507.39,246.8,0.878
849,7046,car,735.3,311.68,959.67,508.09,0.9185
849,7154,car,911.47,17.0,959.14,46.51,0.5025
849,7960,car,430.23,335.03,578.69,528.17,0.8967
849,8359,car,218.52,20.72,247.64,41.77,0.3124
849,7726,car,689.55,0.0,721.41,19.97,0.4888
849,8378,car,191.73,26.88,224.77,52.94,0.2852
849,8390,car,616.51,498.7,847.89,538.7,0.6811
850,2,car,657.49,170.74,773.23,266.31,0.8669
850,10,car,553.95,161.06,642.2,241.42,0.8848
850,1930,car,590.35,249.63,698.74,357.38,0.8455
850,2309,bus,757.2,90.71,958.71,395.49,0.862
850,6580,car,431.43,161.02,507.4,246.65,0.8784
850,7046,car,735.25,311.72,959.83,508.33,0.9175
850,7154,car,910.92,15.86,960.0,46.41,0.689
850,7960,car,430.42,334.14,577.59,526.97,0.9076
850,8359,car,218.82,20.59,247.23,41.28,0.3193
850,7726,car,689.61,0.0,721.34,19.92,0.5539
850,8378,car,192.09,27.03,225.12,52.99,0.2646
850,8390,car,610.79,496.12,852.79,539.03,0.6614
851,2,car,657.22,170.55,773.25,266.39,0.8676
851,10,car,554.05,160.95,642.32,241.39,0.88
851,1930,car,590.56,249.66,698.61,357.1,0.8519
851,2309,bus,756.79,90.75,959.14,396.87,0.8948
851,6580,car,431.14,160.75,507.32,246.61,0.8698
851,7046,car,735.1,311.76,959.56,508.2,0.9232
851,7154,car,910.7,15.61,960.0,46.44,0.6349
851,7960,car,430.94,333.27,576.74,525.48,0.916
851,8359,car,219.02,20.53,247.6,41.39,0.3243
851,7726,car,689.62,0.0,721.42,19.96,0.5275
851,8390,car,606.98,493.74,856.51,539.23,0.7116
852,2,car,657.53,170.44,773.0,265.8,0.867
852,10,car,554.03,161.05,642.4,241.65,0.8732
852,1930,car,590.56,249.6,698.58,357.1,0.8468
852,2309,bus,758.65,90.73,957.63,390.98,0.8021
852,6580,car,431.3,161.19,507.12,246.54,0.878
852,7046,car,735.01,311.71,959.2,507.74,0.923
852,7154,car,910.44,15.47,960.0,46.82,0.6714
852,7960,car,431.44,331.98,576.35,524.15,0.9122
852,8359,car,218.3,19.96,247.47,41.35,0.2901
852,7726,car,689.41,0.0,721.16,19.94,0.3409
852,8390,car,604.2,491.42,859.78,539.4,0.7288
853,2,car,657.11,170.02,773.28,265.98,0.8621
853,10,car,553.95,161.05,642.34,241.72,0.869
853,1930,car,590.64,249.47,698.46,356.85,0.8472
853,2309,bus,757.0,90.63,959.03,395.67,0.8788
853,6580,car,431.53,161.72,506.96,246.48,0.8793
853,7046,car,735.16,311.69,959.33,507.64,0.9211
853,7154,car,910.73,15.38,960.0,46.55,0.7176
853,7960,car,431.56,331.08,575.71,523.3,0.9099
853,8359,car,218.35,20.08,247.56,41.48,0.2943
853,7726,car,688.93,0.0,720.97,20.04,0.39
853,8390,car,601.03,488.49,864.04,539.47,0.7586
853,8378,car,189.71,27.28,222.87,52.9,0.2551
854,2,car,656.96,169.89,773.41,266.17,0.8605
854,10,car,553.93,161.15,642.21,241.71,0.8698
854,1930,car,590.57,249.38,698.55,356.96,0.8529
854,2309,bus,756.58,90.6,959.72,397.62,0.9069
854,6580,car,431.1,160.58,507.38,246.33,0.8766
854,7046,car,734.74,311.71,959.45,508.08,0.92
854,7154,car,910.88,15.21,960.0,46.69,0.6619
854,7960,car,431.56,329.7,575.36,522.48,0.9014
854,8359,car,218.23,20.04,246.51,40.86,0.2451
854,7726,car,689.54,0.0,721.34,19.9,0.4818
854,8390,car,600.65,486.22,864.89,539.1,0.7983
854,8454,bike,583.88,90.53,623.55,118.4,0.3352
855,2,car,656.89,169.91,773.46,266.36,0.8613
855,10,car,553.95,161.03,642.15,241.56,0.8734
855,1930,car,590.75,249.43,698.26,356.51,0.8584
855,2309,bus,756.99,90.55,958.81,395.31,0.8485
855,6580,car,431.05,160.2,507.49,246.15,0.8874
855,7046,car,734.98,311.77,959.24,507.6,0.9189
855,7154,car,910.49,15.08,960.0,46.56,0.7043
855,7960,car,432.4,328.97,574.36,519.82,0.9023
855,7726,car,689.49,0.0,721.36,19.93,0.4899
855,8390,car,601.68,484.07,866.78,538.77,0.803
855,8454,bike,584.7,88.61,625.92,117.64,0.2575
856,2,car,656.9,169.72,773.4,266.13,0.8681
856,10,car,553.98,160.8,642.35,241.54,0.872
856,1930,car,590.67,249.39,698.51,356.85,0.8452
856,2309,bus,758.36,90.64,957.54,390.67,0.8134
856,6580,car,431.16,160.08,507.43,245.78,0.8845
856,7046,car,734.71,311.7,959.15,507.55,0.9211
856,7154,car,909.12,15.35,960.0,47.66,0.7057
856,7960,car,433.34,328.46,574.19,518.41,0.9003
856,7726,car,689.75,0.0,721.57,19.91,0.489
856,8390,car,601.75,481.55,870.11,538.61,0.8074
856,8359,car,219.3,20.48,247.46,41.18,0.3047
857,2,car,656.95,169.4,773.42,265.84,0.8708
857,10,car,554.06,160.61,642.29,241.23,0.87
857,1930,car,590.86,249.3,698.54,356.67,0.855
857,2309,bus,758.8,90.76,956.61,387.75,0.8049
857,6580,car,430.76,159.32,507.57,245.72,0.872
857,7046,car,734.74,311.68,959.22,507.45,0.9214
857,7154,car,908.65,16.16,957.74,46.8,0.5401
857,7960,car,434.19,327.87,573.68,516.41,0.9097
857,7726,car,690.08,0.0,721.48,19.61,0.3965
857,8390,car,602.25,479.39,871.83,538.43,0.8183
857,8359,car,219.15,20.45,247.26,41.07,0.3295
857,8454,bike,588.82,85.88,629.53,114.7,0.2685
858,2,car,657.14,169.21,773.6,265.74,0.8737
858,10,car,554.13,160.71,642.22,241.2,0.8714
858,1930,car,590.35,249.3,698.92,357.62,0.8459
858,2309,bus,756.95,90.8,959.75,395.9,0.7833
858,6580,car,430.83,159.65,507.83,246.32,0.8797
858,7046,car,734.93,311.73,959.32,507.33,0.9231
858,7154,car,910.25,15.67,958.32,45.55,0.503
858,7960,car,434.97,327.41,573.32,514.76,0.9073
858,7726,car,690.33,0.0,721.68,19.56,0.4365
858,8390,car,601.07,477.08,873.08,538.54,0.8247
858,8359,car,218.28,20.01,247.47,41.38,0.3151
859,2,car,657.52,169.39,773.5,265.54,0.8721
859,10,car,554.21,160.78,642.28,241.29,0.8697
859,1930,car,590.76,249.37,698.44,356.68,0.8545
859,2309,bus,756.4,90.65,959.55,396.35,0.8737
859,6580,car,430.71,159.14,507.89,246.07,0.8738
859,7046,car,735.27,311.64,959.66,507.25,0.9143
859,7154,car,905.1,15.56,956.46,46.96,0.5965
859,7960,car,435.35,326.92,572.6,512.98,0.9097
859,7726,car,690.07,0.0,721.53,19.59,0.4282
859,8390,car,600.14,475.05,873.88,538.88,0.8346
859,8359,car,217.97,19.86,247.71,41.57,0.3199
860,2,car,657.31,169.31,773.72,265.93,0.8695
860,10,car,553.99,160.51,642.53,241.56,0.8705
860,1930,car,590.84,249.21,698.59,356.63,0.8507
860,2309,bus,756.3,90.45,960.0,401.65,0.8166
860,6580,car,430.61,158.75,507.85,245.85,0.8742
860,7046,car,735.2,312.11,959.49,507.6,0.9173
860,7154,car,901.28,15.12,954.78,47.11,0.6395
860,7960,car,436.12,326.18,572.35,511.1,0.9088
860,7726,car,690.56,0.0,721.89,19.48,0.4362
860,8390,car,599.36,473.06,873.67,539.07,0.8531
860,8359,car,218.49,20.12,247.71,41.34,0.2976
861,2,car,657.46,169.35,773.36,265.59,0.87
861,10,car,553.88,160.33,642.54,241.54,0.8721
861,1930,car,590.78,249.13,698.39,356.41,0.8521
861,2309,bus,757.44,90.52,959.2,394.81,0.8196
861,6580,car,430.66,158.89,507.68,245.8,0.875
861,7046,car,735.3,311.8,959.45,507.09,0.9176
861,7154,car,899.56,15.87,954.47,47.98,0.5931
861,7960,car,436.07,325.36,571.7,509.54,0.9046
861,7726,car,690.28,0.0,721.63,19.43,0.4707
861,8390,car,599.22,471.6,871.67,539.24,0.8543
861,8359,car,218.58,19.95,247.26,40.87,0.2973
862,2,car,657.33,169.54,773.29,265.91,0.8678
862,10,car,553.9,160.36,642.28,241.35,0.8698
862,1930,car,590.67,249.1,698.55,356.72,0.8501
862,2309,bus,756.61,90.6,959.88,397.53,0.8896
862,6580,car,430.62,158.87,507.72,245.95,0.8745
862,7046,car,735.1,311.59,959.75,507.34,0.9186
862,7154,car,896.87,16.24,953.07,48.16,0.645
862,7960,car,436.15,324.77,571.46,508.69,0.9002
862,7726,car,690.47,0.0,721.76,19.39,0.3425
862,8390,car,599.51,469.65,871.13,539.18,0.8298
862,8359,car,218.49,19.47,247.66,40.71,0.3705
863,2,car,657.46,169.39,773.27,265.68,0.8681
863,10,car,553.73,160.44,642.03,241.35,0.8678
863,1930,car,590.58,249.14,698.26,356.55,0.8532
863,2309,bus,756.34,90.65,959.87,398.18,0.8878
863,6580,car,430.62,158.79,507.59,245.75,0.8768
863,7046,car,734.89,311.34,959.96,507.51,0.9225
863,7154,car,893.48,15.9,952.48,48.55,0.4443
863,7960,car,436.83,324.16,571.14,506.79,0.9033
863,7726,car,690.03,0.0,721.3,19.26,0.3653
863,8390,car,599.65,468.09,869.29,539.15,0.8279
863,8359,car,217.11,19.41,245.56,40.37,0.3529
864,2,car,657.89,169.33,773.15,265.11,0.8734
864,10,car,553.8,160.37,642.21,241.43,0.8616
864,1930,car,590.93,249.21,698.29,356.3,0.8609
864,2309,bus,756.46,90.62,960.0,400.31,0.8326
864,6580,car,430.68,158.93,507.47,245.72,0.8792
864,7046,car,734.89,311.28,960.0,507.65,0.9268
864,7154,car,904.35,15.83,958.23,45.93,0.7779
864,7960,car,436.98,323.4,570.7,505.22,0.8918
864,7726,car,689.58,0.0,721.2,19.4,0.3927
864,8390,car,599.09,465.97,867.31,538.77,0.8223
864,8359,car,218.16,19.74,246.4,40.55,0.353
865,2,car,657.94,169.31,772.89,264.75,0.8696
865,10,car,553.88,160.35,642.07,241.23,0.8622
865,1930,car,590.49,249.05,698.3,356.66,0.8562
865,2309,bus,756.34,90.52,960.0,399.31,0.89
865,6580,car,430.8,159.42,507.34,245.92,0.8774
865,7046,car,734.98,311.34,960.0,507.69,0.9214
865,7154,car,908.35,15.65,960.0,45.06,0.8236
865,7960,car,437.11,322.76,570.4,504.05,0.9018
865,7726,car,689.94,0.0,721.76,19.58,0.2945
865,8390,car,599.28,464.29,865.33,538.64,0.8479
865,8359,car,218.55,20.17,246.8,40.96,0.3339
866,2,car,657.75,169.42,773.01,265.13,0.8698
866,10,car,554.04,160.67,641.83,241.13,0.8649
866,1930,car,590.4,249.24,698.34,357.0,0.8519
866,2309,bus,756.34,90.56,959.67,398.61,0.8815
866,6580,car,430.75,158.89,507.49,245.68,0.8759
866,7046,car,734.96,311.36,960.0,507.83,0.9156
866,7154,car,909.29,15.46,960.0,44.87,0.8076
866,7960,car,437.25,322.16,570.24,503.14,0.8912
866,7726,car,689.66,0.0,721.71,19.68,0.3772
866,8390,car,597.84,462.45,862.55,538.62,0.839
866,8359,car,218.71,20.2,247.09,41.07,0.3501
867,2,car,657.49,169.39,773.13,265.47,0.8658
867,10,car,553.86,160.75,641.81,241.35,0.8559
867,1930,car,590.96,249.16,698.23,356.21,0.854
867,2309,bus,756.78,90.52,958.79,396.26,0.8519
867,6580,car,430.79,158.94,507.58,245.81,0.8732
867,7046,car,734.78,311.14,960.0,508.43,0.9246
867,7154,car,909.85,15.46,960.0,44.78,0.834
867,7960,car,437.51,321.48,570.36,502.31,0.8915
867,7726,car,689.73,0.0,721.55,19.52,0.3808
867,8390,car,598.29,460.94,861.02,538.59,0.8488
867,8359,car,217.74,19.66,246.53,40.97,0.3452
868,2,car,657.44,169.11,773.32,265.45,0.8724
868,10,car,553.92,160.53,641.93,241.19,0.8477
868,1930,car,590.97,248.99,698.2,356.0,0.8558
868,2309,bus,756.78,90.51,960.0,399.32,0.8757
868,6580,car,430.98,159.25,507.37,245.64,0.8761
868,7046,car,735.0,311.29,960.0,508.12,0.9204
868,7154,car,910.76,15.62,960.0,44.24,0.7927
868,7960,car,437.5,320.96,569.95,501.24,0.889
868,7726,car,690.22,0.0,721.97,19.49,0.3659
868,8390,car,599.1,459.96,858.67,538.76,0.8401
868,8359,car,218.98,20.37,246.76,40.97,0.2793
869,2,car,657.1,168.88,773.51,265.75,0.8681
869,10,car,553.94,160.44,642.06,241.23,0.8546
869,1930,car,590.74,249.0,698.59,356.71,0.8489
869,2309,bus,757.31,90.45,959.08,396.09,0.8492
869,6580,car,430.61,158.82,507.53,245.9,0.8716
869,7046,car,735.16,311.25,960.0,507.79,0.9243
869,7154,car,911.04,15.62,960.0,44.04,0.7912
869,7960,car,437.47,320.11,569.81,500.29,0.8961
869,7726,car,690.64,0.0,722.2,19.36,0.3153
869,8390,car,599.77,458.73,857.12,538.86,0.8428
869,8359,car,219.05,20.64,246.74,41.03,0.3699
869,8543,car,194.86,25.96,224.2,51.71,0.3496
870,2,car,657.36,168.69,773.57,265.48,0.8771
870,10,car,554.08,160.47,641.92,240.96,0.8564
870,1930,car,591.48,248.81,698.36,355.49,0.8578
870,2309,bus,756.8,90.39,959.89,398.41,0.9113
870,6580,car,430.83,158.87,507.46,245.59,0.8736
870,7046,car,735.6,311.25,959.71,507.02,0.9189
870,7154,car,910.91,15.05,960.0,43.99,0.8205
870,7960,car,437.58,319.45,569.59,499.26,0.8899
870,7726,car,690.57,0.0,722.01,19.29,0.36
870,8390,car,599.54,457.03,856.53,539.07,0.8334
870,8359,car,219.16,20.71,246.42,40.79,0.349
870,8543,car,194.16,25.22,223.84,51.22,0.2829
871,2,car,657.46,168.66,773.43,265.3,0.8805
871,10,car,554.11,160.55,641.79,240.8,0.8511
871,1930,car,591.06,248.43,698.64,355.85,0.853
871,2309,bus,756.65,90.23,959.49,397.88,0.8957
871,6580,car,431.13,159.34,507.24,245.39,0.8762
871,7046,car,735.83,311.12,959.81,506.79,0.9209
871,7154,car,911.41,15.06,960.0,43.4,0.8019
871,7960,car,437.71,318.86,569.32,498.11,0.8859
871,7726,car,690.73,0.0,721.99,19.16,0.36
871,8390,car,600.26,455.73,855.64,539.23,0.8297
871,8359,car,219.08,20.4,246.36,40.51,0.3615
871,8543,car,194.99,24.53,225.54,51.33,0.2416
872,2,car,657.67,168.41,773.08,264.56,0.8757
872,10,car,554.04,160.43,641.85,240.75,0.8636
872,1930,car,591.2,248.14,698.41,355.16,0.8561
872,2309,bus,757.58,89.62,960.0,399.03,0.7236
872,6580,car,431.34,159.78,507.08,245.28,0.8776
872,7046,car,735.65,311.02,959.89,506.92,0.9218
872,7154,car,911.58,15.07,959.94,43.16,0.7996
872,7960,car,438.24,318.46,569.49,497.14,0.892
872,7726,car,690.7,0.0,721.76,18.99,0.3269
872,8390,car,598.47,454.35,851.8,539.08,0.8322
872,8359,car,219.18,20.55,246.7,40.7,0.2873
872,8543,car,195.04,25.44,224.71,51.4,0.2464
873,2,car,657.6,168.47,773.29,264.91,0.8779
873,10,car,553.88,160.24,641.84,240.69,0.8576
873,1930,car,591.42,248.26,698.37,354.97,0.8613
873,2309,bus,757.55,90.11,960.0,400.01,0.889
873,6580,car,431.26,159.7,507.18,245.33,0.8748
873,7046,car,735.58,310.88,959.63,506.56,0.9208
873,7154,car,911.85,15.13,959.53,42.79,0.7956
873,7960,car,438.64,318.0,569.23,495.61,0.8923
873,7726,car,690.4,0.0,721.59,18.98,0.3306
873,8390,car,597.43,452.77,849.54,539.06,0.8482
873,8359,car,218.9,20.36,246.89,40.75,0.3646
873,8543,car,194.75,24.71,225.27,51.41,0.3036
874,2,car,657.84,168.54,773.27,264.75,0.8782
874,10,car,554.2,160.37,641.75,240.41,0.8691
874,1930,car,591.15,248.02,698.67,355.36,0.8515
874,2309,bus,757.71,90.16,960.0,398.99,0.8207
874,6580,car,431.21,159.45,507.27,245.2,0.8631
874,7046,car,735.82,310.82,959.59,506.19,0.9231
874,7154,car,911.59,14.81,959.7,42.76,0.7918
874,7960,car,438.68,317.67,568.73,494.4,0.8905
874,7726,car,690.24,0.0,721.42,18.92,0.3292
874,8390,car,597.0,451.09,848.11,538.85,0.8384
874,8359,car,218.65,20.32,246.35,40.52,0.3187
874,8543,car,195.57,26.29,224.65,51.61,0.2832
875,2,car,657.68,168.4,773.39,264.94,0.878
875,10,car,554.16,160.32,641.94,240.56,0.8609
875,1930,car,591.67,248.06,698.62,354.79,0.857
875,2309,bus,757.77,90.13,960.0,399.21,0.8748
875,6580,car,431.03,159.44,507.29,245.36,0.8719
875,7046,car,735.42,310.69,959.49,506.25,0.9179
875,7154,car,911.89,14.86,959.33,42.37,0.7749
875,7960,car,438.62,317.23,568.41,493.48,0.8906
875,7726,car,690.67,0.0,721.96,18.97,0.3076
875,8390,car,597.42,450.01,846.68,538.84,0.8323
875,8359,car,218.7,20.61,245.72,40.42,0.3334
875,8543,car,195.52,26.09,224.94,51.6,0.3652
876,2,car,658.24,168.61,773.11,264.41,0.8823
876,10,car,554.11,160.16,641.99,240.5,0.8668
876,1930,car,591.4,248.08,698.43,354.87,0.8617
876,2309,bus,757.92,90.18,960.0,399.63,0.8774
876,6580,car,431.08,159.86,507.18,245.5,0.8687
876,7046,car,735.51,310.69,959.3,505.88,0.923
876,7154,car,911.35,14.56,959.7,42.66,0.8088
876,7960,car,438.9,316.83,568.41,492.58,0.8944
876,7726,car,690.45,0.0,721.96,19.07,0.3805
876,8390,car,595.92,448.56,844.59,539.02,0.8467
876,8359,car,218.19,20.51,244.32,39.83,0.2765
876,8543,car,195.53,25.94,224.84,51.32,0.2954
877,2,car,658.22,168.76,772.88,264.34,0.8781
877,10,car,553.97,160.13,641.94,240.56,0.8764
877,1930,car,591.51,248.16,698.47,354.83,0.8627
877,2309,bus,757.62,90.22,960.0,400.46,0.8679
877,6580,car,430.94,159.63,507.39,245.61,0.8776
877,7046,car,735.33,310.62,959.3,505.89,0.9267
877,7154,car,911.67,14.75,959.57,42.59,0.7995
877,7960,car,438.49,316.44,567.9,491.91,0.8972
877,7726,car,690.78,0.0,722.19,19.03,0.3993
877,8390,car,596.01,447.65,842.59,539.11,0.855
877,8359,car,219.0,20.69,245.91,40.51,0.278
877,8543,car,194.98,25.39,224.93,51.33,0.2678
878,2,car,658.03,168.58,773.18,264.6,0.878
878,10,car,553.91,159.91,642.01,240.5,0.8707
878,1930,car,591.65,248.01,698.33,354.31,0.8622
878,2309,bus,757.85,90.17,960.0,400.34,0.8925
878,6580,car,431.08,160.02,507.27,245.6,0.8831
878,7046,car,735.28,310.42,959.37,505.72,0.9258
878,7154,car,911.83,14.84,959.21,42.31,0.8026
878,7960,car,438.44,316.01,567.87,491.46,0.8968
878,7726,car,691.19,0.0,722.43,18.95,0.3529
878,8390,car,597.91,446.78,841.9,538.76,0.8413
878,8359,car,219.89,20.87,247.23,40.93,0.2746
878,8543,car,194.28,24.9,224.98,51.51,0.3921
879,2,car,657.76,168.21,773.14,264.42,0.8674
879,10,car,553.87,159.74,642.08,240.45,0.8712
879,1930,car,591.6,247.98,698.16,354.07,0.8636
879,2309,bus,757.94,89.39,960.0,401.42,0.8902
879,6580,car,430.93,159.65,507.35,245.42,0.8832
879,7046,car,734.67,310.93,959.36,506.71,0.9258
879,7154,car,911.74,14.61,959.37,42.22,0.8
879,7960,car,438.43,315.63,567.68,490.82,0.8896
879,7726,car,691.21,0.0,722.28,18.83,0.3968
879,8390,car,598.98,445.88,841.13,538.64,0.8326
879,8359,car,220.17,20.9,247.18,40.64,0.2883
879,8543,car,194.59,24.85,225.33,51.45,0.321
880,2,car,657.63,168.31,773.07,264.64,0.8742
880,10,car,553.64,159.69,642.09,240.68,0.8711
880,1930,car,591.29,247.91,698.2,354.33,0.8552
880,2309,bus,758.46,89.71,960.0,401.53,0.8877
880,6580,car,430.73,159.39,507.24,245.26,0.8793
880,7046,car,734.72,311.27,959.31,506.88,0.9215
880,7154,car,911.99,14.8,959.25,42.16,0.7785
880,7960,car,438.53,315.35,567.83,490.47,0.8911
880,7726,car,690.53,0.0,721.9,18.95,0.3634
880,8390,car,599.37,444.56,841.44,538.68,0.8169
880,8359,car,219.27,20.72,247.25,41.08,0.2961
880,8543,car,194.98,25.73,224.76,51.39,0.2614
881,2,car,657.6,167.85,773.32,264.49,0.8705
881,10,car,553.79,159.84,641.83,240.46,0.873
881,1930,car,591.54,247.86,698.23,354.0,0.8666
881,2309,bus,758.61,89.75,960.0,402.66,0.8968
881,6580,car,430.73,159.84,507.06,245.43,0.8832
881,7046,car,734.98,310.59,959.43,506.02,0.923
881,7154,car,912.03,15.17,958.88,42.19,0.757
881,7960,car,438.61,314.96,567.76,489.79,0.8918
881,7726,car,690.6,0.0,721.72,18.81,0.3859
881,8390,car,599.05,443.12,838.64,537.85,0.8313
881,8359,car,219.69,21.04,247.43,41.09,0.2781
881,8543,car,194.44,25.47,224.68,51.57,0.2921
882,2,car,657.89,168.0,773.09,264.2,0.8788
882,10,car,553.76,159.65,641.83,240.32,0.8643
882,1930,car,591.46,247.82,698.07,353.81,0.858
882,2309,bus,758.25,89.24,960.0,402.15,0.8884
882,6580,car,430.7,159.57,507.31,245.44,0.8826
882,7046,car,734.57,310.81,959.33,506.44,0.9183
882,7154,car,911.7,14.89,958.93,42.06,0.7688
882,7960,car,438.59,314.51,567.55,488.89,0.8928
882,7726,car,690.63,0.0,721.43,18.52,0.2556
882,8390,car,598.37,441.75,836.43,537.49,0.8215
882,8359,car,219.75,20.93,247.23,40.69,0.2476
882,8543,car,194.92,25.91,224.73,51.46,0.3414
883,2,car,657.95,167.99,773.1,264.21,0.8768
883,10,car,553.64,159.61,641.74,240.29,0.8693
883,1930,car,591.48,247.88,698.07,353.79,0.8672
883,2309,bus,757.89,89.8,959.73,400.92,0.8996
883,6580,car,430.44,159.25,507.5,245.68,0.8743
883,7046,car,734.71,310.42,959.55,506.11,0.9206
883,7154,car,911.77,14.84,958.9,41.88,0.7867
883,7960,car,438.49,314.24,567.34,488.38,0.8884
883,7726,car,690.68,0.0,721.45,18.52,0.2474
883,8390,car,599.58,440.7,836.05,537.26,0.8234
883,8359,car,218.06,20.33,245.59,40.21,0.2919
884,2,car,657.54,167.95,773.27,264.7,0.8705
884,10,car,553.44,159.52,641.77,240.45,0.8592
884,1930,car,591.19,247.93,698.13,354.21,0.8645
884,2309,bus,757.67,89.85,959.11,400.18,0.8972
884,6580,car,430.35,159.11,507.43,245.61,0.8801
884,7046,car,734.66,310.12,959.63,505.9,0.9204
884,7154,car,911.64,14.85,958.89,41.88,0.7069
884,7960,car,438.52,313.88,567.39,488.01,0.8924
884,8390,car,598.24,439.57,835.81,538.15,0.8277
884,8359,car,218.62,20.34,247.48,41.13,0.307
884,8543,car,195.11,26.83,223.9,51.27,0.2871
885,2,car,657.51,167.92,773.23,264.74,0.8721
885,10,car,553.49,159.54,641.81,240.49,0.8664
885,1930,car,591.26,247.91,697.94,353.87,0.8686
885,2309,bus,758.75,89.72,960.0,400.76,0.8943
885,6580,car,430.57,159.58,507.01,245.24,0.8853
885,7046,car,734.82,310.09,959.56,505.61,0.9255
885,7154,car,912.12,15.56,958.54,41.99,0.7013
885,7960,car,438.28,313.46,567.21,487.56,0.8818
885,8390,car,598.73,438.34,836.5,538.51,0.8322
885,8359,car,218.45,20.04,247.86,41.26,0.3578
885,8543,car,194.86,26.91,223.55,51.05,0.3274
886,2,car,657.66,167.73,773.0,264.24,0.8747
886,10,car,553.38,159.49,641.67,240.44,0.8706
886,1930,car,591.2,247.94,697.66,353.62,0.8693
886,2309,bus,758.89,89.96,959.42,399.15,0.883
886,6580,car,430.57,159.7,506.93,245.19,0.882
886,7046,car,734.83,310.07,959.67,505.65,0.9217
886,7154,car,912.2,15.64,958.31,41.73,0.7217
886,7960,car,438.41,313.29,567.24,487.16,0.8793
886,8390,car,598.8,437.43,835.47,538.64,0.8413
886,8359,car,218.36,19.96,247.56,41.02,0.3085
886,8543,car,192.07,27.36,221.99,51.88,0.3252
887,2,car,657.68,167.87,772.82,264.18,0.8693
887,10,car,553.41,159.52,641.57,240.4,0.8707
887,1930,car,591.05,248.03,697.56,353.68,0.8665
887,2309,bus,758.68,90.01,959.43,399.48,0.8772
887,6580,car,430.62,160.01,506.81,245.2,0.8839
887,7046,car,734.48,310.09,959.51,505.76,0.9278
887,7154,car,911.77,15.4,958.81,41.97,0.7024
887,7960,car,438.19,313.15,566.78,486.52,0.8864
887,8390,car,598.48,436.16,834.67,538.67,0.8495
887,8359,car,218.21,19.51,248.04,41.02,0.3173
887,8543,car,193.19,27.24,222.79,51.36,0.3374
888,2,car,657.72,167.99,772.48,263.95,0.8709
888,10,car,553.39,159.37,641.54,240.26,0.8695
888,1930,car,590.59,247.74,697.48,353.77,0.8531
888,2309,bus,759.07,89.86,960.0,400.11,0.8802
888,6580,car,430.17,159.34,507.02,245.31,0.8755
888,7046,car,734.44,309.97,959.55,505.65,0.9233
888,7154,car,911.48,15.57,958.99,42.35,0.7036
888,7960,car,438.32,312.96,566.95,486.37,0.8845
888,8390,car,600.9,435.33,832.28,537.02,0.8587
888,8359,car,216.38,19.09,246.04,40.72,0.3245
888,8543,car,189.83,27.77,220.75,52.13,0.3418
889,2,car,657.34,167.94,772.71,264.42,0.87
889,10,car,553.31,159.33,641.46,240.22,0.8733
889,1930,car,590.86,247.88,697.44,353.53,0.8568
889,2309,bus,758.09,89.78,959.39,400.33,0.8954
889,6580,car,430.14,159.09,506.94,244.98,0.8793
889,7046,car,734.6,309.83,959.41,505.17,0.9215
889,7154,car,911.51,15.59,958.87,42.19,0.6785
889,7960,car,438.31,312.73,567.02,486.23,0.8823
889,8390,car,601.9,434.29,831.32,536.42,0.8752
889,8359,car,216.02,19.31,245.41,40.72,0.3429
889,8543,car,192.45,28.15,222.54,51.66,0.3145
890,2,car,657.59,167.96,772.63,264.12,0.8713
890,10,car,553.13,159.23,641.31,240.15,0.8801
890,1930,car,590.88,247.85,697.31,353.26,0.8502
890,2309,bus,758.43,89.56,960.0,402.04,0.8912
890,6580,car,430.24,159.66,506.53,244.86,0.8781
890,7046,car,734.5,309.77,959.29,504.98,0.9186
890,7154,car,911.35,15.42,958.89,42.05,0.6247
890,7960,car,438.34,312.69,567.0,486.14,0.8777
890,8390,car,602.58,433.48,830.5,536.15,0.8649
890,8359,car,217.09,19.42,246.2,40.68,0.306
890,8543,car,193.04,27.94,223.22,51.35,0.2993
891,2,car,657.36,167.87,772.79,264.38,0.8763
891,10,car,553.14,159.19,641.37,240.17,0.8762
891,1930,car,590.82,247.94,697.34,353.38,0.8616
891,2309,bus,757.86,89.8,959.36,401.0,0.9114
891,6580,car,430.26,159.75,506.52,244.85,0.8827
891,7046,car,734.59,309.83,959.5,505.11,0.9237
891,7154,car,911.3,15.42,959.16,42.2,0.5515
891,7960,car,438.23,312.74,566.8,486.02,0.8897
891,8390,car,604.1,432.84,830.26,536.08,0.8653
891,8359,car,217.13,19.98,245.42,40.49,0.3364
891,8543,car,190.88,27.35,222.66,51.72,0.3797
892,2,car,657.39,167.95,772.56,264.22,0.8708
892,10,car,553.25,159.22,641.36,240.09,0.8756
892,1930,car,590.74,247.79,697.59,353.56,0.8487
892,2309,bus,757.86,89.84,959.24,400.82,0.9035
892,6580,car,430.27,159.89,506.2,244.48,0.8852
892,7046,car,734.27,309.9,959.15,505.0,0.9139
892,7154,car,911.01,15.32,958.92,42.02,0.5762
892,7960,car,438.25,312.76,566.73,485.89,0.8862
892,8390,car,603.87,432.54,828.22,535.93,0.8769
892,8359,car,218.23,20.24,246.79,40.92,0.2447
892,8543,car,188.96,28.24,220.94,52.14,0.3084
893,2,car,657.53,167.82,772.31,263.66,0.8734
893,10,car,553.23,159.19,641.31,240.02,0.8794
893,1930,car,590.79,247.83,697.45,353.37,0.8564
893,2309,bus,757.38,89.73,959.15,401.26,0.8931
893,6580,car,430.07,159.86,506.28,244.67,0.8809
893,7046,car,734.53,309.93,959.25,504.79,0.9117
893,7154,car,910.93,15.01,959.24,41.91,0.6249
893,7960,car,438.34,312.82,566.93,486.02,0.8821
893,8390,car,604.5,432.26,827.56,535.92,0.8743
893,8359,car,218.46,20.22,247.18,41.06,0.2628
893,8543,car,189.16,26.6,223.18,52.07,0.3657
894,2,car,657.24,167.83,772.27,263.84,0.8715
894,10,car,553.09,159.17,641.28,240.11,0.8834
894,1930,car,590.69,247.94,697.41,353.5,0.8598
894,2309,bus,757.48,89.37,960.0,403.64,0.8849
894,6580,car,430.37,160.18,506.47,244.77,0.8881
894,7046,car,734.51,309.9,959.55,505.02,0.9205
894,7154,car,911.25,15.22,958.95,41.69,0.5396
894,7960,car,438.3,312.89,567.15,486.47,0.8884
894,8390,car,604.35,431.92,826.15,535.91,0.8792
894,8359,car,218.15,20.8,245.26,40.38,0.2739
894,8543,car,189.55,27.15,222.87,51.84,0.3742
895,2,car,656.75,167.76,772.04,263.91,0.8746
895,10,car,553.22,159.24,641.28,240.06,0.8844
895,1930,car,590.77,247.83,697.33,353.14,0.855
895,2309,bus,757.99,89.22,960.0,403.19,0.8926
895,6580,car,429.83,159.54,506.5,244.75,0.8725
895,7046,car,734.0,309.77,959.66,505.42,0.9249
895,7154,car,911.38,14.82,958.88,41.12,0.6492
895,7960,car,437.88,312.92,566.94,486.79,0.8933
895,8390,car,605.07,431.49,825.89,535.98,0.8702
895,8359,car,216.33,19.98,244.27,40.3,0.3363
895,8543,car,189.42,27.22,222.72,51.66,0.3816
896,2,car,656.74,167.9,772.12,264.08,0.8784
896,10,car,553.21,159.36,641.17,240.04,0.8779
896,1930,car,590.79,247.84,697.22,352.98,0.8592
896,2309,bus,758.27,88.85,960.0,402.96,0.8965
896,6580,car,429.82,159.55,506.37,244.58,0.8707
896,7046,car,733.91,309.79,959.41,505.2,0.9237
896,7154,car,911.27,14.99,958.19,40.77,0.4804
896,7960,car,437.81,312.92,566.83,486.74,0.8871
896,8390,car,605.39,430.9,825.45,535.89,0.8761
896,8543,car,188.19,27.87,221.57,52.02,0.3679
897,2,car,656.75,167.73,772.03,263.8,0.8726
897,10,car,553.19,159.32,641.13,239.96,0.8785
897,1930,car,590.51,247.88,697.2,353.27,0.8542
897,2309,bus,758.36,88.93,960.0,402.89,0.8882
897,6580,car,429.67,159.6,506.3,244.68,0.8763
897,7046,car,733.81,309.68,959.55,505.27,0.9246
897,7154,car,911.05,14.77,958.59,40.83,0.638
897,7960,car,437.33,312.83,566.86,487.39,0.8875
897,8390,car,605.59,430.45,824.76,535.9,0.8687
897,8543,car,187.47,28.3,221.18,52.24,0.3574
897,8359,car,217.78,20.04,246.29,40.85,0.2881
898,2,car,656.49,167.7,772.12,264.07,0.8753
898,10,car,553.15,159.31,641.13,239.99,0.8838
898,1930,car,590.33,248.04,697.22,353.65,0.8576
898,2309,bus,758.26,89.04,960.0,402.95,0.8955
898,6580,car,429.64,159.73,506.14,244.62,0.8773
898,7046,car,733.73,309.66,959.39,505.1,0.9222
898,7154,car,911.19,15.51,958.03,40.95,0.6096
898,7960,car,437.22,312.87,566.76,487.52,0.894
898,8390,car,605.82,429.97,824.07,535.87,0.8642
898,8543,car,187.98,27.04,222.91,51.81,0.3866
898,8359,car,218.83,20.68,246.63,41.06,0.3116
899,2,car,656.56,168.03,771.74,263.95,0.8741
899,10,car,553.03,159.38,641.07,240.08,0.8823
899,1930,car,590.29,248.14,697.09,353.64,0.8644
899,2309,bus,758.31,88.88,960.0,402.42,0.9073
899,6580,car,429.57,160.07,505.91,244.69,0.8827
899,7046,car,733.53,309.73,959.29,505.15,0.9251
899,7154,car,910.64,14.86,958.53,40.8,0.6977
899,7960,car,437.22,312.68,566.8,487.48,0.8905
899,8390,car,607.48,429.28,824.94,535.91,0.8629
899,8543,car,190.0,26.22,224.77,51.2,0.3299
899,8359,car,218.79,20.36,247.1,41.22,0.3053
900,2,car,656.7,168.03,771.36,263.38,0.8739
900,10,car,552.85,159.13,641.1,240.04,0.8787
900,1930,car,590.13,248.03,697.04,353.66,0.8544
900,2309,bus,758.45,89.09,960.0,403.09,0.8809
900,6580,car,429.63,160.15,505.84,244.53,0.8795
900,7046,car,733.74,309.88,959.26,504.99,0.9214
900,7154,car,910.26,14.81,958.69,40.96,0.6929
900,7960,car,437.06,312.7,566.63,487.63,0.8818
900,8390,car,607.46,428.75,824.25,535.97,0.8617
900,8543,car,188.28,27.71,222.27,51.68,0.3229
900,8359,car,219.2,20.24,247.31,41.02,0.295
900,8755,car,257.12,21.0,293.03,39.54,0.3235
901,2,car,656.2,167.94,771.86,264.17,0.8768
901,10,car,552.94,159.3,641.05,240.09,0.8842
901,1930,car,589.96,248.12,696.97,353.81,0.8621
901,2309,bus,757.91,89.5,959.18,402.26,0.8964
901,6580,car,429.49,160.17,505.73,244.51,0.883
901,7046,car,733.64,309.85,959.21,504.9,0.9207
901,7154,car,909.88,14.8,959.36,41.52,0.6062
901,7960,car,436.98,312.73,566.53,487.65,0.8861
901,8390,car,607.32,428.65,822.57,535.86,0.8691
901,8543,car,187.86,28.38,221.54,51.82,0.3349
901,8359,car,219.41,20.69,246.94,41.09,0.2737
901,8755,car,257.76,21.57,292.83,39.68,0.2773
902,2,car,656.05,168.12,771.87,264.46,0.8773
902,10,car,552.84,159.09,641.19,240.12,0.8762
902,1930,car,589.95,248.03,696.77,353.5,0.8601
902,2309,bus,758.22,89.41,958.88,400.91,0.8873
902,6580,car,429.48,160.35,505.67,244.54,0.8832
902,7046,car,733.68,309.83,959.24,504.79,0.9236
902,7154,car,909.73,14.38,959.74,41.44,0.7038
902,7960,car,436.98,312.6,566.5,487.58,0.8845
902,8390,car,610.21,428.47,824.13,536.1,0.8564
902,8543,car,187.78,25.16,224.61,51.19,0.3681
902,8359,car,219.19,19.93,247.46,41.0,0.341
902,8755,car,257.4,21.37,292.93,39.73,0.2684
903,2,car,656.13,168.18,772.04,264.61,0.8804
903,10,car,552.85,159.12,641.08,240.03,0.8789
903,1930,car,589.96,248.14,696.63,353.45,0.8631
903,2309,bus,757.92,89.56,958.44,400.51,0.9028
903,6580,car,429.36,160.55,505.51,244.57,0.8683
903,7046,car,733.5,309.88,959.21,504.86,0.9193
903,7154,car,909.49,14.35,959.71,41.54,0.7206
903,7960,car,437.06,312.83,566.19,487.25,0.8746
903,8390,car,610.19,428.26,822.7,536.11,0.8675
903,8543,car,188.45,25.45,224.68,51.18,0.3769
903,8359,car,219.02,19.9,247.83,41.45,0.3436
903,8755,car,257.59,21.27,292.6,39.38,0.2761
904,2,car,656.15,168.15,771.92,264.46,0.877
904,10,car,552.97,159.41,640.92,240.02,0.8864
904,1930,car,590.0,248.14,696.59,353.37,0.8624
904,2309,bus,758.22,89.42,959.23,401.18,0.8848
904,6580,car,429.31,160.72,505.35,244.5,0.878
904,7046,car,733.41,309.88,959.49,505.16,0.92
904,7154,car,909.22,14.14,959.96,41.68,0.745
904,7960,car,436.93,312.92,566.04,487.33,0.8771
904,8390,car,612.06,428.33,822.7,535.97,0.8601
904,8543,car,189.18,26.13,224.28,51.18,0.3512
904,8359,car,218.09,19.65,246.28,40.79,0.2958
904,8755,car,257.86,21.29,292.84,39.43,0.2807
905,2,car,656.16,168.23,771.73,264.35,0.8744
905,10,car,552.83,159.53,640.97,240.29,0.8822
905,1930,car,589.87,248.03,696.48,353.29,0.8725
905,2309,bus,757.67,89.59,958.58,400.87,0.9012
905,6580,car,429.11,160.68,505.29,244.57,0.8711
905,7046,car,732.99,309.92,959.31,505.31,0.9148
905,7154,car,908.77,13.35,960.0,41.78,0.7408
905,7960,car,436.68,312.89,565.81,487.28,0.8802
905,8390,car,612.48,428.49,822.3,535.96,0.8615
905,8543,car,189.3,26.89,224.16,51.69,0.3391
905,8359,car,218.1,19.64,246.63,41.06,0.281
905,8755,car,257.64,21.44,292.6,39.57,0.2201
906,2,car,655.97,168.32,771.64,264.48,0.8746
906,10,car,552.7,159.62,640.65,240.12,0.8861
906,1930,car,589.51,248.07,696.68,353.97,0.867
906,2309,bus,757.34,89.68,958.84,401.81,0.8944
906,6580,car,428.95,160.3,505.44,244.51,0.8639
906,7046,car,732.87,309.93,959.11,505.11,0.9186
906,7154,car,908.91,13.44,960.0,41.87,0.7244
906,7960,car,436.68,312.9,565.52,486.86,0.8873
906,8390,car,614.77,428.66,822.86,536.11,0.8614
906,8543,car,188.49,28.45,221.99,51.88,0.3199
906,8755,car,257.41,21.66,291.75,39.44,0.259
907,2,car,656.0,168.19,771.64,264.3,0.8742
907,10,car,552.67,159.6,640.72,240.16,0.8894
907,1930,car,589.58,248.02,696.53,353.72,0.8606
907,2309,bus,757.55,89.62,958.33,400.28,0.875
907,6580,car,428.64,159.82,505.6,244.56,0.8696
907,7046,car,732.8,309.88,959.13,505.03,0.9105
907,7154,car,909.36,13.95,960.0,41.87,0.7438
907,7960,car,436.71,312.99,565.55,486.88,0.8857
907,8390,car,615.91,428.88,822.53,536.08,0.8505
907,8543,car,188.26,28.55,221.98,52.0,0.3396
907,8755,car,257.83,22.25,291.2,39.47,0.2485
907,8359,car,218.96,20.35,246.0,40.62,0.2422
908,2,car,655.97,168.15,771.8,264.41,0.8765
908,10,car,552.45,159.52,640.61,240.18,0.8929
908,1930,car,589.45,248.04,696.34,353.69,0.8656
908,2309,bus,757.15,89.67,958.38,400.79,0.8976
908,6580,car,428.84,160.35,505.41,244.61,0.8786
908,7046,car,732.75,309.97,959.15,505.07,0.9079
908,7154,car,909.31,13.94,960.0,42.04,0.7352
908,7960,car,436.66,312.8,565.67,486.96,0.8841
908,8390,car,618.14,428.67,823.49,536.15,0.854
908,8543,car,190.88,28.08,223.62,50.99,0.3094
908,8755,car,258.57,22.68,290.96,39.34,0.2192
908,8359,car,219.44,20.7,246.19,40.76,0.2799
909,2,car,655.94,168.15,771.68,264.31,0.8754
909,10,car,552.53,159.58,640.52,240.05,0.8905
909,1930,car,589.34,248.12,696.49,354.05,0.8537
909,2309,bus,757.04,89.71,958.62,401.27,0.8871
909,6580,car,429.01,160.63,505.34,244.55,0.8778
909,7046,car,732.88,310.0,959.15,504.88,0.9118
909,7154,car,908.99,13.45,960.0,42.0,0.7994
909,7960,car,436.71,312.83,565.84,487.19,0.8838
909,8390,car,619.86,429.03,823.52,536.11,0.8495
909,8543,car,189.54,26.09,224.26,50.57,0.3381
909,8755,car,258.22,22.28,291.44,39.33,0.2653
909,8359,car,218.75,20.31,245.02,40.11,0.2465
910,2,car,655.97,168.1,771.54,264.08,0.8764
910,10,car,552.56,159.4,640.72,240.04,0.8921
910,1930,car,589.54,248.13,696.63,354.06,0.8699
910,2309,bus,757.43,89.67,957.84,398.84,0.864
910,6580,car,429.16,160.79,505.26,244.35,0.882
910,7046,car,732.91,309.94,959.39,504.96,0.9202
910,7154,car,909.31,13.62,960.0,41.96,0.7491
910,7960,car,436.89,312.88,565.85,487.04,0.8908
910,8390,car,620.69,428.73,823.61,536.15,0.8553
910,8543,car,188.5,27.46,223.08,51.61,0.3333
910,8755,car,257.73,21.74,292.12,39.42,0.2443
910,8359,car,219.17,20.39,245.42,40.18,0.2633
911,2,car,655.94,168.0,771.72,264.14,0.8765
911,10,car,552.52,159.43,640.66,240.0,0.8941
911,1930,car,589.66,247.93,696.6,353.75,0.879
911,2309,bus,757.04,89.64,958.4,400.14,0.8897
911,6580,car,428.81,160.41,505.36,244.44,0.8737
911,7046,car,732.53,309.83,959.35,505.07,0.9153
911,7154,car,909.22,13.5,960.0,41.89,0.7675
911,7960,car,436.98,312.76,565.86,486.85,0.8833
911,8390,car,619.07,428.56,821.18,536.08,0.8574
911,8543,car,188.26,28.11,222.79,52.07,0.3165
911,8755,car,257.25,21.55,292.54,39.73,0.2534
912,2,car,656.05,168.08,771.79,264.16,0.8748
912,10,car,552.4,159.44,640.7,240.11,0.8904
912,1930,car,589.54,247.85,696.67,353.91,0.87
912,2309,bus,757.05,89.59,958.55,400.14,0.89
912,6580,car,428.95,160.5,505.49,244.46,0.8815
912,7046,car,732.33,309.93,959.27,505.17,0.916
912,7154,car,909.51,13.77,959.75,41.78,0.7645
912,7960,car,436.84,312.79,565.74,486.86,0.8826
912,8390,car,620.1,428.6,821.0,536.13,0.8621
912,8543,car,187.73,26.73,224.4,52.19,0.333
912,8755,car,256.87,21.01,292.52,39.4,0.3082
912,8359,car,219.07,20.67,245.64,40.8,0.2514
913,2,car,655.78,168.01,771.53,264.06,0.8739
913,10,car,552.5,159.38,640.79,240.01,0.8952
913,1930,car,589.6,247.81,696.75,353.92,0.8762
913,2309,bus,756.82,89.56,958.79,400.74,0.9145
913,6580,car,428.83,160.26,505.71,244.61,0.8746
913,7046,car,732.67,309.87,959.43,504.93,0.909
913,7154,car,910.01,14.03,959.52,41.62,0.7502
913,7960,car,437.0,312.72,565.92,486.91,0.8893
913,8390,car,621.29,428.69,820.64,536.09,0.8705
913,8543,car,187.25,26.0,224.95,52.27,0.3247
913,8755,car,255.94,20.49,292.9,39.59,0.3039
913,8359,car,217.86,20.1,244.48,40.47,0.2763
914,2,car,655.91,168.1,771.78,264.24,0.8733
914,10,car,552.59,159.22,641.02,239.99,0.8889
914,1930,car,589.6,247.85,696.59,353.83,0.8691
914,2309,bus,756.93,89.44,958.55,399.84,0.8793
914,6580,car,428.92,160.35,505.58,244.38,0.8823
914,7046,car,732.48,309.78,959.42,504.94,0.9161
914,7154,car,909.62,13.83,959.62,41.71,0.7809
914,7960,car,437.04,312.63,565.97,486.86,0.8894
914,8390,car,622.26,428.46,820.76,536.1,0.8727
914,8543,car,186.33,25.75,224.72,52.44,0.3227
914,8755,car,255.37,20.02,293.1,39.65,0.316
915,2,car,655.59,167.94,771.68,264.23,0.873
915,10,car,552.63,159.24,641.02,239.95,0.893
915,1930,car,589.73,247.9,696.42,353.6,0.8714
915,2309,bus,756.66,89.43,959.46,401.89,0.8979
915,6580,car,428.67,160.01,505.43,244.05,0.8772
915,7046,car,732.34,309.75,959.34,504.89,0.9139
915,7154,car,910.09,14.35,959.23,41.7,0.7443
915,7960,car,436.77,312.58,565.71,486.87,0.8851
915,8390,car,622.73,428.68,819.64,536.13,0.8743
915,8543,car,186.75,23.82,226.16,51.75,0.3689
915,8755,car,254.82,19.51,293.16,39.54,0.3933
915,8359,car,218.56,20.41,244.9,40.57,0.2254
916,2,car,655.81,168.04,771.55,263.97,0.8701
916,10,car,552.65,159.24,641.07,240.0,0.8887
916,1930,car,589.51,247.63,696.43,353.57,0.8638
916,2309,bus,756.92,88.9,960.0,402.05,0.8842
916,6580,car,428.73,159.79,505.77,244.19,0.8743
916,7046,car,732.47,309.61,959.66,504.94,0.9122
916,7154,car,910.2,14.56,959.1,41.72,0.7624
916,7960,car,436.84,312.48,565.85,486.89,0.8767
916,8390,car,622.93,428.62,819.43,536.05,0.8459
916,8543,car,187.7,23.18,226.29,50.98,0.3183
916,8755,car,255.16,19.55,292.88,39.3,0.3323
916,8359,car,218.31,20.29,244.36,40.41,0.2883
917,2,car,655.8,167.97,771.54,263.86,0.8743
917,10,car,552.51,159.29,640.93,240.06,0.8919
917,1930,car,589.66,247.83,696.4,353.59,0.8723
917,2309,bus,756.23,89.16,959.83,403.28,0.9005
917,6580,car,428.51,159.39,505.86,244.13,0.8664
917,7046,car,732.27,309.45,959.46,504.71,0.9186
917,7154,car,910.24,14.63,959.12,41.74,0.7873
917,7960,car,436.78,312.45,565.7,486.7,0.8908
917,8390,car,623.09,428.51,819.03,536.14,0.8747
917,8543,car,188.12,22.83,226.27,50.73,0.392
917,8755,car,256.01,19.92,292.55,39.03,0.3455
918,2,car,655.49,168.05,771.53,264.16,0.8698
918,10,car,552.51,159.02,641.01,239.85,0.8928
918,1930,car,589.56,247.57,696.52,353.62,0.8674
918,2309,bus,757.12,88.73,960.0,402.36,0.8924
918,6580,car,428.52,159.29,505.66,243.79,0.8766
918,7046,car,732.56,309.53,959.43,504.47,0.9157
918,7154,car,909.9,14.31,959.3,41.7,0.7815
918,7960,car,436.73,312.45,565.69,486.79,0.8794
918,8390,car,624.27,428.48,819.76,536.19,0.8728
918,8543,car,188.68,22.85,226.5,50.84,0.3783
918,8755,car,255.77,19.89,292.45,39.07,0.2878
919,2,car,655.51,167.89,771.58,263.99,0.8706
919,10,car,552.54,158.95,641.09,239.87,0.8886
919,1930,car,589.49,247.49,696.58,353.74,0.8687
919,2309,bus,756.73,88.96,959.55,402.13,0.8881
919,6580,car,428.69,159.5,505.52,243.57,0.8782
919,7046,car,732.55,309.44,959.48,504.39,0.9114
919,7154,car,909.94,14.29,959.12,41.5,0.7726
919,7960,car,436.75,312.23,565.72,486.62,0.8822
919,8390,car,621.59,428.46,816.69,536.11,0.8677
919,8543,car,188.65,22.16,226.31,50.49,0.3896
919,8755,car,254.35,19.41,292.13,39.07,0.3321
919,8359,car,219.2,19.66,245.38,39.81,0.2868
920,2,car,655.54,167.86,771.65,263.99,0.8735
920,10,car,552.61,158.96,641.04,239.74,0.8867
920,1930,car,589.51,247.47,696.32,353.45,0.8713
920,2309,bus,757.02,88.75,960.0,403.28,0.8838
920,6580,car,428.95,160.1,505.41,243.66,0.8833
920,7046,car,732.48,309.43,959.67,504.62,0.9142
920,7154,car,909.58,13.87,959.57,41.57,0.762
920,7960,car,437.08,312.17,565.82,486.33,0.8864
920,8390,car,622.66,428.3,817.52,536.11,0.8651
920,8543,car,188.37,22.26,225.3,50.36,0.3746
920,8755,car,254.61,19.27,292.73,39.14,0.3028
921,2,car,655.91,167.96,771.59,263.68,0.8731
921,10,car,552.57,158.78,641.15,239.72,0.8878
921,1930,car,589.68,247.58,696.07,353.1,0.8672
921,2309,bus,757.07,88.64,960.0,403.61,0.8729
921,6580,car,429.0,160.08,505.26,243.26,0.8861
921,7046,car,732.26,309.4,959.55,504.64,0.9136
921,7154,car,909.64,13.68,959.77,41.5,0.7634
921,7960,car,437.25,312.05,565.95,486.2,0.8836
921,8390,car,623.64,428.32,818.09,536.14,0.8588
921,8543,car,187.84,21.75,225.02,50.32,0.3642
921,8755,car,254.76,19.05,292.78,38.88,0.3267
921,8359,car,217.74,18.95,244.12,39.68,0.3323
922,2,car,656.12,167.82,771.73,263.45,0.8791
922,10,car,552.6,158.79,641.15,239.7,0.8851
922,1930,car,589.74,247.52,696.24,353.13,0.8793
922,2309,bus,757.49,88.53,960.0,403.14,0.8955
922,6580,car,428.76,159.94,505.23,243.19,0.8774
922,7046,car,732.32,309.27,959.72,504.61,0.9102
922,7154,car,909.61,13.63,959.8,41.53,0.7655
922,7960,car,437.29,312.03,565.82,486.05,0.89
922,8390,car,622.77,428.33,816.72,536.13,0.8705
922,8543,car,187.19,21.9,224.0,50.3,0.3701
922,8755,car,251.62,17.01,292.63,38.4,0.3145
922,8359,car,218.31,19.12,243.99,39.5,0.288
923,2,car,656.27,167.67,771.78,263.2,0.8771
923,10,car,552.57,158.69,641.24,239.73,0.8855
923,1930,car,589.9,247.3,696.35,352.85,0.8724
923,2309,bus,757.25,88.98,959.32,401.89,0.8637
923,6580,car,428.6,159.7,505.33,243.15,0.8725
923,7046,car,732.02,309.15,959.69,504.72,0.914
923,7154,car,909.5,13.39,959.89,41.45,0.7603
923,7960,car,437.27,311.92,565.78,485.99,0.8867
923,8390,car,623.15,428.49,816.39,536.15,0.8652
923,8543,car,187.73,23.81,222.5,50.48,0.3536
923,8755,car,253.98,18.51,292.19,38.43,0.3311
923,8359,car,216.51,18.89,242.7,39.85,0.2813
923,8914,bike,834.28,45.74,862.5,75.88,0.4107
924,2,car,656.5,167.97,771.71,263.21,0.8781
924,10,car,552.55,158.74,641.12,239.65,0.886
924,1930,car,589.84,247.23,696.4,352.88,0.8664
924,2309,bus,757.45,88.99,958.78,400.55,0.8857
924,6580,car,428.48,158.98,505.75,242.99,0.8733
924,7046,car,732.04,309.12,959.9,504.9,0.9142
924,7154,car,909.55,13.33,959.89,41.41,0.7411
924,7960,car,437.13,311.89,565.66,485.95,0.8916
924,8390,car,624.3,428.34,817.51,536.21,0.8583
924,8543,car,187.56,23.88,222.29,50.41,0.3088
924,8755,car,252.42,17.34,292.13,38.19,0.2998
924,8359,car,216.0,17.57,243.74,39.79,0.3457
925,2,car,656.72,167.92,771.85,263.04,0.8829
925,10,car,552.66,158.73,641.26,239.69,0.8861
925,1930,car,589.64,247.24,696.67,353.39,0.8596
925,2309,bus,757.57,88.59,960.0,402.44,0.869
925,6580,car,429.08,159.74,505.64,242.86,0.8852
925,7046,car,732.13,309.18,959.82,504.84,0.9151
925,7154,car,909.76,13.4,959.7,41.26,0.7405
925,7960,car,437.13,311.97,565.55,485.87,0.8821
925,8390,car,625.46,428.1,818.54,536.19,0.875
925,8543,car,187.57,22.84,223.37,50.33,0.3701
925,8755,car,254.49,18.4,292.3,38.31,0.3192
925,8359,car,215.47,17.4,243.15,39.72,0.3328
926,2,car,656.75,167.92,771.92,263.05,0.88
926,10,car,552.93,158.77,641.24,239.44,0.8859
926,1930,car,589.83,247.18,696.49,352.91,0.8775
926,2309,bus,757.87,88.36,960.0,402.06,0.8828
926,6580,car,429.18,159.61,505.87,242.84,0.8816
926,7046,car,732.22,309.82,959.65,505.27,0.9251
926,7154,car,910.05,13.61,959.42,41.13,0.7521
926,7960,car,437.31,311.88,565.8,485.94,0.8868
926,8390,car,624.69,427.99,817.78,536.1,0.8474
926,8543,car,188.09,22.62,223.71,50.14,0.3086
926,8755,car,254.83,18.61,292.39,38.41,0.2965
926,8359,car,216.27,17.63,243.97,39.88,0.3084
927,2,car,656.71,167.9,772.03,263.11,0.8823
927,10,car,552.76,158.6,641.3,239.48,0.8848
927,1930,car,590.08,247.17,696.44,352.56,0.875
927,2309,bus,758.31,88.19,960.0,401.42,0.8884
927,6580,car,429.19,159.57,505.91,242.75,0.8819
927,7046,car,732.36,309.25,959.9,504.84,0.9121
927,7154,car,909.49,13.22,959.57,41.16,0.7065
927,7960,car,437.08,311.77,565.8,486.14,0.8844
927,8390,car,625.29,428.05,817.95,536.27,0.8716
927,8543,car,188.34,22.63,223.79,50.2,0.3087
927,8755,car,255.48,19.27,292.13,38.55,0.288
927,8359,car,214.26,17.32,242.57,40.12,0.3488
928,2,car,656.58,167.82,771.91,262.96,0.8806
928,10,car,552.7,158.64,641.34,239.6,0.8833
928,1930,car,590.23,247.31,696.6,352.68,0.8654
928,2309,bus,757.87,87.82,960.0,402.26,0.8896
928,6580,car,429.2,159.75,506.0,242.91,0.8766
928,7046,car,732.31,309.18,959.98,504.96,0.9215
928,7154,car,909.89,13.51,959.5,41.18,0.7489
928,7960,car,437.05,311.91,565.57,486.01,0.8843
928,8390,car,625.45,427.99,817.62,536.23,0.8629
928,8543,car,188.38,23.83,222.54,50.28,0.3272
928,8755,car,255.48,19.09,292.34,38.49,0.276
929,2,car,656.26,167.68,772.08,263.22,0.8804
929,10,car,552.94,158.78,641.42,239.63,0.887
929,1930,car,590.09,247.24,696.92,353.07,0.8612
929,2309,bus,758.4,88.21,960.0,401.83,0.8862
929,6580,car,429.21,159.95,506.0,243.04,0.8766
929,7046,car,732.68,309.14,960.0,504.9,0.9182
929,7154,car,910.71,14.56,958.82,41.26,0.731
929,7960,car,437.25,312.01,565.69,485.96,0.8877
929,8390,car,625.32,428.14,816.82,536.29,0.8685
929,8543,car,189.03,23.36,223.86,50.48,0.3958
929,8755,car,253.62,18.11,291.62,38.16,0.276
929,8359,car,214.19,18.09,240.46,39.32,0.2873
930,2,car,655.98,167.51,772.43,263.63,0.8756
930,10,car,553.12,158.85,641.43,239.54,0.877
930,1930,car,590.22,247.33,696.91,352.99,0.8732
930,2309,bus,758.85,87.93,959.99,400.54,0.8903
930,6580,car,429.03,159.49,506.19,242.98,0.8757
930,7046,car,732.84,309.15,960.0,504.88,0.9167
930,7154,car,910.88,14.93,958.8,41.44,0.7594
930,7960,car,437.56,312.02,565.89,485.77,0.8793
930,8390,car,626.35,428.08,817.27,536.25,0.8714
930,8543,car,188.9,23.62,223.61,50.62,0.3181
930,8755,car,253.6,18.03,291.45,38.0,0.293
930,8359,car,214.91,17.96,241.36,39.45,0.2986
931,2,car,656.42,167.5,771.97,262.81,0.8782
931,10,car,552.83,158.71,641.38,239.64,0.8813
931,1930,car,590.21,247.35,696.93,353.03,0.8691
931,2309,bus,758.82,88.56,959.58,400.51,0.8671
931,6580,car,429.3,159.94,506.07,242.91,0.8799
931,7046,car,732.81,309.89,959.99,505.5,0.9195
931,7154,car,910.63,14.52,959.03,41.26,0.7697
931,7960,car,437.58,311.98,565.94,485.76,0.8879
931,8390,car,626.05,428.02,816.6,536.25,0.8526
931,8755,car,253.97,18.43,290.98,37.91,0.3371
931,8359,car,215.91,17.63,242.29,39.28,0.2746
931,8956,bike,812.23,44.24,838.05,76.34,0.3944
932,2,car,656.63,167.72,772.06,262.87,0.8757
932,10,car,552.98,158.84,641.4,239.64,0.88
932,1930,car,590.21,247.23,697.0,352.94,0.8505
932,2309,bus,758.86,88.6,960.0,401.96,0.8879
932,6580,car,429.48,160.1,506.17,242.92,0.8811
932,7046,car,732.98,309.49,960.0,505.27,0.9206
932,7154,car,910.7,14.4,959.38,41.3,0.7871
932,7960,car,437.61,311.97,566.1,486.02,0.8764
932,8390,car,626.4,427.96,816.44,536.28,0.8812
932,8755,car,253.5,18.24,291.03,37.98,0.3069
932,8359,car,215.55,17.4,241.93,39.36,0.2586
932,8956,bike,809.65,42.18,836.56,75.65,0.4273
932,8543,car,187.26,24.78,221.11,50.44,0.2782
933,2,car,656.44,167.53,772.4,263.16,0.8768
933,10,car,553.03,158.79,641.48,239.62,0.8727
933,1930,car,590.4,247.37,697.04,352.91,0.8602
933,2309,bus,759.37,88.55,960.0,401.3,0.8981
933,6580,car,429.52,160.22,506.31,243.13,0.8812
933,7046,car,733.16,309.36,960.0,505.05,0.9195
933,7154,car,910.76,14.58,959.15,41.26,0.7852
933,7960,car,437.62,312.03,566.15,486.24,0.886
933,8390,car,627.55,427.99,817.06,536.15,0.8689
933,8755,car,256.21,19.9,291.0,38.01,0.2648
933,8359,car,215.92,17.64,242.36,39.66,0.2443
934,2,car,656.62,167.74,772.39,263.2,0.8756
934,10,car,552.84,158.74,641.65,239.98,0.8734
934,1930,car,590.45,247.17,697.28,352.93,0.8629
934,2309,bus,758.95,88.09,960.0,402.13,0.8929
934,6580,car,429.49,160.23,506.42,243.26,0.8789
934,7046,car,732.88,309.95,960.0,505.85,0.9192
934,7154,car,910.44,14.58,959.27,41.48,0.7874
934,7960,car,437.87,311.98,566.22,486.03,0.8858
934,8390,car,626.82,428.28,815.56,536.09,0.8607
934,8755,car,256.87,20.19,291.79,38.35,0.2758
934,8359,car,215.66,17.45,242.72,39.95,0.2728
934,8543,car,185.55,25.15,221.11,51.2,0.3527
935,2,car,656.76,168.06,772.13,263.08,0.872
935,10,car,552.94,158.83,641.55,239.89,0.8753
935,1930,car,590.64,247.38,697.15,352.8,0.8688
935,2309,bus,759.53,88.33,960.0,401.21,0.8968
935,6580,car,429.5,159.99,506.69,243.32,0.8767
935,7046,car,733.31,310.29,959.8,505.59,0.9223
935,7154,car,909.99,14.25,959.58,41.6,0.7876
935,7960,car,438.01,312.04,566.34,486.07,0.8824
935,8390,car,626.9,428.18,815.47,536.15,0.8737
935,8755,car,257.7,20.68,292.16,38.54,0.2652
935,8359,car,216.04,17.36,243.41,40.11,0.3083
935,8543,car,184.83,27.22,220.66,52.34,0.3443
936,2,car,656.43,167.84,772.47,263.43,0.8765
936,10,car,553.0,158.71,641.63,239.8,0.8712
936,1930,car,590.47,247.41,697.29,353.13,0.8651
936,2309,bus,759.31,88.58,960.0,402.37,0.8934
936,6580,car,429.6,160.07,506.62,243.23,0.8799
936,7046,car,733.27,309.58,959.88,505.02,0.9212
936,7154,car,910.16,14.31,959.71,41.67,0.7681
936,7960,car,437.96,312.0,566.34,486.04,0.8765
936,8390,car,625.84,428.33,814.36,536.06,0.8589
936,8755,car,258.58,21.09,292.19,38.48,0.276
936,8359,car,215.59,17.17,242.84,39.96,0.2516
936,8543,car,184.1,27.08,220.7,51.97,0.2927
937,2,car,656.42,167.86,772.53,263.48,0.8736
937,10,car,553.01,158.77,641.53,239.77,0.8725
937,1930,car,590.29,247.42,697.24,353.21,0.8575
937,2309,bus,759.35,88.11,959.88,401.05,0.8988
937,6580,car,429.79,160.37,506.49,243.15,0.8861
937,7046,car,733.28,310.0,959.89,505.49,0.9149
937,7154,car,909.92,14.08,959.62,41.53,0.798
937,7960,car,437.91,311.96,566.45,486.27,0.8834
937,8390,car,628.04,428.39,816.41,536.07,0.8674
937,8755,car,258.84,21.3,292.11,38.41,0.2525
937,8359,car,215.69,17.12,242.63,39.72,0.322
938,2,car,656.5,167.84,772.53,263.4,0.8746
938,10,car,552.95,158.81,641.5,239.89,0.8801
938,1930,car,590.22,247.34,697.39,353.37,0.8629
938,2309,bus,759.12,88.32,960.0,402.61,0.9024
938,6580,car,429.72,160.43,506.37,243.1,0.8776
938,7046,car,733.19,309.73,960.0,505.55,0.9194
938,7154,car,909.74,13.85,960.0,41.74,0.8072
938,7960,car,438.0,312.01,566.34,486.05,0.8923
938,8390,car,627.45,428.32,816.06,536.19,0.8531
938,8755,car,258.46,21.14,292.36,38.56,0.2247
938,8359,car,216.41,17.19,243.85,40.14,0.267
938,8543,car,185.14,24.63,223.81,50.8,0.2987
939,2,car,656.74,167.93,772.77,263.51,0.8778
939,10,car,553.1,158.7,641.58,239.72,0.8741
939,1930,car,590.34,247.22,697.39,353.15,0.8655
939,2309,bus,759.49,88.34,960.0,402.41,0.8978
939,6580,car,429.81,160.36,506.38,242.88,0.8836
939,7046,car,733.18,309.38,960.0,506.15,0.9155
939,7154,car,909.83,13.85,959.99,41.71,0.8002
939,7960,car,437.97,311.96,566.34,486.08,0.8886
939,8390,car,628.12,428.39,816.5,536.21,0.8679
939,8755,car,258.48,21.23,292.36,38.57,0.2427
939,8359,car,215.97,17.03,243.12,39.95,0.2911
939,8543,car,183.66,25.24,223.24,51.52,0.2743
940,2,car,656.78,167.74,772.65,263.16,0.8783
940,10,car,553.29,158.64,641.74,239.64,0.8685
940,1930,car,590.6,247.27,697.18,352.65,0.8703
940,2309,bus,759.86,88.33,960.0,401.42,0.9084
940,6580,car,429.68,160.2,506.53,243.02,0.8832
940,7046,car,733.46,309.97,960.0,505.87,0.9273
940,7154,car,910.05,13.89,960.0,41.71,0.8005
940,7960,car,438.07,311.92,566.31,485.84,0.8856
940,8390,car,627.37,428.31,815.88,536.16,0.8573
940,8755,car,258.49,21.31,292.05,38.43,0.2174
940,8543,car,183.37,26.82,222.02,51.89,0.2635
941,2,car,656.96,167.89,772.67,263.15,0.8745
941,10,car,553.22,158.65,641.78,239.78,0.868
941,1930,car,590.6,247.25,697.41,352.81,0.8651
941,2309,bus,759.07,88.89,958.87,401.0,0.9097
941,6580,car,429.65,160.12,506.63,243.08,0.8811
941,7046,car,733.55,310.21,959.69,505.71,0.9193
941,7154,car,910.47,14.43,959.56,41.72,0.7946
941,7960,car,437.9,311.92,566.22,485.84,0.8879
941,8390,car,625.78,428.48,814.51,536.06,0.8598
941,8755,car,258.33,21.32,292.22,38.59,0.2393
941,8543,car,183.54,26.29,223.29,51.93,0.2554
942,2,car,656.82,167.55,773.22,263.41,0.8756
942,10,car,553.28,158.6,641.75,239.66,0.8639
942,1930,car,590.64,247.08,697.5,352.67,0.8681
942,2309,bus,759.66,88.59,959.73,401.36,0.8925
942,6580,car,429.58,159.56,507.0,243.06,0.8782
942,7046,car,733.68,310.24,959.92,505.91,0.9253
942,7154,car,911.0,14.94,959.13,41.61,0.7744
942,7960,car,438.02,311.87,566.31,485.69,0.8836
942,8390,car,626.68,428.39,815.63,536.04,0.8528
942,8755,car,258.01,20.84,293.12,38.75,0.2757
942,8543,car,183.34,26.21,223.71,51.9,0.2643
943,2,car,656.88,167.52,773.3,263.46,0.8791
943,10,car,553.42,158.61,641.74,239.54,0.8636
943,1930,car,590.7,246.93,697.47,352.37,0.863
943,2309,bus,759.87,87.93,959.55,400.03,0.8971
943,6580,car,429.61,159.37,507.12,243.04,0.8796
943,7046,car,733.77,310.1,959.93,505.76,0.9225
943,7154,car,910.95,14.45,959.52,41.39,0.7816
943,7960,car,438.24,311.92,566.52,485.71,0.8845
943,8390,car,626.46,428.35,815.55,536.06,0.8628
943,8755,car,256.25,18.96,294.08,38.4,0.3082
943,8543,car,183.11,26.39,223.28,51.65,0.318
943,8359,car,217.29,17.17,245.18,40.39,0.2579
944,2,car,657.37,167.81,772.89,262.94,0.8771
944,10,car,553.52,158.64,641.74,239.53,0.8623
944,1930,car,590.64,246.87,697.5,352.39,0.8699
944,2309,bus,760.13,87.86,959.66,399.79,0.8915
944,6580,car,429.81,159.94,506.9,243.11,0.8796
944,7046,car,733.82,310.1,959.87,505.71,0.9236
944,7154,car,911.02,14.82,958.99,41.34,0.7645
944,7960,car,438.12,311.84,566.47,485.71,0.8825
944,8390,car,627.6,428.42,816.81,536.19,0.8666
944,8543,car,182.48,26.48,223.7,52.03,0.25
945,2,car,657.05,167.7,773.12,263.33,0.8763
945,10,car,553.59,158.54,641.8,239.43,0.8656
945,1930,car,590.78,246.66,697.84,352.4,0.8637
945,2309,bus,760.12,88.01,960.0,400.72,0.9035
945,6580,car,429.83,159.72,506.95,242.93,0.8731
945,7046,car,733.93,309.47,959.91,505.05,0.9232
945,7154,car,910.66,14.41,959.58,41.51,0.7846
945,7960,car,438.36,311.89,566.81,485.96,0.8846
945,8390,car,626.95,428.36,816.05,536.2,0.8726
945,8543,car,182.05,26.08,224.07,51.95,0.2816
946,2,car,657.2,167.64,772.99,263.08,0.8802
946,10,car,553.58,158.59,641.82,239.57,0.8667
946,1930,car,590.77,246.96,697.7,352.5,0.8611
946,2309,bus,759.9,87.88,960.0,401.19,0.8974
946,6580,car,430.08,159.82,506.89,242.66,0.8849
946,7046,car,734.09,309.22,959.9,504.68,0.9256
946,7154,car,910.75,14.32,959.74,41.49,0.7905
946,7960,car,438.48,312.08,566.79,485.85,0.8916
946,8390,car,627.17,428.37,816.42,536.33,0.8651
946,8543,car,180.23,25.36,224.19,52.31,0.3217
947,2,car,657.44,167.71,772.99,262.93,0.8745
947,10,car,553.67,158.5,641.89,239.52,0.8599
947,1930,car,590.72,246.82,697.79,352.55,0.8661
947,2309,bus,759.74,88.1,960.0,403.11,0.9061
947,6580,car,430.09,159.85,507.11,242.92,0.8838
947,7046,car,733.99,309.03,960.0,504.95,0.9288
947,7154,car,910.82,14.2,959.83,41.42,0.7913
947,7960,car,438.54,311.99,566.98,485.85,0.8821
947,8390,car,627.4,428.28,816.56,536.27,0.8686
947,8543,car,179.23,24.06,225.27,52.33,0.2823
948,2,car,657.43,167.83,772.76,262.85,0.8748
948,10,car,553.7,158.46,641.93,239.53,0.8545
948,1930,car,590.72,246.95,697.7,352.6,0.8708
948,2309,bus,760.05,87.76,959.81,400.76,0.8986
948,6580,car,430.29,160.18,507.01,242.9,0.8862
948,7046,car,734.01,309.68,959.93,505.37,0.9254
948,7154,car,910.25,13.45,960.0,41.4,0.7621
948,7960,car,438.43,311.87,566.9,485.71,0.8822
948,8390,car,628.34,428.43,816.95,536.27,0.873
948,8543,car,178.99,24.9,224.55,52.82,0.3588
948,8359,car,218.08,17.03,247.85,41.5,0.2628
949,2,car,657.65,167.75,772.58,262.38,0.8819
949,10,car,553.64,158.41,641.97,239.6,0.8566
949,1930,car,590.96,247.01,697.88,352.58,0.8617
949,2309,bus,760.12,88.34,958.5,398.57,0.8784
949,6580,car,430.56,160.62,506.85,242.78,0.8882
949,7046,car,733.81,309.15,960.0,505.22,0.9278
949,7154,car,910.71,13.87,959.86,41.32,0.7678
949,7960,car,438.54,311.99,566.9,485.64,0.8922
949,8390,car,628.21,428.3,817.15,536.07,0.8594
949,8543,car,179.62,25.37,224.79,52.8,0.3355
949,8359,car,218.29,16.96,248.5,41.63,0.255
949,8755,car,256.74,18.58,295.33,38.46,0.2606
