frame_id,vehicle_id,class,x1,y1,x2,y2,confidence
0,1,bus,410.83,219.83,495.51,370.56,0.9059
0,2,bus,873.52,259.29,959.51,348.67,0.8592
0,3,car,580.07,394.78,694.86,509.26,0.8357
0,4,car,743.16,274.81,793.27,308.38,0.8276
0,5,car,524.32,276.16,569.75,321.7,0.8067
0,6,car,548.77,233.28,579.72,257.0,0.7809
0,7,car,601.07,291.4,663.29,342.83,0.7713
0,8,bus,765.84,221.18,922.35,309.23,0.7666
0,9,bus,700.31,216.46,746.1,261.55,0.712
0,10,car,92.77,351.98,201.26,423.97,0.7053
0,11,bus,499.54,214.17,538.01,257.29,0.5751
0,12,bus,648.22,193.46,710.22,238.83,0.5549
0,13,bus,449.32,199.32,500.34,258.32,0.4852
0,14,bike,88.74,332.46,121.34,368.3,0.4787
0,15,car,659.37,247.59,690.08,270.8,0.4081
0,16,car,623.01,229.96,650.69,250.96,0.2466
0,17,truck,0.98,399.07,299.4,536.87,0.2104
0,18,bike,184.21,259.06,215.33,286.34,0.1953
0,19,bus,926.13,232.0,959.74,272.54,0.1839
0,20,car,354.17,189.11,374.48,199.77,0.1817
0,21,car,616.62,197.48,636.84,211.72,0.1289
0,22,truck,925.47,232.63,959.59,270.91,0.1141
0,23,car,892.26,235.91,926.62,249.65,0.1115
0,24,car,604.62,212.55,630.61,231.86,0.103
1,1,bus,411.08,217.82,495.59,368.24,0.9093
1,2,bus,873.32,256.47,959.58,346.13,0.8116
1,3,car,581.74,396.71,698.43,513.1,0.8485
1,4,car,741.76,272.6,791.54,305.95,0.8314
1,5,car,524.83,274.73,571.63,321.64,0.8
1,6,car,549.38,232.01,580.86,256.13,0.7927
1,7,car,602.63,290.69,665.54,342.67,0.8308
1,8,bus,764.74,221.56,919.32,308.62,0.7565
1,9,bus,699.52,212.86,746.74,259.36,0.7976
1,10,car,92.41,354.65,194.06,422.03,0.7508
1,11,bus,500.84,214.35,538.21,256.17,0.6433
1,12,bus,650.51,193.13,709.39,236.15,0.548
1,13,bus,448.51,197.88,497.76,254.94,0.2766
1,14,bike,83.45,325.28,121.67,367.39,0.373
1,15,car,658.93,245.23,690.54,269.15,0.504
2,1,bus,411.34,216.73,495.83,367.19,0.9051
2,2,bus,873.2,254.94,959.88,345.06,0.5509
2,3,car,582.57,398.42,704.92,520.52,0.83
2,4,car,741.02,271.57,789.52,304.04,0.8283
2,5,car,525.03,274.21,572.67,321.98,0.8154
2,6,car,551.08,231.89,581.09,254.8,0.7721
2,7,car,604.59,291.15,668.19,343.68,0.8005
2,8,bus,765.37,221.22,919.0,307.84,0.4044
2,9,bus,699.35,210.46,747.54,257.91,0.7627
2,10,car,88.3,356.57,185.96,421.13,0.6689
2,11,bus,501.71,213.52,538.97,255.16,0.5546
2,12,bus,649.45,189.57,709.44,233.39,0.5181
2,13,bus,447.73,196.56,498.5,255.58,0.3544
2,14,bike,81.06,323.16,119.08,365.21,0.4263
2,15,car,658.79,243.07,690.03,266.75,0.5363
2,16,car,624.73,227.82,651.31,247.95,0.3518
3,1,bus,411.86,216.36,496.41,366.99,0.9062
3,2,bus,872.62,253.9,960.0,345.1,0.5197
3,3,car,585.16,402.36,710.39,527.41,0.863
3,4,car,740.14,270.96,787.55,302.64,0.8167
3,5,car,525.96,275.68,573.0,322.82,0.8252
3,6,car,552.0,231.66,582.63,254.97,0.8016
3,7,car,605.99,293.28,671.27,347.24,0.8364
3,8,bus,768.69,223.1,916.62,306.48,0.3409
3,9,bus,699.94,210.63,747.55,257.47,0.7349
3,10,car,87.06,360.53,179.77,421.56,0.7218
3,11,bus,501.86,212.91,540.04,255.59,0.6455
3,12,bus,648.63,188.34,709.41,232.77,0.4974
3,13,bus,448.27,196.51,498.16,254.7,0.3045
3,14,bike,77.51,323.76,116.88,367.57,0.509
3,15,car,658.63,242.58,690.26,266.66,0.592
3,16,car,625.07,227.6,651.37,247.5,0.3318
4,1,bus,412.3,216.11,496.95,366.95,0.9014
4,2,bus,872.95,253.38,960.0,344.36,0.8417
4,3,car,588.39,406.54,716.45,534.45,0.8285
4,4,car,738.63,269.51,786.28,301.34,0.8215
4,5,car,526.32,276.11,573.7,323.57,0.823
4,6,car,553.19,231.75,583.95,255.1,0.8057
4,7,car,608.03,295.27,674.64,350.35,0.8503
4,8,bus,771.17,223.1,919.05,306.34,0.6409
4,9,bus,699.64,209.56,747.95,257.11,0.7415
4,10,car,88.11,366.29,172.56,421.41,0.658
4,11,bus,502.5,213.27,540.62,255.83,0.5731
4,12,bus,648.98,187.72,709.86,232.2,0.6034
4,13,bus,449.44,196.42,499.26,254.6,0.314
4,14,bike,77.4,328.83,113.2,368.63,0.3475
4,15,car,659.1,242.01,689.84,265.51,0.5302
4,16,car,625.38,227.36,651.49,247.08,0.2962
5,1,bus,412.37,215.34,497.36,366.77,0.9048
5,2,bus,873.1,252.89,960.0,343.61,0.8521
5,3,car,592.24,409.38,721.13,538.01,0.8646
5,4,car,737.54,268.17,785.12,299.93,0.8192
5,5,car,526.98,276.68,574.42,324.17,0.8263
5,6,car,554.11,231.38,585.65,255.27,0.7751
5,7,car,609.6,296.27,678.45,353.3,0.8624
5,8,bus,773.99,223.72,919.23,305.2,0.6617
5,9,bus,700.0,208.82,747.85,255.95,0.7244
5,10,car,84.23,368.88,162.6,419.26,0.3919
5,11,bus,502.31,212.4,541.15,255.7,0.5637
5,12,bus,648.96,187.19,710.14,231.87,0.7047
5,13,bus,448.58,195.84,499.1,255.17,0.3598
5,14,bike,76.09,332.17,110.08,369.96,0.4543
5,15,car,659.5,241.54,689.35,264.5,0.478
6,1,bus,412.71,215.04,497.88,366.78,0.9058
6,2,bus,873.52,252.7,960.0,343.11,0.8744
6,3,car,597.66,412.65,725.06,539.09,0.8608
6,4,car,736.3,267.16,783.15,298.39,0.8257
6,5,car,527.19,277.39,575.33,325.58,0.832
6,6,car,554.73,231.27,587.11,255.77,0.7706
6,7,car,611.96,298.25,680.9,355.36,0.891
6,8,bus,772.53,221.88,920.15,304.56,0.7606
6,9,bus,700.05,208.44,747.4,255.03,0.7063
6,11,bus,502.14,210.47,542.86,255.92,0.6195
6,12,bus,648.21,186.75,709.79,231.74,0.7254
6,13,bus,448.64,195.55,499.81,255.92,0.3903
6,14,bike,74.94,334.91,106.46,369.73,0.5009
6,15,car,658.65,240.84,688.65,264.04,0.3993
7,1,bus,412.9,214.81,498.46,367.43,0.9079
7,2,bus,873.64,252.61,960.0,343.2,0.8729
7,3,car,604.02,418.6,727.53,539.94,0.872
7,4,car,734.42,266.18,781.63,297.64,0.8363
7,5,car,527.37,278.37,576.58,327.75,0.8409
7,6,car,555.27,232.08,588.36,257.13,0.7571
7,7,car,613.51,300.22,684.45,359.08,0.8487
7,8,bus,772.55,221.66,920.76,304.44,0.5969
7,9,bus,699.93,208.2,747.12,254.59,0.6383
7,11,bus,497.21,204.7,543.38,256.2,0.6056
7,12,bus,647.82,186.67,709.5,231.71,0.6636
7,13,bus,448.97,195.55,499.92,255.92,0.3268
7,14,bike,70.55,334.1,104.05,371.15,0.3853
7,15,car,657.69,240.37,687.85,263.79,0.4172
8,1,bus,413.06,214.79,498.72,367.71,0.9138
8,2,bus,873.87,252.94,960.0,343.4,0.8733
8,3,car,610.71,425.02,729.69,539.93,0.8989
8,4,car,733.11,265.6,779.94,296.78,0.8557
8,5,car,527.98,279.26,578.1,329.69,0.849
8,6,car,555.79,232.6,589.64,258.25,0.8132
8,7,car,615.29,302.26,687.68,362.39,0.8545
8,8,bus,773.3,221.29,922.93,304.51,0.667
8,9,bus,700.45,208.82,746.63,254.17,0.4797
8,11,bus,495.17,202.7,543.52,256.5,0.6394
8,12,bus,648.16,186.79,709.57,231.53,0.6059
8,13,bus,448.76,195.63,499.24,255.86,0.3281
8,15,car,657.94,240.65,687.03,263.37,0.3682
9,1,bus,413.35,215.25,498.89,367.9,0.9009
9,2,bus,873.98,252.52,960.0,342.98,0.8634
9,3,car,616.3,430.55,732.33,540.0,0.892
9,4,car,731.48,264.07,778.88,295.74,0.8475
9,5,car,528.53,280.02,578.79,330.65,0.8466
9,6,car,556.76,232.96,591.19,259.11,0.8249
9,7,car,617.62,304.72,690.09,364.92,0.8591
9,8,bus,772.27,220.64,922.94,304.26,0.7212
9,9,bus,700.4,208.55,746.47,253.79,0.6369
9,11,bus,499.17,205.89,544.66,256.72,0.6433
9,12,bus,648.09,186.72,709.06,231.0,0.6269
9,13,bus,448.91,195.5,499.47,256.13,0.3447
9,15,car,657.86,240.24,685.96,262.2,0.3251
9,17,truck,0.0,392.1,306.62,536.66,0.2178
10,1,bus,413.18,215.27,498.8,368.09,0.9137
10,2,bus,874.08,252.31,960.0,342.9,0.8746
10,3,car,621.03,436.33,734.28,540.0,0.8837
10,4,car,729.72,263.13,777.4,295.08,0.8588
10,5,car,528.39,280.49,579.84,332.25,0.8575
10,6,car,557.94,233.81,592.5,260.08,0.8313
10,7,car,619.06,306.64,693.15,368.23,0.8661
10,8,bus,771.21,219.74,923.25,304.02,0.6698
10,9,bus,699.5,207.91,746.34,254.01,0.6519
10,11,bus,500.68,206.83,545.33,256.9,0.663
10,12,bus,648.13,187.5,707.4,230.33,0.5304
10,13,bus,449.61,195.37,499.9,255.8,0.2983
10,15,car,657.83,240.28,685.26,261.76,0.2897
10,17,truck,0.0,391.15,307.18,536.78,0.2382
10,14,bike,61.97,342.77,93.79,377.51,0.3995
11,1,bus,413.0,215.29,499.02,368.95,0.9106
11,2,bus,874.3,252.74,960.0,343.11,0.8809
11,3,car,625.61,442.07,735.3,540.0,0.8666
11,4,car,727.85,262.57,775.74,294.75,0.8544
11,5,car,528.35,281.57,580.82,334.38,0.8566
11,6,car,558.9,234.68,593.83,261.24,0.7645
11,7,car,620.28,308.25,696.7,371.95,0.8364
11,8,bus,770.06,219.25,924.2,304.62,0.729
11,9,bus,699.59,208.14,746.02,253.92,0.5972
11,11,bus,496.33,203.92,544.35,257.53,0.7125
11,12,bus,646.8,187.45,706.64,230.52,0.5104
11,13,bus,449.92,195.4,500.37,256.02,0.2837
11,15,car,657.69,240.36,685.11,262.01,0.3407
12,1,bus,412.63,215.33,498.97,369.73,0.913
12,2,bus,874.15,252.58,960.0,343.16,0.8782
12,3,car,630.82,448.99,735.68,539.66,0.8583
12,4,car,726.42,262.04,773.96,294.07,0.8401
12,5,car,528.66,282.94,581.43,336.13,0.8606
12,6,car,559.94,235.75,595.05,262.44,0.7398
12,7,car,621.72,310.13,700.97,376.48,0.8376
12,8,bus,770.95,219.55,925.09,304.69,0.796
12,9,bus,699.69,208.76,745.53,253.96,0.6051
12,11,bus,494.48,202.67,544.37,258.17,0.7339
12,12,bus,645.77,187.23,705.89,230.47,0.568
12,13,bus,450.09,195.67,500.09,255.92,0.35
12,15,car,656.55,239.57,684.75,262.01,0.2755
13,1,bus,412.6,215.4,499.03,370.1,0.9125
13,2,bus,873.6,251.22,960.0,343.06,0.871
13,3,car,635.29,454.69,737.49,539.76,0.7328
13,4,car,725.36,261.55,771.7,292.8,0.8198
13,5,car,528.97,283.69,582.31,337.55,0.8647
13,6,car,560.71,236.22,596.18,263.17,0.6836
13,7,car,622.73,310.41,705.12,379.83,0.8485
13,8,bus,770.12,218.17,926.71,304.55,0.6783
13,9,bus,699.31,208.2,745.44,253.66,0.6056
13,11,bus,493.98,202.09,544.78,258.46,0.7456
13,12,bus,645.46,187.21,704.73,229.54,0.4508
13,13,bus,450.3,195.47,499.91,255.32,0.2826
13,15,car,654.6,238.58,683.58,261.51,0.3207
14,1,bus,412.39,215.36,498.97,370.5,0.9089
14,2,bus,873.66,251.16,960.0,342.99,0.8753
14,3,car,640.54,461.14,738.89,539.41,0.591
14,4,car,724.58,261.21,769.63,291.55,0.8091
14,5,car,529.43,284.88,583.35,339.42,0.8688
14,6,car,561.17,236.4,597.36,263.9,0.7004
14,7,car,624.52,313.59,707.41,383.62,0.8451
14,8,bus,771.27,219.27,925.96,304.34,0.69
14,9,bus,699.01,207.41,745.54,253.34,0.6413
14,11,bus,499.96,207.73,546.0,258.98,0.6942
14,12,bus,645.19,187.68,703.35,229.03,0.5511
14,13,bus,451.05,195.43,500.39,254.78,0.2144
14,15,car,652.86,237.94,682.52,261.28,0.2923
15,1,bus,412.4,215.61,498.89,370.74,0.9099
15,2,bus,873.85,251.61,960.0,343.09,0.8739
15,3,car,644.62,468.09,738.65,539.32,0.6034
15,4,car,724.34,261.46,767.91,290.74,0.8066
15,5,car,530.34,286.16,584.83,341.25,0.8571
15,6,car,561.96,237.41,598.32,264.95,0.7227
15,7,car,627.28,317.54,710.34,387.77,0.8275
15,8,bus,771.38,219.82,925.64,304.42,0.7588
15,9,bus,698.74,206.95,745.65,253.4,0.5656
15,11,bus,503.26,211.4,546.05,258.99,0.7161
15,12,bus,644.37,187.33,702.64,228.73,0.5466
15,13,bus,450.43,195.35,499.43,254.46,0.2749
15,15,car,652.53,237.91,682.19,261.2,0.3424
16,1,bus,412.3,215.84,498.92,371.37,0.9152
16,2,bus,874.01,252.1,960.0,343.36,0.881
16,3,car,650.09,475.6,739.25,539.57,0.7216
16,4,car,723.15,260.51,767.22,290.1,0.81
16,5,car,531.54,287.46,586.37,342.62,0.8465
16,6,car,563.34,238.94,599.25,265.98,0.7471
16,7,car,629.53,320.67,713.8,391.95,0.8285
16,8,bus,770.83,219.54,926.39,304.71,0.8417
16,9,bus,698.56,207.4,745.05,253.46,0.5745
16,11,bus,504.85,212.89,546.87,259.6,0.7282
16,12,bus,643.66,187.36,702.08,228.77,0.5335
16,13,bus,451.01,195.5,498.52,252.69,0.2783
16,15,car,652.5,237.73,682.43,261.32,0.2888
17,1,bus,412.25,215.92,498.91,371.68,0.9145
17,2,bus,874.19,252.27,960.0,343.61,0.8669
17,3,car,656.26,483.3,739.69,539.43,0.742
17,4,car,721.9,259.87,766.04,289.46,0.8186
17,5,car,532.29,288.76,588.26,344.88,0.8459
17,6,car,564.22,240.53,599.78,267.12,0.7277
17,7,car,631.98,323.93,718.14,396.96,0.766
17,8,bus,769.8,218.77,927.37,305.0,0.812
17,9,bus,698.54,207.66,744.52,253.31,0.5698
17,11,bus,505.48,213.53,547.29,259.87,0.6791
17,12,bus,643.85,188.14,701.37,228.74,0.492
17,13,bus,450.43,195.57,498.44,253.47,0.2436
17,15,car,652.12,237.46,682.28,261.37,0.3088
18,1,bus,412.25,216.01,498.9,371.82,0.915
18,2,bus,874.48,252.61,959.95,343.42,0.8776
18,3,car,662.91,492.11,739.63,540.0,0.6471
18,4,car,720.48,259.44,764.75,289.13,0.8296
18,5,car,532.19,289.93,588.67,346.32,0.8653
18,6,car,565.4,241.78,600.76,268.07,0.7583
18,7,car,634.47,327.8,721.47,401.59,0.7283
18,8,bus,769.99,219.42,926.8,305.07,0.7833
18,9,bus,698.42,207.94,743.98,253.27,0.5348
18,11,bus,502.79,208.99,549.03,260.53,0.6537
18,12,bus,641.79,186.05,701.95,228.65,0.4855
18,13,bus,449.82,195.64,497.85,253.85,0.2843
18,15,car,651.39,237.07,682.34,261.74,0.2959
18,17,truck,0.0,392.15,306.34,537.54,0.261
19,1,bus,412.24,215.9,498.86,371.7,0.9155
19,2,bus,874.41,252.1,960.0,343.19,0.8654
19,3,car,668.25,499.24,739.17,539.97,0.6353
19,4,car,719.6,258.79,762.98,287.9,0.8415
19,5,car,532.05,290.98,589.06,347.71,0.8654
19,6,car,566.31,242.08,602.34,268.71,0.7426
19,7,car,636.15,330.43,725.63,406.4,0.8371
19,8,bus,771.15,219.9,927.06,304.7,0.727
19,9,bus,698.63,207.67,743.75,252.67,0.6381
19,11,bus,505.06,212.81,548.11,260.5,0.6022
19,12,bus,640.98,185.91,701.1,228.4,0.5313
19,13,bus,449.87,195.67,497.34,253.4,0.2241
19,15,car,652.78,236.99,682.28,260.72,0.3334
20,1,bus,412.24,216.02,499.13,372.25,0.9173
20,2,bus,874.52,252.33,959.88,343.19,0.8676
20,3,car,678.81,509.3,738.79,540.0,0.6399
20,4,car,718.39,258.02,761.62,287.08,0.84
20,5,car,531.36,292.59,589.78,350.72,0.8576
20,6,car,567.19,242.89,603.7,269.75,0.7409
20,7,car,638.59,333.52,729.71,410.92,0.8625
20,8,bus,770.69,219.6,927.24,304.51,0.7675
20,9,bus,698.66,207.62,743.38,252.36,0.6374
20,11,bus,505.79,213.85,548.36,260.86,0.6178
20,12,bus,640.36,186.0,700.25,228.27,0.5125
20,13,bus,451.26,195.57,499.03,253.29,0.2371
20,15,car,653.78,237.14,682.08,260.13,0.3426
21,1,bus,411.96,215.92,499.01,372.54,0.9205
21,2,bus,874.34,251.83,959.99,343.11,0.8552
21,4,car,717.22,257.06,760.4,286.17,0.8456
21,5,car,531.73,293.73,590.93,352.74,0.8632
21,6,car,567.91,243.46,605.61,271.15,0.7055
21,7,car,641.07,335.92,734.04,414.93,0.8379
21,8,bus,769.94,219.71,926.63,304.51,0.7623
21,9,bus,698.63,207.37,743.24,252.06,0.6207
21,11,bus,505.86,213.67,548.78,260.97,0.5998
21,12,bus,639.39,184.8,700.61,228.18,0.5294
21,13,bus,452.35,195.45,501.33,253.92,0.2395
21,15,car,652.8,236.66,681.15,259.66,0.343
22,1,bus,411.71,215.89,498.83,372.8,0.9191
22,2,bus,874.48,252.05,959.76,342.97,0.855
22,4,car,716.52,256.59,758.92,285.14,0.8518
22,5,car,532.4,295.07,591.87,354.47,0.8527
22,6,car,568.11,243.78,607.15,272.5,0.6552
22,7,car,643.86,339.03,738.72,419.62,0.8527
22,8,bus,770.11,220.51,925.88,304.56,0.7833
22,9,bus,698.45,207.65,742.79,252.09,0.5751
22,11,bus,505.73,214.31,548.6,261.27,0.6529
22,12,bus,639.48,185.67,699.23,228.01,0.5635
22,13,bus,450.86,195.43,499.64,253.87,0.3077
22,15,car,651.98,236.33,680.38,259.32,0.2742
23,1,bus,411.48,215.88,498.72,373.03,0.912
23,2,bus,874.67,252.04,959.71,342.74,0.8351
23,4,car,715.55,256.32,757.06,284.23,0.8463
23,5,car,532.43,295.82,592.86,356.42,0.8472
23,6,car,568.81,244.49,608.85,274.04,0.6523
23,7,car,646.15,342.91,743.01,425.26,0.8382
23,8,bus,770.5,221.58,924.48,304.37,0.7522
23,9,bus,698.07,207.13,742.56,251.72,0.5912
23,11,bus,505.79,214.64,548.75,261.38,0.6454
23,12,bus,639.63,185.47,699.22,227.72,0.4865
23,13,bus,449.72,195.03,498.03,253.25,0.2296
23,15,car,651.11,235.58,679.81,258.68,0.2879
24,1,bus,411.32,215.73,498.69,373.01,0.9077
24,2,bus,874.26,250.94,960.0,342.67,0.8527
24,4,car,714.44,255.77,755.86,283.62,0.7651
24,5,car,532.29,296.5,594.01,358.73,0.8417
24,6,car,569.25,244.87,610.31,275.39,0.6471
24,7,car,648.01,345.52,748.65,431.21,0.777
24,8,bus,768.27,221.1,922.26,304.0,0.6413
24,9,bus,698.13,206.52,743.09,251.67,0.5012
24,11,bus,506.09,215.03,549.05,261.49,0.6462
24,12,bus,639.96,185.62,698.27,226.86,0.4858
24,13,bus,449.68,194.52,497.83,252.81,0.2292
24,15,car,651.5,235.3,679.91,258.33,0.2529
24,17,truck,0.0,391.86,306.22,537.52,0.2325
25,1,bus,410.87,215.89,498.62,373.87,0.9094
25,2,bus,874.36,251.24,960.0,342.93,0.8257
25,4,car,712.79,255.44,754.17,283.32,0.7321
25,5,car,532.59,298.42,594.62,361.12,0.8517
25,6,car,570.51,245.99,611.3,276.38,0.6411
25,7,car,650.69,349.4,753.54,437.05,0.8281
25,8,bus,769.06,220.65,924.96,304.34,0.7209
25,9,bus,697.82,206.56,742.53,251.47,0.549
25,11,bus,505.79,214.91,550.06,262.49,0.5905
25,12,bus,638.44,184.1,698.83,226.93,0.4953
25,13,bus,452.71,194.96,502.19,253.8,0.3486
25,15,car,650.77,235.19,679.47,258.47,0.3561
26,1,bus,410.63,216.06,498.55,374.39,0.9031
26,2,bus,874.52,251.64,959.89,343.04,0.8231
26,4,car,711.81,255.49,752.5,282.85,0.7805
26,5,car,532.86,300.31,595.41,363.71,0.8548
26,6,car,571.4,247.08,612.61,277.93,0.6615
26,7,car,653.57,353.67,758.67,443.31,0.7883
26,8,bus,769.29,220.74,925.97,304.64,0.6941
26,9,bus,697.36,206.54,742.22,251.52,0.5962
26,11,bus,499.45,207.27,551.62,263.37,0.5605
26,12,bus,638.73,184.3,698.57,226.76,0.4695
26,13,bus,452.84,195.09,502.98,254.15,0.3046
26,15,car,651.26,235.48,679.69,258.67,0.3384
27,1,bus,410.58,216.24,498.83,375.2,0.8932
27,2,bus,874.38,251.53,959.89,343.16,0.8654
27,4,car,711.3,255.34,751.63,282.46,0.7573
27,5,car,533.41,302.13,596.1,365.8,0.8759
27,6,car,572.31,248.49,613.58,279.54,0.6582
27,7,car,656.32,357.33,764.62,449.93,0.7571
27,8,bus,768.94,220.45,926.47,304.73,0.7748
27,9,bus,696.75,206.43,741.79,251.52,0.634
27,11,bus,498.02,205.14,552.83,264.25,0.612
27,12,bus,638.4,184.43,697.8,226.63,0.5586
27,13,bus,453.17,195.27,504.47,255.04,0.2796
27,15,car,651.39,235.72,679.11,258.44,0.3712
28,1,bus,410.58,216.44,499.12,375.95,0.9001
28,2,bus,873.78,250.12,960.0,343.13,0.8455
28,4,car,710.28,254.87,750.74,282.05,0.7625
28,5,car,534.5,304.16,597.41,368.11,0.8795
28,6,car,572.79,248.71,615.34,280.9,0.6843
28,7,car,658.52,360.89,770.86,457.18,0.7485
28,8,bus,769.05,220.45,927.2,304.93,0.7853
28,9,bus,696.83,206.31,741.76,251.2,0.5744
28,11,bus,496.89,204.25,553.35,265.26,0.58
28,12,bus,637.75,183.86,697.68,226.41,0.4784
28,15,car,650.71,235.52,678.23,257.98,0.3586
29,1,bus,410.4,216.6,498.92,376.11,0.9046
29,2,bus,874.17,250.78,960.0,343.31,0.8596
29,4,car,709.65,254.7,749.74,281.55,0.7764
29,5,car,535.5,305.87,598.45,369.95,0.8933
29,6,car,573.8,249.52,616.48,281.87,0.7392
29,7,car,662.44,365.66,777.14,463.98,0.8249
29,8,bus,769.94,220.69,927.49,304.61,0.8089
29,9,bus,696.84,206.54,741.22,250.76,0.6044
29,11,bus,502.28,210.68,553.3,265.84,0.551
29,12,bus,637.9,184.79,696.46,226.16,0.4669
29,15,car,650.17,235.38,677.51,257.59,0.3881
29,13,bus,450.94,195.37,501.26,254.12,0.2455
30,1,bus,410.22,216.54,498.82,376.29,0.904
30,2,bus,874.49,251.31,959.87,343.21,0.8328
30,4,car,708.42,253.37,748.88,280.54,0.7417
30,5,car,535.88,306.74,599.51,371.57,0.887
30,6,car,574.52,249.66,618.16,282.84,0.7586
30,7,car,665.34,369.13,783.18,470.34,0.8391
30,8,bus,768.55,220.15,926.06,304.17,0.7333
30,9,bus,696.81,206.61,740.94,250.33,0.5333
30,11,bus,504.51,213.65,553.14,266.09,0.5739
30,12,bus,638.1,184.23,695.67,224.66,0.5224
30,15,car,649.47,234.57,677.52,257.22,0.389
31,1,bus,410.09,216.52,498.98,376.95,0.8986
31,2,bus,874.57,251.5,959.8,343.3,0.8618
31,4,car,707.72,253.08,747.76,280.01,0.7728
31,5,car,535.54,307.61,601.83,375.49,0.8775
31,6,car,575.84,250.5,619.8,284.04,0.7519
31,7,car,668.25,373.34,790.73,478.86,0.7432
31,8,bus,769.38,220.7,926.05,304.14,0.7826
31,9,bus,696.51,206.74,740.69,250.27,0.5239
31,11,bus,506.36,215.35,554.03,266.87,0.6421
31,12,bus,637.46,184.43,694.66,224.43,0.5252
31,15,car,649.43,234.64,677.12,256.93,0.3951
31,13,bus,454.27,194.95,507.31,255.3,0.2741
32,1,bus,410.3,216.51,499.53,377.48,0.9024
32,2,bus,874.56,251.27,959.72,343.03,0.8454
32,4,car,707.3,252.83,746.69,279.31,0.779
32,5,car,535.68,308.4,603.32,377.99,0.8929
32,6,car,576.98,251.91,620.98,285.45,0.7505
32,7,car,671.88,378.22,797.33,486.39,0.747
32,8,bus,769.46,220.16,926.96,303.9,0.7519
32,9,bus,696.15,206.42,740.69,250.09,0.525
32,11,bus,505.44,213.43,555.33,267.6,0.6284
32,12,bus,636.88,183.66,694.72,224.02,0.4486
32,15,car,650.19,234.94,677.14,256.77,0.3516
32,13,bus,452.96,194.95,509.21,258.38,0.2654
33,1,bus,410.09,216.34,499.44,377.61,0.9066
33,2,bus,874.52,251.06,959.88,343.16,0.8214
33,4,car,706.18,251.72,745.92,278.43,0.7976
33,5,car,535.55,309.44,604.66,380.87,0.9015
33,6,car,578.17,253.23,622.63,287.14,0.7697
33,7,car,674.81,382.83,804.71,494.94,0.789
33,8,bus,767.8,219.08,926.69,303.72,0.7074
33,9,bus,695.97,206.26,740.43,249.61,0.4773
33,11,bus,503.21,209.84,556.65,268.03,0.6129
33,12,bus,636.12,182.11,695.67,223.67,0.4527
33,15,car,649.66,234.89,676.54,256.72,0.3737
33,13,bus,449.89,194.68,505.63,258.17,0.2558
33,155,car,619.45,221.96,646.52,241.97,0.3371
34,1,bus,410.04,216.37,499.3,377.58,0.9063
34,2,bus,874.71,250.84,959.86,342.79,0.8531
34,4,car,705.46,251.03,745.0,277.66,0.7747
34,5,car,536.34,311.27,606.34,383.95,0.8884
34,6,car,579.32,254.06,624.23,288.32,0.7617
34,7,car,678.9,387.27,813.9,503.92,0.8314
34,8,bus,767.32,218.15,927.01,303.4,0.657
34,9,bus,695.69,205.92,740.04,248.94,0.5474
34,11,bus,504.17,209.44,558.14,268.27,0.6846
34,12,bus,636.15,182.04,694.83,222.88,0.5333
34,15,car,649.97,234.98,676.58,256.59,0.5095
34,13,bus,449.12,194.49,503.49,256.79,0.3716
34,155,car,618.81,221.48,645.94,241.51,0.3682
35,1,bus,410.18,216.31,499.58,377.73,0.9072
35,2,bus,874.66,250.45,959.85,342.5,0.846
35,4,car,704.59,250.61,743.46,276.79,0.8046
35,5,car,536.73,312.94,607.82,387.11,0.8778
35,6,car,580.4,254.86,626.16,289.91,0.7449
35,7,car,682.0,391.83,822.47,513.58,0.7575
35,8,bus,768.11,220.0,924.51,303.49,0.6958
35,9,bus,695.22,205.79,739.66,248.67,0.5854
35,11,bus,503.96,209.17,558.22,268.42,0.6327
35,12,bus,636.29,181.37,694.9,222.03,0.3498
35,15,car,649.63,234.58,676.4,256.41,0.4544
35,13,bus,449.53,194.41,502.91,255.76,0.2981
35,155,car,619.15,221.5,645.84,241.16,0.3774
36,1,bus,410.23,216.66,499.55,377.93,0.908
36,2,bus,874.65,250.57,959.9,342.8,0.8226
36,4,car,704.0,250.21,742.39,276.09,0.8175
36,5,car,537.96,316.29,607.97,389.41,0.8774
36,6,car,581.08,255.79,627.87,291.78,0.7687
36,7,car,685.45,397.11,830.69,523.27,0.7708
36,8,bus,767.01,218.6,925.26,303.32,0.623
36,9,bus,694.87,205.42,739.58,248.32,0.5898
36,11,bus,504.14,209.4,558.53,268.9,0.7066
36,12,bus,636.09,181.72,694.21,221.91,0.5022
36,15,car,649.35,234.57,675.86,256.14,0.5174
36,13,bus,448.43,194.39,502.91,257.61,0.3253
36,155,car,619.59,221.44,646.15,240.98,0.4204
37,1,bus,410.24,216.69,499.79,378.26,0.9087
37,2,bus,875.13,251.2,959.59,342.53,0.8107
37,4,car,703.41,249.81,740.94,275.15,0.8089
37,5,car,538.71,318.42,609.31,392.28,0.902
37,6,car,582.15,256.88,629.33,293.24,0.7653
37,7,car,690.75,401.96,840.67,532.55,0.7959
37,8,bus,767.4,218.49,925.28,303.13,0.5668
37,9,bus,694.27,205.11,739.38,248.11,0.5908
37,11,bus,506.1,210.99,559.25,269.18,0.7375
37,12,bus,636.52,181.45,694.78,221.43,0.3547
37,15,car,649.88,235.11,675.23,255.72,0.5136
37,13,bus,447.99,194.24,503.76,259.58,0.2666
37,155,car,620.29,221.39,646.1,240.35,0.3993
37,169,car,554.02,210.48,579.0,227.95,0.3198
38,1,bus,410.13,217.05,499.61,378.45,0.9073
38,2,bus,875.06,251.0,959.7,342.56,0.8275
38,4,car,702.5,249.21,740.07,274.6,0.775
38,5,car,539.26,320.84,610.67,395.76,0.9035
38,6,car,583.23,258.06,630.79,294.83,0.8004
38,7,car,696.82,407.28,848.26,538.8,0.8607
38,8,bus,766.95,217.75,926.02,303.24,0.5278
38,9,bus,694.2,205.68,739.22,248.32,0.6214
38,11,bus,503.6,208.86,559.31,269.74,0.8172
38,12,bus,636.95,182.14,694.66,221.41,0.4376
38,15,car,649.33,234.69,675.06,255.75,0.4643
38,13,bus,448.68,194.22,500.41,255.11,0.3897
38,155,car,620.38,221.77,645.98,240.51,0.3203
39,1,bus,409.96,217.21,499.52,378.74,0.9101
39,2,bus,874.91,250.4,959.8,342.27,0.8255
39,4,car,701.84,248.55,738.83,273.58,0.82
39,5,car,540.0,323.14,612.28,399.1,0.874
39,6,car,584.86,259.48,632.23,296.11,0.8143
39,7,car,703.73,410.35,855.71,540.0,0.8624
39,8,bus,767.32,217.3,927.34,303.4,0.633
39,9,bus,694.64,206.65,738.77,247.98,0.5275
39,11,bus,503.72,209.18,559.59,270.12,0.8001
39,12,bus,635.98,181.6,694.68,221.35,0.3538
39,15,car,647.46,233.86,673.73,255.22,0.4248
39,13,bus,449.47,194.18,498.9,252.49,0.4476
39,155,car,620.63,221.81,645.65,240.03,0.3522
39,17,truck,0.0,391.38,305.24,537.5,0.2146
40,1,bus,410.14,217.67,499.66,379.09,0.9043
40,2,bus,875.03,250.79,959.65,342.37,0.8094
40,4,car,700.7,247.87,737.99,273.18,0.8084
40,5,car,540.42,325.34,613.78,402.71,0.8808
40,6,car,585.6,260.56,634.05,298.14,0.786
40,7,car,710.63,412.98,861.46,540.0,0.7899
40,8,bus,767.77,219.34,924.19,303.59,0.5494
40,9,bus,693.91,206.51,738.61,248.04,0.5083
40,11,bus,504.3,209.8,560.2,270.81,0.7766
40,12,bus,635.56,183.21,692.28,221.43,0.4106
40,15,car,647.89,233.92,674.04,255.26,0.464
40,13,bus,449.87,194.26,500.48,254.02,0.2738
40,155,car,621.0,222.36,645.38,239.98,0.2809
40,17,truck,0.0,391.16,304.64,537.68,0.2156
41,1,bus,410.03,217.97,499.81,379.64,0.9126
41,2,bus,875.37,251.36,959.59,342.51,0.8362
41,4,car,699.7,247.54,736.93,272.81,0.831
41,5,car,540.91,327.52,615.85,406.88,0.8924
41,6,car,586.63,261.63,635.93,300.01,0.8266
41,7,car,720.85,423.43,862.83,540.0,0.8157
41,8,bus,768.92,221.44,921.54,303.55,0.4548
41,9,bus,697.69,208.25,740.13,247.95,0.4755
41,11,bus,503.9,210.23,560.08,271.52,0.7861
41,12,bus,635.04,183.88,691.18,221.43,0.3898
41,15,car,647.13,233.66,673.15,254.82,0.4312
41,13,bus,450.12,194.59,499.64,253.14,0.3526
41,155,car,620.78,222.44,645.52,240.19,0.2994
42,1,bus,410.07,218.0,500.3,380.24,0.9134
42,2,bus,875.46,251.71,959.49,342.64,0.8543
42,4,car,698.7,247.23,735.66,272.32,0.8229
42,5,car,541.29,329.66,617.85,411.04,0.9011
42,6,car,587.51,262.79,637.65,301.99,0.8105
42,7,car,730.67,433.08,864.87,540.0,0.8371
42,8,bus,768.94,221.62,921.5,303.65,0.7567
42,9,bus,701.5,210.82,740.78,247.85,0.3619
42,11,bus,503.17,209.84,560.42,272.31,0.7931
42,12,bus,632.89,183.8,689.13,221.42,0.3397
42,15,car,646.09,233.36,672.21,254.46,0.5208
42,13,bus,450.06,194.72,498.67,252.31,0.4403
42,155,car,621.75,222.55,645.59,239.54,0.3371
43,1,bus,410.05,217.99,500.79,380.79,0.9145
43,2,bus,875.41,252.04,959.5,342.99,0.8603
43,4,car,698.08,246.78,734.63,271.54,0.8435
43,5,car,542.39,331.58,619.54,413.76,0.8916
43,6,car,588.29,263.73,639.85,304.28,0.8139
43,7,car,737.34,440.24,865.58,540.0,0.8767
43,8,bus,767.84,220.26,922.43,303.57,0.703
43,9,bus,702.37,210.85,740.69,247.16,0.2991
43,11,bus,502.5,209.41,560.66,272.95,0.8529
43,12,bus,630.84,182.93,687.89,221.29,0.3825
43,15,car,646.01,233.37,672.06,254.38,0.5922
43,13,bus,449.89,194.64,498.4,252.3,0.4905
43,155,car,621.89,222.04,645.66,238.83,0.3623
44,1,bus,409.89,218.12,500.82,381.04,0.9133
44,2,bus,875.44,252.09,959.47,342.95,0.8675
44,4,car,697.38,246.36,733.92,271.1,0.8519
44,5,car,542.97,333.79,621.55,417.63,0.8856
44,6,car,589.77,264.78,641.89,305.97,0.8033
44,7,car,745.08,447.3,868.42,540.0,0.8665
44,8,bus,766.6,218.95,923.26,303.68,0.7838
44,9,bus,702.02,210.07,740.89,247.3,0.4067
44,11,bus,506.58,215.3,560.26,273.88,0.755
44,12,bus,629.13,182.97,685.3,221.09,0.4173
44,15,car,646.1,233.34,672.23,254.43,0.5969
44,13,bus,449.89,194.49,498.22,252.05,0.4875
44,155,car,621.74,222.3,645.5,239.0,0.3521
45,1,bus,409.5,218.56,500.97,382.41,0.9116
45,2,bus,875.23,251.99,959.39,342.95,0.8545
45,4,car,696.63,246.16,732.95,270.77,0.8435
45,5,car,543.74,336.32,623.69,421.88,0.8835
45,6,car,591.55,266.21,643.88,307.74,0.7854
45,7,car,754.33,455.08,871.4,540.0,0.8598
45,8,bus,767.42,218.89,923.68,303.51,0.6219
45,9,bus,702.13,209.95,740.62,247.18,0.4306
45,11,bus,504.26,212.15,561.59,274.85,0.8017
45,12,bus,628.42,183.18,683.91,221.14,0.4057
45,15,car,645.72,233.13,671.93,254.24,0.5866
45,13,bus,450.24,194.56,498.22,251.69,0.4272
45,155,car,621.0,222.48,645.14,239.34,0.3243
46,1,bus,409.42,218.54,501.3,383.31,0.915
46,2,bus,875.43,252.7,959.32,343.33,0.8213
46,4,car,695.88,245.94,731.88,270.4,0.8502
46,5,car,544.49,338.9,625.35,425.57,0.8777
46,6,car,592.89,267.89,645.21,309.48,0.7654
46,7,car,764.47,463.94,874.38,540.0,0.8487
46,8,bus,767.22,218.24,925.26,304.02,0.6627
46,9,bus,697.33,209.25,736.95,246.85,0.3514
46,11,bus,503.11,211.04,562.25,275.77,0.8194
46,12,bus,627.46,182.96,683.18,221.41,0.5182
46,15,car,645.56,233.13,671.4,253.89,0.5677
46,13,bus,450.72,195.01,498.27,251.58,0.4538
46,155,car,620.75,222.57,645.35,239.6,0.4044
47,1,bus,409.65,219.22,501.34,383.83,0.912
47,2,bus,875.49,252.82,959.38,343.41,0.8602
47,4,car,695.19,245.76,730.94,270.14,0.8139
47,5,car,544.67,341.8,627.16,430.41,0.8824
47,6,car,594.7,269.88,647.08,311.57,0.7737
47,7,car,774.08,472.52,878.22,540.0,0.6625
47,8,bus,769.28,219.15,926.02,303.97,0.6646
47,9,bus,694.08,207.89,735.88,246.92,0.3889
47,11,bus,502.53,211.05,562.45,276.73,0.7566
47,12,bus,628.27,183.96,682.3,221.35,0.3984
47,15,car,645.45,233.2,671.25,253.92,0.5552
47,13,bus,450.74,195.03,498.23,251.5,0.426
47,155,car,621.21,222.96,645.76,239.78,0.3906
48,1,bus,409.48,218.5,501.77,384.33,0.923
48,2,bus,875.68,253.07,959.21,343.16,0.8358
48,4,car,694.55,245.42,730.04,269.68,0.8021
48,5,car,545.13,344.16,629.68,435.35,0.8853
48,6,car,596.25,272.3,648.71,314.03,0.8237
48,7,car,783.66,481.3,880.74,540.0,0.6408
48,8,bus,769.75,219.41,926.48,304.02,0.6541
48,9,bus,691.32,205.35,736.36,247.09,0.4773
48,11,bus,503.05,210.92,563.44,277.33,0.7728
48,12,bus,628.14,184.12,681.6,221.26,0.3613
48,15,car,645.41,233.17,671.12,253.91,0.4946
48,13,bus,450.83,195.15,498.21,251.4,0.4279
48,155,car,621.01,222.75,646.3,239.83,0.4282
49,1,bus,409.33,218.94,501.52,384.72,0.9162
49,2,bus,875.63,253.18,959.24,343.32,0.7959
49,4,car,693.54,244.81,729.26,269.31,0.8006
49,5,car,546.15,346.97,631.22,438.92,0.8981
49,6,car,597.12,273.75,650.86,316.48,0.8403
49,7,car,792.16,490.48,880.04,540.0,0.7409
49,8,bus,769.51,219.48,926.35,304.05,0.6399
49,9,bus,690.73,204.68,736.23,246.46,0.5446
49,11,bus,503.16,211.03,563.94,277.96,0.7758
49,12,bus,628.52,185.07,680.03,220.82,0.3118
49,15,car,644.99,233.08,671.33,254.38,0.5896
49,13,bus,450.71,195.04,498.38,251.58,0.3681
49,155,car,621.07,222.96,646.0,239.61,0.3817
50,1,bus,409.48,219.49,501.54,385.02,0.9235
50,2,bus,875.54,252.88,959.33,343.17,0.8185
50,4,car,693.02,244.97,727.99,268.88,0.7823
50,5,car,546.61,349.96,633.49,444.15,0.8996
50,6,car,598.45,275.23,653.11,318.63,0.8309
50,7,car,797.46,498.64,876.35,540.0,0.6613
50,8,bus,769.53,218.89,928.1,304.33,0.678
50,9,bus,689.5,203.06,736.6,246.12,0.5958
50,11,bus,503.41,211.19,564.55,278.74,0.8238
50,12,bus,628.35,185.47,679.13,220.71,0.2283
50,15,car,645.16,232.94,671.15,254.03,0.5728
50,13,bus,451.14,195.03,499.77,252.46,0.3126
50,155,car,621.15,222.64,646.44,239.46,0.3534
50,17,truck,1.07,395.19,301.19,538.21,0.2767
51,1,bus,409.52,219.8,501.64,385.47,0.9175
51,2,bus,875.47,252.72,959.37,343.04,0.8515
51,4,car,692.15,244.86,726.87,268.59,0.7804
51,5,car,547.5,353.14,635.63,449.0,0.8973
51,6,car,600.05,276.37,655.86,320.67,0.8221
51,7,car,808.32,511.09,870.85,540.0,0.4472
51,8,bus,769.8,219.39,927.41,304.24,0.634
51,9,bus,689.6,203.74,736.12,245.9,0.4975
51,11,bus,503.53,211.13,565.16,279.49,0.8383
51,12,bus,628.37,185.48,678.71,220.41,0.3386
51,15,car,645.08,232.93,671.01,254.08,0.5949
51,13,bus,450.95,195.07,499.01,251.78,0.3647
51,155,car,620.74,222.41,646.59,239.49,0.388
51,229,car,565.37,216.32,587.88,235.52,0.3467
51,17,truck,0.83,394.35,301.53,537.65,0.3181
52,1,bus,409.29,219.76,501.68,386.13,0.9191
52,2,bus,875.63,253.34,959.23,343.24,0.8461
52,4,car,691.38,244.62,725.98,268.23,0.7972
52,5,car,547.68,355.96,638.39,455.11,0.8814
52,6,car,601.64,278.14,658.08,322.96,0.8246
52,8,bus,769.86,219.37,927.94,304.46,0.7345
52,9,bus,690.35,205.5,735.31,245.67,0.5289
52,11,bus,504.07,212.29,565.22,280.35,0.8122
52,12,bus,628.94,186.37,678.1,220.35,0.3101
52,15,car,644.65,232.73,670.87,254.24,0.6206
52,13,bus,453.24,195.24,495.35,243.9,0.4129
52,155,car,620.3,222.44,646.31,239.53,0.4216
52,229,car,565.12,215.97,588.51,235.96,0.3374
52,17,truck,1.17,394.32,301.3,537.25,0.3597
53,1,bus,409.34,219.76,501.86,386.43,0.9265
53,2,bus,875.23,252.6,959.48,343.21,0.8487
53,4,car,690.65,243.9,725.62,267.77,0.8142
53,5,car,548.63,359.12,640.87,460.33,0.8911
53,6,car,603.11,279.45,660.43,325.05,0.8463
53,8,bus,769.06,219.09,927.42,304.4,0.7426
53,9,bus,691.24,206.88,734.41,244.72,0.4605
53,11,bus,504.36,212.4,565.62,280.8,0.7894
53,12,bus,628.64,186.88,676.88,220.04,0.3773
53,15,car,644.55,232.61,670.3,253.88,0.5562
53,155,car,621.13,222.76,646.39,239.24,0.4522
53,229,car,563.98,214.27,589.55,236.17,0.3509
53,17,truck,1.52,394.69,300.66,537.01,0.3653
54,1,bus,409.1,220.38,501.74,387.52,0.9153
54,2,bus,875.3,252.93,959.51,343.5,0.862
54,4,car,689.89,243.63,725.02,267.64,0.8206
54,5,car,549.04,361.35,643.71,465.88,0.8875
54,6,car,604.59,281.43,663.15,328.16,0.8603
54,8,bus,768.83,218.29,928.87,304.62,0.7551
54,9,bus,690.01,205.69,735.08,244.83,0.5252
54,11,bus,504.2,211.99,565.98,281.29,0.8149
54,12,bus,628.1,186.79,676.66,220.02,0.3604
54,15,car,644.46,232.59,670.35,254.13,0.6348
54,155,car,620.37,222.43,646.36,239.34,0.4479
54,229,car,565.69,217.2,589.17,237.27,0.3908
54,17,truck,1.9,395.01,300.69,537.04,0.2038
54,13,bus,452.06,194.86,500.05,249.96,0.3216
55,1,bus,409.32,221.59,502.15,389.2,0.9251
55,2,bus,875.76,254.56,959.16,344.15,0.8556
55,4,car,688.93,244.27,723.66,268.03,0.7913
55,5,car,550.02,366.35,645.51,472.08,0.8893
55,6,car,606.32,284.13,665.33,331.29,0.8286
55,8,bus,770.13,221.88,926.33,305.98,0.7797
55,9,bus,689.44,206.51,735.73,246.44,0.4867
55,11,bus,504.41,213.51,565.97,282.86,0.834
55,15,car,643.96,233.24,670.47,255.47,0.527
55,155,car,621.28,224.07,646.29,240.32,0.338
55,229,car,567.92,221.06,589.03,238.92,0.3497
55,17,truck,1.83,395.85,300.42,537.67,0.2141
55,13,bus,451.25,196.33,499.9,252.05,0.343
56,1,bus,409.24,221.47,502.2,389.37,0.9293
56,2,bus,875.87,254.98,958.96,344.07,0.8739
56,4,car,688.18,243.22,723.6,267.63,0.8036
56,5,car,550.62,369.45,648.16,477.88,0.8777
56,6,car,607.86,285.89,667.75,333.87,0.8442
56,8,bus,770.83,222.74,924.53,305.28,0.7881
56,9,bus,690.24,207.69,735.2,246.0,0.5659
56,11,bus,504.49,213.54,565.96,283.02,0.7969
56,15,car,644.09,233.27,669.75,254.88,0.573
56,155,car,620.92,224.06,646.15,240.39,0.4298
56,229,car,567.77,219.9,590.94,239.49,0.3819
56,17,truck,0.89,394.49,301.7,537.46,0.4305
56,13,bus,451.57,196.13,497.33,248.11,0.4675
56,12,bus,627.7,187.2,675.84,219.97,0.3236
57,1,bus,409.49,221.41,502.84,389.77,0.9379
57,2,bus,876.14,255.2,959.0,343.91,0.8726
57,4,car,686.98,242.45,722.53,267.09,0.7593
57,5,car,551.51,372.71,651.16,484.11,0.8911
57,6,car,609.16,287.54,670.34,336.63,0.8413
57,8,bus,769.58,221.28,925.29,304.97,0.8102
57,9,bus,691.36,208.26,735.22,245.31,0.5564
57,11,bus,504.99,215.07,565.51,283.72,0.7769
57,15,car,644.45,233.34,669.6,254.62,0.5492
57,155,car,620.37,223.7,646.06,240.24,0.4685
57,229,car,567.56,218.42,592.85,239.79,0.4204
57,17,truck,0.0,392.14,303.76,537.63,0.2186
57,13,bus,451.48,195.97,496.3,246.56,0.4463
58,1,bus,409.52,221.53,503.0,390.0,0.9329
58,2,bus,875.69,254.76,959.16,344.06,0.8715
58,4,car,686.35,242.0,721.28,266.32,0.7493
58,5,car,553.13,376.64,653.49,489.18,0.8928
58,6,car,611.1,289.57,672.96,339.23,0.8593
58,8,bus,769.05,221.26,924.52,304.91,0.7145
58,9,bus,690.69,207.83,734.82,244.66,0.5466
58,11,bus,505.75,216.04,565.71,284.19,0.7712
58,15,car,644.89,233.52,669.45,254.39,0.5842
58,155,car,619.4,223.19,645.92,240.18,0.3834
58,229,car,568.94,219.15,593.92,240.21,0.3853
58,17,truck,0.34,392.99,302.32,537.0,0.3522
58,13,bus,450.98,195.88,497.82,248.62,0.4707
58,12,bus,626.29,187.28,674.08,219.79,0.2471
59,1,bus,409.6,220.83,503.6,390.01,0.9411
59,2,bus,875.3,253.84,959.45,343.88,0.8659
59,4,car,685.41,240.87,720.48,265.39,0.7595
59,5,car,553.76,379.26,656.9,495.43,0.8947
59,6,car,613.14,291.11,675.75,341.45,0.864
59,8,bus,768.92,219.18,927.44,304.51,0.7684
59,9,bus,686.89,202.1,736.9,244.07,0.4846
59,11,bus,505.19,214.18,566.43,283.96,0.7876
59,15,car,645.1,232.85,669.35,253.55,0.5068
59,155,car,620.45,223.16,646.07,239.54,0.4503
59,229,car,569.72,218.74,595.14,240.22,0.3667
59,17,truck,0.15,392.54,302.58,536.91,0.32
59,13,bus,450.7,195.27,499.27,249.79,0.2928
60,1,bus,409.62,220.87,503.9,390.24,0.9385
60,2,bus,875.19,253.02,959.71,343.53,0.8632
60,4,car,684.48,239.95,719.55,264.57,0.7652
60,5,car,554.75,383.43,660.24,502.64,0.8771
60,6,car,615.42,292.99,678.77,343.88,0.8681
60,8,bus,768.91,218.66,928.24,304.48,0.7596
60,9,bus,687.39,204.52,735.13,244.13,0.5203
60,11,bus,504.98,213.57,566.99,284.51,0.7981
60,15,car,645.26,232.6,667.92,251.76,0.4201
60,155,car,620.42,222.65,646.28,239.15,0.4036
60,229,car,570.0,218.12,596.34,240.35,0.3187
60,17,truck,2.99,395.35,300.11,536.75,0.3062
60,13,bus,451.88,194.84,501.58,249.92,0.2863
61,1,bus,409.36,220.65,503.88,390.25,0.9382
61,2,bus,874.97,252.77,959.52,343.26,0.8416
61,4,car,683.69,239.47,718.22,263.79,0.7945
61,5,car,554.95,386.44,663.15,509.28,0.8396
61,6,car,617.22,294.8,681.94,346.8,0.8534
61,8,bus,768.53,218.01,928.46,304.22,0.7086
61,9,bus,687.9,206.06,734.26,244.05,0.4988
61,11,bus,504.92,213.94,567.3,285.67,0.7886
61,15,car,646.06,232.22,667.87,250.5,0.44
61,155,car,620.67,222.61,646.29,238.92,0.4004
61,229,car,571.28,218.74,597.73,241.21,0.3388
61,17,truck,3.9,396.7,298.94,536.72,0.2095
61,13,bus,450.7,194.87,500.93,250.46,0.2969
62,1,bus,409.17,220.95,504.0,390.83,0.932
62,2,bus,875.04,253.01,959.52,343.39,0.8632
62,4,car,683.12,239.16,717.16,263.18,0.8083
62,5,car,555.62,390.97,665.98,516.82,0.8426
62,6,car,618.59,296.57,684.81,349.88,0.8657
62,8,bus,768.36,217.95,928.53,304.39,0.7355
62,9,bus,687.27,205.84,734.35,244.03,0.5369
62,11,bus,505.24,214.45,567.69,286.55,0.7723
62,15,car,645.79,232.24,668.16,250.92,0.4564
62,155,car,621.63,222.96,646.52,238.87,0.3818
62,229,car,571.75,218.4,598.87,241.64,0.3402
62,13,bus,449.48,194.87,501.09,252.25,0.3383
62,262,bus,645.71,192.02,672.53,218.31,0.4175
63,1,bus,408.53,221.07,503.74,391.67,0.9255
63,2,bus,875.22,253.24,959.49,343.37,0.8701
63,4,car,682.45,238.88,716.22,262.78,0.7899
63,5,car,556.82,395.14,669.3,524.01,0.8594
63,6,car,620.42,298.69,688.29,353.46,0.8663
63,8,bus,768.58,218.05,928.5,304.42,0.8004
63,9,bus,684.34,200.95,737.09,244.05,0.5694
63,11,bus,505.62,214.07,568.32,286.61,0.7439
63,15,car,645.93,232.47,667.68,250.44,0.3868
63,155,car,619.88,222.33,646.27,239.23,0.4138
63,229,car,572.08,218.25,599.75,242.06,0.3955
63,13,bus,448.65,195.0,500.78,253.45,0.3925
63,262,bus,645.71,192.53,672.18,218.47,0.3949
63,17,truck,4.4,398.08,297.67,536.83,0.2347
64,1,bus,408.26,220.98,503.99,392.54,0.9294
64,2,bus,875.07,252.93,959.76,343.59,0.861
64,4,car,682.12,238.56,715.72,262.35,0.7638
64,5,car,557.9,398.98,673.16,531.73,0.8832
64,6,car,622.65,300.69,691.38,356.21,0.8312
64,8,bus,768.17,218.41,927.01,304.33,0.7856
64,9,bus,683.92,199.96,736.72,243.21,0.5099
64,11,bus,505.84,213.42,569.1,286.82,0.7758
64,15,car,646.1,232.09,668.09,250.06,0.3668
64,155,car,619.53,221.83,646.15,238.91,0.3249
64,229,car,572.85,218.03,600.84,242.27,0.2461
64,13,bus,452.49,194.83,505.47,252.98,0.3143
64,262,bus,644.79,191.34,672.06,218.03,0.3249
65,1,bus,407.95,221.24,503.87,393.21,0.9281
65,2,bus,874.92,252.62,959.79,343.49,0.8678
65,4,car,681.8,238.43,715.26,262.13,0.7402
65,5,car,560.16,403.28,676.95,537.92,0.8731
65,6,car,624.27,302.68,694.88,359.85,0.8538
65,8,bus,768.56,219.17,926.09,304.42,0.776
65,9,bus,684.47,201.92,735.04,243.05,0.4861
65,11,bus,505.93,213.13,569.83,287.43,0.7876
65,15,car,646.18,232.13,667.41,249.37,0.2783
65,155,car,618.92,221.65,646.36,239.31,0.3468
65,229,car,573.53,218.51,601.61,242.98,0.4418
65,13,bus,451.33,194.98,500.58,248.96,0.3791
65,262,bus,644.34,190.58,672.09,217.71,0.2972
65,274,car,887.73,374.16,949.16,450.78,0.6356
66,1,bus,407.78,222.06,503.6,394.04,0.9304
66,2,bus,875.14,253.42,959.41,343.52,0.8798
66,4,car,681.14,238.61,714.24,262.01,0.7664
66,5,car,563.85,407.94,679.27,540.0,0.8849
66,6,car,626.63,305.82,697.57,363.31,0.8687
66,8,bus,768.56,220.46,924.39,304.88,0.7559
66,9,bus,685.22,203.61,734.54,243.32,0.4104
66,11,bus,505.8,213.33,570.63,289.0,0.8577
66,15,car,645.14,232.8,667.5,250.93,0.3736
66,155,car,618.89,222.27,646.06,239.72,0.361
66,229,car,573.15,218.7,602.47,244.49,0.53
66,13,bus,450.16,195.36,499.3,249.33,0.4256
66,274,car,886.08,371.22,944.24,442.93,0.7936
67,1,bus,407.62,221.78,503.7,394.36,0.9318
67,2,bus,875.08,253.45,959.49,343.66,0.8701
67,4,car,681.02,238.6,713.16,261.21,0.7743
67,5,car,567.49,410.61,682.19,540.0,0.8827
67,6,car,628.63,307.44,701.35,366.47,0.8448
67,8,bus,770.14,220.81,925.59,304.81,0.7654
67,9,bus,683.42,202.04,734.84,243.32,0.5471
67,11,bus,505.83,213.82,570.54,289.65,0.8566
67,15,car,645.61,232.79,666.67,249.64,0.342
67,155,car,617.57,221.62,645.69,239.61,0.4134
67,229,car,573.84,218.77,603.29,245.01,0.4639
67,13,bus,449.66,195.25,499.04,249.66,0.3247
67,274,car,882.68,366.34,940.68,436.46,0.8026
67,17,truck,0.52,394.57,301.69,537.18,0.2818
68,1,bus,407.82,222.2,504.0,394.87,0.9332
68,2,bus,875.32,253.75,959.38,343.48,0.8655
68,4,car,680.64,238.19,712.16,260.35,0.783
68,5,car,571.18,416.64,682.11,540.0,0.8937
68,6,car,630.12,308.87,705.1,369.87,0.8025
68,8,bus,770.05,220.03,927.18,304.84,0.7775
68,9,bus,682.75,201.06,734.83,242.82,0.5398
68,11,bus,505.59,214.08,570.7,290.75,0.8617
68,15,car,645.75,232.82,666.26,249.08,0.2841
68,155,car,617.61,221.76,645.46,239.51,0.395
68,229,car,575.01,219.4,604.14,245.68,0.4766
68,13,bus,450.37,195.16,498.43,247.89,0.401
68,274,car,878.22,361.68,937.65,431.48,0.8142
68,17,truck,0.0,392.8,303.24,537.12,0.2232
69,1,bus,407.69,222.28,504.09,395.46,0.9276
69,2,bus,875.71,254.26,959.39,343.49,0.8422
69,4,car,679.99,237.69,711.1,259.62,0.7539
69,5,car,575.21,423.55,682.04,540.0,0.91
69,6,car,630.22,307.91,710.5,373.84,0.8196
69,8,bus,770.64,221.33,926.01,305.0,0.75
69,9,bus,682.9,201.41,734.7,242.73,0.5233
69,11,bus,505.91,214.74,571.01,291.69,0.8232
69,15,car,645.42,233.14,665.97,249.28,0.2889
69,155,car,618.11,221.97,645.61,239.47,0.4443
69,229,car,576.59,220.91,604.76,246.53,0.3983
69,13,bus,450.53,195.42,497.47,246.76,0.3602
69,274,car,875.23,359.04,935.73,427.48,0.8591
69,17,truck,0.0,392.36,303.59,537.26,0.2235
70,1,bus,407.46,221.98,504.26,396.01,0.9282
70,2,bus,875.96,254.55,959.62,343.75,0.8464
70,4,car,679.25,237.1,709.99,258.94,0.691
70,5,car,578.72,428.48,683.2,540.0,0.9079
70,6,car,633.41,311.2,713.99,377.68,0.8044
70,8,bus,770.45,221.0,927.01,305.18,0.7957
70,9,bus,683.61,201.41,734.47,241.8,0.488
70,11,bus,506.55,215.17,571.46,292.2,0.834
70,15,car,645.12,232.92,666.96,250.05,0.3016
70,155,car,618.44,222.09,645.14,238.99,0.4481
70,229,car,577.44,220.91,606.04,247.14,0.4193
70,13,bus,450.32,195.33,497.63,247.05,0.4461
70,274,car,867.72,354.72,931.19,422.9,0.8271
70,17,truck,0.02,393.74,302.12,537.31,0.2928
71,1,bus,407.39,221.57,504.68,396.63,0.9263
71,2,bus,875.91,254.13,959.62,343.38,0.8036
71,4,car,678.95,236.77,708.96,258.24,0.6558
71,5,car,582.33,434.07,684.17,539.79,0.893
71,6,car,637.16,316.02,716.62,381.58,0.7842
71,8,bus,767.19,218.78,926.67,304.96,0.6852
71,9,bus,683.57,201.92,733.26,241.24,0.3738
71,11,bus,506.93,215.25,571.88,292.61,0.8375
71,15,car,645.19,232.21,667.48,249.71,0.313
71,155,car,618.44,221.51,645.23,238.45,0.4151
71,229,car,578.38,221.3,606.8,247.52,0.5067
71,13,bus,450.58,195.06,498.09,246.82,0.4194
71,274,car,862.65,351.3,928.79,418.27,0.8818
72,1,bus,407.35,221.62,504.83,397.32,0.9217
72,2,bus,875.7,253.93,959.79,343.62,0.8256
72,4,car,678.76,236.53,708.45,257.95,0.6698
72,5,car,586.32,440.5,685.56,539.84,0.8821
72,6,car,639.94,318.9,720.59,385.58,0.6749
72,8,bus,766.06,217.68,926.57,304.79,0.7571
72,9,bus,682.29,200.87,733.22,241.22,0.4166
72,11,bus,507.32,215.05,572.55,293.12,0.8332
72,15,car,645.67,232.04,667.36,249.03,0.2591
72,155,car,619.17,221.65,645.37,238.2,0.3894
72,229,car,578.55,220.14,608.49,248.0,0.4374
72,13,bus,450.71,195.05,499.61,248.18,0.3612
72,274,car,858.11,348.57,925.36,413.14,0.8775
73,1,bus,407.21,221.97,504.7,397.99,0.9237
73,2,bus,875.64,253.49,959.8,343.27,0.86
73,4,car,678.05,236.45,707.6,257.87,0.5867
73,5,car,590.64,446.78,687.47,539.57,0.8855
73,6,car,642.93,322.41,724.37,389.6,0.7869
73,8,bus,767.65,218.39,926.72,304.75,0.7517
73,9,bus,681.12,200.42,732.18,240.81,0.4517
73,11,bus,507.51,214.66,573.34,293.94,0.8527
73,15,car,645.37,232.13,667.72,249.62,0.2956
73,155,car,619.16,221.5,645.54,238.2,0.4047
73,229,car,578.14,219.55,609.33,248.88,0.51
73,13,bus,451.7,194.95,501.83,248.9,0.3644
73,274,car,852.05,345.29,921.85,409.23,0.8887
74,1,bus,407.18,221.84,504.9,398.37,0.9218
74,2,bus,875.34,252.99,959.9,343.25,0.8449
74,4,car,677.88,236.09,707.13,257.43,0.4343
74,5,car,593.83,452.54,689.11,539.6,0.8487
74,6,car,645.48,325.07,728.41,393.42,0.8396
74,8,bus,766.96,218.92,924.01,304.45,0.7562
74,11,bus,508.07,215.37,573.46,294.4,0.8452
74,15,car,645.63,231.81,667.17,248.58,0.301
74,155,car,618.53,221.22,645.13,238.02,0.2967
74,229,car,578.76,219.91,609.63,249.16,0.5019
74,13,bus,451.12,194.72,499.53,246.58,0.4585
74,274,car,845.17,342.62,917.33,406.05,0.8767
75,1,bus,407.01,221.76,505.19,399.37,0.9218
75,2,bus,875.25,252.6,959.81,342.87,0.8444
75,4,car,677.11,235.72,705.95,256.8,0.5817
75,5,car,594.85,458.76,687.54,539.61,0.8193
75,6,car,648.22,327.85,733.1,397.82,0.8829
75,8,bus,767.14,219.17,922.8,304.19,0.7335
75,11,bus,508.46,215.14,573.95,294.38,0.8359
75,15,car,646.37,231.8,666.64,247.42,0.2732
75,155,car,618.41,221.06,645.36,238.09,0.263
75,229,car,580.52,221.75,610.13,249.74,0.5129
75,13,bus,450.9,194.64,498.54,245.45,0.4539
75,274,car,839.01,339.33,911.22,400.11,0.8685
76,1,bus,406.96,221.57,505.49,400.12,0.9233
76,2,bus,874.98,252.35,959.46,342.49,0.8591
76,4,car,675.95,235.35,704.54,256.2,0.6844
76,5,car,595.88,465.92,684.89,540.0,0.8156
76,6,car,650.78,330.54,738.19,402.66,0.8512
76,8,bus,767.02,219.22,921.82,304.03,0.7226
76,11,bus,508.66,214.22,575.02,294.72,0.8406
76,15,car,645.71,231.45,667.35,248.13,0.3384
76,155,car,618.61,221.07,645.43,238.05,0.3138
76,229,car,582.49,223.65,611.04,250.45,0.5481
76,13,bus,450.82,194.39,498.39,245.01,0.5086
76,274,car,831.44,336.36,906.39,397.15,0.8722
77,1,bus,407.09,222.03,505.5,400.7,0.9178
77,2,bus,875.26,252.93,959.43,342.65,0.8322
77,4,car,675.31,235.27,703.64,255.88,0.7015
77,5,car,599.39,473.71,683.66,540.0,0.8298
77,6,car,653.4,334.32,743.43,408.7,0.8543
77,8,bus,767.38,218.89,922.94,304.28,0.6971
77,11,bus,508.84,214.42,575.37,295.26,0.8685
77,15,car,645.99,231.71,666.86,247.59,0.2785
77,155,car,618.92,221.48,645.03,237.98,0.3557
77,229,car,583.74,225.29,611.67,251.35,0.505
77,13,bus,450.08,194.56,499.11,246.77,0.4525
77,274,car,825.74,333.74,901.76,393.39,0.8643
77,340,bike,223.85,270.01,242.43,295.95,0.3982
78,1,bus,407.25,222.45,505.49,401.06,0.9153
78,2,bus,875.27,253.14,959.47,342.85,0.8391
78,4,car,674.74,234.91,703.07,255.56,0.5886
78,5,car,603.3,481.12,682.71,540.0,0.8486
78,6,car,656.33,337.42,747.97,413.18,0.8667
78,8,bus,768.45,219.04,923.79,304.34,0.6776
78,11,bus,509.05,215.24,575.56,296.07,0.893
78,15,car,645.89,232.15,667.03,248.15,0.3079
78,155,car,618.69,221.58,645.39,238.44,0.2667
78,229,car,584.61,225.09,613.47,252.12,0.4378
78,13,bus,450.11,194.88,499.02,246.91,0.3893
78,274,car,819.21,330.8,896.63,389.77,0.8505
79,1,bus,407.15,222.45,505.47,401.45,0.9177
79,2,bus,874.93,252.47,959.67,342.74,0.8358
79,4,car,674.02,234.2,702.74,255.18,0.517
79,5,car,607.58,489.36,680.83,540.0,0.8202
79,6,car,659.77,340.98,752.16,417.22,0.8838
79,8,bus,768.14,218.57,923.91,304.26,0.7305
79,11,bus,509.58,215.77,576.27,296.82,0.91
79,15,car,645.63,231.71,668.14,248.8,0.3482
79,155,car,618.24,221.2,645.49,238.46,0.2744
79,229,car,585.02,225.13,614.45,252.73,0.4446
79,13,bus,450.44,194.6,498.61,245.72,0.5135
79,274,car,813.34,328.42,891.75,386.64,0.8522
79,355,car,521.9,198.14,538.72,214.9,0.3516
80,1,bus,407.01,222.82,505.58,402.63,0.9126
80,2,bus,874.9,252.72,959.58,342.95,0.8365
80,4,car,673.61,233.99,702.33,255.0,0.5647
80,5,car,612.93,497.66,679.43,540.0,0.7722
80,6,car,662.66,344.44,758.46,423.6,0.8718
80,8,bus,768.62,217.64,925.81,304.14,0.7813
80,11,bus,509.98,216.92,576.29,297.43,0.9047
80,15,car,645.41,231.2,669.87,249.82,0.3028
80,155,car,618.35,221.48,645.4,238.67,0.2319
80,229,car,586.33,226.95,614.8,253.46,0.5996
80,13,bus,450.65,194.68,498.35,245.14,0.4653
80,274,car,807.52,326.05,886.3,383.17,0.8556
80,355,car,521.75,198.62,538.86,215.66,0.2526
81,1,bus,406.98,223.2,505.94,404.01,0.9075
81,2,bus,874.8,252.46,959.73,343.07,0.8185
81,4,car,673.65,234.23,701.81,254.8,0.6053
81,5,car,617.93,506.66,676.59,540.0,0.7406
81,6,car,666.19,348.38,764.34,429.48,0.837
81,8,bus,768.86,218.47,924.7,304.2,0.7719
81,11,bus,510.53,218.16,576.45,298.23,0.8761
81,15,car,645.45,231.86,669.81,250.4,0.3654
81,155,car,617.36,221.37,644.79,238.72,0.2219
81,229,car,586.74,227.72,615.3,254.1,0.6222
81,13,bus,449.93,194.9,499.09,247.0,0.4849
81,274,car,801.84,323.28,882.36,380.55,0.8634
81,355,car,522.18,198.92,539.09,215.75,0.2324
82,1,bus,406.65,223.53,506.1,405.66,0.9078
82,2,bus,874.78,252.73,959.39,342.93,0.7647
82,4,car,673.92,234.01,701.99,254.67,0.4318
82,5,car,627.09,516.49,674.36,539.86,0.5557
82,6,car,668.93,352.37,770.08,436.09,0.8161
82,8,bus,769.46,218.94,925.82,304.86,0.6661
82,11,bus,511.09,218.88,576.92,298.84,0.8796
82,15,car,645.57,231.75,671.45,251.49,0.3311
82,155,car,617.01,221.36,644.57,238.72,0.2612
82,229,car,587.32,228.06,616.76,255.1,0.6524
82,13,bus,450.07,194.99,499.04,246.9,0.5572
82,274,car,796.53,320.57,877.53,377.34,0.8204
82,355,car,522.57,199.32,538.97,215.61,0.2253
82,377,bus,700.3,209.24,730.05,239.92,0.3126
83,1,bus,406.63,223.95,506.02,406.21,0.9067
83,2,bus,874.98,253.13,959.54,343.31,0.8829
83,4,car,672.88,233.86,700.73,254.4,0.5587
83,6,car,672.01,356.08,776.84,443.03,0.8273
83,8,bus,770.59,219.97,925.62,304.86,0.8223
83,11,bus,511.32,219.0,577.43,299.53,0.8599
83,15,car,645.41,232.1,671.07,251.71,0.3997
83,155,car,617.46,221.58,644.69,238.75,0.269
83,229,car,588.24,229.11,617.72,256.04,0.6623
83,13,bus,450.27,194.93,498.79,246.26,0.4975
83,274,car,792.04,318.23,873.86,374.84,0.7977
83,355,car,522.76,199.43,539.28,215.77,0.2763
83,377,bus,699.96,209.16,729.61,239.73,0.3431
83,381,car,570.47,216.99,591.42,234.57,0.3405
84,1,bus,406.75,224.18,506.4,406.82,0.9085
84,2,bus,875.11,253.37,959.47,343.33,0.8447
84,4,car,673.12,233.72,700.28,254.03,0.2503
84,6,car,675.48,359.76,783.02,449.13,0.7469
84,8,bus,770.01,219.65,926.42,305.19,0.7508
84,11,bus,511.5,218.82,578.31,300.37,0.881
84,15,car,645.33,231.63,670.91,251.26,0.2576
84,155,car,617.31,221.52,644.14,238.35,0.2586
84,229,car,588.65,229.13,618.84,256.63,0.6473
84,13,bus,449.31,195.09,499.68,248.53,0.3716
84,274,car,787.06,316.67,868.65,372.42,0.8188
84,355,car,523.21,199.99,539.34,215.86,0.2762
84,377,bus,699.68,209.12,728.75,239.08,0.2765
84,381,car,570.65,217.45,591.89,235.26,0.3662
84,9,bus,678.9,203.24,725.82,239.35,0.3734
85,1,bus,406.58,224.34,506.64,407.75,0.9129
85,2,bus,875.03,253.81,959.22,343.49,0.8435
85,4,car,672.47,233.87,698.85,253.71,0.2669
85,6,car,678.95,364.55,789.41,456.55,0.7725
85,8,bus,770.75,220.71,925.77,305.26,0.7354
85,11,bus,511.55,218.5,578.93,301.09,0.8847
85,15,car,645.26,232.17,669.62,250.96,0.2713
85,155,car,616.41,221.16,644.0,238.38,0.249
85,229,car,589.19,228.88,620.85,257.86,0.5078
85,13,bus,448.16,195.09,500.37,250.91,0.4513
85,274,car,783.72,315.6,862.61,368.73,0.8288
85,355,car,523.65,200.5,539.45,215.89,0.324
85,377,bus,699.43,208.83,728.53,238.82,0.3545
85,381,car,571.99,218.38,592.77,235.8,0.2438
85,9,bus,678.39,203.68,725.79,239.28,0.3971
86,1,bus,406.52,224.62,506.92,408.78,0.9058
86,2,bus,875.41,254.35,959.16,343.47,0.8709
86,6,car,682.54,368.82,795.99,463.45,0.7483
86,8,bus,768.61,220.09,924.83,305.5,0.8008
86,11,bus,511.8,219.43,579.51,302.58,0.8963
86,15,car,645.75,232.79,670.0,251.28,0.2772
86,155,car,615.5,221.33,644.19,239.14,0.2848
86,229,car,590.54,229.88,622.48,259.13,0.7155
86,13,bus,449.34,195.23,498.92,248.15,0.5097
86,274,car,780.72,313.27,858.47,365.06,0.8062
86,377,bus,698.19,208.35,727.85,238.92,0.379
86,9,bus,677.55,203.36,726.1,239.39,0.5142
87,1,bus,405.96,222.96,507.73,410.11,0.9178
87,2,bus,875.41,254.87,959.05,343.77,0.8707
87,6,car,686.72,373.29,802.68,470.1,0.7219
87,8,bus,769.13,221.22,923.08,305.4,0.7635
87,11,bus,511.84,219.86,579.73,303.45,0.8855
87,15,car,647.79,233.91,674.38,253.87,0.3982
87,155,car,615.28,221.62,644.16,239.43,0.2474
87,229,car,591.54,231.1,623.24,260.07,0.7414
87,13,bus,449.31,195.32,499.24,248.69,0.4978
87,274,car,775.88,312.12,853.71,363.33,0.781
87,377,bus,697.03,207.52,727.59,239.04,0.2898
87,9,bus,676.03,201.67,727.07,239.61,0.4834
87,355,car,524.85,201.74,540.11,216.38,0.2797
87,381,car,572.02,218.89,595.32,238.44,0.2777
88,1,bus,405.54,222.17,508.11,411.35,0.9237
88,2,bus,875.28,254.64,959.18,343.77,0.8749
88,6,car,690.82,378.5,811.0,479.03,0.755
88,8,bus,769.64,222.79,920.63,305.4,0.7811
88,11,bus,511.84,220.16,579.63,303.84,0.8534
88,15,car,647.57,233.83,675.6,254.66,0.444
88,155,car,615.72,221.69,644.17,239.13,0.2913
88,229,car,592.55,231.64,624.34,260.62,0.719
88,13,bus,449.41,195.35,499.1,248.42,0.5849
88,274,car,771.52,310.31,849.47,361.01,0.8097
88,377,bus,698.18,208.43,727.55,238.75,0.3757
88,9,bus,676.92,202.43,726.89,239.4,0.4335
88,355,car,524.55,201.72,540.3,216.68,0.3036
88,381,car,571.87,218.86,595.62,238.8,0.274
89,1,bus,405.34,221.99,508.48,412.76,0.9083
89,2,bus,875.2,254.71,959.27,343.98,0.8665
89,6,car,695.07,383.52,819.22,487.58,0.7677
89,8,bus,770.0,222.91,920.45,305.18,0.6289
89,11,bus,511.49,220.13,579.83,304.77,0.8482
89,15,car,647.39,233.6,676.41,255.0,0.4577
89,155,car,615.44,221.63,644.28,239.24,0.2692
89,229,car,593.35,232.78,625.16,261.73,0.7699
89,13,bus,448.29,195.57,500.27,251.46,0.5057
89,274,car,768.49,308.96,845.82,358.93,0.8135
89,377,bus,698.31,209.12,726.99,238.75,0.3398
89,9,bus,676.05,201.66,726.8,239.24,0.4468
89,4,car,671.1,232.15,698.09,253.14,0.2824
90,1,bus,405.94,224.42,508.37,413.7,0.9144
90,2,bus,875.01,254.49,959.34,344.0,0.8674
90,6,car,699.12,388.55,828.06,496.9,0.8472
90,8,bus,770.04,222.79,920.23,304.92,0.6871
90,11,bus,511.59,220.32,580.13,305.45,0.831
90,15,car,647.22,232.93,677.51,255.1,0.3777
90,155,car,615.75,221.62,644.71,239.33,0.2399
90,229,car,593.95,232.57,626.99,262.65,0.7687
90,13,bus,449.3,195.68,498.93,248.95,0.5035
90,274,car,765.52,307.09,841.92,356.15,0.7475
90,377,bus,698.39,209.57,726.83,239.0,0.399
90,9,bus,675.55,202.01,726.11,239.28,0.4735
90,418,car,557.26,230.88,583.61,261.97,0.3698
91,1,bus,406.2,225.97,508.58,414.94,0.9152
91,2,bus,874.67,253.99,959.59,344.16,0.8661
91,6,car,702.65,392.75,837.82,506.81,0.7459
91,8,bus,769.86,223.47,920.16,305.62,0.7877
91,11,bus,511.03,219.4,580.76,306.54,0.8388
91,229,car,594.68,233.32,628.55,264.35,0.6749
91,13,bus,450.64,196.2,497.13,245.65,0.5305
91,274,car,763.33,305.8,838.03,353.49,0.821
91,9,bus,674.63,200.82,726.61,239.28,0.6147
91,418,car,556.7,230.49,585.09,264.0,0.3371
91,355,car,524.84,202.6,541.68,218.39,0.3187
92,1,bus,406.41,226.61,509.33,416.04,0.9189
92,2,bus,874.38,253.75,959.61,344.27,0.872
92,6,car,707.9,397.85,847.88,516.21,0.7525
92,8,bus,771.38,224.34,921.51,306.02,0.7724
92,11,bus,511.57,219.85,581.02,306.95,0.8175
92,229,car,596.52,235.06,629.71,265.34,0.6768
92,13,bus,450.51,196.44,497.23,245.89,0.5565
92,274,car,760.6,304.17,835.14,351.73,0.8108
92,9,bus,674.11,199.95,727.09,239.4,0.7253
92,418,car,555.05,230.08,585.34,265.78,0.2419
92,355,car,525.18,202.75,542.41,218.79,0.2725
92,381,car,573.07,219.63,600.13,242.47,0.3113
92,15,car,646.78,233.2,676.42,254.76,0.259
93,1,bus,406.18,226.69,509.63,416.88,0.9162
93,2,bus,874.75,253.85,959.52,343.87,0.8712
93,6,car,712.9,403.75,857.17,526.14,0.8334
93,8,bus,769.66,222.97,921.96,305.81,0.7909
93,11,bus,511.77,219.03,581.66,307.0,0.8142
93,229,car,597.87,236.12,630.86,266.02,0.6817
93,13,bus,450.36,196.19,497.31,245.65,0.5804
93,274,car,757.23,302.27,831.55,349.69,0.8129
93,9,bus,674.22,200.69,726.04,239.37,0.5425
93,418,car,553.59,229.27,585.19,266.36,0.2387
93,355,car,525.14,202.71,542.85,219.05,0.3163
93,381,car,573.37,219.39,600.69,242.53,0.3142
93,15,car,645.62,232.69,674.88,254.02,0.4101
93,155,car,617.29,222.06,645.48,239.31,0.2649
94,1,bus,406.02,226.86,510.16,418.06,0.9222
94,2,bus,874.72,254.03,959.35,343.85,0.8572
94,6,car,718.25,408.74,866.42,534.56,0.851
94,8,bus,768.79,222.13,921.87,305.45,0.7855
94,11,bus,512.36,219.74,581.91,307.48,0.8017
94,229,car,598.67,236.77,632.27,267.02,0.6984
94,13,bus,450.01,195.97,497.52,245.89,0.6087
94,274,car,754.12,300.34,827.64,347.22,0.8141
94,9,bus,674.3,200.39,725.6,238.75,0.6831
94,355,car,525.38,202.71,543.3,219.15,0.341
94,381,car,575.76,222.07,600.12,242.29,0.4344
94,15,car,644.81,232.38,674.18,253.79,0.3938
94,155,car,617.72,222.02,645.5,239.03,0.2443
95,1,bus,406.42,227.22,511.22,419.03,0.9252
95,2,bus,874.71,254.02,959.41,343.92,0.8741
95,6,car,725.29,411.38,876.55,539.76,0.862
95,8,bus,769.39,223.59,919.86,305.39,0.8048
95,11,bus,511.79,221.41,580.61,308.85,0.825
95,229,car,598.68,236.82,633.6,268.12,0.6704
95,13,bus,449.96,196.09,497.83,246.23,0.5979
95,274,car,747.73,299.07,822.85,346.81,0.8294
95,9,bus,673.32,200.61,724.49,238.76,0.6203
95,355,car,525.63,203.37,543.71,219.79,0.2376
95,381,car,576.67,223.54,599.89,242.5,0.4726
95,15,car,644.27,232.53,673.16,253.74,0.3723
96,1,bus,406.54,227.26,512.05,419.69,0.9223
96,2,bus,874.88,254.12,959.36,343.72,0.8791
96,6,car,733.28,414.28,884.47,540.0,0.8347
96,8,bus,768.66,222.16,921.13,305.05,0.8198
96,11,bus,511.75,221.79,580.45,309.59,0.8168
96,229,car,599.12,236.79,635.38,269.31,0.6316
96,13,bus,449.97,196.1,497.39,245.65,0.5509
96,274,car,743.69,296.97,819.41,344.99,0.8258
96,9,bus,673.64,200.46,724.4,238.26,0.6508
96,381,car,578.09,225.65,599.68,242.82,0.4096
96,15,car,643.86,231.83,673.82,254.0,0.375
96,4,car,666.49,229.0,691.86,249.2,0.3071
97,1,bus,406.11,227.26,512.25,420.41,0.9201
97,2,bus,874.81,253.88,959.43,343.65,0.8784
97,6,car,744.67,424.88,886.7,540.0,0.8479
97,8,bus,768.42,221.49,921.95,304.9,0.8008
97,11,bus,512.03,222.54,580.29,310.12,0.8389
97,229,car,599.94,237.77,636.53,270.64,0.6417
97,13,bus,450.02,195.84,497.31,245.14,0.5869
97,274,car,741.93,295.84,816.55,343.13,0.847
97,9,bus,673.79,200.58,724.01,237.88,0.6501
97,381,car,579.1,225.18,601.92,242.82,0.4702
97,15,car,643.26,231.61,672.68,253.58,0.3258
97,4,car,664.93,228.68,690.29,249.03,0.3646
98,1,bus,406.1,227.38,513.43,421.86,0.9246
98,2,bus,874.82,254.15,959.26,343.65,0.8793
98,6,car,756.55,432.49,893.5,540.0,0.8448
98,8,bus,769.03,222.72,921.25,305.19,0.8334
98,11,bus,512.03,222.93,580.4,311.09,0.8277
98,229,car,601.64,239.56,637.53,271.71,0.731
98,13,bus,449.6,195.98,497.88,246.34,0.5935
98,274,car,740.49,294.97,814.16,341.79,0.8232
98,9,bus,673.62,200.32,724.21,237.85,0.7097
98,381,car,578.5,225.61,602.73,244.14,0.4582
98,15,car,643.45,231.52,672.41,253.36,0.3304
98,4,car,665.55,228.82,689.99,248.77,0.3737
99,1,bus,405.54,227.59,513.71,423.26,0.9199
99,2,bus,874.84,254.11,959.38,343.72,0.8753
99,6,car,766.11,441.38,896.21,540.0,0.8106
99,8,bus,768.66,223.89,919.31,305.41,0.802
99,11,bus,512.18,223.55,580.32,311.85,0.8468
99,229,car,602.74,240.55,638.64,272.54,0.7442
99,13,bus,450.16,196.13,496.97,244.67,0.6311
99,274,car,739.31,293.49,810.84,339.12,0.7875
99,9,bus,673.68,200.22,724.79,238.13,0.716
99,381,car,578.72,226.48,603.59,245.28,0.4467
99,15,car,642.95,231.13,671.19,252.82,0.3204
99,4,car,663.96,228.29,689.82,249.67,0.3857
100,1,bus,404.75,227.72,513.76,424.73,0.9202
100,2,bus,874.98,254.12,959.29,343.44,0.8798
100,6,car,774.86,449.65,897.46,540.0,0.8679
100,8,bus,769.25,223.81,920.21,305.24,0.8173
100,11,bus,512.58,224.21,580.32,312.27,0.7989
100,229,car,603.93,241.03,640.46,273.31,0.7017
100,13,bus,450.18,196.15,496.9,244.38,0.6077
100,274,car,737.52,291.86,808.29,337.19,0.7486
100,9,bus,673.43,200.22,724.17,237.77,0.6723
100,381,car,578.13,226.37,603.71,245.71,0.4289
100,15,car,643.29,231.12,671.09,252.83,0.2936
100,511,car,653.36,199.88,675.72,215.55,0.3436
101,1,bus,405.05,227.73,515.06,425.87,0.9158
101,2,bus,874.79,253.87,959.39,343.48,0.8671
101,6,car,785.91,457.23,902.21,540.0,0.7966
101,8,bus,768.72,223.88,919.9,305.29,0.7819
101,11,bus,512.91,224.88,580.25,312.71,0.8047
101,229,car,604.74,240.5,643.06,274.33,0.5832
101,13,bus,449.43,195.61,497.88,245.59,0.6557
101,274,car,736.08,290.11,804.6,334.06,0.791
101,9,bus,673.35,200.23,723.82,237.42,0.6597
101,381,car,578.52,225.87,605.14,245.97,0.5058
101,15,car,642.93,229.99,671.56,252.73,0.3384
101,4,car,664.2,226.57,689.29,247.88,0.3837
102,1,bus,404.09,227.99,514.65,427.15,0.9178
102,2,bus,874.69,253.87,959.47,343.68,0.8663
102,6,car,796.79,465.99,906.46,540.0,0.7202
102,8,bus,769.14,223.76,920.76,305.15,0.7792
102,11,bus,511.8,222.93,580.77,313.52,0.814
102,229,bus,605.47,240.25,645.78,276.11,0.4181
102,13,bus,449.9,195.65,497.1,244.12,0.6043
102,274,car,734.99,289.08,800.87,331.35,0.8176
102,9,bus,673.26,200.51,723.65,237.4,0.6364
102,381,car,578.4,225.62,605.52,246.14,0.5395
102,15,car,642.78,228.86,671.72,252.32,0.3592
102,4,car,663.13,226.71,688.17,248.39,0.3363
103,1,bus,403.41,228.54,514.69,429.13,0.9234
103,2,bus,874.83,253.83,959.36,343.34,0.8695
103,6,car,806.91,475.31,909.33,540.0,0.6683
103,8,bus,768.43,223.54,920.61,305.13,0.7617
103,11,bus,511.28,222.22,581.03,314.58,0.8356
103,229,bus,606.76,240.68,648.04,277.6,0.3508
103,13,bus,449.63,195.68,497.31,244.59,0.5922
103,274,car,733.26,287.81,797.51,329.0,0.835
103,9,bus,673.23,200.85,723.3,237.18,0.4751
103,381,car,579.12,226.21,606.45,246.85,0.5109
103,15,car,643.43,229.25,671.26,252.07,0.3245
103,4,car,663.42,226.48,687.42,247.73,0.3321
103,546,car,566.45,240.92,592.36,272.94,0.3706
103,377,bus,694.81,206.71,724.97,237.85,0.2523
104,1,bus,403.33,228.89,515.62,431.37,0.9137
104,2,bus,874.85,254.16,959.47,343.77,0.8714
104,6,car,815.5,484.93,908.95,540.0,0.7042
104,8,bus,768.63,224.31,919.79,305.18,0.8101
104,11,bus,510.94,222.31,580.98,315.76,0.8601
104,229,bus,607.61,240.76,649.91,279.0,0.3961
104,13,bus,448.34,195.74,498.96,247.94,0.5491
104,274,car,729.56,286.33,795.05,328.2,0.8185
104,9,bus,672.54,200.5,723.27,237.21,0.6369
104,381,car,578.92,225.95,607.24,247.38,0.4354
104,15,car,644.61,230.1,669.65,250.75,0.3205
104,4,car,663.13,226.06,686.57,247.24,0.3376
104,557,truck,608.05,240.5,648.34,278.72,0.3337
105,1,bus,404.22,229.32,517.11,432.52,0.9185
105,2,bus,875.06,254.5,959.33,343.69,0.8725
105,6,car,825.2,494.66,908.44,540.0,0.5732
105,8,bus,768.38,224.37,919.94,305.27,0.8033
105,11,bus,511.3,223.99,580.52,316.9,0.8504
105,229,car,608.27,241.55,650.95,280.44,0.4196
105,13,bus,448.82,195.99,498.28,247.01,0.623
105,274,car,725.8,285.27,791.63,327.24,0.7751
105,9,bus,672.84,200.31,723.95,237.14,0.6361
105,381,car,579.43,226.28,607.96,247.79,0.6063
105,15,car,644.27,229.98,670.55,251.92,0.291
105,546,car,567.37,242.2,593.45,274.43,0.3415
106,1,bus,404.38,229.65,517.8,433.36,0.921
106,2,bus,875.08,254.4,959.48,343.74,0.8697
106,6,car,836.91,506.39,905.24,540.0,0.5053
106,8,bus,767.25,223.33,920.51,305.2,0.7576
106,11,bus,512.06,225.13,580.54,317.43,0.8556
106,229,bus,608.16,240.38,653.35,282.07,0.3219
106,13,bus,447.85,195.82,499.86,249.88,0.7036
106,274,car,723.23,284.27,788.71,326.06,0.8065
106,9,bus,672.48,200.05,723.85,237.0,0.6565
106,381,car,579.65,226.45,608.87,248.52,0.4323
106,15,car,643.73,229.77,670.42,252.42,0.2399
106,546,car,567.37,242.46,593.88,275.15,0.4344
107,1,bus,404.17,230.03,518.51,434.92,0.9203
107,2,bus,875.1,254.68,959.3,343.74,0.8635
107,8,bus,767.44,223.35,920.51,305.19,0.7102
107,11,bus,512.65,226.16,580.62,318.08,0.8734
107,229,truck,609.01,239.67,655.59,283.29,0.3428
107,13,bus,448.64,196.2,498.89,248.51,0.6813
107,274,car,720.3,283.21,787.03,325.96,0.7553
107,9,bus,672.74,200.38,723.65,236.92,0.6447
107,381,car,579.81,226.6,610.51,249.9,0.3585
107,15,car,643.93,230.79,670.1,253.28,0.2797
107,546,car,567.11,242.11,594.66,276.01,0.4414
108,1,bus,403.89,230.32,518.79,436.16,0.9179
108,2,bus,875.11,254.8,959.32,343.84,0.8548
108,8,bus,767.16,222.86,920.95,305.18,0.6452
108,11,bus,512.72,226.39,580.73,318.71,0.885
108,229,car,612.33,244.57,654.8,284.12,0.5649
108,13,bus,448.62,196.34,499.04,249.04,0.6684
108,274,car,718.35,281.86,784.88,324.67,0.7463
108,9,bus,672.18,199.98,723.76,237.01,0.739
108,381,car,580.22,226.49,612.5,250.98,0.3553
108,546,car,567.66,242.76,595.04,276.29,0.4567
109,1,bus,403.82,230.72,519.27,437.42,0.9174
109,2,bus,875.03,254.85,959.47,344.12,0.8278
109,8,bus,768.94,223.81,921.74,305.37,0.6838
109,11,bus,512.95,226.16,581.12,319.09,0.9009
109,229,car,615.47,249.02,655.71,286.15,0.702
109,13,bus,448.71,196.73,499.05,249.55,0.6836
109,274,car,717.1,280.61,784.16,324.08,0.7662
109,9,bus,671.81,199.36,723.83,236.73,0.7209
109,381,car,581.52,227.45,613.55,251.77,0.5067
109,546,car,567.91,242.6,595.56,276.33,0.5411
109,355,car,527.52,207.1,547.15,224.83,0.25
110,1,bus,402.83,228.47,520.08,438.72,0.9237
110,2,bus,874.86,254.66,959.5,344.13,0.8468
110,8,bus,768.73,224.16,921.15,305.39,0.7604
110,11,bus,513.35,226.26,581.37,319.41,0.9014
110,229,car,615.98,250.06,656.81,287.5,0.7153
110,13,bus,448.45,196.19,499.63,250.01,0.71
110,274,car,714.43,277.35,783.5,322.91,0.7904
110,9,bus,671.35,199.52,723.3,236.88,0.7307
110,381,car,582.41,227.9,614.36,252.09,0.4778
110,546,car,568.07,242.86,596.36,277.23,0.4902
110,639,car,938.88,373.93,956.39,406.09,0.6518
110,646,bike,122.42,313.85,160.02,353.13,0.4615
111,1,bus,402.46,230.27,519.92,440.81,0.9054
111,2,bus,874.93,254.71,959.39,343.93,0.8604
111,8,bus,769.25,224.59,921.26,305.45,0.7962
111,11,bus,513.38,226.27,581.76,320.38,0.8885
111,229,car,616.82,251.3,658.52,289.37,0.7237
111,13,bus,448.95,196.53,498.61,248.79,0.6803
111,274,car,713.72,275.86,780.75,320.6,0.8017
111,9,bus,671.36,199.28,723.51,236.78,0.7117
111,381,car,583.27,228.13,615.87,252.93,0.5233
111,546,car,568.07,242.63,596.67,277.16,0.5033
111,639,car,934.8,370.83,953.79,405.25,0.752
112,1,bus,401.64,229.72,520.07,442.56,0.9088
112,2,bus,874.77,254.53,959.45,343.94,0.8531
112,8,bus,769.94,224.27,922.8,305.38,0.776
112,11,bus,513.59,226.47,581.88,320.82,0.8895
112,229,car,618.37,252.94,660.21,290.97,0.7545
112,13,bus,448.9,196.37,499.2,249.39,0.6347
112,274,car,713.84,275.23,777.56,318.11,0.8123
112,9,bus,671.25,199.21,723.28,236.64,0.7153
112,381,car,583.91,228.87,616.38,253.55,0.4412
112,546,car,567.98,242.54,597.29,277.69,0.5092
112,639,car,928.65,364.56,952.06,406.18,0.7881
113,1,bus,401.21,229.61,520.24,444.02,0.9001
113,2,bus,874.71,254.93,959.33,344.19,0.8503
113,8,bus,770.01,224.09,924.38,305.92,0.785
113,11,bus,513.66,226.5,582.07,321.49,0.896
113,229,car,619.65,254.08,662.29,292.59,0.7635
113,13,bus,449.08,196.37,499.11,249.12,0.6677
113,274,car,712.99,275.51,774.38,316.99,0.822
113,9,bus,670.58,198.68,723.3,236.75,0.7553
113,381,car,584.04,228.81,617.4,254.28,0.4231
113,546,car,567.81,243.28,597.12,278.01,0.3408
113,639,car,923.35,361.09,950.14,407.42,0.7905
114,1,bus,401.54,231.28,520.52,445.84,0.8885
114,2,bus,874.79,255.36,959.09,344.14,0.8647
114,8,bus,769.98,224.67,923.41,305.86,0.8245
114,11,bus,513.89,226.81,582.07,321.98,0.8993
114,229,car,620.78,254.97,664.47,294.2,0.7554
114,13,bus,449.87,196.57,497.9,246.92,0.6877
114,274,car,711.49,275.51,771.83,316.37,0.8025
114,9,bus,671.13,198.74,723.7,236.71,0.7426
114,381,car,584.47,229.0,618.21,254.88,0.3819
114,546,car,567.77,243.59,597.24,278.21,0.2913
114,639,car,917.71,355.92,949.34,409.04,0.8091
115,1,bus,401.22,232.16,520.28,447.14,0.8889
115,2,bus,875.79,255.95,958.97,343.43,0.8311
115,8,bus,769.02,225.03,922.29,306.18,0.787
115,11,bus,513.62,226.87,582.22,323.07,0.8981
115,229,car,621.58,255.13,666.86,295.65,0.793
115,13,bus,450.05,197.19,497.64,246.99,0.7134
115,274,car,707.93,275.12,768.2,315.68,0.828
115,9,bus,671.27,198.62,723.71,236.5,0.7112
115,381,car,585.43,230.73,618.11,255.85,0.4978
115,546,car,568.78,244.6,599.74,280.42,0.3816
115,639,car,912.86,353.04,948.44,410.74,0.8152
116,1,bus,401.12,232.47,520.91,449.41,0.9051
116,2,bus,875.59,255.97,959.09,343.71,0.7924
116,8,bus,769.54,225.18,922.79,306.1,0.6928
116,11,bus,513.54,226.99,581.99,323.32,0.8855
116,229,car,623.03,256.91,668.69,297.73,0.7455
116,13,bus,448.76,196.94,499.17,249.96,0.7307
116,274,car,706.47,274.64,765.46,314.1,0.7951
116,9,bus,671.27,198.9,723.33,236.55,0.7376
116,381,car,586.31,231.19,619.08,256.54,0.4331
116,546,car,569.33,245.05,601.09,281.41,0.4239
116,639,car,908.53,350.14,946.44,408.6,0.8662
117,1,bus,400.14,231.39,521.59,452.27,0.9105
117,2,bus,875.69,255.97,959.38,343.92,0.814
117,8,bus,770.14,225.57,923.2,306.05,0.7091
117,11,bus,513.28,227.07,581.89,324.05,0.8672
117,229,car,624.76,258.72,670.72,299.73,0.7966
117,13,bus,448.65,196.99,499.49,250.71,0.7345
117,274,car,705.44,274.02,763.59,312.79,0.755
117,9,bus,670.78,198.63,723.06,236.58,0.6903
117,381,car,588.09,233.79,618.77,257.48,0.418
117,546,car,569.42,244.45,602.62,282.24,0.5049
117,639,car,904.15,346.36,944.95,405.89,0.8721
117,731,bike,80.08,328.69,131.41,369.83,0.4058
118,1,bus,399.77,232.43,521.6,454.84,0.9117
118,2,bus,875.77,256.23,959.26,343.93,0.7856
118,8,bus,769.79,225.85,923.63,306.49,0.6817
118,11,bus,513.33,227.81,582.08,325.36,0.8819
118,229,car,626.47,260.67,673.13,302.13,0.808
118,13,bus,450.06,197.3,497.74,247.28,0.7384
118,274,car,704.09,273.41,762.23,312.24,0.7667
118,9,bus,670.72,198.57,723.21,236.72,0.6932
118,381,car,589.15,235.17,619.7,258.67,0.5427
118,546,car,569.79,244.77,604.23,283.69,0.572
118,639,car,899.57,343.64,943.01,403.06,0.8626
118,731,bike,78.51,329.13,129.79,370.38,0.5421
118,737,car,647.53,238.12,668.94,256.11,0.3804
119,1,bus,398.6,232.23,521.36,457.01,0.9132
119,2,bus,875.77,256.76,959.51,344.75,0.8199
119,8,bus,769.16,226.28,922.07,306.27,0.7923
119,11,bus,513.37,228.4,582.4,326.71,0.8832
119,229,car,627.73,261.38,675.81,304.01,0.833
119,13,bus,450.73,197.51,496.87,245.41,0.7278
119,274,car,703.54,273.16,759.91,310.8,0.7643
119,9,bus,670.54,198.67,722.77,236.72,0.664
119,381,car,590.11,236.22,620.69,259.63,0.5438
119,546,car,569.94,245.06,604.82,284.16,0.5235
119,639,car,895.76,341.39,941.4,399.51,0.8694
119,731,bike,74.11,332.82,126.54,375.42,0.4056
119,737,car,647.41,238.23,669.1,256.43,0.4208
120,1,bus,398.4,233.51,521.48,459.32,0.9095
120,2,bus,875.35,256.82,959.92,345.83,0.8118
120,8,bus,768.61,225.52,924.43,306.99,0.786
120,11,bus,513.5,229.28,582.68,328.02,0.8893
120,229,car,629.66,263.68,677.87,306.2,0.7844
120,13,bus,449.66,197.68,497.64,247.55,0.7327
120,274,car,702.57,272.87,758.31,310.18,0.7355
120,9,bus,670.33,198.96,722.64,237.14,0.621
120,381,car,589.44,235.33,622.41,260.74,0.4212
120,546,car,570.48,246.18,605.38,285.09,0.5453
120,639,car,891.71,338.62,940.47,396.39,0.9038
120,731,bike,70.66,337.23,121.85,379.26,0.4047
120,737,car,647.79,238.56,668.86,256.16,0.3201
121,1,bus,398.49,234.94,521.69,461.26,0.8989
121,2,bus,875.3,257.32,960.0,347.0,0.8137
121,8,bus,768.91,225.24,926.04,307.42,0.77
121,11,bus,513.46,229.37,583.38,329.47,0.8925
121,229,car,629.82,264.13,680.16,308.62,0.7796
121,13,bus,449.55,198.05,497.89,248.3,0.7996
121,274,car,701.66,272.72,757.08,310.02,0.7481
121,9,bus,669.76,200.45,721.69,238.41,0.6202
121,381,car,590.03,236.73,622.99,262.14,0.5156
121,546,car,571.13,247.78,605.96,286.47,0.6397
121,639,car,887.33,336.28,939.63,394.05,0.9022
121,731,bike,65.4,339.2,119.06,383.9,0.511
121,15,car,646.28,231.82,669.72,251.76,0.3395
122,1,bus,398.7,235.68,522.08,462.54,0.9001
122,2,bus,874.8,256.77,960.0,347.79,0.7706
122,8,bus,770.46,225.64,927.43,307.44,0.6568
122,11,bus,513.27,229.05,583.71,330.17,0.8903
122,229,car,631.18,265.66,682.01,310.56,0.8318
122,13,bus,449.3,197.93,498.04,248.67,0.7926
122,274,car,700.22,272.05,754.67,308.76,0.7154
122,9,bus,669.69,200.24,722.04,238.53,0.5842
122,381,car,590.64,237.55,623.69,262.95,0.5689
122,546,car,572.83,249.87,606.36,286.96,0.6662
122,639,car,882.51,333.0,938.19,390.49,0.8799
122,731,bike,60.45,341.85,113.4,386.69,0.4576
122,15,car,645.92,232.07,670.59,253.03,0.3641
123,1,bus,399.31,236.07,523.72,465.0,0.8609
123,2,bus,875.35,257.19,960.0,347.17,0.8114
123,8,bus,770.24,226.19,926.76,307.65,0.7892
123,11,bus,513.51,229.4,583.89,330.7,0.8788
123,229,car,632.39,266.12,684.59,312.35,0.756
123,13,bus,450.73,197.97,496.07,244.68,0.767
123,274,car,699.11,271.13,751.48,306.21,0.7649
123,9,bus,668.87,199.51,721.97,238.48,0.5989
123,381,car,591.31,237.36,624.87,263.26,0.5535
123,546,car,574.24,251.79,606.52,287.26,0.6885
123,639,car,877.79,330.71,936.69,387.52,0.898
123,737,car,647.39,237.28,669.58,255.73,0.3256
124,1,bus,399.25,236.67,524.21,466.7,0.8623
124,2,bus,875.87,257.24,960.0,346.68,0.83
124,8,bus,769.12,226.33,925.08,307.62,0.7426
124,11,bus,513.8,229.68,584.32,331.4,0.8802
124,229,car,634.3,267.83,686.14,313.78,0.7412
124,13,bus,450.37,197.78,496.41,244.99,0.77
124,274,car,698.03,270.29,749.26,304.32,0.7424
124,9,bus,668.91,199.47,721.08,237.83,0.6024
124,381,car,591.91,237.76,625.77,263.97,0.5053
124,546,car,574.24,252.27,607.1,288.08,0.6576
124,639,car,871.59,328.47,932.01,383.36,0.8842
124,355,car,530.3,211.18,554.22,233.05,0.3133
124,15,car,645.86,233.79,671.15,255.17,0.3584
125,1,bus,399.11,237.06,524.97,469.05,0.8292
125,2,bus,876.17,257.27,959.95,346.13,0.8492
125,8,bus,769.72,225.4,927.33,307.46,0.7954
125,11,bus,513.73,229.99,584.52,332.41,0.8815
125,229,car,636.84,269.2,689.88,316.09,0.7768
125,13,bus,450.07,197.84,496.51,245.24,0.7917
125,274,car,696.39,269.6,747.7,303.49,0.7924
125,9,bus,669.38,199.67,720.97,237.61,0.5889
125,381,car,593.14,238.58,626.86,264.78,0.4234
125,546,car,575.26,253.51,607.77,288.77,0.7069
125,639,car,865.25,325.8,928.5,380.43,0.9029
125,798,bike,164.17,271.58,180.42,291.82,0.4896
125,355,car,530.92,211.56,554.27,233.03,0.3746
125,15,car,645.82,233.8,671.62,255.62,0.3284
126,1,bus,398.99,236.94,526.04,471.43,0.7727
126,2,bus,876.38,256.85,959.21,344.61,0.8587
126,8,bus,769.54,225.28,927.37,307.4,0.7615
126,11,bus,513.63,230.09,584.74,333.25,0.8687
126,229,car,639.21,271.19,692.5,318.11,0.7906
126,13,bus,450.92,197.84,495.44,242.78,0.7814
126,274,car,695.52,268.75,747.02,302.62,0.7869
126,9,bus,669.37,199.26,721.27,237.46,0.6665
126,381,car,593.8,238.75,627.83,265.28,0.4098
126,546,car,575.72,254.15,608.29,289.29,0.7126
126,639,car,859.69,323.55,923.89,376.3,0.8451
126,798,bike,163.24,271.34,179.12,291.07,0.4361
126,355,car,531.11,211.72,554.2,232.96,0.4142
126,731,bike,37.12,351.61,87.46,394.02,0.4415
126,737,car,647.76,238.46,668.86,255.88,0.3225
127,1,bus,398.61,237.22,526.04,472.71,0.9023
127,2,bus,876.67,256.51,959.15,343.83,0.8568
127,8,bus,771.05,226.25,926.8,306.88,0.7594
127,11,bus,513.42,230.04,584.7,333.8,0.8705
127,229,car,641.55,273.47,694.27,319.62,0.7877
127,13,bus,450.57,197.8,495.82,243.18,0.7517
127,274,car,693.27,267.85,745.99,302.5,0.7987
127,9,bus,669.59,199.38,720.77,237.05,0.6613
127,381,car,594.75,239.47,628.82,266.07,0.5383
127,546,car,575.18,253.7,609.05,290.03,0.6845
127,639,car,853.59,320.61,919.54,372.62,0.8598
127,355,car,531.44,212.09,554.3,233.03,0.3526
127,737,car,647.62,238.2,669.21,256.0,0.3563
128,1,bus,399.01,238.19,527.79,476.29,0.8973
128,2,bus,876.44,257.05,958.99,344.32,0.8222
128,8,bus,770.77,225.48,929.47,307.46,0.6236
128,11,bus,513.72,230.52,585.05,334.6,0.8386
128,229,car,642.78,274.89,697.24,322.42,0.8
128,13,bus,450.06,197.91,495.73,243.42,0.7813
128,274,car,692.97,267.18,744.03,300.67,0.7907
128,9,bus,669.99,199.9,720.69,237.18,0.6958
128,381,car,596.43,240.77,630.15,267.07,0.5359
128,546,car,575.23,253.97,610.14,291.3,0.6718
128,639,car,848.34,318.81,915.46,369.76,0.8921
128,355,car,532.12,213.02,554.79,233.54,0.3807
128,737,car,647.28,237.84,669.38,256.03,0.366
129,1,bus,398.59,238.57,528.41,478.66,0.9073
129,2,bus,876.06,256.56,959.1,344.21,0.816
129,8,bus,770.98,225.3,929.61,307.05,0.618
129,11,bus,514.03,231.47,585.04,335.23,0.853
129,229,car,644.51,276.03,700.57,324.89,0.7965
129,13,bus,449.32,197.84,496.43,244.64,0.788
129,274,car,691.76,266.56,742.19,299.57,0.7775
129,9,bus,669.61,200.13,719.86,237.05,0.6175
129,381,car,597.48,241.58,631.16,267.78,0.6074
129,546,car,576.07,254.56,611.26,292.19,0.7213
129,639,car,841.67,316.87,910.84,367.94,0.87
129,355,car,532.39,213.32,555.31,233.9,0.3607
129,15,car,645.59,232.69,669.88,253.36,0.3364
130,1,bus,397.85,239.1,528.73,481.46,0.9035
130,2,bus,876.32,256.75,959.32,344.3,0.8581
130,8,bus,770.36,225.52,929.57,307.44,0.7459
130,11,bus,514.34,232.34,584.98,335.59,0.8582
130,229,car,646.52,277.16,704.29,327.41,0.7782
130,13,bus,449.24,197.82,496.42,244.48,0.7912
130,274,car,691.96,266.17,741.1,298.33,0.7717
130,9,bus,669.21,199.33,720.41,237.08,0.6919
130,381,car,598.55,242.73,632.29,268.94,0.5879
130,546,car,576.18,254.53,612.22,293.07,0.7181
130,639,car,836.64,314.45,906.73,364.98,0.8851
130,355,car,532.62,213.13,556.47,234.64,0.3001
130,731,bike,18.93,360.95,65.48,400.65,0.4254
130,737,car,646.45,237.22,669.82,256.48,0.3687
131,1,bus,397.56,240.16,529.29,484.18,0.9212
131,2,bus,876.58,256.89,959.57,344.41,0.7751
131,8,bus,772.05,226.58,930.79,307.78,0.4985
131,11,bus,514.36,232.6,585.38,336.54,0.8517
131,229,car,648.64,279.92,707.04,330.57,0.8406
131,13,bus,447.46,197.8,498.78,248.91,0.8061
131,274,car,690.17,265.77,739.75,298.16,0.814
131,9,bus,668.83,199.32,720.26,237.41,0.6854
131,381,car,598.51,243.28,633.62,270.48,0.6579
131,546,car,577.05,255.26,613.53,294.43,0.7361
131,639,car,831.94,312.99,902.01,362.3,0.8528
131,731,bike,11.43,364.49,58.14,404.86,0.3713
131,15,car,643.92,232.21,670.51,255.43,0.2724
132,1,bus,398.67,240.83,531.32,485.95,0.9157
132,2,bus,877.29,257.26,960.0,344.59,0.8128
132,8,bus,771.04,226.34,930.44,307.66,0.6933
132,11,bus,514.47,233.18,585.44,337.13,0.8504
132,229,car,650.75,282.04,709.37,332.76,0.8415
132,13,bus,448.14,197.89,497.6,247.04,0.7993
132,274,car,688.94,265.23,739.12,298.06,0.7986
132,9,bus,669.11,199.61,719.87,237.36,0.6594
132,381,car,599.65,243.93,635.04,271.36,0.7034
132,546,car,577.68,255.61,614.57,295.32,0.7292
132,639,car,827.16,311.22,897.47,359.74,0.8767
132,355,car,533.11,213.17,557.97,235.87,0.2799
132,737,car,646.56,238.61,668.43,256.5,0.2728
133,1,bus,399.23,241.33,533.36,488.57,0.9014
133,2,bus,876.88,257.33,959.53,344.54,0.8027
133,8,bus,770.33,226.47,931.45,308.55,0.7085
133,11,bus,514.86,234.5,585.73,338.29,0.8623
133,229,car,651.68,283.08,712.31,335.72,0.8085
133,13,bus,447.03,197.73,498.9,249.55,0.8251
133,274,car,687.63,264.43,738.21,297.6,0.7873
133,9,bus,669.42,199.63,720.02,237.41,0.6815
133,381,car,600.82,244.78,636.39,272.43,0.6652
133,546,car,578.04,255.91,615.28,295.92,0.777
133,639,car,823.13,309.28,893.7,357.14,0.8742
134,1,bus,398.81,241.85,534.42,491.29,0.889
134,2,bus,876.87,257.37,959.39,344.4,0.8074
134,8,bus,769.67,226.87,930.36,308.65,0.7782
134,11,bus,514.57,234.95,586.24,340.15,0.7714
134,229,car,654.08,284.87,716.23,338.77,0.8219
134,13,bus,446.59,197.77,499.27,250.59,0.8181
134,274,car,686.72,263.97,736.92,296.97,0.7537
134,9,bus,669.93,200.06,719.76,237.29,0.6147
134,381,car,601.64,246.0,637.31,273.75,0.6984
134,546,car,579.12,257.0,616.08,296.59,0.7772
134,639,car,818.38,307.17,890.14,355.29,0.8813
134,355,car,534.23,213.79,558.63,236.18,0.2572
135,1,bus,398.5,242.29,535.77,494.5,0.8911
135,2,bus,876.96,257.47,959.36,344.34,0.8261
135,8,bus,770.09,226.85,928.27,307.21,0.7943
135,11,bus,514.47,235.44,586.54,341.47,0.8331
135,229,car,656.58,286.56,719.83,341.43,0.7628
135,13,bus,447.1,197.7,498.62,249.36,0.8363
135,274,car,685.92,263.62,735.55,296.3,0.73
135,9,bus,669.9,200.15,719.49,237.25,0.5835
135,381,car,602.02,246.64,638.19,274.7,0.6376
135,546,car,579.7,257.83,617.03,297.71,0.7681
135,639,car,814.83,305.17,885.72,352.13,0.8677
135,355,car,534.39,213.85,559.04,236.66,0.2413
136,1,bus,398.0,242.73,536.94,497.55,0.9041
136,2,bus,876.96,257.58,959.53,344.66,0.8339
136,8,bus,769.65,226.35,930.9,308.23,0.7928
136,11,bus,514.5,235.66,586.93,342.47,0.887
136,229,car,659.35,288.32,723.73,344.09,0.8283
136,13,bus,446.92,197.96,498.94,250.34,0.8486
136,274,car,684.3,263.19,734.58,296.4,0.7669
136,9,bus,669.96,200.24,719.67,237.47,0.5796
136,381,car,603.31,248.01,639.41,275.82,0.6029
136,546,car,580.01,258.02,618.17,298.74,0.7868
136,639,car,810.97,303.43,881.64,349.84,0.8451
136,355,car,534.98,214.51,559.01,236.75,0.2955
137,1,bus,397.2,243.04,537.69,500.68,0.9089
137,2,bus,877.05,257.71,959.61,344.81,0.8511
137,8,bus,766.72,222.98,933.93,308.31,0.8005
137,11,bus,514.6,236.21,586.97,343.12,0.862
137,229,car,661.7,290.62,727.21,347.22,0.8432
137,13,bus,447.07,198.22,499.17,250.85,0.8719
137,274,car,682.98,262.84,733.8,296.62,0.7823
137,9,bus,669.83,200.46,719.36,237.7,0.54
137,381,car,604.56,250.03,640.22,277.15,0.6164
137,546,car,580.94,259.63,618.72,299.84,0.7465
137,639,car,807.11,301.63,877.42,347.48,0.854
137,355,car,535.22,215.06,559.22,237.21,0.2765
138,1,bus,396.02,243.3,538.33,504.0,0.891
138,2,bus,876.88,257.33,959.68,344.74,0.8502
138,8,bus,760.86,222.55,926.87,308.51,0.652
138,11,bus,514.52,236.46,587.29,344.19,0.8512
138,229,car,663.47,292.72,730.98,351.15,0.849
138,13,bus,447.38,198.29,499.34,250.93,0.8892
138,274,car,681.9,262.42,732.86,296.49,0.7661
138,9,bus,669.9,200.2,719.75,237.78,0.5457
138,381,car,605.66,250.22,642.01,277.68,0.4965
138,546,car,582.09,261.16,619.37,300.63,0.7113
138,639,car,803.64,300.34,873.01,345.17,0.8814
138,355,car,535.7,215.5,559.5,237.53,0.2997
139,1,bus,395.25,243.59,538.7,506.39,0.8971
139,2,bus,876.81,257.41,959.57,344.78,0.856
139,8,bus,766.47,223.51,930.24,308.18,0.7508
139,11,bus,514.24,236.87,587.47,345.47,0.8514
139,229,car,666.09,294.97,734.64,354.43,0.8326
139,13,bus,447.56,198.27,499.25,250.8,0.8834
139,274,car,681.87,261.93,731.5,295.29,0.7558
139,9,bus,669.86,200.23,719.25,237.49,0.5581
139,381,car,606.08,249.96,644.47,278.96,0.4028
139,546,car,582.56,261.63,620.37,301.57,0.6761
139,639,car,799.68,298.95,868.74,343.31,0.9112
139,355,car,535.87,215.86,559.55,237.87,0.2734
140,1,bus,395.14,243.93,540.07,509.29,0.9077
140,2,bus,876.72,257.61,959.36,344.8,0.8436
140,8,bus,767.73,222.51,933.03,308.0,0.769
140,11,bus,513.97,235.99,587.72,345.84,0.8251
140,229,car,668.7,296.54,738.99,357.69,0.8185
140,13,bus,447.86,198.33,499.03,250.57,0.8854
140,274,car,681.23,261.31,730.8,294.87,0.6925
140,9,bus,669.53,199.97,719.22,237.47,0.5398
140,381,car,607.08,250.49,646.29,280.1,0.3979
140,546,car,582.85,262.73,621.18,303.2,0.6728
140,639,car,796.79,297.91,864.36,341.01,0.8822
141,1,bus,392.8,244.12,539.63,512.1,0.8662
141,2,bus,876.77,257.91,959.2,344.79,0.8515
141,8,bus,769.39,223.6,932.62,307.82,0.7568
141,11,bus,514.07,236.56,587.82,346.81,0.8109
141,229,car,671.24,298.79,742.93,361.22,0.8508
141,13,bus,447.92,198.24,498.96,250.49,0.8894
141,274,car,681.03,260.72,729.77,293.91,0.7348
141,9,bus,670.26,201.02,718.55,237.28,0.4365
141,381,car,607.74,251.29,647.6,281.39,0.5077
141,546,car,583.1,263.27,621.91,304.18,0.7273
141,639,car,792.71,296.05,860.73,339.29,0.8661
142,1,bus,390.57,244.62,540.06,516.61,0.8987
142,2,bus,876.6,257.56,959.3,344.69,0.8535
142,8,bus,771.73,225.93,930.85,307.51,0.7495
142,11,bus,514.64,237.79,587.87,347.51,0.7569
142,229,car,673.57,300.4,747.2,364.72,0.8307
142,13,bus,447.9,198.22,498.78,250.5,0.8893
142,274,car,680.48,260.29,728.15,292.75,0.7008
142,9,bus,670.66,201.88,718.06,237.25,0.4379
142,381,car,608.19,251.28,649.44,282.6,0.5396
142,546,car,583.5,264.06,622.47,305.03,0.77
142,639,car,789.78,294.72,857.18,337.41,0.8209
143,1,bus,389.95,245.18,542.0,521.53,0.8521
143,2,bus,876.39,257.6,959.2,344.77,0.8479
143,8,bus,769.73,224.65,931.68,307.64,0.7332
143,11,bus,514.85,238.16,588.14,348.19,0.7229
143,229,car,677.25,303.02,751.8,367.97,0.8569
143,13,bus,448.37,198.25,498.5,249.88,0.8783
143,274,car,679.99,260.0,726.5,291.63,0.7429
143,9,bus,670.36,201.23,718.57,237.15,0.4957
143,381,car,609.84,252.69,650.26,283.5,0.4847
143,546,car,583.87,264.93,622.99,305.83,0.7642
143,639,car,786.76,293.53,852.81,335.25,0.8278
143,962,truck,0.89,392.34,302.25,537.75,0.3552
143,355,car,537.85,217.07,561.13,238.48,0.2307
144,1,bus,389.37,246.22,543.59,525.43,0.8439
144,2,bus,876.24,258.4,959.15,345.59,0.8296
144,8,bus,769.14,225.99,929.82,308.23,0.7554
144,11,bus,514.66,238.05,588.67,349.61,0.7654
144,229,car,680.71,306.23,756.37,372.11,0.8617
144,13,bus,447.8,198.52,498.69,251.07,0.8494
144,274,car,678.92,259.7,725.62,291.45,0.7644
144,9,bus,670.07,200.83,719.7,237.79,0.4487
144,381,car,610.39,253.68,651.82,285.2,0.3292
144,546,car,583.88,265.69,623.35,306.62,0.7774
144,639,car,783.79,292.77,849.53,334.15,0.8492
144,962,truck,1.36,392.78,301.93,537.8,0.3797
144,355,car,537.64,217.17,562.47,240.14,0.2757
145,1,bus,389.18,247.25,545.34,528.59,0.7786
145,2,bus,876.53,259.23,959.01,345.84,0.8481
145,8,bus,771.11,227.09,928.86,307.64,0.7955
145,11,bus,514.59,238.08,589.22,351.12,0.847
145,229,car,683.42,308.52,761.67,376.56,0.8516
145,13,bus,447.55,198.69,498.64,251.56,0.8754
145,274,car,678.19,259.55,724.66,291.21,0.7413
145,9,bus,669.48,200.65,719.81,238.17,0.5292
145,381,car,611.03,253.88,653.57,286.29,0.2761
145,546,car,583.69,266.1,624.03,307.63,0.7787
145,639,car,780.68,291.01,846.4,332.36,0.8573
145,962,truck,1.15,392.47,302.19,537.71,0.4578
145,355,car,537.43,217.28,562.81,240.92,0.3285
146,1,bus,389.04,247.65,547.56,532.5,0.8116
146,2,bus,876.38,258.56,959.12,345.38,0.841
146,8,bus,770.71,225.33,929.91,306.67,0.7113
146,11,bus,514.65,237.99,589.67,352.18,0.7926
146,229,car,686.9,310.94,766.96,380.51,0.8172
146,13,bus,447.8,198.58,498.87,251.64,0.8778
146,274,car,677.93,259.47,724.1,291.02,0.6847
146,9,bus,669.28,200.62,719.46,238.09,0.4212
146,381,car,612.01,254.99,655.93,288.4,0.2895
146,546,car,583.56,266.14,625.69,309.24,0.7731
146,639,car,777.8,289.19,842.94,330.17,0.8334
146,962,truck,1.29,392.63,302.05,537.72,0.3595
146,355,car,537.59,217.55,562.65,240.89,0.3697
147,1,bus,389.31,248.25,549.37,534.86,0.8276
147,2,bus,876.46,258.93,959.05,345.48,0.8448
147,8,bus,770.45,225.29,929.18,306.46,0.7764
147,11,bus,520.85,259.83,584.01,353.17,0.6479
147,229,car,689.61,312.82,772.65,385.13,0.8716
147,13,bus,447.99,198.62,498.98,251.85,0.8815
147,274,car,680.04,259.23,724.38,289.8,0.6612
147,9,bus,669.23,200.57,719.33,238.02,0.4648
147,381,car,614.64,257.06,657.45,289.61,0.5126
147,546,car,583.94,266.29,627.13,310.23,0.78
147,639,car,774.89,286.94,840.29,328.16,0.8124
147,962,truck,2.76,393.01,301.92,537.26,0.3119
147,355,car,538.22,217.63,563.47,241.28,0.3641
147,1002,bus,415.26,201.32,453.74,251.05,0.3326
148,1,bus,389.71,248.92,550.8,536.31,0.8903
148,2,bus,875.99,258.51,959.01,345.4,0.8504
148,8,bus,768.93,224.36,929.12,306.51,0.7849
148,11,bus,523.36,268.99,582.27,353.78,0.6136
148,229,car,693.37,316.18,777.7,389.59,0.8578
148,13,bus,447.65,198.5,498.86,252.2,0.8844
148,274,car,681.71,259.05,724.0,288.52,0.6435
148,9,bus,669.54,201.01,718.97,237.95,0.508
148,381,car,616.21,258.23,658.7,290.48,0.567
148,546,car,584.94,267.44,628.16,311.24,0.744
148,639,car,771.73,285.63,836.24,326.46,0.8345
148,962,truck,2.96,393.07,302.19,537.3,0.264
148,355,car,538.96,217.74,563.91,241.23,0.3729
148,1002,bus,413.64,201.1,452.61,251.4,0.2792
149,1,bus,390.08,249.79,551.68,536.63,0.8677
149,2,bus,875.82,258.47,959.01,345.42,0.851
149,8,bus,768.59,223.84,929.18,306.36,0.7898
149,11,bus,516.19,248.46,588.79,354.04,0.7239
149,229,car,696.37,318.82,782.58,394.11,0.8364
149,13,bus,447.23,198.34,498.94,252.83,0.9019
149,274,car,679.71,258.52,722.05,287.99,0.5834
149,9,bus,669.77,201.26,719.08,238.08,0.547
149,381,car,619.68,260.15,660.94,291.69,0.5988
149,546,car,585.28,268.11,629.14,312.41,0.7312
149,639,car,769.08,284.67,832.67,324.96,0.8502
149,962,truck,2.18,392.35,302.84,537.28,0.2929
149,355,car,538.72,217.67,564.39,242.07,0.3246
149,1002,bus,412.98,201.06,452.65,252.15,0.269
150,1,bus,389.66,250.32,552.19,537.26,0.9122
150,2,bus,876.24,258.77,958.96,345.11,0.8467
150,8,bus,769.06,224.69,928.08,306.35,0.8165
150,11,bus,514.25,242.73,591.11,355.61,0.5671
150,229,car,702.16,321.81,790.29,398.45,0.8423
150,13,bus,447.44,198.28,499.16,253.12,0.8956
150,274,car,678.47,257.87,721.53,287.96,0.568
150,9,bus,670.41,201.31,719.25,237.72,0.5522
150,381,car,621.1,260.8,663.04,293.05,0.6794
150,546,car,585.45,268.45,629.65,312.86,0.7362
150,639,car,767.07,283.26,829.23,322.72,0.8699
150,355,car,538.93,217.95,564.6,242.54,0.3636
150,1002,bus,412.84,201.41,452.78,252.79,0.3136
151,1,bus,389.44,250.55,552.66,536.97,0.8899
151,2,bus,875.68,257.79,959.39,345.18,0.8485
151,8,bus,771.02,226.86,926.21,306.16,0.7684
151,11,bus,513.35,240.17,591.77,356.43,0.6317
151,229,car,705.56,324.1,797.25,403.7,0.8245
151,13,bus,447.26,197.99,499.12,253.28,0.8941
151,274,car,676.7,257.1,719.71,287.03,0.5159
151,9,bus,670.31,201.3,719.17,237.72,0.5591
151,381,car,621.86,261.47,664.77,294.66,0.6788
151,546,car,585.5,268.6,630.67,313.88,0.7132
151,639,car,765.76,282.71,826.25,321.13,0.8578
151,355,car,538.94,217.94,564.83,242.89,0.3119
152,1,bus,388.68,250.94,553.07,537.07,0.9112
152,2,bus,875.63,257.35,959.42,344.8,0.86
152,8,bus,770.85,227.13,925.74,305.8,0.8157
152,11,bus,513.33,239.55,591.94,356.93,0.8224
152,229,car,708.98,327.27,803.2,409.15,0.8721
152,13,bus,447.11,197.72,499.17,253.48,0.8734
152,274,car,676.24,256.44,718.42,285.6,0.5914
152,9,bus,670.29,200.75,719.59,237.54,0.5909
152,381,car,623.2,262.0,666.64,295.65,0.6696
152,546,car,585.91,269.19,632.1,315.3,0.7175
152,639,car,763.94,282.01,822.61,319.06,0.8609
152,355,car,539.85,218.23,565.0,242.58,0.3712
152,1049,car,559.75,234.88,588.47,262.39,0.4078
152,1002,bus,412.64,201.17,452.9,253.01,0.2228
153,1,bus,388.41,251.84,553.66,537.07,0.9143
153,2,bus,875.5,257.06,959.55,344.8,0.864
153,8,bus,770.46,227.5,925.83,305.93,0.8101
153,11,bus,513.41,240.49,591.82,358.43,0.8729
153,229,car,713.18,330.75,809.02,414.18,0.8465
153,13,bus,447.05,197.72,499.21,253.87,0.8726
153,274,car,678.23,256.08,719.62,284.97,0.5978
153,9,bus,670.53,201.45,718.97,237.48,0.4993
153,381,car,624.32,262.93,668.18,296.81,0.6859
153,546,car,587.23,271.47,633.14,317.08,0.7275
153,639,car,760.57,280.69,818.82,317.39,0.8375
153,355,car,540.15,218.58,565.53,243.23,0.3569
153,1049,car,560.27,236.35,589.83,264.7,0.401
153,1002,bus,413.04,201.19,453.39,253.2,0.2721
154,1,bus,390.4,252.6,555.71,536.12,0.9313
154,2,bus,875.15,256.4,959.73,344.76,0.8667
154,8,bus,768.78,226.98,925.18,305.55,0.8314
154,11,bus,513.55,240.64,591.57,358.71,0.8476
154,229,car,717.25,334.02,815.67,419.77,0.7901
154,13,bus,446.76,197.5,499.22,254.3,0.9017
154,274,car,676.08,255.07,717.63,283.81,0.6243
154,9,bus,671.05,201.24,719.03,236.71,0.4242
154,381,car,625.47,264.45,669.02,297.87,0.7179
154,546,car,587.1,272.01,633.84,318.19,0.7429
154,639,car,758.14,279.02,816.48,315.72,0.8251
154,355,car,540.13,218.54,565.43,243.17,0.3887
154,1049,car,559.61,235.44,590.14,264.75,0.5163
155,1,bus,390.82,253.71,556.37,535.0,0.9348
155,2,bus,875.36,256.62,959.73,344.79,0.8689
155,8,bus,767.14,226.38,925.78,306.01,0.7864
155,11,bus,513.48,240.92,591.29,359.46,0.8758
155,229,car,721.02,336.69,823.81,426.43,0.6229
155,13,bus,446.32,197.48,499.22,255.04,0.8916
155,274,car,676.43,254.93,717.7,283.47,0.6454
155,9,bus,670.66,200.75,719.7,236.95,0.5491
155,381,car,625.54,265.31,670.78,299.89,0.6294
155,546,car,587.76,272.38,634.83,318.68,0.7514
155,639,car,754.96,277.57,813.85,314.64,0.7699
155,355,car,540.38,218.69,565.69,243.35,0.3915
155,1049,car,560.47,235.89,590.77,265.02,0.4626
156,1,bus,391.77,254.77,557.54,534.13,0.9349
156,2,bus,875.48,256.77,959.53,344.59,0.87
156,8,bus,767.86,227.43,924.58,306.25,0.8248
156,11,bus,513.63,241.89,591.18,360.67,0.8711
156,229,car,726.9,341.82,831.12,432.79,0.7922
156,13,bus,446.46,197.65,499.58,255.95,0.8545
156,274,car,676.16,254.67,717.54,283.34,0.6239
156,9,bus,670.48,200.45,720.22,237.14,0.5553
156,381,car,628.76,267.2,673.97,301.93,0.6512
156,546,car,588.29,273.83,635.26,319.74,0.7437
156,639,car,752.95,276.82,810.86,313.35,0.751
156,355,car,540.95,219.12,566.2,243.76,0.4033
156,1049,car,561.69,237.02,591.22,265.49,0.4704
156,1084,bus,298.79,240.63,384.13,372.26,0.3644
156,1002,bus,411.3,200.46,453.38,254.81,0.2899
157,1,bus,391.99,255.61,559.01,534.98,0.9219
157,2,bus,875.74,257.16,959.54,344.71,0.8632
157,8,bus,769.32,228.18,924.43,306.19,0.7548
157,11,bus,513.54,241.88,591.2,361.49,0.775
157,229,car,731.45,345.86,838.83,439.55,0.7782
157,13,bus,446.36,197.72,499.75,256.76,0.8691
157,274,car,675.19,254.56,716.19,282.86,0.6054
157,9,bus,670.32,200.04,720.49,237.06,0.5798
157,381,car,629.93,267.45,676.18,303.2,0.6129
157,546,car,588.25,274.57,636.04,320.93,0.7865
157,639,car,750.0,275.16,807.45,311.44,0.7921
157,355,car,541.35,219.5,566.25,243.78,0.3787
157,1049,car,562.92,237.46,591.98,265.63,0.5587
158,1,bus,392.05,256.63,559.91,535.21,0.9205
158,2,bus,875.86,257.23,959.67,344.84,0.8468
158,8,bus,770.05,228.43,924.8,306.24,0.8269
158,11,bus,513.56,242.66,591.52,363.38,0.8087
158,229,car,737.51,350.71,847.47,446.48,0.8195
158,13,bus,446.15,197.98,499.84,257.82,0.8743
158,274,car,674.29,254.55,715.29,282.71,0.6088
158,9,bus,669.96,200.25,720.23,237.44,0.6064
158,381,car,630.97,268.14,677.73,304.29,0.7011
158,546,car,588.01,275.0,637.18,322.54,0.8053
158,639,car,747.67,274.27,804.44,310.17,0.7671
158,355,car,542.01,220.48,566.14,243.93,0.4617
158,1049,car,564.24,238.73,591.67,265.31,0.5541
158,15,car,643.31,233.3,667.94,255.27,0.3333
159,1,bus,392.31,257.31,561.7,535.25,0.9331
159,2,bus,876.16,258.21,959.36,345.11,0.8509
159,8,bus,770.37,228.22,925.01,305.97,0.8303
159,11,bus,513.68,243.62,591.65,364.97,0.7672
159,229,car,741.95,354.41,856.65,454.58,0.7708
159,13,bus,446.11,198.13,499.83,258.51,0.8535
159,274,car,673.53,254.53,714.59,282.61,0.6104
159,9,bus,670.59,200.44,720.79,237.56,0.6463
159,381,car,632.85,270.08,679.57,306.21,0.7121
159,546,car,588.34,275.97,637.98,323.64,0.7952
159,639,car,746.03,273.41,802.43,309.2,0.8026
159,355,car,542.88,221.32,566.81,244.51,0.4004
159,1049,car,565.26,239.7,592.42,266.1,0.5507
159,15,car,643.77,233.62,667.48,254.95,0.2852
160,1,bus,391.2,258.07,562.32,535.33,0.9276
160,2,bus,875.98,258.43,959.26,345.35,0.8578
160,8,bus,768.14,226.95,924.65,306.01,0.8358
160,11,bus,513.53,244.53,591.43,366.26,0.8125
160,229,car,747.44,358.85,866.16,462.6,0.7667
160,13,bus,446.29,198.39,500.18,259.56,0.8577
160,274,car,672.82,254.41,714.35,282.78,0.6268
160,9,bus,670.85,201.64,719.85,237.74,0.5124
160,381,car,635.78,271.86,682.16,307.97,0.7215
160,546,car,589.6,277.32,640.17,325.68,0.8137
160,639,car,744.31,272.73,799.72,307.94,0.8381
160,355,car,543.73,222.2,567.42,244.89,0.5008
160,1049,car,565.72,239.7,592.51,265.8,0.5586
160,1084,bus,297.36,240.97,384.74,375.66,0.2333
161,1,bus,390.34,258.83,563.6,535.43,0.9257
161,2,bus,876.05,258.94,959.26,345.74,0.8633
161,8,bus,767.25,226.55,924.54,306.39,0.849
161,11,bus,513.43,245.17,591.55,367.83,0.8065
161,229,car,753.85,364.46,876.11,471.13,0.7643
161,13,bus,446.33,198.56,500.18,260.34,0.8472
161,274,car,672.34,254.55,713.81,282.81,0.5531
161,9,bus,670.14,200.23,721.66,238.3,0.595
161,381,car,638.0,273.77,684.49,310.24,0.7186
161,546,car,589.86,278.17,642.32,328.31,0.7966
161,639,car,742.84,272.15,797.42,306.82,0.8367
161,355,car,544.56,223.07,568.89,246.43,0.5086
161,1049,car,566.05,240.83,592.66,266.74,0.5458
161,1135,car,631.26,213.78,650.99,227.01,0.328
162,1,bus,388.61,259.84,564.37,535.67,0.9149
162,2,bus,876.1,259.62,959.28,346.33,0.8454
162,8,bus,767.11,227.57,922.61,306.82,0.8639
162,11,bus,513.22,245.87,592.06,370.4,0.7456
162,229,car,759.75,369.63,886.04,479.89,0.7572
162,13,bus,446.26,199.01,500.13,261.4,0.8578
162,274,car,671.77,254.76,713.44,283.14,0.5229
162,9,bus,669.39,200.17,721.38,238.73,0.5568
162,381,car,636.91,274.83,685.05,312.69,0.6491
162,546,car,591.32,279.19,644.57,329.94,0.7939
162,639,car,741.29,271.57,794.98,305.68,0.8223
162,355,car,544.74,223.94,569.38,247.45,0.4663
162,1049,car,566.14,240.96,592.91,267.05,0.5506
162,1135,car,631.0,214.05,651.03,227.51,0.2991
162,15,car,645.12,235.17,666.61,254.35,0.3071
163,1,bus,387.17,260.71,565.45,535.42,0.9162
163,2,bus,876.02,259.83,959.19,346.45,0.8518
163,8,bus,767.24,227.66,921.85,306.73,0.8593
163,11,bus,513.35,246.29,592.38,371.87,0.8028
163,229,car,766.8,375.62,897.44,489.49,0.7612
163,13,bus,446.28,199.08,500.52,262.62,0.8446
163,274,car,669.46,254.55,711.6,282.95,0.5134
163,9,bus,669.82,200.98,721.15,238.96,0.3068
163,381,car,637.04,275.47,687.05,314.57,0.7255
163,546,car,592.79,280.86,645.89,331.41,0.7763
163,639,car,739.23,271.29,791.86,304.64,0.7901
163,355,car,544.39,224.05,569.79,248.13,0.4206
163,1049,car,565.17,241.46,594.41,270.23,0.503
163,1135,car,630.89,213.87,650.18,226.86,0.2941
163,15,car,645.86,235.78,666.34,253.83,0.338
164,1,bus,386.08,262.08,566.86,535.53,0.921
164,2,bus,875.76,259.63,959.04,346.24,0.8562
164,8,bus,767.66,228.36,920.81,306.9,0.8457
164,11,bus,513.64,246.84,592.22,372.36,0.7233
164,229,car,772.16,380.94,908.06,499.63,0.7961
164,13,bus,446.25,199.34,500.54,263.67,0.8259
164,274,car,671.75,254.56,712.8,282.49,0.5064
164,9,bus,670.41,201.25,721.73,239.1,0.524
164,381,car,638.09,276.33,689.74,316.58,0.6966
164,546,car,592.64,281.77,646.96,333.41,0.7683
164,639,car,737.22,270.52,789.58,303.67,0.7403
164,355,car,544.49,224.4,570.29,248.74,0.3852
164,1049,car,565.52,241.8,594.73,270.73,0.5681
164,1135,car,630.95,214.02,649.94,226.85,0.3706
164,15,car,646.23,235.91,665.93,252.92,0.2799
164,1155,car,657.63,203.62,671.53,219.81,0.382
165,1,bus,384.93,263.31,568.03,535.09,0.9203
165,2,bus,875.4,258.82,959.49,346.33,0.8556
165,8,bus,768.23,228.42,921.15,307.04,0.8454
165,11,bus,513.44,246.97,592.59,374.14,0.6991
165,229,car,780.0,386.76,920.18,508.92,0.7521
165,13,bus,446.12,199.43,500.49,264.6,0.8316
165,274,car,673.51,254.2,713.22,281.55,0.4526
165,9,bus,669.96,201.35,721.19,239.12,0.4325
165,381,car,638.86,276.95,692.36,318.72,0.7151
165,546,car,594.17,283.75,648.39,335.28,0.7875
165,639,car,735.3,269.75,787.03,302.48,0.7529
165,355,car,544.43,224.59,570.5,249.09,0.4744
165,1049,car,565.93,241.87,595.11,270.91,0.5502
165,1135,car,630.76,214.04,648.9,226.32,0.3396
165,15,car,646.13,235.96,666.03,252.95,0.2522
165,1155,car,657.44,203.29,671.45,219.62,0.3719
166,1,bus,383.87,264.32,569.66,534.96,0.925
166,2,bus,875.23,258.49,959.52,346.2,0.8575
166,8,bus,767.76,226.92,923.01,307.01,0.7972
166,11,bus,513.1,246.55,592.77,375.55,0.7822
166,229,car,787.89,392.74,934.7,520.48,0.8099
166,13,bus,446.34,199.35,500.51,265.0,0.8361
166,274,car,669.57,253.53,711.08,281.68,0.5144
166,9,bus,669.27,200.91,721.06,239.22,0.5337
166,381,car,641.86,278.7,694.89,320.16,0.7253
166,546,car,595.0,284.56,649.6,336.37,0.8081
166,639,car,733.5,268.66,784.88,301.23,0.7395
166,355,car,544.82,225.0,570.65,249.2,0.5023
166,1049,car,566.01,241.82,595.58,271.47,0.569
166,1135,car,630.41,213.31,648.48,225.6,0.3829
166,15,car,646.05,236.41,666.25,253.57,0.2574
166,1155,car,657.37,202.31,671.75,219.11,0.3572
167,1,bus,387.86,265.67,574.81,534.85,0.928
167,2,bus,875.72,259.61,959.08,346.19,0.8646
167,8,bus,769.53,228.37,922.2,307.07,0.828
167,11,bus,512.96,246.78,592.55,376.66,0.7698
167,229,car,796.77,399.08,950.32,532.13,0.8195
167,13,bus,445.91,199.63,500.31,266.09,0.8414
167,274,car,673.01,253.89,712.14,280.81,0.5218
167,9,bus,669.39,201.33,720.61,239.29,0.5432
167,381,car,642.85,280.18,696.31,321.92,0.7715
167,546,car,594.7,285.61,650.91,339.01,0.8168
167,639,car,732.02,267.85,782.87,300.15,0.7397
167,355,car,544.94,225.22,571.04,249.56,0.337
167,1049,car,566.12,242.38,596.27,272.77,0.5258
167,1135,car,630.27,213.5,647.55,225.26,0.3383
167,15,car,645.97,236.16,666.49,253.6,0.2673
167,1155,car,657.96,203.7,671.41,219.39,0.3982
168,1,bus,389.28,266.12,578.01,535.06,0.9385
168,2,bus,875.69,259.64,959.37,346.54,0.8562
168,8,bus,769.87,228.69,922.07,307.03,0.8092
168,11,bus,513.13,247.21,592.69,377.87,0.768
168,229,car,804.12,404.57,959.06,538.62,0.8449
168,13,bus,445.94,200.2,500.5,267.49,0.8188
168,274,car,673.57,253.86,711.21,279.88,0.5587
168,9,bus,668.69,200.34,721.17,239.42,0.5539
168,381,car,645.32,281.68,699.11,323.73,0.7398
168,546,car,594.89,286.03,652.68,340.97,0.8196
168,639,car,729.67,266.59,780.43,298.92,0.7557
168,355,car,545.13,225.41,571.96,250.28,0.3289
168,1049,car,566.17,242.63,596.68,273.62,0.5072
168,1135,car,629.42,213.15,647.37,225.49,0.2561
168,1155,car,657.87,203.23,671.77,219.44,0.3338
168,1194,bike,55.48,304.2,74.89,328.76,0.5851
169,1,bus,387.52,266.62,577.47,535.17,0.9427
169,2,bus,875.54,258.78,959.59,346.12,0.8548
169,8,bus,767.29,225.32,926.24,307.52,0.8558
169,11,bus,513.25,246.9,592.88,378.34,0.7825
169,229,car,812.87,411.53,960.0,540.0,0.8693
169,13,bus,446.06,199.93,500.75,268.03,0.8278
169,274,car,668.3,253.42,707.59,280.03,0.4918
169,9,bus,669.13,200.13,721.06,238.9,0.5199
169,381,car,648.03,283.33,702.24,325.48,0.7218
169,546,car,596.33,286.37,654.87,342.03,0.7982
169,639,car,727.61,265.32,778.49,297.81,0.7795
169,355,car,545.76,225.58,572.2,250.1,0.2765
169,1049,car,567.05,242.75,596.7,273.03,0.4853
169,1135,car,628.84,212.49,647.24,225.24,0.3111
169,1155,car,658.34,203.99,671.19,218.85,0.3111
169,1194,bike,52.99,303.02,74.2,329.71,0.6518
170,1,bus,385.12,267.55,575.63,535.07,0.9473
170,2,bus,875.32,258.15,959.8,346.04,0.8534
170,8,bus,767.61,225.47,925.97,307.45,0.8274
170,11,bus,513.35,247.37,592.65,378.9,0.7658
170,229,car,821.76,419.09,960.0,540.0,0.8301
170,13,bus,446.17,200.05,500.76,268.76,0.8276
170,274,car,663.14,252.78,705.99,281.24,0.485
170,9,bus,669.31,200.15,721.11,238.95,0.5575
170,381,car,650.06,284.81,705.6,328.0,0.676
170,546,car,597.72,287.57,656.76,343.58,0.7887
170,639,car,726.04,264.81,775.99,296.75,0.7686
170,355,car,545.86,225.99,572.49,250.63,0.4374
170,1049,car,567.05,243.23,596.8,273.55,0.5108
170,1155,car,658.01,203.43,671.55,219.1,0.2791
170,1194,bike,47.66,298.68,73.44,331.08,0.4114
170,15,car,645.39,235.83,666.9,254.21,0.2505
171,1,bus,383.76,268.32,575.16,535.15,0.9459
171,2,bus,875.07,257.67,959.6,345.59,0.8657
171,8,bus,767.58,225.27,924.88,306.97,0.8429
171,11,bus,513.2,247.85,592.47,380.09,0.7683
171,229,car,831.64,427.9,960.0,540.0,0.8447
171,13,bus,446.3,199.27,500.66,268.42,0.857
171,274,car,660.77,252.66,706.8,283.07,0.325
171,9,bus,669.42,200.19,720.51,238.57,0.557
171,381,car,649.95,285.89,707.17,330.28,0.7378
171,546,car,598.38,288.77,658.58,345.75,0.8011
171,639,car,724.43,263.52,774.35,295.55,0.7956
171,355,car,546.18,226.14,572.89,250.79,0.4527
171,1049,car,567.3,243.31,596.66,273.11,0.505
171,1155,car,657.92,203.0,671.72,218.9,0.3629
171,1194,bike,46.21,302.9,69.86,332.26,0.4447
171,15,car,645.35,236.11,667.05,254.68,0.3065
171,1135,car,627.76,211.85,645.92,224.61,0.2717
172,1,bus,382.66,269.43,575.59,536.0,0.9431
172,2,bus,874.92,257.34,959.72,345.61,0.8661
172,8,bus,766.35,224.38,924.05,306.77,0.8351
172,11,bus,513.09,248.27,592.51,381.52,0.7138
172,229,car,841.01,434.83,960.0,540.0,0.8326
172,13,bus,446.45,198.84,500.72,268.63,0.8295
172,274,car,660.8,253.24,707.68,284.08,0.3455
172,9,bus,669.69,199.88,720.91,238.45,0.5531
172,381,car,649.89,286.37,709.45,332.71,0.7374
172,546,car,599.59,289.8,660.48,347.37,0.7978
172,639,car,723.21,262.52,772.52,294.26,0.8024
172,355,car,545.88,226.04,573.51,251.62,0.3567
172,1049,car,567.72,243.54,596.96,273.11,0.4592
172,1155,car,658.25,203.61,671.45,218.65,0.273
172,1194,bike,43.82,306.53,65.47,333.12,0.5087
172,15,car,645.11,235.83,667.53,255.22,0.2244
172,1227,car,677.31,254.26,708.43,277.99,0.5161
173,1,bus,382.53,270.58,576.83,536.53,0.9471
173,2,bus,874.72,257.31,959.59,345.65,0.8576
173,8,bus,766.18,224.12,925.46,307.64,0.82
173,11,bus,512.81,248.19,592.49,382.79,0.7285
173,229,car,851.4,441.89,960.0,540.0,0.7196
173,13,bus,446.51,198.89,500.88,269.52,0.8221
173,274,car,659.84,252.68,708.24,284.43,0.3437
173,9,bus,669.3,199.32,720.69,238.21,0.5703
173,381,car,651.59,287.38,712.48,335.1,0.5879
173,546,car,600.51,290.33,661.97,348.5,0.7897
173,639,car,721.71,261.72,769.66,292.59,0.7578
173,355,car,546.16,226.3,573.66,251.8,0.2851
173,1049,car,567.54,243.75,597.47,273.96,0.4485
173,1155,car,658.62,204.49,671.05,218.43,0.2864
173,1194,bike,42.01,308.45,63.07,333.93,0.4608
173,1227,car,676.7,253.63,707.88,277.4,0.4857
173,962,truck,2.42,394.61,301.17,538.2,0.2171
173,1135,car,626.98,211.08,645.04,223.87,0.2516
174,1,bus,382.27,271.58,577.82,536.2,0.9494
174,2,bus,874.74,257.04,959.64,345.45,0.8612
174,8,bus,765.85,222.6,927.5,307.72,0.851
174,11,bus,512.98,248.65,592.31,383.28,0.8225
174,229,car,863.1,452.97,960.0,540.0,0.4477
174,13,bus,446.84,199.2,500.83,269.97,0.8107
174,274,car,660.44,252.55,707.98,283.5,0.3015
174,9,bus,669.65,199.53,720.75,238.23,0.516
174,381,car,654.8,289.46,715.44,337.0,0.6852
174,546,car,601.43,292.09,663.44,350.79,0.7877
174,639,car,720.18,260.99,767.56,291.48,0.7212
174,355,car,546.73,227.13,574.29,252.72,0.3199
174,1049,car,568.89,244.37,597.83,273.46,0.3996
174,1155,car,658.23,204.12,671.44,218.77,0.2884
174,1227,car,676.78,253.53,707.98,277.3,0.4955
174,962,truck,1.92,394.45,301.36,538.16,0.2395
175,1,bus,381.62,272.37,578.71,535.68,0.9501
175,2,bus,874.69,256.99,959.67,345.54,0.8699
175,8,bus,766.14,222.87,927.64,308.21,0.8267
175,11,bus,513.0,249.06,592.59,384.63,0.8336
175,229,car,875.75,463.55,960.0,540.0,0.4751
175,13,bus,446.98,199.29,500.49,270.04,0.8194
175,9,bus,669.6,199.79,720.34,238.27,0.5462
175,381,car,657.19,291.66,717.99,339.14,0.7841
175,546,car,602.5,293.6,665.59,353.37,0.7878
175,639,car,719.03,260.41,766.01,290.67,0.7525
175,355,car,547.04,227.73,574.76,253.45,0.3577
175,1049,car,568.64,244.91,599.37,276.01,0.3739
175,1155,car,658.12,204.25,671.42,218.9,0.3092
175,1227,car,676.88,253.56,707.39,276.77,0.4752
175,15,car,645.54,236.36,667.28,255.33,0.239
175,1194,bike,35.95,308.68,58.57,335.67,0.3895
176,1,bus,381.43,273.48,580.12,535.23,0.9522
176,2,bus,874.67,257.05,959.69,345.69,0.8723
176,8,bus,766.16,222.69,927.29,308.2,0.8345
176,11,bus,512.76,249.47,592.52,385.83,0.8581
176,13,bus,447.34,199.42,500.04,269.6,0.8184
176,9,bus,669.73,200.04,720.14,238.28,0.5781
176,381,car,659.28,293.7,721.18,341.84,0.7845
176,546,car,603.65,295.26,667.27,355.52,0.7873
176,639,car,717.45,259.83,763.86,289.79,0.7212
176,355,car,547.21,228.44,575.08,254.26,0.3255
176,1049,car,569.2,245.23,599.96,276.49,0.424
176,1155,car,658.06,204.55,671.19,218.86,0.3357
176,1227,car,677.29,253.49,706.78,275.88,0.4584
176,15,car,645.78,236.42,667.05,255.05,0.2274
176,962,truck,3.42,396.25,300.06,537.97,0.2119
177,1,bus,381.12,275.46,581.81,535.67,0.9511
177,2,bus,875.04,258.21,959.31,345.97,0.8626
177,8,bus,768.76,225.24,925.01,307.98,0.8345
177,11,bus,512.71,250.29,592.79,387.64,0.879
177,13,bus,447.2,199.41,499.99,270.22,0.8222
177,9,bus,669.76,199.87,720.79,238.58,0.5868
177,381,car,662.45,295.42,725.72,344.68,0.7879
177,546,car,604.27,296.35,669.71,358.45,0.8358
177,639,car,716.12,259.6,762.1,289.33,0.8139
177,355,car,548.35,229.46,575.75,254.68,0.346
177,1049,car,569.89,246.0,600.41,277.11,0.4364
177,1155,car,657.25,203.74,671.52,219.32,0.315
177,1227,car,677.43,253.76,706.25,275.6,0.3599
177,15,car,646.01,236.42,666.47,254.24,0.2864
177,1276,car,578.6,277.33,598.81,299.63,0.3549
178,1,bus,380.02,276.87,583.27,536.09,0.95
178,2,bus,875.45,259.25,958.92,345.99,0.8757
178,8,bus,769.35,226.2,923.68,307.77,0.7668
178,11,bus,512.56,251.27,592.84,389.66,0.804
178,13,bus,447.41,199.68,499.55,270.02,0.8078
178,9,bus,669.45,200.18,720.38,238.77,0.5402
178,381,car,663.44,296.94,728.03,347.0,0.8035
178,546,car,605.51,297.85,671.22,360.2,0.7883
178,639,car,715.07,259.32,760.65,288.81,0.8004
178,355,car,549.28,230.26,576.48,255.16,0.3475
178,1049,car,570.29,246.08,600.63,277.0,0.5261
178,1155,car,657.56,204.42,671.49,219.55,0.3685
178,1227,car,678.58,254.25,704.08,273.34,0.421
178,15,car,646.27,236.42,665.81,253.24,0.2765
178,1276,car,578.67,278.17,599.29,300.9,0.4242
178,1194,bike,25.23,311.1,49.95,340.14,0.4525
178,962,truck,3.17,396.07,300.26,537.57,0.2532
179,1,bus,379.16,279.04,584.28,535.98,0.9503
179,2,bus,875.54,259.64,958.73,345.9,0.8749
179,8,bus,767.96,225.6,923.0,307.66,0.7851
179,11,bus,512.33,252.21,592.58,391.32,0.7244
179,13,bus,447.53,199.85,499.57,270.41,0.8122
179,9,bus,670.37,200.9,721.04,239.0,0.4957
179,381,car,664.85,299.03,731.14,350.34,0.8262
179,546,car,606.11,299.53,673.23,363.39,0.8451
179,639,car,714.17,259.44,758.43,288.15,0.7807
179,355,car,549.49,230.68,576.69,255.35,0.4166
179,1049,car,570.75,246.5,600.39,276.54,0.5202
179,1155,car,657.8,205.33,670.69,219.12,0.3026
179,1227,car,678.19,254.73,702.82,272.93,0.5183
179,15,car,646.66,236.64,665.39,252.5,0.2477
179,1276,car,578.91,278.14,600.14,301.51,0.4375
179,1300,car,398.09,195.0,413.04,206.64,0.3699
179,1301,car,620.69,226.4,646.62,243.15,0.329
179,1194,bike,19.84,306.58,49.12,341.2,0.4362
180,1,bus,378.47,280.11,586.23,535.47,0.9518
180,2,bus,875.31,259.63,958.78,346.03,0.8699
180,8,bus,769.02,226.46,921.78,307.14,0.855
180,11,bus,511.92,252.55,592.26,392.55,0.8268
180,13,bus,447.6,199.83,499.44,270.51,0.8088
180,9,bus,669.54,200.7,720.43,238.95,0.5118
180,381,car,667.19,301.09,734.63,353.06,0.7893
180,546,car,607.61,301.19,675.47,365.85,0.8496
180,639,car,713.26,259.1,756.75,287.4,0.816
180,355,car,549.58,230.87,576.95,255.38,0.4677
180,1049,car,571.33,246.84,600.65,276.32,0.4731
180,1155,car,657.53,204.67,671.4,219.47,0.3583
180,1227,car,677.89,254.58,702.42,272.53,0.4999
180,15,car,646.55,236.64,665.42,252.44,0.3344
180,1276,car,579.17,278.1,601.09,302.16,0.484
180,1300,car,397.92,195.07,412.65,206.54,0.3211
180,1301,car,621.13,226.47,646.35,242.77,0.3357
180,1194,bike,17.61,309.03,46.2,342.7,0.3684
180,1135,car,624.36,210.56,642.74,223.61,0.2728
180,962,truck,2.69,395.81,300.59,537.38,0.3104
181,1,bus,377.78,281.09,588.64,535.18,0.9504
181,2,bus,875.2,259.44,959.06,346.19,0.8665
181,8,bus,769.59,227.18,920.93,306.9,0.8564
181,11,bus,511.84,252.9,592.04,393.42,0.8279
181,13,bus,445.2,199.97,501.78,278.42,0.8187
181,9,bus,669.53,201.1,719.83,238.83,0.3872
181,381,car,670.0,303.43,738.35,355.71,0.822
181,546,car,608.76,302.71,677.36,368.08,0.8446
181,639,car,711.96,258.13,755.38,286.45,0.7972
181,355,car,550.13,230.96,577.71,255.46,0.4095
181,1049,car,570.89,247.39,602.03,278.64,0.446
181,1155,car,657.21,204.66,671.16,219.48,0.3291
181,1227,car,677.41,254.48,702.22,272.48,0.5118
181,15,car,646.52,236.55,665.64,252.45,0.295
181,1276,car,579.0,278.19,601.54,302.8,0.3856
181,1300,car,397.98,195.08,412.62,206.49,0.2916
181,1301,car,620.74,226.28,646.49,242.93,0.3086
181,1194,bike,14.57,309.74,43.45,343.99,0.4407
181,1135,car,623.95,210.47,642.54,223.79,0.2652
181,962,truck,1.91,395.06,301.2,537.18,0.2161
182,1,bus,377.05,282.9,590.87,535.3,0.9513
182,2,bus,875.0,259.42,959.03,346.23,0.8738
182,8,bus,768.62,226.19,922.58,307.14,0.8412
182,11,bus,511.6,253.64,592.01,395.44,0.8695
182,13,bus,444.53,200.43,502.53,282.09,0.8848
182,9,bus,669.61,201.07,720.16,238.9,0.4968
182,381,car,671.18,304.93,742.16,359.19,0.8687
182,546,car,610.39,304.41,679.95,370.64,0.843
182,639,car,711.48,257.79,753.55,285.33,0.8011
182,355,car,549.98,231.08,578.12,255.9,0.3588
182,1049,car,570.17,247.3,603.15,280.45,0.4043
182,1155,car,657.06,204.66,671.02,219.39,0.3139
182,1227,car,677.05,254.58,702.67,273.04,0.5378
182,15,car,646.62,236.57,665.26,251.81,0.2935
182,1300,car,397.97,195.55,412.21,206.61,0.3679
182,1301,car,619.8,226.2,646.98,243.82,0.351
182,1135,car,623.8,210.35,642.22,223.69,0.292
182,962,truck,2.03,395.42,301.12,537.25,0.3544
183,1,bus,376.1,284.65,593.19,535.55,0.9491
183,2,bus,874.58,258.88,959.11,346.13,0.8729
183,8,bus,768.83,226.37,922.33,306.87,0.8532
183,11,bus,511.21,253.86,592.16,397.35,0.8881
183,13,bus,444.39,200.57,502.71,283.84,0.8964
183,9,bus,670.1,201.83,720.05,238.98,0.4185
183,381,car,672.73,306.59,745.07,361.9,0.8618
183,546,car,611.68,306.05,681.22,372.15,0.8646
183,639,car,710.66,257.2,751.85,284.25,0.7943
183,355,car,550.2,231.19,578.34,255.82,0.3659
183,1049,car,563.71,247.44,610.25,296.01,0.405
183,1155,car,657.17,205.16,670.96,219.58,0.3345
183,1227,car,677.04,254.17,702.75,272.61,0.4929
183,15,car,646.32,236.49,665.48,251.99,0.2747
183,1300,car,398.32,196.2,411.54,206.46,0.2983
183,1301,car,620.09,226.12,647.14,243.7,0.3492
183,1135,car,623.44,210.2,641.94,223.75,0.2509
183,962,truck,0.94,394.57,302.08,537.43,0.3398
183,1194,bike,9.56,316.62,35.39,346.34,0.2946
184,1,bus,374.89,286.6,595.06,535.27,0.9519
184,2,bus,874.45,258.55,959.5,346.41,0.8755
184,8,bus,769.17,226.36,922.78,306.66,0.8578
184,11,bus,511.15,254.36,592.03,398.55,0.8655
184,13,bus,444.45,200.67,502.59,284.8,0.8926
184,9,bus,668.91,200.74,720.33,239.13,0.5375
184,381,car,674.8,308.61,748.57,364.92,0.8402
184,546,car,612.34,307.57,683.91,375.84,0.8627
184,639,car,708.57,256.96,749.4,283.62,0.8259
184,355,car,550.91,231.34,579.15,256.09,0.2769
184,1049,car,562.06,247.75,612.86,302.69,0.494
184,1155,car,657.39,206.04,670.67,219.55,0.301
184,1227,car,676.26,254.5,703.33,273.88,0.5259
184,15,car,646.79,236.67,665.51,251.66,0.2225
184,1300,car,397.34,195.65,412.03,207.05,0.4975
184,1301,car,620.08,226.0,647.15,243.64,0.3031
184,1135,car,623.39,210.29,641.51,223.67,0.291
184,962,truck,1.18,394.96,301.8,537.49,0.2663
185,1,bus,373.62,288.31,597.34,535.27,0.9535
185,2,bus,874.35,258.47,959.51,346.44,0.8685
185,8,bus,767.24,225.5,923.14,306.95,0.8252
185,11,bus,510.62,254.7,591.7,400.15,0.8533
185,13,bus,444.7,200.83,502.18,284.99,0.8892
185,9,bus,669.21,201.01,720.09,238.98,0.4932
185,381,car,677.32,310.06,753.35,368.06,0.8515
185,546,car,613.97,309.45,686.32,378.49,0.8706
185,639,car,706.61,255.93,748.11,283.04,0.8124
185,355,car,550.94,231.33,580.14,257.01,0.2804
185,1155,car,657.41,206.2,670.94,219.71,0.3052
185,1227,car,676.21,254.77,703.59,274.3,0.5456
185,1300,car,396.89,195.95,411.8,207.5,0.4162
185,1301,car,619.98,226.15,646.83,243.66,0.2556
185,962,bus,1.29,394.27,302.34,537.01,0.2933
185,1276,car,578.71,277.97,605.5,307.17,0.5309
185,1194,bike,2.9,320.86,28.34,349.42,0.5175
186,1,bus,372.35,289.6,599.92,535.26,0.9568
186,2,bus,874.18,258.07,959.56,346.31,0.8639
186,8,bus,765.6,224.88,923.17,307.3,0.8358
186,11,bus,510.13,254.71,591.5,401.34,0.8493
186,13,bus,445.11,200.8,501.86,284.84,0.8928
186,9,bus,669.68,201.43,719.94,238.77,0.4959
186,381,car,680.17,312.11,757.71,371.28,0.8228
186,546,car,614.54,310.72,688.81,381.67,0.8088
186,639,car,705.16,254.8,746.68,281.9,0.8127
186,355,car,551.18,231.4,580.24,256.98,0.2921
186,1155,car,657.22,205.78,671.32,219.8,0.3265
186,1227,car,676.49,254.6,702.6,273.07,0.4202
186,1300,car,396.71,195.77,411.48,207.21,0.4917
186,1301,car,619.04,225.88,647.06,244.22,0.2277
186,1362,car,570.72,247.58,604.27,279.75,0.3573
186,1276,car,577.94,276.16,606.71,307.6,0.5533
186,1135,car,622.95,210.1,640.98,223.54,0.2542
187,1,bus,371.37,290.78,602.98,535.46,0.9583
187,2,bus,874.21,258.2,959.3,346.06,0.8715
187,8,bus,764.66,223.84,924.23,307.4,0.848
187,11,bus,509.26,254.87,591.67,404.11,0.8537
187,13,bus,445.36,200.88,501.59,285.02,0.8865
187,9,bus,669.99,202.34,719.29,238.72,0.4588
187,381,car,683.58,314.89,762.22,374.75,0.788
187,546,car,616.13,312.48,691.68,384.64,0.8042
187,639,car,704.49,254.25,745.26,280.88,0.7663
187,1155,car,657.13,205.85,671.3,219.86,0.3127
187,1227,car,676.48,254.57,702.25,272.69,0.4413
187,1300,car,396.62,195.65,411.36,207.05,0.4148
187,1301,car,617.59,225.49,647.31,244.99,0.2388
187,1362,car,570.96,248.62,607.28,283.51,0.3339
187,1276,car,578.18,276.09,607.41,307.94,0.5458
187,1135,car,622.67,209.98,640.53,223.39,0.2617
188,1,bus,370.03,292.2,605.64,536.16,0.9461
188,2,bus,873.84,257.82,959.5,346.32,0.8679
188,8,bus,765.79,225.31,921.53,306.68,0.8503
188,11,bus,507.96,254.98,591.23,406.42,0.8364
188,13,bus,445.65,201.01,501.26,284.92,0.8808
188,9,bus,670.43,202.88,719.42,238.81,0.4381
188,381,car,686.37,317.83,766.04,378.27,0.796
188,546,car,617.71,314.17,694.23,387.46,0.8075
188,639,car,703.11,253.78,743.66,280.25,0.7949
188,1155,car,657.08,206.05,670.85,219.41,0.3098
188,1227,car,676.06,254.96,702.7,273.6,0.4478
188,1300,car,396.33,195.42,411.79,207.38,0.4895
188,1301,car,617.34,225.37,647.4,245.19,0.316
188,1362,car,571.9,249.22,607.33,283.3,0.2597
188,1276,car,577.78,275.85,608.41,309.25,0.4998
188,1135,car,622.57,209.88,640.43,223.34,0.2905
188,962,bus,0.83,392.92,303.37,536.46,0.2372
189,1,bus,368.19,294.11,606.77,536.36,0.9416
189,2,bus,873.8,257.68,959.58,346.33,0.8687
189,8,bus,767.35,225.98,922.63,306.68,0.8144
189,11,bus,507.03,255.38,590.76,408.33,0.8066
189,13,bus,445.88,200.84,501.16,284.97,0.8792
189,9,bus,669.86,201.96,720.53,239.04,0.4939
189,381,car,688.22,320.35,770.12,382.55,0.8252
189,546,car,619.33,315.76,696.62,389.96,0.8012
189,639,car,702.14,253.44,742.25,279.72,0.7711
189,1227,car,675.57,255.04,703.53,274.65,0.4769
189,1300,car,396.13,196.02,411.5,207.84,0.4181
189,1362,car,572.82,250.39,607.64,283.91,0.2802
189,1276,car,577.05,274.42,609.58,309.86,0.3891
189,1135,car,622.47,209.79,640.34,223.4,0.2695
190,1,bus,366.59,295.74,608.03,536.09,0.9095
190,2,bus,873.51,257.46,959.54,346.37,0.8685
190,8,bus,767.11,225.46,923.98,306.68,0.8386
190,11,bus,506.29,256.96,590.16,410.42,0.5246
190,13,bus,446.03,200.85,500.86,284.99,0.8757
190,9,bus,669.93,202.45,720.2,239.06,0.439
190,381,car,691.81,322.84,775.11,385.92,0.8602
190,546,car,621.34,318.01,699.16,392.66,0.8201
190,639,car,701.79,252.67,741.86,279.1,0.7774
190,1227,car,675.81,255.01,703.24,274.2,0.4555
190,1300,car,395.56,195.9,411.41,208.08,0.4778
190,1362,car,572.83,250.76,607.69,284.35,0.2584
190,1276,car,576.42,273.14,610.47,310.27,0.3508
190,1135,car,621.94,209.5,640.08,223.44,0.2438
190,1401,bus,510.47,257.39,585.36,323.56,0.341
190,1155,car,656.96,206.01,671.21,219.64,0.3027
190,1301,car,618.4,225.93,647.06,244.86,0.2969
191,1,bus,364.26,297.22,609.41,536.91,0.8549
191,2,bus,873.33,257.39,959.53,346.49,0.8704
191,8,bus,765.2,224.96,921.78,306.08,0.8535
191,11,bus,505.55,257.76,590.27,413.08,0.7331
191,13,bus,446.2,200.77,500.76,285.08,0.8687
191,9,bus,670.25,203.01,720.12,238.99,0.4611
191,381,car,694.07,325.12,779.75,390.0,0.8121
191,546,car,622.85,319.17,702.45,395.62,0.8098
191,639,car,701.98,252.29,740.79,278.17,0.733
191,1227,car,675.7,254.81,703.23,274.07,0.5047
191,1300,car,395.2,195.89,411.29,208.25,0.4422
191,1362,car,573.31,251.16,606.65,283.26,0.4036
191,1276,car,578.2,275.95,611.12,311.74,0.6597
191,1155,car,656.67,205.88,671.33,219.84,0.2269
191,1301,car,619.44,226.14,646.68,244.1,0.2272
192,1,bus,362.71,299.7,610.0,537.3,0.799
192,2,bus,873.21,257.42,959.52,346.64,0.8593
192,8,bus,764.44,226.03,919.64,306.37,0.7826
192,11,bus,505.39,257.15,590.66,414.05,0.7582
192,13,bus,446.32,201.01,500.55,285.28,0.8559
192,9,bus,669.99,202.71,720.25,238.89,0.4199
192,381,car,698.4,328.78,785.59,394.48,0.6885
192,546,car,624.51,321.59,705.87,399.85,0.7571
192,639,car,701.79,252.18,739.71,277.64,0.7082
192,1227,car,675.39,255.12,703.02,274.37,0.405
192,1300,car,394.47,195.13,411.56,208.37,0.4114
192,1276,car,578.93,277.5,611.78,313.16,0.4854
192,1155,car,656.98,205.89,671.83,219.94,0.262
192,1301,car,619.06,226.09,646.31,244.02,0.2506
192,962,truck,0.76,393.66,302.54,536.85,0.3342
193,1,bus,361.39,301.98,610.52,537.36,0.851
193,2,bus,872.78,256.93,959.66,346.81,0.8693
193,8,bus,763.95,225.8,919.79,306.48,0.6097
193,11,bus,504.9,258.67,589.95,415.07,0.7379
193,13,bus,446.4,201.0,500.36,285.33,0.8566
193,9,bus,670.52,204.35,719.12,238.89,0.3124
193,381,car,702.05,331.09,792.24,398.6,0.6314
193,546,car,625.99,323.61,708.98,403.56,0.7903
193,639,car,700.77,251.62,738.39,277.16,0.6918
193,1227,car,675.79,255.02,702.32,273.38,0.453
193,1300,car,394.26,195.35,411.19,208.47,0.4184
193,1276,car,579.43,277.85,612.85,314.08,0.5607
193,1155,car,656.89,206.17,671.81,220.19,0.2256
193,1301,car,619.18,226.33,645.84,243.79,0.2282
193,962,truck,0.82,393.73,302.52,536.88,0.2978
193,1362,car,572.27,251.2,606.33,283.98,0.3909
194,1,bus,360.48,304.79,610.62,537.26,0.8714
194,2,bus,873.05,257.9,959.22,346.92,0.8636
194,8,bus,762.0,224.15,920.24,306.29,0.733
194,11,bus,504.23,259.76,589.26,415.99,0.789
194,13,bus,446.59,201.16,500.27,285.46,0.8559
194,9,bus,670.69,204.51,720.24,239.46,0.4338
194,381,car,705.01,333.77,798.13,403.39,0.8412
194,546,car,627.57,326.54,711.68,407.61,0.832
194,639,car,700.1,251.07,736.9,276.29,0.6935
194,1227,car,676.15,254.52,701.83,272.11,0.4358
194,1300,car,394.66,197.12,410.18,208.93,0.503
194,1276,car,579.53,278.01,613.97,315.33,0.4424
194,1301,car,620.15,226.73,645.88,243.54,0.2494
194,962,bus,1.74,393.94,302.63,536.64,0.2787
194,1362,car,573.61,252.01,606.97,284.19,0.2935
195,1,bus,359.48,307.15,610.94,537.23,0.8484
195,2,bus,872.69,257.04,959.56,346.84,0.8667
195,8,bus,763.17,224.27,921.35,306.26,0.7807
195,11,bus,503.43,258.93,589.74,417.3,0.7611
195,13,bus,446.85,201.28,500.31,285.53,0.85
195,9,bus,671.03,204.99,720.52,239.62,0.3418
195,381,car,707.38,336.89,803.16,408.57,0.8325
195,546,car,629.42,329.76,714.57,411.86,0.8058
195,639,car,699.22,250.13,735.63,275.39,0.6301
195,1227,car,675.18,254.22,702.78,273.15,0.4546
195,1300,car,394.21,196.75,410.3,208.97,0.5484
195,1276,car,576.98,273.31,616.03,316.0,0.3247
195,1301,car,619.64,226.69,646.15,244.02,0.261
195,962,truck,1.07,394.33,301.72,536.92,0.4717
195,1155,car,656.77,206.31,671.66,220.22,0.2329
196,1,bus,358.18,309.04,611.17,537.12,0.8939
196,2,bus,872.53,256.87,959.63,346.96,0.8662
196,8,bus,763.38,223.87,922.18,306.1,0.8008
196,11,bus,502.14,259.54,589.34,418.98,0.8602
196,13,bus,446.86,201.33,500.11,285.57,0.8483
196,9,bus,670.21,204.05,721.07,239.47,0.4557
196,381,car,710.33,339.43,808.29,413.06,0.8336
196,546,car,632.0,332.84,717.77,415.39,0.806
196,639,car,698.19,249.35,734.28,274.71,0.5919
196,1227,car,674.83,254.37,703.96,274.4,0.5146
196,1300,car,393.93,196.63,410.07,208.83,0.5495
196,1301,car,619.71,226.88,646.02,244.01,0.2451
196,962,truck,0.82,394.72,301.12,537.17,0.4254
196,1155,car,656.78,206.17,671.72,220.12,0.2361
197,1,bus,357.07,310.92,611.61,537.15,0.8196
197,2,bus,872.16,256.14,959.74,346.8,0.8654
197,8,bus,764.1,224.69,920.92,305.72,0.7651
197,11,bus,501.51,261.02,588.82,419.65,0.7298
197,13,bus,446.85,201.1,499.93,285.42,0.8421
197,9,bus,669.1,202.53,721.62,239.19,0.499
197,381,car,714.15,342.54,814.12,417.87,0.8514
197,546,car,634.1,335.2,721.15,418.72,0.7656
197,639,car,697.24,248.25,733.09,273.79,0.5592
197,1227,car,674.19,253.93,704.93,275.21,0.5851
197,1300,car,393.22,195.95,410.17,208.79,0.5406
197,1301,car,619.57,226.58,646.0,243.72,0.2421
197,962,truck,0.81,394.84,300.44,536.93,0.5377
197,1401,bus,507.04,261.57,582.06,326.86,0.337
197,1362,car,574.94,252.54,607.78,284.38,0.2383
197,1276,car,582.39,283.4,615.78,318.98,0.561
198,1,bus,356.21,313.31,611.53,537.07,0.8841
198,2,bus,872.11,255.87,959.87,346.82,0.8604
198,8,bus,764.42,225.65,919.94,305.73,0.7714
198,11,bus,501.22,261.88,588.51,419.54,0.721
198,13,bus,447.11,201.23,499.94,285.41,0.8523
198,9,bus,669.38,202.06,722.86,239.22,0.5273
198,381,car,717.74,346.12,819.72,422.98,0.8052
198,546,car,634.97,337.0,725.22,423.85,0.7505
198,639,car,696.25,247.83,731.38,273.08,0.5862
198,1227,car,674.43,253.77,704.24,274.5,0.5584
198,1300,car,393.5,196.86,409.75,209.08,0.5522
198,1301,car,619.46,226.69,645.99,243.87,0.2291
198,962,truck,1.33,395.23,300.37,536.93,0.5855
198,1401,bus,504.96,262.66,583.53,330.33,0.3867
198,1276,car,582.15,282.47,617.49,319.82,0.5057
199,1,bus,355.56,316.25,611.05,537.03,0.8051
199,2,bus,872.14,255.67,959.73,346.48,0.862
199,8,bus,765.19,226.69,919.41,305.72,0.7626
199,11,bus,500.38,262.36,588.4,420.64,0.8028
199,13,bus,447.26,201.23,500.02,285.51,0.8471
199,9,bus,669.67,201.73,723.95,239.36,0.5099
199,381,car,722.18,349.54,827.94,429.43,0.7766
199,546,car,637.04,339.14,729.81,428.64,0.7542
199,639,car,695.34,247.54,729.28,272.17,0.6501
199,1227,car,674.74,253.81,703.72,274.02,0.5676
199,1300,car,393.74,197.35,409.41,208.98,0.5441
199,962,truck,0.96,395.18,300.6,537.16,0.4536
199,1276,car,582.86,283.39,618.48,320.59,0.6181
199,1135,car,619.91,207.68,637.72,221.5,0.2681
199,1155,car,656.94,205.38,672.47,219.9,0.3024
200,1,bus,355.04,318.7,611.18,537.01,0.8191
200,2,bus,871.85,255.39,959.6,346.41,0.8605
200,8,bus,764.99,226.74,919.28,305.43,0.7697
200,11,bus,499.71,262.87,587.61,420.06,0.7116
200,13,bus,447.2,201.11,499.99,285.67,0.843
200,9,bus,669.38,201.7,723.39,239.15,0.5157
200,381,car,726.34,353.34,834.29,434.88,0.7721
200,546,car,638.86,341.71,733.16,432.81,0.6442
200,639,car,695.11,247.3,727.82,271.27,0.5988
200,1227,car,674.38,253.45,703.54,273.85,0.5691
200,1300,car,394.01,198.04,409.18,209.1,0.5852
200,962,truck,0.76,395.16,300.88,537.35,0.4001
200,1276,car,583.5,284.85,619.28,321.69,0.6765
201,1,bus,354.31,320.87,611.32,536.98,0.7788
201,2,bus,871.68,255.21,959.39,346.13,0.861
201,8,bus,765.08,227.01,919.43,305.3,0.7696
201,11,bus,499.22,263.06,587.02,418.95,0.6466
201,13,bus,447.29,201.18,499.9,285.65,0.8516
201,9,bus,668.65,201.27,722.9,239.07,0.5298
201,381,car,730.65,356.98,841.4,440.8,0.773
201,546,car,640.54,344.1,736.99,437.42,0.7304
201,639,car,694.68,247.02,726.63,270.6,0.5953
201,1227,car,674.34,253.26,703.26,273.55,0.5666
201,1300,car,393.93,198.59,408.99,209.41,0.5928
201,962,truck,0.68,395.07,300.98,537.36,0.379
201,1276,car,583.45,285.02,620.57,322.92,0.6831
201,1362,car,574.84,254.47,609.92,288.45,0.326
201,1155,car,656.51,205.7,671.9,219.93,0.2552
202,1,bus,353.61,323.33,611.18,537.04,0.8129
202,2,bus,872.1,256.14,958.99,346.06,0.8688
202,8,bus,764.3,226.02,920.38,304.82,0.6786
202,11,bus,501.74,264.23,583.18,405.42,0.7045
202,13,bus,447.42,201.19,500.01,285.86,0.8458
202,9,bus,669.08,202.07,722.12,239.08,0.5066
202,381,car,735.67,360.54,849.24,446.67,0.7553
202,546,car,642.87,346.85,740.86,441.62,0.766
202,639,car,694.71,246.85,725.52,269.79,0.5778
202,1227,car,674.53,252.93,703.01,272.94,0.5538
202,1300,car,393.55,198.53,409.09,209.58,0.542
202,962,truck,0.65,395.07,300.61,537.18,0.3163
202,1276,car,583.21,285.13,621.85,324.37,0.6938
202,1500,bike,285.58,242.69,299.2,265.9,0.4191
202,1362,car,571.85,253.77,608.68,288.72,0.2837
202,1155,car,656.65,205.74,672.15,220.08,0.2712
203,1,bus,353.0,325.37,611.33,537.03,0.8673
203,2,bus,871.92,256.55,959.0,346.57,0.8654
203,8,bus,762.25,225.98,917.89,304.46,0.6427
203,11,bus,501.08,264.56,581.86,401.59,0.803
203,13,bus,447.51,201.13,500.15,285.99,0.84
203,9,bus,668.35,201.53,721.87,239.02,0.5264
203,381,car,739.35,364.03,856.59,453.3,0.6998
203,546,car,645.39,349.72,745.6,446.77,0.6343
203,639,car,693.52,246.38,723.9,269.12,0.5866
203,1227,car,674.18,252.9,702.9,273.15,0.5662
203,1300,car,393.87,199.15,408.96,209.7,0.6273
203,962,truck,0.53,394.88,300.67,537.1,0.3812
203,1276,car,583.08,285.09,623.11,325.59,0.7353
203,1500,bike,284.72,242.87,298.3,265.98,0.4069
203,1362,car,575.57,254.9,611.29,288.96,0.3905
204,1,bus,352.79,328.22,610.99,537.03,0.8594
204,2,bus,871.67,256.42,958.85,346.37,0.864
204,8,bus,761.68,226.08,917.07,304.3,0.7398
204,11,bus,499.48,265.14,582.78,403.97,0.73
204,13,bus,447.51,201.18,500.08,285.95,0.8448
204,9,bus,668.25,200.68,722.56,238.89,0.5512
204,381,car,744.07,367.71,865.37,460.41,0.6644
204,546,car,647.13,353.2,750.27,453.31,0.6454
204,639,car,692.17,246.12,721.9,268.41,0.5427
204,1227,car,673.98,252.84,702.93,273.35,0.5645
204,1300,car,393.39,199.04,408.95,209.83,0.6356
204,962,truck,0.37,394.62,300.89,537.04,0.346
204,1276,car,583.15,284.85,624.83,326.93,0.7343
204,1500,bike,283.68,242.24,297.78,266.19,0.3613
204,1362,car,577.21,255.49,611.73,288.31,0.406
204,1155,car,656.28,205.73,671.75,219.97,0.254
205,1,bus,352.86,331.13,610.75,536.96,0.8871
205,2,bus,871.74,256.38,958.8,346.07,0.8693
205,8,bus,761.45,225.59,917.36,303.84,0.7132
205,11,bus,496.81,265.83,584.12,409.47,0.7233
205,13,bus,447.49,201.15,500.13,286.02,0.8485
205,9,bus,668.44,201.22,721.85,238.92,0.5476
205,381,car,750.61,373.32,873.3,466.95,0.719
205,546,car,649.58,355.93,754.72,457.97,0.6716
205,639,car,691.52,245.78,720.88,267.85,0.4449
205,1227,car,674.06,252.5,702.75,272.87,0.5134
205,1300,car,392.87,198.88,409.07,210.1,0.6948
205,962,truck,0.21,394.39,301.19,537.09,0.3227
205,1276,car,582.76,284.78,626.5,328.89,0.7714
205,1500,bike,282.65,242.48,296.91,266.66,0.4245
205,1362,car,579.33,257.11,611.51,287.28,0.3631
206,1,bus,352.64,333.45,610.88,536.97,0.9129
206,2,bus,871.76,256.67,958.86,346.28,0.8649
206,8,bus,761.73,225.97,917.66,303.85,0.8226
206,11,bus,495.67,266.18,583.5,408.39,0.8085
206,13,bus,447.61,200.98,500.34,286.03,0.8416
206,9,bus,668.63,201.26,721.81,238.89,0.5233
206,381,car,756.34,377.63,883.66,474.78,0.7082
206,546,car,651.8,359.05,759.24,463.4,0.5998
206,639,car,691.25,245.47,720.38,267.57,0.3369
206,1227,car,673.88,252.24,702.72,272.8,0.527
206,1300,car,392.71,199.13,408.81,210.18,0.7013
206,962,truck,0.45,394.61,301.76,537.47,0.3913
206,1276,car,582.39,284.74,627.73,330.45,0.8005
206,1500,bike,281.68,242.87,296.2,267.54,0.3023
206,1362,car,578.4,256.72,612.64,288.74,0.373
206,1155,car,656.5,205.84,672.01,220.14,0.2772
207,1,bus,353.06,336.77,610.51,536.98,0.8645
207,2,bus,871.47,256.95,958.75,346.58,0.8635
207,8,bus,761.63,225.89,918.32,303.72,0.8268
207,11,bus,494.18,267.14,583.26,408.99,0.8259
207,13,bus,447.19,200.53,500.49,286.62,0.8592
207,9,bus,668.41,202.12,720.89,239.3,0.5067
207,381,car,761.91,382.38,893.62,483.05,0.6253
207,546,car,654.82,363.04,764.13,469.1,0.6614
207,639,car,690.76,244.8,720.11,267.38,0.3163
207,1227,car,674.52,252.43,701.62,271.6,0.5412
207,1300,car,392.52,199.69,408.49,210.5,0.6847
207,962,truck,0.0,394.57,301.82,537.82,0.3351
207,1276,car,582.92,285.54,629.5,332.4,0.7625
207,1500,bike,280.01,245.13,294.07,268.8,0.4316
207,1362,car,577.16,257.49,611.86,289.39,0.3658
207,1155,car,656.76,206.09,671.87,219.98,0.2958
208,1,bus,352.85,339.03,610.8,537.04,0.889
208,2,bus,871.51,257.24,958.52,346.35,0.8671
208,8,bus,759.83,225.41,916.95,303.31,0.7974
208,11,bus,492.7,267.4,583.34,409.51,0.8555
208,13,bus,447.65,200.89,500.38,286.21,0.8539
208,9,bus,668.32,201.34,721.58,239.28,0.6089
208,381,car,766.59,386.28,903.12,490.96,0.7666
208,546,car,658.01,366.61,769.73,474.96,0.7115
208,639,car,687.65,243.48,717.94,266.71,0.3492
208,1227,car,673.54,252.3,702.38,272.8,0.5312
208,1300,car,391.85,199.68,407.81,210.36,0.6066
208,962,truck,0.0,394.57,301.76,537.89,0.4318
208,1276,car,583.03,285.93,630.2,333.16,0.793
208,1500,bike,278.44,244.29,293.09,268.75,0.3794
208,1362,car,578.26,259.71,611.37,289.62,0.3186
208,1155,car,656.34,205.98,671.69,220.0,0.2607
208,1548,truck,656.95,366.26,770.08,474.89,0.4659
209,1,bus,352.83,341.75,610.67,537.1,0.909
209,2,bus,870.78,256.44,958.84,346.53,0.8556
209,8,bus,758.52,225.02,916.46,303.24,0.75
209,11,bus,490.58,268.48,582.86,411.12,0.8133
209,13,bus,447.79,201.3,500.38,286.48,0.8495
209,9,bus,668.66,200.92,722.68,239.51,0.6177
209,381,car,771.9,391.57,913.48,500.62,0.7652
209,546,truck,660.37,370.16,775.39,481.78,0.5052
209,639,car,685.01,243.14,715.42,266.23,0.4619
209,1227,car,673.37,252.23,701.87,272.46,0.4759
209,1300,car,391.37,199.78,407.97,210.79,0.6314
209,962,truck,0.0,394.67,301.63,538.06,0.4077
209,1276,car,583.27,287.26,631.46,335.15,0.7859
209,1362,car,578.75,260.34,613.65,291.77,0.4806
209,1155,car,656.81,205.97,672.2,220.0,0.2916
209,1548,car,659.45,369.64,775.33,480.94,0.4698
209,1555,car,562.24,239.52,605.16,268.73,0.3523
210,1,bus,353.11,344.86,610.37,537.17,0.883
210,2,bus,870.28,256.34,959.04,347.08,0.863
210,8,bus,757.64,224.22,917.22,303.22,0.7418
210,11,bus,488.24,269.17,582.76,413.32,0.8191
210,13,bus,447.4,200.61,500.84,287.36,0.8587
210,9,bus,670.05,202.57,722.65,239.91,0.5619
210,381,car,779.96,398.85,923.79,509.45,0.756
210,546,car,662.77,373.64,781.18,488.72,0.5509
210,639,car,685.04,242.37,715.56,265.78,0.3872
210,1227,car,673.17,252.13,702.02,272.66,0.4843
210,1300,car,391.0,199.86,407.78,210.96,0.6742
210,962,truck,0.17,395.08,301.58,538.29,0.2796
210,1276,car,583.13,288.36,632.62,337.22,0.7455
210,1362,car,579.44,261.25,614.58,292.83,0.486
210,1155,car,656.77,206.04,672.03,219.94,0.2523
210,1548,truck,662.03,373.29,781.72,488.33,0.4488
210,1555,car,563.58,239.78,606.36,268.88,0.3954
210,1500,bike,276.67,247.36,291.06,271.08,0.3623
211,1,bus,353.49,348.32,609.74,537.16,0.9177
211,2,bus,870.03,256.03,959.02,346.92,0.8695
211,8,bus,758.35,224.14,917.8,302.83,0.7573
211,11,bus,486.16,269.49,582.74,415.11,0.8373
211,13,bus,447.18,200.33,501.04,287.86,0.8587
211,9,bus,670.74,203.4,722.56,239.88,0.5666
211,381,car,785.95,403.74,937.39,520.38,0.819
211,546,car,666.14,377.7,787.01,495.09,0.7131
211,639,car,684.46,241.91,714.73,265.29,0.5168
211,1227,car,672.88,252.02,702.03,272.81,0.4755
211,1300,car,390.65,199.64,407.8,211.0,0.7077
211,1276,car,583.63,290.27,633.76,339.38,0.757
211,1362,car,579.91,261.83,615.01,293.17,0.6053
211,1155,car,656.86,205.84,672.26,219.84,0.295
211,1555,car,564.62,239.85,606.57,268.43,0.4599
211,1500,bike,274.52,245.9,290.16,271.73,0.2927
212,1,bus,354.05,351.98,609.12,537.17,0.9352
212,2,bus,869.99,256.46,959.14,347.46,0.8634
212,8,bus,757.55,224.03,916.42,302.37,0.7733
212,11,bus,484.15,270.04,582.63,416.85,0.8018
212,13,bus,447.74,201.15,500.96,287.68,0.8609
212,9,bus,670.92,203.21,723.34,239.93,0.5892
212,381,car,793.67,408.91,950.88,529.99,0.7669
212,546,car,669.48,382.34,793.21,502.41,0.6967
212,639,car,681.82,241.59,712.2,264.85,0.4824
212,1227,car,672.72,251.98,701.98,273.01,0.4891
212,1300,car,390.41,199.56,407.69,211.03,0.6991
212,1276,car,583.52,291.56,634.81,341.4,0.7744
212,1362,car,579.55,261.43,615.58,293.39,0.6367
212,1155,car,656.74,205.93,671.83,219.58,0.2815
212,1555,car,565.99,240.76,606.77,268.57,0.5139
212,962,truck,0.29,394.95,301.33,538.0,0.3342
213,1,bus,354.6,355.38,608.73,537.1,0.9133
213,2,bus,869.33,256.3,959.11,347.88,0.871
213,8,bus,758.13,223.06,918.91,302.12,0.7581
213,11,bus,482.95,270.84,583.06,418.49,0.795
213,13,bus,447.35,200.69,501.25,288.15,0.8743
213,9,bus,671.14,203.14,723.98,239.94,0.5948
213,381,car,800.39,413.58,960.0,536.98,0.8624
213,546,car,672.53,385.5,800.78,509.91,0.6845
213,639,car,679.5,239.83,711.59,264.48,0.5345
213,1227,car,672.41,251.88,701.53,272.94,0.4378
213,1300,car,390.26,199.45,407.58,210.97,0.7324
213,1276,car,583.95,292.91,635.79,342.78,0.7984
213,1362,car,579.55,262.03,616.18,294.23,0.662
213,1155,car,656.89,206.03,671.86,219.53,0.2662
213,1555,car,566.43,241.87,607.2,269.7,0.5807
213,962,truck,0.35,395.08,300.83,537.89,0.2033
213,1301,car,620.07,227.06,645.86,243.7,0.2276
213,1500,bike,271.91,245.16,287.93,271.55,0.3061
214,1,bus,355.91,359.99,607.66,537.0,0.9294
214,2,bus,868.83,256.57,959.11,348.6,0.871
214,8,bus,757.16,222.26,919.4,301.93,0.7286
214,11,bus,481.3,271.75,583.09,420.39,0.7704
214,13,bus,447.14,200.45,501.47,288.5,0.8789
214,9,bus,670.83,203.64,722.92,239.77,0.6308
214,381,car,809.04,422.12,960.0,540.0,0.8937
214,546,car,676.55,389.91,809.21,518.17,0.6699
214,639,car,678.06,239.21,710.26,263.94,0.4843
214,1227,car,672.44,251.67,701.49,272.84,0.4536
214,1300,car,389.7,199.08,407.53,210.97,0.6631
214,1276,car,584.36,293.72,637.13,344.05,0.8063
214,1362,car,579.32,262.13,617.05,295.09,0.6848
214,1155,car,656.93,205.59,672.6,219.76,0.3274
214,1555,car,567.19,242.65,608.44,270.9,0.4582
214,962,truck,0.72,395.2,300.9,537.81,0.3442
214,1301,car,619.74,227.1,645.82,243.92,0.2571
214,1500,bike,270.75,245.57,286.98,272.22,0.3208
215,1,bus,356.75,364.19,606.82,536.94,0.9055
215,2,bus,868.77,257.13,959.09,349.09,0.8772
215,8,bus,758.97,221.85,922.24,301.48,0.6735
215,11,bus,480.58,272.53,583.07,420.98,0.7519
215,13,bus,447.04,200.4,501.6,288.78,0.8725
215,9,bus,669.64,201.37,724.92,239.87,0.6833
215,381,car,817.07,429.34,960.0,540.0,0.8999
215,546,car,679.15,394.42,815.7,526.43,0.6241
215,639,car,676.21,238.28,709.39,263.83,0.4757
215,1227,car,672.62,251.74,700.74,272.29,0.461
215,1300,car,389.77,199.64,406.98,211.08,0.5786
215,1276,car,584.82,294.74,638.99,345.93,0.83
215,1362,car,578.65,261.94,617.67,295.89,0.6242
215,1155,car,656.97,205.77,672.22,219.57,0.2504
215,1555,car,567.78,243.31,608.78,271.56,0.2868
215,962,truck,0.22,395.11,300.84,538.01,0.2366
215,1301,car,619.14,226.97,645.93,244.24,0.227
216,1,bus,357.66,368.01,606.67,536.97,0.8985
216,2,bus,868.76,257.27,959.19,349.29,0.8739
216,8,bus,758.47,222.29,921.7,301.39,0.7286
216,11,bus,478.89,273.29,582.94,422.54,0.7608
216,13,bus,447.15,200.64,502.09,289.68,0.9228
216,9,bus,670.72,202.59,724.72,239.97,0.5416
216,381,car,824.91,434.76,960.0,540.0,0.9015
216,546,car,682.35,399.37,822.67,535.1,0.7432
216,639,car,675.33,237.92,708.14,263.3,0.5256
216,1227,car,672.34,251.99,699.93,272.08,0.4005
216,1300,car,389.35,199.51,407.14,211.35,0.7042
216,1276,car,585.05,295.54,640.72,347.59,0.8083
216,1362,car,578.61,262.74,618.19,296.98,0.6552
216,1155,car,656.96,206.11,672.15,219.94,0.2829
216,1555,car,568.91,244.71,609.43,272.7,0.2756
216,1301,car,619.82,227.24,645.9,243.99,0.2696
216,1597,bus,802.46,235.52,903.47,301.62,0.3052
217,1,bus,359.73,373.59,605.59,537.0,0.9025
217,2,bus,868.66,257.67,959.1,349.61,0.8841
217,8,bus,762.27,224.6,922.11,300.88,0.4797
217,11,bus,478.33,274.4,582.9,422.81,0.8037
217,13,bus,447.02,200.86,502.11,290.21,0.9031
217,9,bus,670.98,202.97,725.29,240.44,0.5117
217,381,car,832.46,439.6,960.0,540.0,0.8751
217,546,car,688.03,404.34,828.66,539.71,0.7453
217,639,car,674.39,237.89,706.64,262.76,0.4271
217,1227,car,672.04,252.27,700.05,272.66,0.44
217,1300,car,389.23,199.85,406.92,211.65,0.678
217,1276,car,585.28,297.05,642.3,349.87,0.8367
217,1362,car,577.55,263.16,619.21,299.18,0.6828
217,1155,car,657.03,206.24,672.39,220.32,0.2828
217,1555,car,570.99,245.54,611.07,273.15,0.3095
217,1301,car,619.32,227.12,646.16,244.39,0.3017
217,1597,bus,804.55,236.41,903.51,301.09,0.4961
218,1,bus,361.06,378.74,604.47,536.99,0.9136
218,2,bus,868.3,257.57,959.01,349.65,0.8803
218,11,bus,477.24,274.5,581.86,421.28,0.817
218,13,bus,447.01,200.79,502.37,290.7,0.8948
218,9,bus,670.68,203.49,724.77,240.56,0.4889
218,381,car,842.29,447.65,960.0,540.0,0.8501
218,546,car,695.4,409.48,833.32,540.0,0.8376
218,1227,car,671.65,252.12,700.56,273.29,0.3489
218,1300,car,389.36,200.21,406.56,211.62,0.7163
218,1276,car,585.34,298.32,643.98,352.26,0.8357
218,1362,car,577.38,263.46,620.3,300.62,0.5729
218,1155,car,657.01,206.18,672.32,220.32,0.2347
218,1301,car,619.67,227.14,646.0,244.1,0.2692
218,1597,bus,802.74,235.51,902.39,300.58,0.4835
219,1,bus,361.42,382.36,604.49,536.98,0.903
219,2,bus,867.58,257.06,958.97,349.71,0.8749
219,11,bus,476.13,275.34,581.6,421.26,0.8008
219,13,bus,447.35,200.88,502.45,290.65,0.9027
219,9,bus,669.17,202.79,723.51,240.05,0.5173
219,381,car,852.85,457.01,960.0,540.0,0.8534
219,546,car,703.01,414.35,838.76,540.0,0.8917
219,1227,car,672.26,252.02,700.34,272.6,0.3997
219,1300,car,388.93,200.08,406.16,211.48,0.6466
219,1276,car,585.46,299.74,645.36,354.32,0.8473
219,1362,car,577.55,263.49,621.09,301.27,0.5768
219,1155,car,657.03,206.24,671.96,219.96,0.2757
219,1301,car,619.3,227.04,645.87,244.13,0.2688
219,1597,bus,800.07,235.92,898.1,299.96,0.6033
219,1613,car,645.6,236.71,672.94,256.26,0.3355
220,1,bus,362.58,387.04,603.84,536.95,0.8868
220,2,bus,867.02,256.7,959.0,349.82,0.8717
220,11,bus,474.87,275.88,581.56,420.9,0.7844
220,13,bus,447.33,201.09,502.44,290.96,0.9359
220,9,bus,668.66,202.31,723.4,239.78,0.5007
220,381,car,864.74,467.31,960.0,540.0,0.7806
220,546,car,708.76,417.95,843.42,540.0,0.8858
220,1227,car,672.51,252.03,699.78,271.96,0.4215
220,1300,car,388.39,199.98,405.72,211.4,0.6541
220,1276,car,588.18,301.48,648.51,356.39,0.8496
220,1362,car,576.69,262.3,622.66,302.57,0.6134
220,1155,car,657.07,206.28,671.6,219.55,0.2799
220,1301,car,619.42,226.98,645.71,243.84,0.3097
220,1613,car,645.9,237.01,673.64,256.85,0.3233
220,8,bus,747.48,221.8,907.91,299.27,0.711
220,639,car,672.05,236.5,704.08,261.3,0.3117
221,1,bus,363.31,391.46,603.43,537.11,0.8913
221,2,bus,866.45,256.46,958.99,350.04,0.8777
221,11,bus,473.75,276.45,581.03,418.87,0.7778
221,13,bus,447.55,200.95,502.57,290.79,0.9238
221,9,bus,669.22,200.61,725.34,239.15,0.6322
221,381,car,875.6,475.24,960.0,540.0,0.5926
221,546,car,715.18,422.69,847.43,540.0,0.8625
221,1227,car,669.96,249.0,701.91,272.61,0.4538
221,1300,car,388.0,199.98,405.19,211.24,0.6485
221,1276,car,590.25,302.58,651.55,358.38,0.8549
221,1362,car,576.56,261.12,624.19,303.38,0.5737
221,1155,car,656.79,205.33,672.14,219.37,0.3807
221,1301,car,620.07,226.74,646.17,243.52,0.2827
221,1613,car,644.77,236.45,673.58,257.11,0.4094
221,8,bus,742.98,220.22,903.28,298.83,0.8025
221,962,truck,0.0,394.95,301.81,538.67,0.2233
222,1,bus,364.86,397.04,602.24,537.29,0.8696
222,2,bus,865.93,256.38,958.65,349.91,0.8762
222,11,bus,470.3,277.61,580.41,420.69,0.807
222,13,bus,447.84,201.08,503.11,291.38,0.9334
222,9,bus,669.3,200.52,725.17,238.96,0.5798
222,381,car,886.36,483.15,960.0,540.0,0.5744
222,546,car,722.31,430.43,849.33,540.0,0.8679
222,1227,car,669.58,248.57,702.28,272.96,0.4805
222,1300,car,387.98,200.13,405.24,211.41,0.6854
222,1276,car,592.26,304.14,654.55,360.81,0.8741
222,1362,car,578.37,263.88,624.05,304.66,0.5238
222,1155,car,656.72,205.77,671.73,219.4,0.3144
222,1301,car,620.26,226.84,646.03,243.43,0.2706
222,1613,car,645.01,236.75,673.39,257.09,0.403
222,8,bus,746.03,220.06,905.81,298.67,0.5957
222,962,truck,0.0,395.23,301.33,538.89,0.2608
222,1597,bus,801.89,235.24,897.27,297.5,0.2496
223,1,bus,366.9,402.93,600.74,537.26,0.877
223,2,bus,865.98,257.07,958.55,350.21,0.8854
223,11,bus,467.97,278.33,580.6,422.11,0.8719
223,13,bus,448.04,201.38,503.29,291.72,0.9268
223,9,bus,669.93,203.71,722.84,239.77,0.4529
223,546,car,729.49,437.74,849.6,538.83,0.8692
223,1227,car,669.7,249.82,700.91,273.06,0.4752
223,1300,car,387.21,200.48,404.81,212.01,0.6413
223,1276,car,593.77,306.27,656.93,363.65,0.8679
223,1362,car,580.1,266.8,624.12,306.27,0.6249
223,1155,car,656.93,206.64,671.34,219.67,0.2964
223,1301,car,619.75,227.02,645.95,243.9,0.3462
223,1613,car,644.94,237.74,673.28,258.15,0.3931
223,8,bus,753.86,221.9,911.92,298.61,0.7329
223,1597,bus,799.6,235.87,895.65,298.43,0.237
223,1555,car,578.0,246.68,620.06,275.51,0.3496
224,1,bus,369.95,410.77,597.68,537.39,0.8653
224,2,bus,865.22,256.94,959.15,351.45,0.8814
224,11,bus,464.84,278.92,581.04,424.4,0.8226
224,13,bus,448.24,202.31,503.25,291.98,0.9119
224,9,bus,670.16,206.11,720.14,239.9,0.3505
224,546,car,736.78,445.73,852.91,539.85,0.8378
224,1227,car,670.42,250.84,699.84,272.72,0.443
224,1300,car,386.8,200.68,404.61,212.32,0.6236
224,1276,car,594.76,307.91,658.93,366.19,0.8536
224,1362,car,581.26,268.6,624.67,307.64,0.7462
224,1301,car,619.24,227.06,645.34,243.74,0.2857
224,1613,car,644.26,237.97,673.14,258.92,0.4017
224,8,bus,759.94,225.39,914.22,298.62,0.6973
224,1555,car,578.44,246.97,622.38,276.99,0.5122
225,1,bus,371.49,417.19,595.59,537.63,0.7892
225,2,bus,864.53,256.99,959.2,352.16,0.8808
225,11,bus,462.65,280.07,582.42,427.4,0.7584
225,13,bus,448.39,202.02,503.62,292.0,0.9185
225,9,bus,670.61,206.64,720.23,239.98,0.3211
225,546,car,742.82,453.06,854.78,539.97,0.8045
225,1227,car,669.92,250.34,699.8,272.67,0.4407
225,1300,car,386.77,201.14,404.03,212.3,0.6422
225,1276,car,596.76,309.68,661.12,367.9,0.8242
225,1362,car,581.75,269.35,625.02,308.37,0.7367
225,1301,car,618.53,226.92,645.48,244.08,0.3586
225,1613,car,644.23,237.44,672.82,258.37,0.3822
225,8,bus,758.77,225.08,915.09,298.3,0.6854
225,1555,car,579.27,247.27,623.76,277.56,0.5052
225,962,truck,0.44,395.77,301.07,538.98,0.2081
225,1155,car,656.67,206.88,671.31,220.02,0.2453
225,1597,bus,799.78,235.81,895.93,298.09,0.2645
226,1,bus,373.31,423.9,593.22,537.76,0.7979
226,2,bus,863.49,255.18,959.89,352.28,0.8666
226,11,bus,460.56,281.18,582.96,429.49,0.7904
226,13,bus,448.27,201.57,503.85,291.94,0.9111
226,9,bus,670.0,205.62,720.62,239.5,0.468
226,546,car,750.73,460.47,857.91,539.78,0.7045
226,1227,car,670.37,249.49,699.07,271.01,0.3765
226,1300,car,386.16,200.93,403.62,212.16,0.6657
226,1276,car,597.72,311.17,662.86,369.92,0.8345
226,1362,car,581.88,269.51,625.54,309.0,0.7356
226,1301,car,619.66,226.97,645.53,243.41,0.3021
226,8,bus,747.3,223.19,904.92,297.81,0.77
226,1555,car,579.07,248.15,626.88,280.93,0.5007
226,962,truck,0.65,395.49,301.48,538.8,0.3134
226,1155,car,656.83,206.19,671.68,219.48,0.2945
227,1,bus,374.65,430.55,590.03,537.7,0.7074
227,2,bus,863.3,255.16,959.76,352.37,0.8722
227,11,bus,456.46,281.8,583.79,434.71,0.7451
227,13,bus,448.54,201.82,504.3,292.34,0.8932
227,9,bus,669.94,205.65,720.74,239.42,0.4356
227,546,car,758.8,468.15,860.44,539.35,0.719
227,1227,car,670.57,249.74,698.2,270.41,0.3548
227,1300,car,385.89,201.04,403.51,212.21,0.6986
227,1276,car,598.57,312.56,665.33,372.78,0.8517
227,1362,car,582.64,270.96,625.73,310.06,0.7823
227,1301,car,619.9,227.09,645.58,243.42,0.3607
227,8,bus,743.23,222.79,899.75,297.55,0.6607
227,1555,car,580.8,249.5,627.97,281.94,0.5964
227,962,truck,0.8,395.45,301.53,538.68,0.4416
227,1155,car,657.09,206.23,671.92,219.51,0.281
227,1613,car,644.79,237.04,671.77,256.93,0.2938
228,1,bus,379.55,439.69,585.72,537.26,0.7114
228,2,bus,862.91,254.4,959.71,352.0,0.8736
228,11,bus,455.14,283.18,586.91,440.88,0.7133
228,13,bus,448.62,201.65,504.59,292.53,0.8991
228,9,bus,669.76,206.26,720.04,239.46,0.3726
228,546,car,765.85,475.96,862.55,539.61,0.7279
228,1227,car,669.75,249.41,698.7,271.16,0.3898
228,1300,car,385.6,201.32,403.06,212.28,0.6432
228,1276,car,599.38,313.83,667.92,375.84,0.8639
228,1362,car,583.04,272.6,625.72,311.15,0.8266
228,1301,car,620.29,227.0,645.7,243.17,0.3191
228,1555,car,581.4,249.81,629.26,282.91,0.622
228,1155,car,657.37,206.12,671.93,219.1,0.2731
228,1675,truck,346.19,438.76,622.24,539.25,0.5828
228,1676,bike,253.02,262.33,268.41,285.37,0.4399
228,1597,bus,793.97,234.68,889.93,296.93,0.6264
229,1,bus,383.13,448.3,581.6,537.22,0.628
229,2,bus,862.17,252.98,960.0,351.83,0.8553
229,11,bus,453.12,283.95,590.44,448.76,0.8209
229,13,bus,448.63,201.51,504.92,292.89,0.8953
229,9,bus,669.58,205.64,720.39,239.06,0.462
229,546,car,773.47,485.05,862.73,539.86,0.7541
229,1227,car,668.53,249.73,698.66,272.25,0.4673
229,1300,car,384.82,201.21,402.43,212.21,0.7222
229,1276,car,600.72,315.74,669.81,378.35,0.8668
229,1362,car,583.82,273.38,626.39,311.67,0.828
229,1301,car,617.56,226.59,645.37,244.22,0.3107
229,1555,car,582.34,250.08,630.78,283.74,0.6222
229,1155,car,656.84,205.79,671.57,218.8,0.2753
229,1675,truck,357.1,447.1,610.78,539.09,0.5536
229,1676,bike,252.11,264.17,266.58,285.71,0.4151
229,1597,bus,791.26,234.26,886.5,296.32,0.4862
229,962,truck,0.0,395.37,301.89,539.33,0.2456
230,1,truck,389.43,458.54,579.43,538.51,0.49
230,2,bus,861.72,252.64,959.8,351.73,0.8607
230,11,bus,449.91,284.82,593.02,456.93,0.8495
230,13,bus,448.83,201.64,505.22,293.2,0.8801
230,9,bus,668.88,204.88,720.95,239.15,0.5276
230,546,car,782.55,494.79,862.25,540.0,0.6827
230,1227,car,668.57,250.11,697.89,271.82,0.4497
230,1300,car,384.21,201.22,402.17,212.36,0.6985
230,1276,car,601.79,317.7,672.08,381.55,0.8581
230,1362,car,583.85,273.63,627.6,313.01,0.8057
230,1301,car,617.5,227.11,645.11,244.52,0.3072
230,1555,car,583.61,250.71,631.91,284.49,0.6342
230,1155,car,656.95,205.64,671.79,218.68,0.2843
230,1675,bus,370.74,459.28,591.92,538.65,0.586
230,1597,bus,789.64,234.9,883.16,296.24,0.5195
230,962,truck,0.13,395.56,301.91,539.49,0.2507
230,8,bus,734.23,222.12,883.91,295.07,0.308
231,2,bus,861.36,251.95,959.54,351.11,0.8597
231,11,bus,443.85,284.81,595.54,468.12,0.7975
231,13,bus,448.78,201.16,505.5,293.23,0.8933
231,9,bus,669.45,204.75,720.79,238.34,0.4844
231,546,car,792.6,502.94,863.43,540.0,0.5438
231,1227,car,667.69,250.04,698.53,272.79,0.6014
231,1300,car,383.27,200.49,402.1,212.17,0.7399
231,1276,car,602.95,319.31,674.11,384.07,0.8706
231,1362,car,583.67,273.28,628.34,313.4,0.8252
231,1301,car,617.41,226.88,645.34,244.46,0.2264
231,1555,car,584.22,250.96,633.69,285.84,0.6162
231,1155,car,657.02,205.48,671.85,218.58,0.2992
231,1675,truck,384.86,469.43,580.93,538.35,0.4377
231,1597,bus,789.52,233.83,882.94,295.57,0.7189
231,962,truck,0.0,395.17,301.31,539.23,0.2833
231,1703,bus,745.13,220.72,803.42,277.33,0.4744
232,2,bus,861.23,252.03,959.0,350.6,0.8527
232,11,bus,438.85,286.0,596.85,478.66,0.7942
232,13,bus,449.31,201.77,505.61,293.23,0.8622
232,9,bus,669.06,204.27,721.5,238.56,0.4452
232,1227,car,667.32,250.02,698.76,273.1,0.5613
232,1300,car,382.3,199.76,402.21,212.2,0.6877
232,1276,car,604.3,320.92,676.74,386.94,0.8672
232,1362,car,584.42,273.6,629.45,313.89,0.8051
232,1301,car,617.21,226.95,645.36,244.65,0.2577
232,1555,car,584.7,252.07,635.12,287.91,0.6748
232,1155,car,656.88,205.42,671.86,218.69,0.288
232,1675,truck,393.51,478.64,569.19,538.4,0.4687
232,1597,bus,789.65,233.89,881.93,295.35,0.7229
232,962,truck,0.0,395.31,301.93,539.76,0.2398
232,1703,bus,744.91,219.74,804.32,277.43,0.4449
233,2,bus,861.21,252.43,958.32,350.03,0.858
233,11,bus,436.22,286.91,599.12,487.83,0.6862
233,13,bus,449.65,201.95,505.84,293.42,0.8528
233,9,bus,669.38,205.9,720.05,238.96,0.3712
233,1227,car,667.33,249.98,698.87,273.05,0.5225
233,1300,car,382.14,199.86,401.93,212.22,0.7348
233,1276,car,606.65,323.65,679.15,389.74,0.8581
233,1362,car,584.8,274.05,630.5,314.92,0.7974
233,1301,car,618.16,226.9,645.74,244.35,0.2413
233,1555,car,585.59,252.64,635.76,288.46,0.7251
233,1155,car,657.25,205.5,671.99,218.6,0.2927
233,1675,truck,406.82,490.5,554.44,537.88,0.4663
233,1597,bus,788.9,233.82,880.79,295.46,0.714
233,962,truck,0.0,395.06,302.38,539.96,0.2915
233,1703,bus,744.07,220.22,803.03,277.4,0.2177
234,2,bus,860.61,251.35,958.6,349.68,0.8602
234,11,bus,432.48,288.06,603.82,503.18,0.8911
234,13,bus,449.94,202.08,506.03,293.51,0.8531
234,9,bus,669.68,206.23,720.07,238.98,0.3852
234,1227,car,667.22,249.79,699.14,273.18,0.5222
234,1300,car,381.81,199.59,401.98,212.23,0.779
234,1276,car,608.11,325.63,681.97,393.03,0.8724
234,1362,car,585.4,275.05,631.91,316.89,0.774
234,1555,car,586.92,252.88,636.63,288.43,0.7327
234,1155,car,657.38,205.29,671.95,218.26,0.2815
234,1597,bus,788.5,233.88,879.26,295.24,0.76
234,962,truck,0.0,395.0,302.38,540.0,0.3269
234,1703,bus,742.49,218.94,802.53,277.07,0.311
234,8,bus,731.44,219.55,882.5,294.56,0.3815
235,2,bus,859.73,250.09,958.9,349.54,0.8587
235,11,bus,429.17,289.3,606.06,515.34,0.883
235,13,bus,450.06,202.16,506.37,294.07,0.8471
235,9,bus,670.95,206.93,720.95,239.38,0.3184
235,1227,car,667.15,250.09,699.47,273.86,0.5382
235,1300,car,381.66,199.85,401.58,212.35,0.7142
235,1276,car,609.64,327.99,684.77,396.55,0.8596
235,1362,car,585.91,276.23,632.31,317.95,0.7607
235,1555,car,588.44,252.98,638.18,288.71,0.7638
235,1155,car,657.27,205.33,671.86,218.3,0.2307
235,1597,bus,788.17,233.55,878.64,295.23,0.6993
235,962,truck,0.01,395.0,302.41,539.89,0.2947
235,1703,bus,741.77,219.0,802.64,277.84,0.2481
235,8,bus,731.56,219.21,882.37,295.32,0.4752
236,2,bus,859.55,249.8,958.6,348.91,0.8615
236,11,bus,425.02,290.24,607.88,528.3,0.8845
236,13,bus,450.13,202.24,506.43,294.27,0.8494
236,9,bus,668.73,205.03,721.78,239.29,0.3973
236,1227,car,667.19,250.09,699.08,273.51,0.5334
236,1300,car,381.51,200.08,401.39,212.53,0.7422
236,1276,car,611.54,330.34,687.83,399.98,0.8557
236,1362,car,586.46,276.99,633.21,319.1,0.7635
236,1555,car,590.14,253.07,639.23,288.37,0.7684
236,1155,car,657.19,205.45,671.66,218.3,0.22
236,1597,bus,788.21,233.17,877.91,294.83,0.6964
236,962,truck,0.0,394.85,302.01,539.72,0.3193
236,1703,bus,741.01,218.77,802.47,278.07,0.2628
236,8,bus,732.45,218.98,880.99,294.78,0.5917
236,1750,bike,238.87,270.95,258.12,292.56,0.4065
237,2,bus,859.28,249.47,958.32,348.28,0.8667
237,11,bus,422.58,291.1,607.7,536.55,0.8462
237,13,bus,450.3,202.09,506.75,294.44,0.8503
237,9,bus,667.87,203.67,722.27,238.78,0.4534
237,1227,car,668.15,249.84,698.93,272.43,0.5167
237,1300,car,381.05,199.7,401.38,212.44,0.7489
237,1276,car,612.85,331.92,690.79,403.27,0.8916
237,1362,car,587.01,277.75,633.88,319.93,0.7793
237,1555,car,591.39,253.01,641.31,289.08,0.7499
237,1597,bus,788.54,232.22,878.0,294.36,0.7805
237,962,truck,0.0,394.61,301.95,539.69,0.3144
237,1703,bus,740.68,218.08,803.16,278.29,0.3504
237,8,bus,733.4,218.49,879.8,293.86,0.5484
237,1750,bike,238.15,271.87,256.79,292.76,0.4443
238,2,bus,859.04,249.79,957.86,347.99,0.8617
238,11,bus,422.72,291.26,606.87,539.22,0.8808
238,13,bus,450.45,202.22,506.97,294.72,0.8425
238,9,bus,667.75,203.85,722.0,238.66,0.4085
238,1227,car,667.63,250.02,698.56,272.68,0.4663
238,1300,car,380.66,199.83,400.89,212.53,0.7415
238,1276,car,614.23,334.0,693.82,407.08,0.8712
238,1362,car,587.07,278.3,634.26,320.69,0.7872
238,1555,car,592.48,253.33,643.38,290.33,0.7601
238,962,truck,0.0,394.88,301.92,539.91,0.2918
238,8,bus,734.23,219.74,877.41,294.01,0.7028
238,1750,bike,236.24,272.63,255.26,293.94,0.3596
239,2,bus,858.95,250.16,956.94,346.9,0.8696
239,11,bus,423.24,291.84,605.01,539.33,0.8779
239,13,bus,450.63,202.32,507.23,294.97,0.8433
239,9,bus,668.2,203.19,723.34,238.7,0.5895
239,1227,car,667.51,250.2,698.6,272.86,0.4144
239,1300,car,380.52,199.93,400.59,212.5,0.7738
239,1276,car,616.18,336.56,696.85,410.76,0.8812
239,1362,car,587.54,278.62,635.55,321.85,0.7848
239,1555,car,593.51,253.67,644.55,290.92,0.7783
239,962,truck,0.0,394.84,301.52,539.86,0.2308
239,1750,bike,234.66,272.37,254.4,294.48,0.4645
239,1597,bus,783.7,231.33,873.41,293.83,0.5777
239,1703,bus,741.22,218.71,802.47,277.4,0.3656
240,2,bus,858.62,250.74,956.4,346.57,0.8727
240,11,bus,423.7,292.43,603.31,538.91,0.8711
240,13,bus,450.8,202.56,507.64,295.57,0.8383
240,9,bus,668.53,202.97,723.07,238.12,0.4375
240,1227,car,667.95,250.32,698.99,272.91,0.4944
240,1300,car,380.15,200.07,400.16,212.56,0.7552
240,1276,car,618.1,339.06,700.22,414.6,0.8713
240,1362,car,587.96,279.2,636.74,323.33,0.7684
240,1555,car,594.85,254.11,646.33,291.82,0.7824
240,962,truck,1.44,394.37,301.48,538.48,0.2492
240,1750,bike,233.03,272.48,253.09,294.96,0.3806
240,1597,bus,784.57,231.24,873.74,293.87,0.5819
240,1703,bus,744.87,218.33,808.09,277.61,0.3284
241,2,bus,858.05,250.91,956.37,346.64,0.8757
241,11,bus,422.27,293.46,600.13,538.84,0.913
241,13,bus,450.91,202.89,507.84,296.0,0.8422
241,9,bus,667.94,201.93,724.15,238.29,0.5612
241,1227,car,667.97,250.29,698.83,272.67,0.5323
241,1300,car,379.49,200.25,399.9,212.93,0.7276
241,1276,car,620.07,341.81,703.88,419.05,0.8943
241,1362,car,588.2,279.95,638.11,325.34,0.7726
241,1555,car,596.91,255.03,647.74,292.33,0.7723
241,962,truck,0.93,394.57,301.39,538.87,0.4928
241,1750,bike,231.24,272.95,250.97,294.91,0.3747
241,1597,bus,782.4,231.12,871.28,293.62,0.6655
241,1703,bus,745.62,217.31,811.76,277.97,0.3738
242,2,bus,857.1,250.47,956.49,346.66,0.8761
242,11,bus,421.37,294.23,597.98,539.05,0.9305
242,13,bus,451.15,202.7,508.37,296.23,0.8472
242,9,bus,668.08,201.96,723.77,238.06,0.5036
242,1227,car,667.32,249.98,698.12,272.27,0.5016
242,1300,car,379.25,200.31,399.24,212.64,0.7505
242,1276,car,622.31,343.97,707.01,422.09,0.8959
242,1362,car,588.37,280.14,639.47,326.82,0.7877
242,1555,car,598.63,255.83,648.94,292.79,0.7771
242,962,truck,0.53,394.5,301.8,539.21,0.4822
242,1750,bike,227.75,271.85,249.75,296.43,0.273
242,8,bus,731.73,217.93,874.28,292.59,0.6925
243,2,bus,856.46,250.51,956.46,346.66,0.881
243,11,bus,421.25,294.97,596.72,538.56,0.9061
243,13,bus,451.23,202.69,508.57,296.33,0.8451
243,9,bus,667.51,201.74,723.06,237.72,0.5968
243,1227,car,667.26,249.94,697.48,271.68,0.541
243,1300,car,378.83,199.92,399.05,212.37,0.735
243,1276,car,623.98,346.04,711.25,426.78,0.8826
243,1362,car,588.94,280.88,640.43,328.0,0.8234
243,1555,car,600.28,256.58,649.94,292.93,0.7573
243,962,truck,0.62,394.55,301.41,539.01,0.4358
243,8,bus,731.08,216.79,873.25,291.97,0.7024
243,1597,bus,783.94,231.45,870.06,292.25,0.3893
244,2,bus,855.72,250.72,956.43,346.92,0.8794
244,11,bus,425.18,296.77,598.12,537.13,0.8512
244,13,bus,451.31,203.94,508.53,296.99,0.859
244,9,bus,667.96,202.43,723.22,238.29,0.5013
244,1227,car,667.29,250.11,698.13,272.32,0.5117
244,1300,car,377.72,200.12,398.97,213.26,0.7651
244,1276,car,625.48,348.52,715.34,431.92,0.8586
244,1362,car,589.75,281.65,641.63,329.39,0.8452
244,1555,car,601.74,257.66,651.53,294.1,0.7546
244,962,truck,0.75,394.84,301.17,539.11,0.3727
244,8,bus,732.05,218.13,870.52,291.74,0.5506
244,1597,bus,785.23,231.82,869.48,291.62,0.248
244,1703,bus,740.55,217.1,806.69,276.96,0.274
244,1750,bike,223.28,276.72,245.2,301.39,0.3807
245,2,bus,855.03,250.5,956.52,346.85,0.8816
245,11,bus,425.73,297.86,597.59,536.15,0.8884
245,13,bus,451.53,203.99,509.07,297.12,0.8635
245,9,bus,667.94,201.9,723.53,238.14,0.65
245,1227,car,667.01,249.67,697.54,271.64,0.5082
245,1300,car,377.49,200.42,398.04,213.1,0.7103
245,1276,car,627.72,351.57,718.9,436.28,0.8577
245,1362,car,590.35,282.22,642.26,330.2,0.8513
245,1555,car,602.97,258.23,653.64,295.53,0.7512
245,962,truck,0.0,394.31,302.04,539.54,0.4003
245,1597,bus,783.82,230.8,869.15,291.57,0.6008
245,1703,bus,741.39,215.99,812.18,278.53,0.3077
245,1750,bike,221.78,278.63,243.23,302.94,0.3165
246,2,bus,854.16,249.72,956.86,346.74,0.8862
246,11,bus,423.39,298.68,595.63,536.16,0.8897
246,13,bus,451.56,204.28,509.37,297.38,0.849
246,9,bus,668.79,201.6,724.93,238.17,0.6342
246,1227,car,667.08,249.47,696.56,270.55,0.5216
246,1300,car,377.22,200.6,397.47,213.07,0.7083
246,1276,car,630.01,354.56,722.89,441.04,0.8796
246,1362,car,590.64,282.74,643.64,331.91,0.8569
246,1555,car,604.43,258.73,655.26,296.31,0.7344
246,962,truck,0.78,394.53,301.2,538.86,0.4369
246,1750,bike,220.32,278.85,242.25,303.65,0.374
246,8,bus,731.31,217.67,868.54,290.85,0.7231
247,2,bus,853.55,249.5,956.91,346.65,0.8794
247,11,bus,421.36,300.55,593.34,536.38,0.8858
247,13,bus,451.48,204.64,509.44,297.57,0.8541
247,9,bus,668.79,201.67,725.56,238.65,0.6302
247,1227,car,666.97,249.4,696.66,270.62,0.4805
247,1300,car,376.25,200.75,396.8,213.3,0.7229
247,1276,car,632.41,357.84,726.75,445.84,0.845
247,1362,car,591.34,283.79,644.59,333.31,0.8629
247,1555,car,605.74,259.42,656.44,297.02,0.7302
247,962,truck,0.7,394.79,301.6,539.35,0.3349
247,1750,bike,218.93,279.27,241.02,304.2,0.3063
247,8,bus,730.25,217.46,867.38,290.83,0.6244
247,1597,bus,782.79,231.54,865.96,290.62,0.3823
248,2,bus,852.47,248.43,957.31,346.59,0.8814
248,11,bus,420.45,301.82,592.58,536.73,0.9007
248,13,bus,451.42,204.16,510.25,298.22,0.8437
248,9,bus,667.59,201.01,724.92,238.75,0.6356
248,1227,car,666.71,248.82,697.38,270.8,0.5538
248,1300,car,375.49,200.73,396.43,213.49,0.7224
248,1276,car,634.84,360.61,731.79,451.27,0.8794
248,1362,car,592.06,284.74,645.54,334.55,0.8671
248,1555,car,606.9,259.74,658.08,297.81,0.7115
248,962,truck,0.27,394.71,301.89,539.67,0.4343
248,8,bus,729.88,217.05,867.08,290.51,0.7348
249,2,bus,851.94,249.14,957.0,346.97,0.8789
249,11,bus,417.47,303.22,590.13,536.56,0.9126
249,13,bus,451.35,204.78,510.22,298.56,0.8656
249,9,bus,668.46,201.43,725.07,238.78,0.6035
249,1227,car,665.74,248.9,697.68,271.92,0.5065
249,1300,car,374.63,200.87,395.94,213.84,0.7787
249,1276,car,636.93,364.8,736.19,457.87,0.8727
249,1362,car,592.62,286.21,646.83,336.79,0.8517
249,1555,car,607.23,260.77,658.93,299.39,0.6504
249,962,truck,1.64,395.14,300.9,538.79,0.3594
249,8,bus,728.93,217.26,865.2,290.26,0.7082
249,1836,car,658.68,227.23,678.94,248.98,0.3521
249,1750,bike,213.44,282.07,235.24,306.98,0.3888
250,2,bus,851.64,249.54,956.66,346.75,0.8834
250,11,bus,414.57,304.2,588.66,536.65,0.934
250,13,bus,451.0,204.5,510.47,299.26,0.8482
250,9,bus,668.91,201.41,725.36,238.72,0.57
250,1227,car,665.81,249.36,697.44,272.25,0.5189
250,1300,car,374.08,201.13,395.26,213.94,0.7463
250,1276,car,640.42,368.44,741.25,462.97,0.8717
250,1362,car,593.09,287.34,647.83,338.48,0.8601
250,1555,car,608.39,261.2,660.05,299.86,0.7184
250,962,truck,1.11,395.03,301.32,539.11,0.3687
250,8,bus,727.35,216.89,864.66,290.55,0.7709
250,1836,car,656.06,226.36,677.36,249.2,0.3754
250,1750,bike,211.9,283.89,233.27,308.5,0.4343
251,2,bus,851.07,249.3,956.65,346.46,0.8806
251,11,bus,412.73,305.22,587.68,536.0,0.935
251,13,bus,451.06,204.4,510.99,299.92,0.8478
251,9,bus,669.66,201.59,726.09,238.85,0.5466
251,1227,car,665.35,248.77,697.97,272.56,0.5401
251,1300,car,373.62,201.12,395.02,213.98,0.7321
251,1276,car,642.65,371.76,746.4,469.34,0.846
251,1362,car,593.82,288.15,649.73,340.37,0.8492
251,1555,car,609.46,261.89,661.5,301.01,0.7312
251,962,truck,1.09,394.65,301.45,538.74,0.4294
251,8,bus,726.34,216.87,863.44,290.57,0.7732
251,1836,car,656.18,225.87,676.71,247.88,0.33
251,1750,bike,210.24,284.74,231.62,309.35,0.3848
252,2,bus,850.27,249.49,956.61,346.77,0.8837
252,11,bus,409.91,306.47,586.23,535.64,0.9246
252,13,bus,451.06,204.87,511.26,300.72,0.8528
252,9,bus,669.83,201.9,726.03,238.92,0.5805
252,1227,car,665.56,248.75,698.02,272.58,0.5513
252,1300,car,372.88,201.16,394.75,214.22,0.7618
252,1276,car,644.66,375.13,752.23,476.78,0.871
252,1362,car,594.95,289.82,651.07,342.4,0.8511
252,1555,car,611.27,262.87,662.37,301.29,0.7573
252,962,truck,1.52,395.15,301.49,538.94,0.4212
252,8,bus,724.89,216.73,861.79,290.59,0.7339
252,1836,car,656.63,226.18,676.0,246.91,0.3189
252,1750,bike,208.58,285.4,230.24,310.11,0.4135
252,1858,car,331.83,234.11,352.36,254.03,0.3867
252,1597,bus,778.32,230.6,861.85,290.17,0.4048
253,2,bus,849.42,249.23,956.68,346.83,0.8791
253,11,bus,408.69,308.05,587.43,535.32,0.9166
253,13,bus,450.99,205.22,511.43,301.25,0.8417
253,9,bus,668.75,201.85,724.83,238.83,0.5213
253,1227,car,665.43,248.31,698.24,272.57,0.536
253,1300,car,372.46,201.34,394.34,214.34,0.7353
253,1276,car,647.44,378.88,757.57,483.28,0.8342
253,1362,car,596.03,291.49,652.41,344.45,0.8467
253,1555,car,612.46,262.99,664.18,302.02,0.7796
253,962,truck,1.17,395.08,301.83,539.17,0.4743
253,8,bus,724.0,216.72,860.67,290.65,0.8072
253,1836,car,654.23,225.58,674.32,246.93,0.312
253,1858,car,331.13,234.79,351.16,254.24,0.4549
254,2,bus,848.92,249.29,956.53,346.61,0.8793
254,11,bus,407.54,309.43,589.36,535.54,0.9202
254,13,bus,451.15,205.3,512.04,302.09,0.8395
254,9,bus,668.43,201.83,724.45,238.94,0.6168
254,1227,car,665.45,247.84,698.17,272.22,0.6106
254,1300,car,371.82,201.53,394.15,214.75,0.6857
254,1276,car,650.51,383.27,762.88,489.96,0.8605
254,1362,car,597.0,293.09,653.21,346.02,0.8496
254,1555,car,614.11,263.82,665.95,303.06,0.8147
254,962,truck,1.36,395.49,301.37,539.17,0.3112
254,8,bus,723.7,216.83,859.0,290.21,0.6963
254,1858,car,330.26,235.73,349.34,254.27,0.3171
254,1597,bus,776.44,230.58,859.22,289.95,0.3861
255,2,bus,848.68,249.22,956.44,346.07,0.8851
255,11,bus,407.3,311.0,591.5,535.43,0.9111
255,13,bus,450.9,205.26,512.28,303.12,0.8516
255,9,bus,668.58,201.3,725.32,239.05,0.6666
255,1227,car,665.42,247.75,698.04,272.21,0.6113
255,1300,car,371.0,201.65,394.14,215.33,0.6396
255,1276,car,653.99,387.32,769.15,496.95,0.8798
255,1362,car,597.78,294.13,654.79,347.92,0.8213
255,1555,car,615.52,264.58,667.7,304.17,0.8236
255,962,truck,1.83,395.7,300.81,538.74,0.3989
255,8,bus,721.92,215.26,858.69,289.97,0.7225
255,1597,bus,774.78,229.61,858.23,289.84,0.2715
256,2,bus,847.79,248.59,956.83,346.13,0.8818
256,11,bus,403.63,312.64,589.02,535.2,0.9154
256,13,bus,450.53,205.33,512.14,303.85,0.854
256,9,bus,669.37,202.84,724.46,239.45,0.5877
256,1227,car,665.82,247.64,698.31,272.23,0.6555
256,1300,car,370.35,201.63,394.18,215.71,0.6641
256,1276,car,656.98,392.04,775.89,505.52,0.8228
256,1362,car,598.63,295.04,656.76,350.06,0.8217
256,1555,car,617.06,265.53,669.82,305.65,0.8128
256,962,truck,1.19,395.69,301.13,539.18,0.4129
256,8,bus,720.76,214.68,857.44,289.87,0.7708
257,2,bus,846.95,248.26,956.92,346.15,0.8726
257,11,bus,402.0,314.25,587.95,534.66,0.913
257,13,bus,450.41,205.42,512.39,304.87,0.8541
257,9,bus,670.33,204.62,723.31,239.61,0.5322
257,1227,car,666.15,247.45,698.4,272.02,0.6027
257,1300,car,370.2,202.12,393.62,215.87,0.5442
257,1276,car,659.7,396.51,782.29,513.84,0.7663
257,1362,car,599.87,296.22,658.68,351.89,0.8213
257,1555,car,618.11,266.5,670.88,306.7,0.8113
257,962,truck,1.22,395.74,301.12,539.15,0.3705
257,8,bus,721.59,215.29,856.46,289.93,0.7513
258,2,bus,846.06,247.59,956.76,345.59,0.8764
258,11,bus,400.9,315.64,587.74,534.38,0.9268
258,13,bus,450.43,205.32,512.51,305.33,0.8411
258,9,bus,669.21,202.44,725.24,239.57,0.6951
258,1227,car,666.12,247.16,698.44,271.98,0.6919
258,1300,car,369.31,201.78,393.52,216.01,0.5776
258,1276,car,663.78,401.39,789.13,521.78,0.8281
258,1362,car,600.76,297.13,660.54,353.75,0.8314
258,1555,car,619.41,267.06,672.61,307.74,0.8131
258,962,truck,1.12,395.36,301.33,538.86,0.378
258,8,bus,722.66,215.79,855.8,289.82,0.6916
258,1750,bike,195.44,291.95,218.43,317.58,0.2781
259,2,bus,844.63,246.22,957.03,345.3,0.8761
259,11,bus,401.67,317.38,588.98,534.42,0.9059
259,13,bus,450.47,205.24,512.62,305.65,0.8469
259,9,bus,667.94,201.63,725.55,240.08,0.6768
259,1227,car,665.95,246.85,698.55,272.05,0.6856
259,1300,car,368.62,201.81,393.12,216.22,0.6339
259,1276,car,667.7,406.68,796.31,530.42,0.8782
259,1362,car,601.7,298.39,662.39,355.81,0.8208
259,1555,car,620.79,268.12,674.37,309.13,0.8127
259,962,truck,1.19,395.42,301.25,538.77,0.3721
259,8,bus,720.85,214.43,854.35,289.07,0.7842
259,1750,bike,193.04,294.0,216.56,319.81,0.3292
260,2,bus,843.23,244.21,957.57,344.69,0.8911
260,11,bus,403.39,319.22,591.01,534.8,0.9039
260,13,bus,450.36,205.09,512.61,306.02,0.852
260,9,bus,667.48,201.15,725.48,240.12,0.6909
260,1227,car,665.84,246.61,698.31,271.83,0.705
260,1300,car,368.08,201.82,392.67,216.28,0.6306
260,1276,car,672.65,411.6,802.6,536.29,0.8449
260,1362,car,602.37,299.98,663.75,358.12,0.8376
260,1555,car,621.44,268.99,675.67,310.62,0.8343
260,962,truck,1.1,395.51,301.27,538.88,0.2983
260,8,bus,720.71,213.88,853.68,288.54,0.7037
260,1750,bike,190.03,295.78,213.89,321.61,0.3505
261,2,bus,841.8,243.3,957.57,344.68,0.8798
261,11,bus,403.52,321.14,591.8,535.49,0.8985
261,13,bus,450.58,205.41,512.79,306.55,0.8381
261,9,bus,666.88,200.43,725.47,240.18,0.7046
261,1227,car,665.94,246.33,698.54,271.8,0.6976
261,1300,car,367.65,202.15,392.24,216.53,0.5899
261,1276,car,679.23,414.59,810.63,540.0,0.862
261,1362,car,603.24,301.67,665.07,360.34,0.8391
261,1555,car,622.53,269.87,677.39,312.13,0.7985
261,962,truck,1.04,395.77,301.26,539.13,0.255
261,8,bus,720.48,213.64,852.97,288.48,0.5879
261,1750,bike,186.79,296.63,211.07,322.88,0.2408
262,2,bus,841.03,241.76,958.18,344.14,0.8724
262,11,bus,402.26,322.92,591.48,536.02,0.9023
262,13,bus,450.54,205.63,513.15,307.76,0.8412
262,9,bus,667.37,201.14,724.26,239.9,0.6335
262,1227,car,666.34,246.27,698.8,271.79,0.7135
262,1300,car,367.42,202.21,391.81,216.39,0.6935
262,1276,car,684.88,416.39,816.71,540.0,0.8538
262,1362,car,604.28,303.2,666.6,362.48,0.8268
262,1555,car,624.08,270.85,678.62,312.89,0.7899
262,962,truck,0.89,395.71,301.44,539.19,0.3605
262,8,bus,719.42,213.67,849.54,287.24,0.3223
262,1750,bike,184.7,296.64,209.12,322.83,0.2951
262,1597,bus,767.7,226.48,851.8,287.39,0.6873
263,2,bus,840.58,240.81,957.83,342.92,0.871
263,11,bus,401.02,324.37,591.56,536.57,0.8711
263,13,bus,450.8,205.88,513.96,309.15,0.8429
263,9,bus,667.85,202.59,722.74,240.11,0.5679
263,1227,car,666.58,246.11,698.97,271.72,0.6885
263,1300,car,366.5,202.17,391.18,216.5,0.6285
263,1276,car,691.58,418.21,823.36,540.0,0.8216
263,1362,car,605.2,305.29,667.96,365.11,0.8317
263,1555,car,625.62,271.4,680.9,314.06,0.747
263,962,truck,0.24,395.34,302.2,539.58,0.4754
263,8,bus,718.16,212.54,849.17,286.77,0.4853
263,1597,bus,767.64,226.04,851.92,287.31,0.6028
264,2,bus,839.97,241.48,956.92,342.74,0.866
264,11,bus,401.77,325.79,593.2,537.14,0.7651
264,13,bus,451.48,206.38,514.71,309.82,0.8487
264,9,bus,666.99,201.65,723.11,240.32,0.5964
264,1227,car,666.61,246.1,699.62,272.43,0.7153
264,1300,car,365.67,202.12,390.97,216.84,0.5901
264,1276,car,702.25,431.93,823.0,540.0,0.87
264,1362,car,605.56,306.22,669.75,367.55,0.8328
264,1555,car,627.07,272.45,682.88,315.62,0.7865
264,962,truck,0.94,395.43,302.05,539.25,0.3909
264,8,bus,716.72,212.89,847.04,287.0,0.4924
264,1597,bus,766.39,225.73,850.28,287.38,0.5367
264,1924,bus,717.66,212.93,774.05,267.22,0.3662
265,2,bus,839.75,242.24,956.48,342.72,0.8741
265,11,bus,402.63,327.99,594.06,537.52,0.8659
265,13,bus,451.53,206.81,514.7,310.25,0.8409
265,9,bus,666.99,201.82,722.73,240.4,0.5542
265,1227,car,667.0,246.18,699.9,272.62,0.7085
265,1300,car,365.22,202.18,390.83,217.15,0.6729
265,1276,car,710.68,441.74,824.64,540.0,0.8578
265,1362,car,606.86,307.78,671.35,369.49,0.8465
265,1555,car,628.5,273.96,684.24,317.24,0.7512
265,962,truck,1.01,395.76,301.79,539.41,0.4454
265,8,bus,715.15,213.45,845.16,287.42,0.684
265,1597,bus,765.88,225.79,849.67,288.03,0.3971
265,1924,bus,716.8,213.56,772.18,266.77,0.241
266,2,bus,839.75,242.85,955.78,341.96,0.8725
266,11,bus,403.43,329.78,595.0,537.95,0.8757
266,13,bus,450.99,206.45,514.71,311.05,0.8449
266,9,bus,667.2,202.3,722.33,240.59,0.4944
266,1227,car,667.31,246.25,699.95,272.55,0.6962
266,1300,car,364.64,202.2,390.49,217.35,0.6481
266,1276,car,719.28,449.51,827.39,540.0,0.8026
266,1362,car,607.8,309.05,673.27,371.68,0.857
266,1555,car,629.74,274.76,685.68,318.42,0.719
266,962,truck,0.26,395.33,302.28,539.66,0.3919
266,8,bus,715.1,213.03,842.6,285.39,0.3192
266,1597,bus,763.63,223.75,848.29,287.56,0.5661
266,1924,bus,715.71,213.16,771.69,266.86,0.5643
267,2,bus,838.47,241.46,956.35,341.65,0.872
267,11,bus,403.23,331.36,595.17,538.26,0.8133
267,13,bus,451.21,206.8,514.98,311.64,0.8514
267,9,bus,667.51,201.46,723.35,240.56,0.5387
267,1227,car,667.61,246.33,700.16,272.59,0.6899
267,1300,car,364.27,202.74,389.3,217.29,0.5407
267,1276,car,726.83,456.87,830.65,540.0,0.836
267,1362,car,608.62,310.37,675.82,374.74,0.8677
267,1555,car,631.2,275.42,687.97,319.95,0.7712
267,962,truck,0.81,395.66,301.81,539.48,0.5272
267,8,bus,716.85,212.94,838.12,281.08,0.2758
267,1597,bus,764.3,224.14,846.32,286.54,0.6472
267,1924,bus,714.62,213.06,771.53,267.52,0.6312
267,1750,bike,168.1,303.23,197.09,334.3,0.437
268,2,bus,837.78,241.03,956.26,341.14,0.8611
268,11,bus,402.85,333.41,594.7,538.34,0.8501
268,13,bus,451.28,207.12,515.33,312.63,0.8587
268,9,bus,667.77,201.97,722.93,240.73,0.5071
268,1227,car,667.92,246.33,700.28,272.53,0.6849
268,1300,car,363.82,203.23,388.2,217.27,0.5223
268,1276,car,734.18,465.3,832.28,540.0,0.8302
268,1362,car,609.94,312.67,677.53,377.55,0.8833
268,1555,car,633.03,276.47,690.14,321.35,0.8228
268,962,truck,1.51,396.35,301.11,539.4,0.3347
268,8,bus,714.49,213.81,839.09,283.64,0.5286
268,1597,bus,764.47,225.3,843.99,285.74,0.5
268,1924,bus,713.23,214.41,769.12,267.81,0.4587
268,1750,bike,165.49,305.88,194.51,336.59,0.307
269,2,bus,837.61,240.99,955.82,340.15,0.8657
269,11,bus,402.3,335.28,594.0,538.07,0.8598
269,13,bus,451.34,207.13,515.92,313.61,0.8527
269,9,bus,668.97,203.09,722.2,240.51,0.4848
269,1227,car,668.4,246.74,699.88,272.17,0.7023
269,1300,car,363.29,203.44,387.4,217.27,0.5141
269,1276,car,741.46,473.67,833.66,540.0,0.7421
269,1362,car,611.17,314.96,679.04,380.12,0.8947
269,1555,car,634.55,277.68,692.03,322.98,0.8068
269,962,truck,1.31,396.25,301.71,539.65,0.4122
269,8,bus,713.42,213.85,838.17,283.47,0.5813
269,1597,bus,763.81,225.31,841.96,284.64,0.5823
269,1924,bus,711.75,214.63,767.6,268.01,0.3436
270,2,bus,837.08,241.42,955.37,339.84,0.871
270,11,bus,401.7,337.0,593.5,537.99,0.8808
270,13,bus,451.62,207.17,516.5,314.23,0.8483
270,9,bus,668.18,202.12,721.75,239.96,0.5363
270,1227,car,668.49,246.71,700.07,272.11,0.6761
270,1300,car,362.65,203.26,387.04,217.2,0.5325
270,1276,car,749.77,482.19,835.13,540.0,0.759
270,1362,car,612.87,317.02,681.36,382.73,0.8998
270,1555,car,635.85,278.52,694.34,324.56,0.8153
270,962,truck,0.79,395.95,302.23,539.9,0.4126
270,1597,bus,762.66,224.98,840.52,283.7,0.7647
270,1924,bus,710.98,214.82,765.63,266.93,0.6281
270,1750,bike,158.11,306.98,188.83,339.28,0.5426
271,2,bus,836.22,241.28,955.07,339.34,0.883
271,11,bus,400.87,338.49,592.76,537.72,0.8811
271,13,bus,451.58,207.16,516.77,314.89,0.8631
271,9,bus,667.31,201.34,721.53,239.75,0.4447
271,1227,car,668.47,246.6,700.14,272.04,0.6884
271,1300,car,361.65,202.73,386.99,217.21,0.6416
271,1276,car,761.18,491.39,838.13,539.95,0.7171
271,1362,car,614.12,318.67,684.02,385.81,0.9026
271,1555,car,637.16,279.33,695.93,325.58,0.8275
271,962,truck,0.42,395.78,302.26,539.99,0.4887
271,1597,bus,762.28,225.1,839.06,282.84,0.5768
271,1924,bus,710.59,215.34,764.76,266.7,0.4502
271,1750,bike,154.85,307.44,186.99,341.31,0.4378
271,8,bus,713.15,214.5,834.94,281.93,0.4841
272,2,bus,834.17,239.23,956.13,339.38,0.8716
272,11,bus,401.17,340.59,592.71,537.59,0.8812
272,13,bus,451.63,207.22,517.3,315.94,0.8621
272,9,bus,667.1,202.63,719.85,240.1,0.3804
272,1227,car,668.49,246.84,700.44,272.48,0.7254
272,1300,car,360.98,203.08,386.25,217.5,0.5082
272,1276,car,770.93,501.43,838.04,540.0,0.564
272,1362,car,615.46,321.05,686.41,389.31,0.893
272,1555,car,638.14,280.49,698.25,327.86,0.7936
272,962,truck,0.91,396.36,301.64,540.0,0.4056
272,1597,bus,759.27,223.83,836.49,281.67,0.7725
272,1924,bus,709.07,215.91,761.87,265.74,0.572
272,1750,bike,152.78,309.82,184.02,342.55,0.3704
273,2,bus,832.82,237.74,956.45,338.75,0.8691
273,11,bus,401.16,343.04,592.01,537.22,0.8793
273,13,bus,451.72,207.48,517.5,316.58,0.8677
273,9,bus,666.29,202.54,719.17,240.47,0.4119
273,1227,car,668.81,247.08,699.91,272.0,0.6926
273,1300,car,360.15,203.36,385.58,217.84,0.5961
273,1362,car,616.82,322.92,688.02,391.38,0.8641
273,1555,car,639.39,281.84,700.54,330.27,0.7757
273,962,truck,0.92,396.43,301.21,539.88,0.4233
273,1597,bus,758.55,225.02,834.72,281.66,0.6148
273,1924,bus,708.49,215.82,761.64,265.63,0.3694
273,1750,bike,149.5,311.94,181.16,345.02,0.3613
273,8,bus,707.73,212.57,835.33,283.17,0.2508
274,2,bus,831.3,236.75,956.58,338.59,0.8763
274,11,bus,400.96,344.91,592.0,537.32,0.8904
274,13,bus,451.58,207.67,517.63,317.3,0.8834
274,9,bus,665.84,202.9,718.1,240.67,0.3547
274,1227,car,668.77,247.05,699.77,271.89,0.7104
274,1300,car,359.06,202.99,385.11,217.85,0.4867
274,1362,car,617.18,324.22,690.48,394.88,0.8334
274,1555,car,640.98,282.74,703.06,332.08,0.7783
274,962,truck,0.87,396.46,300.93,539.83,0.4566
274,1597,bus,756.19,223.44,834.07,281.06,0.7504
274,1924,bus,706.89,215.45,759.65,264.7,0.4784
274,1750,bike,145.93,313.2,178.46,347.1,0.534
275,2,bus,830.36,236.19,956.45,338.12,0.8808
275,11,bus,401.21,347.3,591.99,537.41,0.8536
275,13,bus,451.37,208.44,517.33,317.86,0.8808
275,9,bus,666.72,203.08,719.42,241.28,0.4969
275,1227,car,668.9,247.79,699.6,272.41,0.7278
275,1300,car,358.24,202.76,384.69,217.85,0.4577
275,1362,car,618.01,326.71,693.01,399.17,0.8167
275,1555,car,642.69,283.98,705.43,333.9,0.8049
275,962,truck,1.42,396.43,300.38,539.17,0.5832
275,1597,bus,753.34,221.23,833.99,280.77,0.7821
275,1924,bus,706.05,215.72,758.85,264.71,0.6023
275,1750,bike,142.64,316.17,174.89,349.45,0.3078
276,2,bus,829.46,235.54,956.5,337.75,0.8813
276,11,bus,401.15,349.73,592.06,537.87,0.7961
276,13,bus,451.44,208.87,517.49,318.36,0.8797
276,9,bus,667.5,202.52,721.57,241.75,0.3494
276,1227,car,669.03,248.08,699.42,272.44,0.7036
276,1300,car,357.68,203.39,383.8,218.24,0.5153
276,1362,car,620.17,329.19,695.89,402.3,0.8565
276,1555,car,644.39,285.62,707.35,335.87,0.8296
276,962,truck,1.15,396.69,300.67,539.71,0.4663
276,1597,bus,752.04,219.99,834.19,280.63,0.7104
276,1924,bus,704.9,215.49,758.31,264.91,0.503
277,2,bus,829.19,235.47,956.02,336.87,0.8817
277,11,bus,401.01,352.35,591.66,538.11,0.8788
277,13,bus,451.54,209.18,517.83,319.06,0.8752
277,9,bus,667.79,202.6,721.73,241.88,0.4329
277,1227,car,669.07,248.17,699.36,272.39,0.6955
277,1300,car,357.42,204.02,382.72,218.29,0.5343
277,1362,car,622.02,331.71,698.8,405.72,0.8748
277,1555,car,645.23,286.89,709.09,338.08,0.8203
277,962,truck,2.09,397.24,299.96,539.3,0.4486
277,1597,bus,752.55,219.77,834.72,280.66,0.7596
277,1924,bus,703.9,215.1,757.94,264.92,0.6712
278,2,bus,828.92,236.07,955.3,336.33,0.8816
278,11,bus,401.31,354.73,591.78,538.3,0.8825
278,13,bus,451.42,209.41,518.02,319.84,0.8773
278,9,bus,666.35,202.86,719.26,241.92,0.5147
278,1227,car,668.83,248.0,699.19,272.3,0.6935
278,1300,car,356.4,203.98,382.06,218.42,0.538
278,1362,car,623.39,333.89,701.79,409.4,0.886
278,1555,car,647.17,287.82,711.21,339.42,0.8208
278,962,truck,2.63,397.95,299.87,539.53,0.3389
278,1597,bus,751.23,219.53,833.77,280.79,0.5465
278,1924,bus,701.65,214.84,758.82,267.89,0.3634
278,1750,bike,129.64,320.91,164.01,355.91,0.4939
279,2,bus,828.72,236.56,954.41,335.35,0.8701
279,11,bus,401.5,356.88,591.78,538.23,0.8838
279,13,bus,451.34,209.54,518.27,320.58,0.8756
279,9,bus,667.82,202.72,720.66,241.65,0.3043
279,1227,car,668.8,247.79,699.19,272.11,0.6751
279,1300,car,355.56,203.84,381.65,218.51,0.5096
279,1362,car,624.89,336.0,704.44,412.64,0.8842
279,1555,car,649.17,288.99,712.99,340.56,0.76
279,962,truck,2.24,397.19,299.98,538.93,0.3078
279,1750,bike,125.55,322.63,160.39,357.75,0.5289
279,8,bus,705.12,212.71,827.67,279.87,0.709
280,2,bus,828.04,236.77,954.02,334.92,0.8781
280,11,bus,401.86,359.74,591.26,538.22,0.9035
280,13,bus,451.01,209.75,518.36,321.41,0.8632
280,9,bus,666.98,202.9,718.88,241.57,0.4353
280,1227,car,668.79,247.66,699.31,272.07,0.6755
280,1300,car,355.19,204.62,380.19,218.53,0.5879
280,1362,car,627.04,338.88,707.6,416.37,0.8815
280,1555,car,651.54,290.36,716.25,342.64,0.7791
280,962,truck,2.27,397.95,299.88,539.51,0.3914
280,1750,bike,122.13,323.79,157.84,359.64,0.5585
280,8,bus,704.6,213.14,826.44,279.16,0.7747
281,2,bus,825.87,234.5,955.33,334.88,0.88
281,11,bus,402.11,362.26,590.87,538.11,0.8908
281,13,bus,451.41,210.0,519.06,322.03,0.8548
281,9,bus,666.59,202.91,717.74,241.48,0.4213
281,1227,car,668.98,247.79,699.35,272.07,0.6953
281,1300,car,354.34,204.29,379.92,218.45,0.5815
281,1362,car,628.53,341.01,710.33,419.74,0.8815
281,1555,car,653.73,291.34,719.27,344.41,0.8514
281,962,truck,2.26,398.36,299.91,539.84,0.2263
281,1750,bike,117.31,325.71,154.35,362.66,0.44
281,1597,bus,748.56,219.5,829.72,279.49,0.8032
281,1924,bus,699.82,214.49,754.12,264.71,0.3916
282,2,bus,825.04,232.96,955.53,333.51,0.8814
282,11,bus,402.28,365.31,589.85,537.86,0.8716
282,13,bus,451.33,210.29,519.41,323.0,0.8715
282,9,bus,666.06,202.85,716.89,241.64,0.3333
282,1227,car,669.14,247.87,699.32,271.99,0.6916
282,1300,car,353.27,204.21,379.37,218.63,0.6191
282,1362,car,629.73,342.79,713.76,423.83,0.8868
282,1555,car,655.76,292.74,721.35,345.96,0.8404
282,962,truck,3.95,399.24,299.0,539.09,0.2399
282,1750,bike,113.05,327.61,150.62,364.87,0.3506
282,1597,bus,747.31,219.31,828.76,279.42,0.8391
282,1924,bus,699.58,214.13,753.31,263.58,0.5713
283,2,bus,823.87,231.85,955.73,332.87,0.8863
283,11,bus,402.53,368.05,589.22,537.5,0.8335
283,13,bus,451.62,210.79,519.71,323.36,0.8681
283,9,bus,665.88,203.39,713.73,240.4,0.345
283,1227,car,669.1,247.8,699.12,271.8,0.6897
283,1300,car,352.51,204.48,378.45,218.74,0.6281
283,1362,car,630.45,345.11,717.01,428.78,0.8631
283,1555,car,657.1,294.14,724.26,348.84,0.8695
283,1597,bus,746.46,219.82,826.73,278.72,0.8139
283,1924,bus,697.67,214.35,750.44,262.75,0.6414
284,2,bus,823.05,231.54,955.31,332.15,0.8635
284,11,bus,402.75,371.03,588.73,537.51,0.8189
284,13,bus,451.8,210.91,520.27,324.05,0.8659
284,1227,car,668.96,247.65,698.71,271.49,0.6574
284,1300,car,351.15,204.38,377.66,218.89,0.6244
284,1362,car,631.83,347.33,721.06,433.84,0.8423
284,1555,car,659.23,295.74,726.57,350.71,0.829
284,1597,bus,747.2,221.61,824.93,278.17,0.8637
284,1924,bus,696.63,214.04,749.59,262.47,0.6806
284,1750,bike,104.98,332.05,142.34,368.68,0.4813
285,2,bus,820.52,228.53,956.53,331.64,0.8654
285,11,bus,403.01,374.1,588.13,537.5,0.7497
285,13,bus,451.69,210.96,520.8,325.1,0.8675
285,1227,car,669.31,247.54,699.38,271.55,0.6086
285,1300,car,350.93,204.3,377.44,218.8,0.6313
285,1362,car,633.61,349.88,724.36,437.97,0.8743
285,1555,car,660.73,296.87,729.73,353.33,0.831
285,1597,bus,746.22,222.27,823.21,277.81,0.8083
285,1924,bus,695.74,213.57,749.12,262.35,0.4275
285,1750,bike,100.62,333.86,137.45,369.45,0.5108
286,2,bus,823.01,232.85,952.98,329.92,0.8551
286,11,bus,403.19,377.44,587.41,537.71,0.8083
286,13,bus,451.54,211.21,521.08,326.11,0.8715
286,1227,car,669.63,247.45,700.13,271.68,0.5946
286,1300,car,350.81,204.56,377.09,218.9,0.5986
286,1362,car,636.1,352.8,728.01,442.1,0.8572
286,1555,car,662.47,298.5,732.33,355.87,0.8275
286,1597,bus,745.61,222.86,821.78,277.33,0.788
286,1924,bus,694.66,213.67,747.25,261.73,0.4801
286,1750,bike,94.24,335.32,133.77,373.07,0.5652
287,2,bus,823.9,235.84,950.85,329.16,0.8627
287,11,bus,403.04,379.96,587.32,538.02,0.7893
287,13,bus,451.77,211.96,521.39,326.86,0.8707
287,1227,car,670.0,247.48,700.74,271.71,0.6267
287,1300,car,351.28,205.02,377.26,219.25,0.4982
287,1362,car,638.63,356.1,731.64,446.54,0.8702
287,1555,car,664.46,299.72,735.21,358.13,0.8029
287,1597,bus,744.66,222.41,821.23,276.81,0.7797
287,1924,bus,693.53,213.63,745.79,261.32,0.6035
287,1750,bike,87.34,335.78,129.73,375.98,0.6275
288,2,bus,823.18,235.96,950.86,328.54,0.8798
288,11,bus,403.08,383.36,586.29,538.15,0.8559
288,13,bus,451.65,212.14,522.24,328.59,0.8711
288,1227,car,669.94,247.39,701.07,271.84,0.6786
288,1300,car,350.57,204.97,376.77,219.38,0.4812
288,1362,car,639.71,358.61,735.73,452.38,0.8855
288,1555,car,666.98,301.67,737.97,360.51,0.7714
288,1597,bus,743.63,221.86,820.85,276.44,0.7191
288,1924,bus,692.87,213.65,744.58,260.69,0.6779
289,2,bus,821.07,233.63,952.64,328.21,0.8828
289,11,bus,403.08,386.09,585.92,538.15,0.8429
289,13,bus,451.87,212.43,522.93,329.65,0.8778
289,1227,car,669.76,247.21,701.27,271.91,0.6547
289,1300,car,349.89,204.99,376.01,219.38,0.4876
289,1362,car,640.98,361.36,740.16,458.63,0.8869
289,1555,car,669.96,303.76,741.0,362.61,0.7943
289,1597,bus,743.7,222.54,819.92,276.09,0.6838
289,1924,bus,691.89,213.72,744.05,261.02,0.7019
290,2,bus,819.74,232.56,953.3,327.74,0.8925
290,11,bus,403.18,388.94,585.5,538.19,0.8569
290,13,bus,451.8,212.75,523.13,330.3,0.8642
290,1227,car,669.76,246.27,702.58,271.95,0.7159
290,1300,car,349.01,204.96,375.47,219.61,0.5271
290,1362,car,643.73,365.88,743.24,463.35,0.8937
290,1555,car,671.85,305.39,743.67,365.02,0.8476
290,1597,bus,740.27,221.12,818.89,275.96,0.7289
290,1924,bus,691.34,213.49,743.5,260.66,0.6715
291,2,bus,818.06,231.22,953.88,327.27,0.8988
291,11,bus,403.52,391.73,585.54,538.42,0.8779
291,13,bus,451.59,213.34,522.94,331.12,0.8916
291,1227,car,669.37,244.83,703.64,271.67,0.6603
291,1300,car,348.8,204.75,375.12,219.41,0.5299
291,1362,car,645.9,369.1,747.55,468.78,0.8566
291,1555,car,673.66,307.1,746.22,367.41,0.858
291,1597,bus,738.34,220.58,818.35,275.83,0.8325
291,1924,bus,690.95,213.03,743.3,260.25,0.6638
292,2,bus,818.49,233.73,952.0,326.83,0.8994
292,11,bus,404.1,395.2,584.98,538.46,0.8144
292,13,bus,451.62,213.66,523.84,332.81,0.9066
292,1227,car,669.4,244.7,703.63,271.52,0.7182
292,1300,car,349.08,204.9,375.15,219.61,0.4743
292,1362,car,648.38,372.66,752.16,474.63,0.8476
292,1555,car,675.53,308.67,749.67,370.32,0.8445
292,1597,bus,735.31,219.21,818.05,276.15,0.854
292,1924,bus,689.52,213.05,742.28,260.67,0.6258
292,2110,truck,393.38,394.81,597.21,538.33,0.6026
292,1750,bike,64.79,348.24,106.97,387.66,0.3162
293,2,bus,817.82,234.14,951.68,326.33,0.8919
293,11,truck,405.32,398.71,584.4,538.07,0.5998
293,13,bus,451.38,213.64,524.12,333.62,0.8976
293,1227,car,669.07,244.77,702.92,271.42,0.661
293,1300,car,348.59,205.02,374.53,219.85,0.4982
293,1362,car,650.57,376.03,757.67,481.59,0.8498
293,1555,car,677.75,310.04,753.62,373.13,0.8196
293,1597,bus,734.1,218.89,816.89,275.77,0.8637
293,1924,bus,688.94,212.64,741.42,259.87,0.5421
293,2110,bus,394.67,397.11,595.34,538.26,0.8223
294,2,bus,817.07,234.45,951.57,325.96,0.8913
294,11,truck,406.12,402.35,583.95,538.17,0.598
294,13,bus,451.1,213.67,524.31,334.44,0.9065
294,1227,car,669.19,244.75,702.75,271.26,0.6446
294,1300,car,348.35,205.04,374.1,219.96,0.4352
294,1362,car,653.34,379.71,762.07,486.98,0.8604
294,1555,car,679.54,311.6,757.17,376.41,0.8032
294,1597,bus,733.75,219.17,815.85,275.2,0.8486
294,1924,bus,687.83,211.96,740.49,259.25,0.6922
294,2110,bus,397.95,400.95,592.54,537.48,0.8482
294,962,truck,2.46,398.45,300.27,539.29,0.2184
295,2,bus,815.93,234.14,952.01,325.87,0.895
295,11,truck,407.15,406.5,583.07,538.12,0.6927
295,13,bus,450.95,213.78,524.61,335.33,0.9122
295,1227,car,669.22,244.31,703.35,271.36,0.7093
295,1300,car,347.49,204.86,373.39,220.12,0.2945
295,1362,car,655.99,382.97,768.3,494.12,0.9051
295,1555,car,682.17,313.65,760.9,379.53,0.8573
295,1597,bus,732.64,217.33,816.06,274.24,0.829
295,1924,bus,687.13,211.98,739.63,258.96,0.6532
295,2110,bus,400.8,405.26,589.78,537.25,0.8499
296,2,bus,814.59,233.74,951.54,325.26,0.8919
296,11,truck,408.05,410.32,582.63,538.18,0.6138
296,13,bus,451.39,214.02,525.45,336.4,0.9151
296,1227,car,669.87,244.86,703.32,271.29,0.7148
296,1300,car,347.16,204.73,372.71,220.04,0.306
296,1362,car,658.0,386.44,773.81,501.31,0.9086
296,1555,car,684.77,315.63,765.65,383.3,0.8338
296,1597,bus,731.98,215.7,816.41,273.33,0.826
296,1924,bus,685.96,211.53,738.34,258.24,0.7088
296,2110,bus,403.09,409.36,587.76,537.48,0.8454
297,2,bus,813.39,235.25,949.7,325.55,0.8887
297,11,truck,409.23,414.63,581.47,537.9,0.6469
297,13,bus,451.78,214.38,526.46,337.82,0.9109
297,1227,car,670.38,245.4,703.25,271.26,0.7148
297,1300,car,347.12,204.91,372.09,220.16,0.3478
297,1362,car,661.7,391.5,779.55,508.37,0.8189
297,1555,car,687.21,317.61,769.36,386.48,0.7841
297,1597,bus,731.04,215.71,813.86,272.2,0.8428
297,1924,bus,684.92,211.68,737.23,258.22,0.7591
297,2110,bus,405.18,414.2,585.04,537.79,0.7918
298,2,bus,812.14,235.86,948.11,325.19,0.8895
298,13,bus,451.75,214.64,527.0,338.97,0.912
298,1227,car,670.41,246.04,702.4,271.11,0.6808
298,1300,car,346.2,204.63,371.25,220.23,0.2818
298,1362,car,664.33,395.63,785.27,515.62,0.8461
298,1555,car,689.87,319.76,772.91,389.4,0.8387
298,1597,bus,728.49,215.97,810.29,271.83,0.7907
298,1924,bus,683.68,211.88,735.38,257.84,0.7254
299,2,bus,810.85,235.76,946.76,324.35,0.8893
299,13,bus,451.73,215.06,527.72,340.54,0.9165
299,1227,car,670.44,246.46,702.07,271.21,0.7405
299,1300,car,345.4,204.51,370.31,220.31,0.351
299,1362,car,667.35,400.09,791.49,523.4,0.8851
299,1555,car,693.15,322.16,777.38,392.8,0.849
299,1597,bus,727.86,215.67,808.64,270.81,0.7401
299,1924,bus,683.0,212.09,734.33,257.78,0.7049
299,11,truck,411.13,422.4,578.54,538.5,0.7334
300,2,bus,808.61,235.9,944.74,323.79,0.8757
300,13,bus,451.7,215.27,528.47,341.91,0.9102
300,1227,car,670.8,246.88,702.03,271.21,0.7007
300,1300,car,344.72,205.01,368.99,220.55,0.2577
300,1362,car,670.92,405.36,797.49,530.83,0.855
300,1555,car,695.95,324.57,780.98,395.85,0.8086
300,1597,bus,726.86,216.1,806.53,270.28,0.7802
300,1924,bus,680.96,211.49,732.74,257.66,0.7114
300,11,truck,411.59,426.33,578.64,538.66,0.7965
301,2,bus,808.53,236.04,942.38,321.52,0.8769
301,13,bus,451.83,215.49,528.98,342.59,0.9132
301,1227,car,671.08,246.85,701.96,270.81,0.7013
301,1300,car,340.63,205.03,365.62,220.65,0.3101
301,1362,car,675.6,409.84,803.69,536.24,0.8628
301,1555,car,698.69,326.55,785.76,399.57,0.8208
301,1597,bus,725.51,215.91,806.13,270.56,0.6942
301,1924,bus,679.5,211.28,730.76,257.11,0.4084
301,11,truck,412.04,430.94,577.33,538.44,0.7781
301,962,truck,0.0,392.99,305.98,539.97,0.2759
302,2,bus,808.09,235.86,941.7,320.36,0.8837
302,13,bus,452.24,215.79,529.89,343.54,0.9069
302,1227,car,671.26,246.9,702.06,270.72,0.6632
302,1362,car,682.15,414.6,809.83,539.26,0.8951
302,1555,car,701.97,328.73,790.94,403.32,0.7499
302,1597,bus,724.84,216.65,804.6,270.57,0.7884
302,1924,bus,678.85,211.07,730.27,257.06,0.5383
302,11,truck,412.94,435.15,576.53,538.0,0.75
302,962,truck,0.0,393.53,304.67,539.53,0.3821
303,2,bus,805.96,234.83,941.4,319.87,0.8837
303,13,bus,452.41,215.86,530.72,344.46,0.8973
303,1227,car,671.31,247.49,701.55,270.78,0.6316
303,1362,car,688.03,418.78,814.62,540.0,0.8959
303,1555,car,704.49,330.76,796.44,407.93,0.8144
303,1597,bus,724.68,217.53,802.95,270.43,0.7549
303,1924,bus,678.11,210.48,730.35,257.14,0.5015
303,11,truck,413.48,439.55,576.04,538.36,0.635
303,962,truck,0.0,392.82,305.08,539.21,0.2387
304,2,bus,805.38,235.51,940.43,319.54,0.8858
304,13,bus,452.25,216.42,530.95,345.71,0.8836
304,1227,car,671.27,247.58,701.36,270.72,0.6951
304,1362,car,694.97,424.47,818.53,540.0,0.9102
304,1555,car,707.83,333.48,801.46,412.04,0.8878
304,1597,bus,723.92,218.31,800.28,269.78,0.7667
304,1924,bus,677.2,209.84,730.17,257.14,0.6403
304,11,truck,414.69,445.15,574.83,539.02,0.5567
304,962,truck,0.0,392.71,304.86,539.16,0.3545
305,2,bus,803.6,234.94,940.44,319.41,0.8916
305,13,bus,451.97,216.35,531.44,347.31,0.8875
305,1227,car,671.39,247.61,701.29,270.57,0.7695
305,1362,car,702.05,431.32,821.47,540.0,0.9035
305,1555,car,710.57,336.0,806.02,416.24,0.829
305,1597,bus,722.4,217.13,800.02,269.59,0.7481
305,1924,bus,675.54,209.01,729.19,256.87,0.5775
305,11,truck,416.23,450.4,573.1,538.71,0.6236
305,2209,car,644.95,239.7,667.07,255.49,0.3694
306,2,bus,802.22,233.79,940.29,318.5,0.8898
306,13,bus,452.25,216.57,532.17,348.51,0.8881
306,1227,car,671.77,247.8,701.27,270.41,0.7276
306,1362,car,708.89,437.35,825.07,540.0,0.8939
306,1555,car,714.57,339.12,810.77,420.0,0.8252
306,1597,bus,721.98,216.26,799.97,269.08,0.5962
306,1924,bus,674.94,209.28,727.95,256.8,0.5776
306,11,truck,418.26,456.27,571.69,539.05,0.5757
306,2209,car,645.52,240.01,667.05,255.38,0.3232
306,962,truck,0.0,391.98,304.53,538.32,0.2361
307,2,bus,800.65,233.9,937.98,317.72,0.8881
307,13,bus,452.83,216.77,533.49,350.07,0.8958
307,1227,car,672.3,248.03,701.41,270.26,0.7339
307,1362,car,714.81,443.47,828.0,540.0,0.8444
307,1555,car,718.18,341.99,816.12,424.22,0.8062
307,1597,bus,720.43,215.38,798.88,268.61,0.6546
307,1924,bus,674.59,209.73,726.72,256.42,0.5126
307,11,truck,419.01,461.59,569.95,539.49,0.5156
307,962,truck,1.01,393.96,302.75,538.7,0.3464
308,2,bus,797.77,232.47,936.56,317.17,0.8839
308,13,bus,452.86,217.33,534.09,351.62,0.898
308,1227,car,672.24,247.27,701.93,269.98,0.7494
308,1362,car,721.55,449.91,831.78,540.0,0.8677
308,1555,car,720.25,343.87,822.92,430.37,0.7395
308,1597,bus,720.04,215.43,798.04,268.49,0.5963
308,1924,bus,673.59,210.17,725.86,256.91,0.5477
308,11,truck,420.86,467.26,567.89,539.47,0.3852
308,962,truck,1.99,395.35,300.93,538.5,0.5033
308,2209,car,645.71,239.31,667.55,254.9,0.2403
309,2,bus,797.17,234.19,933.33,316.98,0.889
309,13,bus,452.87,217.85,534.75,353.03,0.906
309,1227,car,672.22,247.01,702.12,269.9,0.7259
309,1362,car,728.55,457.1,834.54,540.0,0.8575
309,1555,car,724.81,347.09,829.61,435.38,0.6281
309,1597,bus,718.94,215.08,796.27,267.79,0.5931
309,1924,bus,673.01,210.29,725.21,256.95,0.5102
309,11,truck,423.35,473.43,566.29,539.88,0.34
309,962,truck,1.88,395.99,300.66,538.94,0.455
309,2209,car,645.64,239.66,666.62,254.61,0.2895
310,2,bus,797.03,235.34,930.99,316.48,0.893
310,13,bus,452.61,218.65,534.81,353.94,0.9063
310,1227,car,672.21,246.49,702.69,269.9,0.7536
310,1362,car,736.48,464.68,838.04,540.0,0.8413
310,1555,car,728.55,350.21,835.17,440.02,0.7855
310,1597,bus,718.25,214.27,795.1,266.76,0.3765
310,1924,bus,681.58,210.36,736.55,256.88,0.3603
310,11,truck,425.42,479.24,564.12,539.95,0.3274
310,962,truck,1.84,396.1,300.47,538.87,0.4608
310,2209,car,645.75,240.2,666.71,255.1,0.3142
310,2238,car,617.77,228.76,645.96,246.2,0.3267
311,2,bus,796.92,235.59,930.52,316.24,0.8958
311,13,bus,452.5,219.12,535.23,355.02,0.9058
311,1227,car,672.17,245.63,703.43,269.81,0.7529
311,1362,car,741.83,472.28,838.83,540.0,0.761
311,1555,car,732.89,354.04,840.84,444.85,0.7259
311,1597,bus,714.88,211.39,795.83,267.13,0.4711
311,1924,bus,674.27,209.78,729.06,256.38,0.4444
311,962,truck,2.25,396.32,300.25,538.62,0.3567
311,2209,car,645.76,240.53,667.28,255.84,0.3374
311,2238,car,618.32,228.78,646.01,245.91,0.2947
312,2,bus,796.18,235.57,930.09,316.14,0.9089
312,13,bus,452.34,219.49,536.3,357.09,0.896
312,1227,car,672.31,245.63,703.49,269.88,0.7502
312,1362,car,748.93,480.62,840.02,540.0,0.7415
312,1555,car,737.52,357.98,847.88,450.69,0.7162
312,1924,bus,671.71,209.43,726.42,256.06,0.294
312,962,truck,2.78,397.22,299.45,538.64,0.3924
312,2209,car,645.89,241.0,667.18,256.13,0.3365
312,2238,car,618.87,228.93,646.48,246.04,0.2864
312,8,bus,675.66,208.12,789.8,267.95,0.4334
313,2,bus,795.62,235.67,928.32,315.11,0.8968
313,13,bus,452.21,219.68,537.45,358.74,0.8911
313,1227,car,671.88,244.58,703.91,269.75,0.7882
313,1362,car,756.37,488.99,839.98,539.65,0.778
313,1555,car,740.73,360.59,855.24,456.93,0.713
313,1924,bus,670.04,209.32,724.67,256.12,0.5655
313,962,truck,3.11,396.91,299.97,538.24,0.2589
313,2209,car,645.6,240.33,666.63,255.24,0.3454
313,2238,car,618.54,228.73,646.59,246.11,0.3444
313,1597,bus,713.1,211.88,791.66,266.15,0.5432
314,2,bus,794.64,235.83,927.87,315.29,0.8987
314,13,bus,452.17,220.17,538.5,360.26,0.8913
314,1227,car,671.88,244.1,704.11,269.7,0.7989
314,1362,car,765.06,497.44,841.08,539.72,0.7141
314,1555,car,744.9,363.85,863.28,463.55,0.5867
314,1924,bus,668.89,209.0,723.14,255.73,0.5637
314,962,truck,2.63,396.54,300.64,538.35,0.339
314,2209,car,645.09,240.37,667.06,255.94,0.3341
314,2238,car,618.3,228.75,646.46,246.22,0.3321
314,1597,bus,711.14,210.86,790.68,266.15,0.7161
315,2,bus,794.65,235.93,927.76,314.89,0.8889
315,13,bus,452.08,220.5,539.64,361.75,0.8869
315,1227,car,671.78,243.55,704.16,269.58,0.7391
315,1362,car,774.05,505.91,841.51,539.92,0.6094
315,1555,car,750.0,367.64,870.77,469.25,0.5475
315,1924,bus,666.95,209.06,721.24,256.1,0.6669
315,2209,car,644.59,239.22,668.08,255.93,0.3469
315,2238,car,617.94,228.67,646.59,246.46,0.3082
315,1597,bus,710.33,210.71,789.64,266.27,0.7625
316,2,bus,792.02,233.79,927.41,314.12,0.8951
316,13,bus,451.79,220.79,540.6,363.4,0.891
316,1227,car,671.92,243.06,704.21,269.33,0.7524
316,1555,car,754.95,371.63,879.5,476.28,0.556
316,1924,bus,665.13,208.82,720.18,256.87,0.5019
316,2209,car,644.82,239.76,666.57,255.18,0.2932
316,2238,car,618.71,228.56,645.69,245.25,0.3494
316,1597,bus,709.65,210.37,788.55,266.03,0.785
316,2289,truck,754.66,371.65,880.03,475.96,0.4528
316,962,truck,3.42,397.8,299.47,538.34,0.2375
317,2,bus,789.78,232.58,925.11,312.98,0.8884
317,13,bus,451.62,220.9,541.7,364.78,0.9052
317,1227,car,672.55,243.71,703.41,269.01,0.7623
317,1555,car,759.85,374.95,887.55,482.06,0.5843
317,1924,bus,663.2,208.46,718.1,257.0,0.5825
317,2209,car,644.54,238.69,666.7,254.35,0.2983
317,2238,car,620.05,228.53,645.45,244.19,0.3831
317,1597,bus,708.2,209.8,787.52,266.03,0.7699
317,2302,bus,911.39,239.8,958.24,309.6,0.364
318,2,bus,788.29,231.41,924.98,312.62,0.8748
318,13,bus,451.59,221.17,542.84,366.03,0.9023
318,1227,car,672.38,242.57,704.01,268.82,0.7001
318,1555,car,764.53,377.84,896.74,488.85,0.6693
318,1924,bus,661.88,209.29,718.69,260.3,0.4684
318,2209,car,644.12,237.73,668.25,254.98,0.3232
318,2238,car,620.36,228.35,645.35,243.73,0.3458
318,1597,bus,704.95,208.94,785.17,265.99,0.7651
318,2302,bus,915.82,240.03,960.0,308.89,0.3643
319,2,bus,788.21,231.73,924.98,312.88,0.881
319,13,bus,451.68,221.17,544.18,367.13,0.897
319,1227,car,672.69,242.23,704.09,268.54,0.614
319,1555,car,769.89,382.02,905.58,495.91,0.7738
319,1924,bus,657.24,209.93,717.68,265.68,0.374
319,2209,car,644.87,237.77,669.85,255.68,0.3837
319,2238,car,620.43,228.15,645.67,243.68,0.385
319,1597,bus,702.65,209.37,782.05,265.91,0.709
319,2302,bus,913.22,239.81,959.88,309.47,0.341
319,2322,bus,934.27,241.82,959.36,350.42,0.3935
319,1300,car,317.4,203.9,349.45,223.55,0.4137
319,962,truck,1.83,396.07,300.28,537.75,0.2539
320,2,bus,786.23,230.73,924.71,312.89,0.8678
320,13,bus,451.7,221.01,545.49,368.19,0.9107
320,1227,car,673.35,243.02,703.65,268.56,0.6461
320,1555,car,775.01,386.38,916.83,505.56,0.6385
320,1924,bus,657.7,209.31,720.22,267.82,0.4346
320,2209,car,644.98,238.03,668.88,255.1,0.2907
320,2238,car,620.28,227.93,646.02,243.79,0.3574
320,1597,bus,702.39,210.81,779.23,265.49,0.8595
320,2322,bus,932.55,240.35,957.85,349.49,0.4105
320,1300,car,316.9,204.33,348.83,223.4,0.2653
320,962,truck,1.39,395.43,301.28,537.84,0.3379
321,2,bus,784.44,230.51,922.1,312.24,0.8629
321,13,bus,451.92,221.02,547.05,369.46,0.8982
321,1227,car,673.73,243.63,703.08,268.45,0.7594
321,1555,car,782.44,392.74,926.38,513.39,0.5382
321,1924,bus,661.37,208.8,723.17,266.52,0.3048
321,2209,car,644.89,237.88,670.06,255.96,0.3717
321,2238,car,620.16,227.67,646.07,243.66,0.3431
321,1597,bus,702.16,210.39,778.42,264.75,0.8295
321,2322,bus,931.02,237.29,957.18,349.48,0.3957
321,1300,car,315.0,204.26,347.97,223.36,0.3034
321,962,truck,0.85,394.75,301.93,537.83,0.2433
321,2302,bus,910.91,239.43,957.82,309.16,0.2345
322,2,bus,783.1,230.08,918.36,310.6,0.8696
322,13,bus,451.97,221.08,548.24,370.34,0.8996
322,1227,car,673.79,243.53,702.93,268.26,0.7732
322,1555,car,789.32,397.95,939.09,523.09,0.543
322,1924,bus,658.55,208.88,718.71,266.32,0.3079
322,2209,car,644.74,237.62,669.77,255.73,0.3075
322,2238,car,620.29,227.46,646.18,243.49,0.3637
322,1597,bus,701.2,209.95,776.1,263.34,0.8003
322,2322,bus,930.99,237.26,957.39,349.8,0.4476
322,1300,car,314.78,204.24,347.01,222.46,0.2584
322,2302,bus,911.97,238.99,957.28,305.88,0.2615
323,2,bus,781.62,230.55,914.14,309.56,0.8755
323,13,bus,452.58,221.97,550.1,372.15,0.8714
323,1227,car,674.06,243.84,702.75,268.24,0.7615
323,1555,car,797.47,403.37,951.67,531.34,0.5669
323,1924,bus,656.58,209.25,715.87,267.08,0.3258
323,2209,car,645.42,238.46,669.32,255.71,0.3256
323,2238,car,620.24,227.47,645.99,243.44,0.3841
323,1597,bus,699.91,209.02,775.45,262.91,0.7359
323,2322,bus,930.0,236.82,957.07,351.15,0.4292
323,2302,bus,915.65,239.1,959.62,304.17,0.2666
323,962,bus,1.19,396.42,301.35,538.95,0.2066
324,2,bus,782.41,231.18,910.94,307.54,0.8802
324,13,bus,452.98,222.38,552.0,373.9,0.8889
324,1227,car,674.05,243.63,702.6,267.92,0.7219
324,1555,car,801.77,406.75,959.89,538.02,0.7337
324,1924,bus,667.14,207.61,725.53,261.99,0.7367
324,2209,car,644.81,237.79,669.04,255.42,0.3787
324,2238,car,620.36,227.12,646.26,243.21,0.4328
324,1597,bus,700.91,211.21,772.73,262.18,0.5084
324,2322,bus,929.09,237.71,956.45,351.66,0.5611
324,962,truck,1.06,395.4,301.58,538.13,0.2164
325,2,bus,782.61,231.93,908.07,306.1,0.8874
325,13,bus,453.1,222.55,553.6,375.55,0.898
325,1227,car,674.13,243.49,702.47,267.6,0.7466
325,1555,car,808.55,412.7,960.0,540.0,0.803
325,1924,bus,670.02,206.86,729.92,260.63,0.4999
325,2209,car,645.06,238.09,669.33,255.78,0.2865
325,2238,car,620.37,226.96,646.48,243.2,0.485
325,1597,bus,700.72,211.72,771.03,261.42,0.6586
325,2322,bus,928.84,240.73,955.82,351.01,0.7323
325,2302,bus,913.76,238.5,957.31,302.22,0.2535
326,2,bus,780.37,230.5,907.84,305.94,0.8833
326,13,bus,453.14,223.1,554.93,377.28,0.9066
326,1227,car,674.27,243.62,702.28,267.39,0.7806
326,1555,car,816.47,420.08,960.0,540.0,0.8306
326,1924,bus,669.21,206.47,729.84,259.15,0.3946
326,2209,car,645.18,237.88,669.81,255.86,0.3517
326,2238,car,620.36,226.88,646.31,243.03,0.4781
326,1597,bus,699.91,210.91,770.44,260.76,0.7541
326,2322,bus,927.54,242.85,954.91,351.94,0.7548
326,962,truck,0.74,394.84,301.84,537.94,0.2939
327,2,bus,779.24,230.4,906.03,305.45,0.8823
327,13,bus,453.33,223.59,556.5,379.09,0.9044
327,1227,car,674.29,243.61,702.2,267.24,0.7734
327,1555,car,824.63,428.01,960.0,540.0,0.8928
327,1924,bus,668.78,206.58,729.91,257.99,0.6718
327,2209,car,644.89,237.7,669.3,255.63,0.3148
327,2238,car,620.24,226.98,646.4,243.3,0.4524
327,1597,bus,701.93,213.88,768.14,260.33,0.4227
327,2322,bus,926.63,242.15,954.94,352.33,0.8032
328,2,bus,778.19,230.51,904.49,305.18,0.8965
328,13,bus,453.02,224.2,557.61,381.38,0.9227
328,1227,car,674.44,243.83,702.32,267.41,0.8319
328,1555,car,833.47,435.19,960.0,539.76,0.8993
328,1924,bus,667.82,206.91,729.48,257.16,0.7498
328,2209,car,644.5,237.19,668.61,255.05,0.2806
328,2238,car,619.95,226.97,646.57,243.65,0.4522
328,1597,bus,699.41,212.12,767.54,259.91,0.4589
328,2322,bus,925.49,241.05,954.91,352.74,0.8475
329,2,bus,778.15,231.54,901.46,304.2,0.8962
329,13,bus,452.72,224.8,558.49,383.38,0.9269
329,1227,car,674.62,243.88,702.4,267.35,0.8
329,1555,car,841.41,439.67,960.0,538.88,0.8485
329,1924,bus,666.08,207.36,728.7,257.09,0.757
329,2209,car,643.93,236.42,668.98,255.29,0.3165
329,2238,car,620.13,226.96,646.49,243.54,0.461
329,1597,bus,701.04,213.89,766.68,260.02,0.4708
329,2322,bus,924.46,238.41,955.2,352.45,0.8193
330,2,bus,776.75,230.85,900.87,304.0,0.8913
330,13,bus,452.48,225.26,559.68,385.52,0.935
330,1227,car,674.73,243.78,702.41,267.15,0.7998
330,1555,car,850.28,448.25,960.0,539.45,0.8234
330,1924,bus,664.75,206.35,728.52,255.9,0.7232
330,2209,car,644.09,236.58,668.96,255.46,0.3006
330,2238,car,619.76,226.74,646.68,243.75,0.3758
330,1597,bus,704.17,215.75,765.76,259.56,0.4318
330,2322,bus,923.33,236.62,955.29,352.45,0.8059
331,2,bus,776.42,230.45,900.81,303.66,0.8909
331,13,bus,452.69,226.02,561.77,388.53,0.9273
331,1227,car,675.04,244.11,702.38,267.13,0.7415
331,1555,car,859.42,455.59,960.0,539.73,0.8532
331,1924,bus,662.7,206.32,726.94,255.41,0.651
331,2209,car,644.53,237.06,668.94,255.62,0.316
331,2238,car,619.87,226.6,646.86,243.78,0.372
331,1597,bus,707.5,216.95,766.21,259.47,0.4803
331,2322,bus,922.34,235.32,955.46,352.66,0.8265
332,2,bus,775.11,230.3,898.49,303.01,0.9039
332,13,bus,453.05,226.27,563.72,390.55,0.9239
332,1227,car,674.93,243.62,702.75,267.03,0.7579
332,1555,car,869.85,465.13,960.0,540.0,0.8206
332,1924,bus,660.55,206.07,726.03,255.38,0.7126
332,2209,car,644.69,237.39,668.64,255.66,0.3521
332,2238,car,620.41,226.7,646.58,243.41,0.3961
332,1597,bus,711.63,215.76,769.28,259.27,0.466
332,2322,bus,921.34,234.77,955.42,352.66,0.8419
332,2422,bus,881.56,238.55,936.16,300.56,0.3692
332,962,truck,0.53,394.81,302.28,538.38,0.3003
333,2,bus,773.49,229.58,897.18,302.67,0.8946
333,13,bus,452.35,226.72,565.12,393.77,0.9298
333,1227,car,674.79,243.18,703.0,266.88,0.7498
333,1555,car,881.6,475.84,959.94,540.0,0.7547
333,1924,bus,659.77,206.44,726.06,255.56,0.5171
333,2209,car,645.25,238.44,667.57,255.46,0.2564
333,2238,car,619.44,226.52,646.99,244.25,0.4129
333,1597,bus,700.91,213.48,761.47,258.88,0.4308
333,2322,bus,920.02,237.4,954.2,351.59,0.836
333,2422,bus,884.33,238.76,934.81,296.11,0.3052
333,962,truck,0.73,394.95,301.95,538.27,0.2723
334,2,bus,772.57,229.68,895.12,302.26,0.8855
334,13,bus,452.73,227.17,567.17,396.37,0.9266
334,1227,car,675.11,243.74,702.97,267.08,0.7782
334,1555,car,891.44,481.86,960.0,540.0,0.6333
334,1924,bus,659.84,206.82,724.9,253.99,0.507
334,2238,car,619.57,227.2,646.6,244.65,0.411
334,1597,bus,698.26,212.96,759.01,258.57,0.463
334,2322,bus,918.79,238.57,953.64,350.89,0.8518
334,2422,bus,885.04,240.12,935.05,297.06,0.3021
334,962,truck,1.11,395.54,301.45,538.4,0.4231
334,2437,bus,725.11,216.69,758.73,258.53,0.3333
335,2,bus,772.08,229.97,892.82,301.4,0.8904
335,13,bus,452.88,227.74,568.74,398.72,0.9327
335,1227,car,675.54,243.07,704.18,266.93,0.6949
335,1924,bus,657.78,207.11,725.67,255.76,0.6347
335,2238,car,618.56,227.23,646.5,245.26,0.4296
335,2322,bus,917.53,238.77,953.42,350.47,0.866
335,2422,bus,885.17,240.05,935.4,297.48,0.2957
335,962,truck,1.57,395.98,300.86,538.23,0.2091
335,2437,bus,726.03,220.36,757.31,259.26,0.513
335,2209,car,644.95,237.75,668.3,255.69,0.2636
336,2,bus,771.19,229.58,891.11,300.44,0.8728
336,13,bus,453.59,228.2,570.97,400.99,0.9093
336,1227,car,675.62,242.84,704.55,266.79,0.7236
336,1924,bus,655.85,206.76,726.56,257.03,0.5942
336,2238,car,619.29,227.51,646.29,244.94,0.4238
336,2322,bus,916.13,239.54,953.16,350.67,0.8539
336,2422,bus,884.73,238.9,934.71,296.35,0.5054
336,2437,bus,725.57,221.84,755.37,258.81,0.4967
336,2209,car,645.13,237.8,668.38,255.59,0.2513
336,1597,bus,699.58,215.4,756.87,258.54,0.421
337,2,bus,769.27,228.26,890.58,300.11,0.8814
337,13,bus,454.55,228.5,573.41,402.91,0.919
337,1227,car,675.27,242.45,704.63,266.68,0.6975
337,1924,bus,653.62,206.22,726.98,258.31,0.5741
337,2238,car,619.31,227.44,646.5,245.08,0.3887
337,2322,bus,914.36,240.07,952.74,350.93,0.8939
337,2422,bus,884.07,237.35,935.41,296.83,0.5622
337,2437,bus,723.63,222.01,753.33,258.72,0.5405
337,2209,car,644.7,237.52,668.18,255.61,0.2696
337,1597,bus,694.19,215.95,751.79,258.54,0.472
338,2,bus,768.42,228.03,889.42,299.74,0.8815
338,13,bus,454.87,228.89,575.41,405.56,0.9179
338,1227,car,675.12,241.82,705.07,266.5,0.6617
338,1924,bus,650.17,205.68,728.49,261.83,0.6629
338,2238,car,618.57,227.17,646.29,245.15,0.373
338,2322,bus,912.71,239.35,952.9,351.76,0.8382
338,2437,bus,719.67,221.73,749.91,258.59,0.6078
338,2209,car,645.27,236.49,670.3,255.72,0.2855
339,2,bus,768.07,228.02,887.88,299.02,0.8814
339,13,bus,454.69,229.05,576.63,407.84,0.9199
339,1227,car,674.94,241.52,704.9,266.26,0.6903
339,1924,bus,651.1,205.21,725.5,258.4,0.4696
339,2238,car,619.25,227.42,646.22,244.92,0.294
339,2322,bus,911.4,238.62,953.15,351.77,0.8431
339,2437,bus,718.48,221.59,748.56,257.99,0.2744
339,2209,car,645.91,238.2,668.95,255.59,0.2991
339,2422,bus,880.41,236.43,932.61,297.95,0.3644
339,1597,bus,691.36,217.98,746.86,258.23,0.5082
340,2,bus,766.78,227.28,886.15,298.07,0.8843
340,13,bus,454.23,229.45,578.03,411.18,0.9221
340,1227,car,674.65,241.0,704.97,266.19,0.6905
340,1924,bus,650.02,204.38,724.91,258.07,0.4676
340,2238,car,618.73,227.12,646.2,244.99,0.3475
340,2322,bus,909.94,238.06,953.12,351.57,0.8529
340,2437,bus,716.18,220.96,746.98,257.85,0.5971
340,2209,car,646.61,238.79,668.64,255.21,0.242
340,2485,bus,647.99,205.15,690.52,253.28,0.3656
340,1300,car,294.18,206.4,323.32,222.43,0.3423
341,2,bus,765.08,225.89,884.85,297.14,0.8792
341,13,bus,454.68,229.72,580.05,413.71,0.9272
341,1227,car,674.41,240.82,704.07,265.65,0.7194
341,1924,bus,651.33,204.39,724.88,256.71,0.3498
341,2238,car,618.99,226.68,646.73,244.87,0.4075
341,2322,bus,907.9,237.06,952.9,351.76,0.8674
341,2437,bus,714.21,219.7,745.74,257.11,0.5238
341,2209,car,647.26,238.76,672.14,257.26,0.3063
341,2485,bus,648.4,205.63,688.63,251.19,0.2498
341,2422,bus,883.35,235.73,929.16,290.07,0.338
341,1597,bus,687.96,213.72,747.81,256.89,0.4694
342,2,bus,763.44,224.44,883.82,296.38,0.8764
342,13,bus,455.41,230.07,582.5,416.41,0.9083
342,1227,car,674.37,240.57,703.34,264.85,0.7234
342,1924,bus,651.19,204.39,722.88,255.03,0.2211
342,2238,car,620.01,226.59,646.6,244.06,0.3716
342,2322,bus,906.4,236.48,952.98,351.85,0.8665
342,2437,bus,713.09,218.75,744.71,256.12,0.3864
342,2209,car,646.91,238.39,673.56,258.19,0.334
342,2485,bus,647.18,205.73,688.6,252.7,0.3253
342,2422,bus,884.08,235.98,928.37,289.0,0.4657
342,1597,bus,686.25,213.01,746.56,256.38,0.6434
342,1300,car,292.54,206.57,320.84,221.55,0.2438
343,2,bus,762.68,224.49,882.26,296.2,0.8849
343,13,bus,455.91,231.03,584.4,419.16,0.9099
343,1227,car,674.53,240.96,702.83,264.75,0.7089
343,2238,car,620.51,226.87,646.13,243.7,0.3585
343,2322,bus,905.18,236.56,953.1,352.02,0.8672
343,2437,bus,712.5,218.84,743.82,255.82,0.3344
343,2485,bus,646.52,205.3,686.95,251.15,0.3627
343,2422,bus,884.41,235.68,928.01,288.3,0.4447
343,1597,bus,684.19,212.88,744.63,256.21,0.6254
344,2,bus,762.56,224.91,880.86,295.9,0.8876
344,13,bus,456.23,231.21,586.62,421.97,0.923
344,1227,car,674.53,240.92,702.29,264.26,0.712
344,2238,car,620.34,226.36,646.11,243.37,0.2926
344,2322,bus,903.81,236.59,952.98,351.77,0.8581
344,2437,bus,712.74,218.55,743.41,254.85,0.4263
344,2485,bus,644.23,205.02,686.06,252.67,0.2896
344,2422,bus,884.24,235.73,927.67,288.52,0.395
344,1597,bus,681.33,211.8,742.51,255.42,0.5997
344,1924,bus,649.38,204.23,720.51,254.12,0.2745
344,2209,car,648.61,240.14,673.24,258.61,0.3002
344,1300,car,290.93,205.69,320.67,221.21,0.3829
345,2,bus,762.12,225.33,879.16,295.52,0.876
345,13,bus,456.12,231.49,588.7,425.37,0.9312
345,1227,car,674.73,240.72,702.14,263.83,0.6738
345,2238,car,620.52,226.6,645.97,243.44,0.3948
345,2322,bus,902.71,236.96,953.02,351.51,0.8509
345,2437,bus,711.56,218.27,742.3,254.74,0.3884
345,2422,bus,883.73,235.55,927.87,289.65,0.2232
345,1597,bus,680.05,211.96,740.93,255.2,0.4852
345,1924,bus,649.6,204.9,721.28,254.47,0.2467
345,1300,car,291.34,205.52,320.78,220.88,0.3749
346,2,bus,761.15,225.89,877.23,295.41,0.8504
346,13,bus,456.96,232.48,591.34,428.43,0.9125
346,1227,car,674.89,240.48,702.24,263.65,0.6384
346,2238,car,620.46,226.97,645.82,243.78,0.3984
346,2322,bus,901.62,238.18,952.89,351.61,0.8499
346,2437,bus,709.95,218.46,740.35,254.33,0.5279
346,1597,bus,672.17,210.34,736.27,254.79,0.4446
346,1300,car,291.43,205.77,319.82,220.42,0.2587
347,2,bus,761.3,226.79,875.25,294.7,0.8664
347,13,bus,457.35,233.18,593.98,432.09,0.9214
347,1227,car,674.33,240.06,701.95,263.48,0.5084
347,2238,car,620.29,226.43,646.6,244.01,0.2899
347,2322,bus,900.5,238.72,952.88,351.4,0.8429
347,2437,bus,707.33,216.87,738.93,254.11,0.4603
347,1597,bus,675.5,212.02,736.77,254.38,0.6661
347,2485,bus,641.63,204.4,685.45,254.59,0.4448
347,2422,bus,879.67,235.25,925.33,290.62,0.3489
348,2,bus,758.89,226.19,871.66,293.48,0.8697
348,13,bus,457.73,233.94,596.33,435.47,0.9076
348,1227,car,674.04,238.68,702.83,263.26,0.3332
348,2238,car,620.18,226.58,646.16,243.96,0.3989
348,2322,bus,898.53,238.26,952.51,351.05,0.86
348,2437,bus,704.84,215.09,738.21,254.48,0.5693
348,1597,bus,673.05,210.83,739.1,256.89,0.4603
348,2485,bus,640.82,204.43,683.6,253.77,0.3833
348,2422,bus,875.8,235.12,923.31,291.34,0.2931
348,1924,bus,638.64,203.72,717.18,259.06,0.5521
349,2,bus,757.3,225.44,869.73,292.56,0.8728
349,13,bus,458.77,234.68,599.24,438.42,0.9257
349,2238,car,619.51,226.09,646.4,244.22,0.3577
349,2322,bus,896.71,237.24,952.34,350.19,0.8649
349,2437,bus,703.47,213.99,737.38,254.27,0.5624
349,1597,bus,671.06,209.64,739.22,257.56,0.351
349,2485,bus,639.72,203.75,682.53,253.74,0.475
349,1924,bus,637.34,203.72,716.07,260.17,0.5561
350,2,bus,756.23,225.44,868.53,292.55,0.8614
350,13,bus,459.63,236.05,601.94,441.81,0.9435
350,2238,car,619.85,226.86,646.39,244.79,0.333
350,2322,bus,895.21,237.11,952.42,350.2,0.8747
350,2437,bus,702.68,214.19,736.0,254.04,0.5469
350,1597,bus,668.01,210.15,736.08,258.86,0.556
350,2485,bus,639.15,203.49,680.99,253.05,0.5254
350,1924,bus,640.84,206.11,715.18,260.67,0.3374
351,2,bus,756.75,225.48,867.77,291.72,0.8477
351,13,bus,460.54,236.96,605.27,445.41,0.9305
351,2238,car,620.21,226.92,646.71,244.89,0.3986
351,2322,bus,893.44,236.63,952.56,350.6,0.8813
351,2437,bus,701.24,213.9,734.07,253.13,0.2736
351,1597,bus,668.75,209.37,735.92,257.82,0.6278
351,2485,bus,639.22,202.99,680.03,251.94,0.5057
351,1924,bus,640.46,206.22,713.83,260.39,0.3009
352,2,bus,754.78,225.01,865.46,291.17,0.8418
352,13,bus,460.83,237.95,608.0,449.28,0.915
352,2238,car,619.84,226.9,646.66,245.06,0.3498
352,2322,bus,891.96,236.86,952.68,351.1,0.8792
352,2437,bus,698.92,213.77,732.16,253.27,0.4279
352,1597,bus,668.73,209.78,734.42,257.44,0.6424
352,2485,bus,638.57,202.61,679.18,251.92,0.6228
353,2,bus,753.42,223.89,864.34,290.29,0.8538
353,13,bus,459.96,238.7,609.84,454.04,0.913
353,2238,car,620.05,226.99,646.47,244.82,0.2961
353,2322,bus,890.36,236.82,952.67,351.27,0.8856
353,2437,bus,699.03,214.16,731.43,252.8,0.5182
353,1597,bus,665.2,208.63,733.79,258.87,0.6433
353,2485,bus,638.24,202.15,678.08,251.07,0.5858
353,1924,bus,638.01,202.92,713.64,259.1,0.2575
354,2,bus,752.33,222.66,865.0,290.02,0.8445
354,13,bus,459.73,239.45,612.17,458.63,0.9154
354,2238,car,619.8,226.93,646.89,245.24,0.2834
354,2322,bus,889.06,237.24,952.63,351.26,0.8799
354,2437,bus,698.87,214.06,730.36,251.75,0.5301
354,1597,bus,665.59,208.04,731.59,256.59,0.6863
354,2485,bus,637.98,202.12,678.93,253.04,0.4253
354,1924,bus,638.87,203.93,713.28,259.16,0.2969
354,962,truck,1.62,396.42,301.3,538.59,0.2696
355,2,bus,750.31,221.69,863.18,289.33,0.8715
355,13,bus,460.68,240.42,615.24,462.64,0.9209
355,2238,car,619.85,227.04,646.37,244.95,0.3364
355,2322,bus,887.55,237.99,952.43,351.56,0.8815
355,2437,bus,697.69,213.58,729.45,251.92,0.4715
355,1597,bus,662.97,206.91,732.38,258.74,0.7443
355,2485,bus,636.81,202.08,677.43,253.55,0.5674
355,962,truck,0.91,397.17,300.97,539.57,0.2082
356,2,bus,748.85,222.06,860.26,288.96,0.884
356,13,bus,461.76,241.4,618.77,466.97,0.9227
356,2238,car,620.39,227.54,645.92,244.73,0.2847
356,2322,bus,885.53,238.36,952.05,351.98,0.8876
356,2437,bus,695.92,213.13,727.81,251.89,0.2291
356,1597,bus,663.68,207.62,728.62,256.26,0.6908
356,2485,bus,636.08,202.14,674.57,251.86,0.3779
356,962,truck,0.08,398.36,297.89,539.9,0.2886
356,1924,bus,634.01,202.44,706.31,257.39,0.4291
357,2,bus,748.53,222.65,859.06,289.08,0.8692
357,13,bus,462.29,242.35,622.55,472.48,0.9281
357,2238,car,620.36,227.85,646.02,245.12,0.3351
357,2322,bus,883.79,238.27,952.25,352.67,0.8927
357,2437,bus,694.01,213.11,725.79,251.73,0.3371
357,1597,bus,661.96,206.44,729.08,257.31,0.6505
357,2485,bus,636.63,202.28,673.91,251.05,0.38
357,962,truck,0.82,398.68,298.47,540.0,0.2183
357,1924,bus,632.84,202.33,703.53,257.38,0.4297
358,2,bus,748.09,222.87,857.41,288.63,0.8551
358,13,bus,462.27,243.12,624.91,476.82,0.9315
358,2238,car,620.19,227.82,646.43,245.48,0.2258
358,2322,bus,882.21,238.34,952.48,353.36,0.893
358,2437,bus,690.78,211.17,723.2,250.1,0.382
358,1597,bus,661.65,204.58,728.89,256.22,0.7163
358,2485,bus,636.53,201.95,673.34,250.6,0.2991
358,1924,bus,632.86,201.9,703.97,258.26,0.5011
359,2,bus,746.98,223.04,855.3,288.36,0.8743
359,13,bus,462.92,243.93,628.14,481.33,0.9337
359,2238,car,619.8,227.42,646.67,245.46,0.234
359,2322,bus,880.33,238.22,952.39,353.73,0.8854
359,2437,bus,690.87,211.03,723.11,249.85,0.606
359,1597,bus,662.51,205.41,726.8,255.12,0.5975
359,1924,bus,633.47,201.76,703.49,258.13,0.4569
359,2665,bus,845.27,236.22,889.19,290.79,0.4846
360,2,bus,745.12,221.87,855.36,288.7,0.8688
360,13,bus,463.64,244.66,631.35,485.58,0.9322
360,2238,car,619.95,227.8,646.48,245.62,0.2436
360,2322,bus,878.75,238.34,952.42,354.07,0.8867
360,2437,bus,690.85,211.8,722.13,249.57,0.4512
360,1597,bus,660.91,204.47,724.83,254.3,0.5257
360,1924,bus,634.36,201.89,702.74,257.72,0.4431
360,2665,bus,845.87,236.26,890.04,291.34,0.4087
360,1227,car,672.69,240.55,698.46,261.83,0.5063
360,962,truck,3.36,399.34,298.47,539.11,0.2315
361,2,bus,743.72,221.77,852.87,288.3,0.8675
361,13,bus,464.24,245.69,634.27,489.83,0.9329
361,2238,car,619.69,227.43,646.32,245.37,0.265
361,2322,bus,877.39,237.92,952.56,353.74,0.8778
361,2437,bus,691.04,212.92,720.8,248.63,0.3081
361,1924,bus,641.67,201.72,709.25,255.46,0.6522
361,2665,bus,844.59,236.35,887.76,290.36,0.4157
361,1227,car,671.06,239.92,698.27,261.84,0.4827
362,2,bus,743.88,221.92,850.46,287.1,0.8783
362,13,bus,464.57,246.0,638.03,495.08,0.9379
362,2238,car,619.04,227.57,646.62,246.18,0.3178
362,2322,bus,876.13,238.02,952.42,353.22,0.8841
362,2437,bus,690.69,213.97,719.19,247.87,0.5012
362,1924,bus,643.21,201.95,712.31,255.87,0.5506
362,2665,bus,843.54,235.73,886.14,289.26,0.5146
362,1227,car,669.45,237.55,699.04,261.36,0.5404
362,962,truck,4.96,402.17,294.36,538.59,0.2339
363,2,bus,743.48,221.09,849.6,286.3,0.9232
363,13,bus,465.21,246.51,641.87,500.54,0.9299
363,2238,car,619.22,227.5,646.64,246.01,0.3815
363,2322,bus,874.8,238.08,952.26,352.7,0.8788
363,2437,bus,689.12,213.52,717.91,247.64,0.4251
363,1227,car,670.34,239.21,698.24,261.14,0.6551
363,962,truck,4.03,402.27,294.86,539.0,0.2556
363,1597,bus,662.18,206.04,719.19,250.54,0.433
364,2,bus,743.98,221.45,848.07,285.54,0.9308
364,13,bus,465.96,247.61,645.54,506.1,0.9151
364,2238,car,618.6,227.69,646.59,246.57,0.4239
364,2322,bus,873.32,237.74,952.08,351.92,0.883
364,2437,bus,687.75,212.1,717.12,246.86,0.2466
364,1227,car,669.71,238.31,698.81,261.13,0.713
364,962,truck,4.14,402.42,295.14,538.79,0.2351
364,2689,car,645.48,237.12,671.56,256.2,0.3982
364,1597,bus,662.02,205.84,717.74,249.4,0.5407
365,2,bus,743.8,221.58,846.42,284.9,0.9457
365,13,bus,467.37,248.39,650.11,511.29,0.9256
365,2238,car,618.79,227.77,646.59,246.47,0.4645
365,2322,bus,871.5,237.39,951.89,351.55,0.8757
365,1227,car,669.77,238.44,698.7,261.03,0.7006
365,2689,car,645.09,237.26,670.42,255.8,0.3065
365,1597,bus,661.15,206.35,715.45,248.8,0.5438
366,2,bus,744.39,221.88,844.87,283.93,0.9277
366,13,bus,468.4,248.75,655.48,517.61,0.9383
366,2238,car,619.01,227.94,646.37,246.32,0.4544
366,2322,bus,869.96,237.03,952.29,351.81,0.8746
366,1227,car,669.61,237.84,698.55,260.38,0.7569
366,2689,car,645.36,236.56,671.62,255.79,0.3909
366,1597,bus,661.92,206.69,715.4,248.61,0.4712
366,962,truck,4.62,402.48,295.79,538.46,0.2412
367,2,bus,744.2,221.32,844.65,283.56,0.9128
367,13,bus,470.23,249.77,661.26,523.85,0.9421
367,2238,car,619.53,227.91,646.25,245.87,0.4357
367,2322,bus,868.39,236.82,952.28,351.62,0.88
367,1227,car,669.0,237.81,698.14,260.42,0.6846
367,2689,car,644.79,236.91,670.77,255.97,0.3893
367,1597,bus,665.98,209.39,714.03,246.66,0.452
367,1924,bus,644.36,201.79,709.32,250.45,0.4876
368,2,bus,742.1,220.35,843.29,283.27,0.8978
368,13,bus,471.46,250.69,666.46,529.81,0.9383
368,2238,car,619.11,227.89,646.41,246.29,0.3954
368,2322,bus,866.93,237.25,952.58,352.45,0.8684
368,1227,car,668.86,237.23,698.09,259.94,0.6882
368,2689,car,644.29,236.67,671.01,256.37,0.3755
368,1597,bus,666.45,208.47,713.22,244.68,0.2929
368,1924,bus,641.95,200.55,709.66,250.13,0.6252
368,962,truck,4.54,404.05,295.35,539.31,0.2718
369,2,bus,740.66,219.7,841.25,282.3,0.8913
369,13,bus,471.81,251.74,669.72,534.59,0.9269
369,2238,car,618.95,227.93,646.1,246.24,0.455
369,2322,bus,865.0,237.08,952.39,352.56,0.865
369,1227,car,668.29,237.12,697.81,260.06,0.7019
369,2689,car,644.1,236.58,670.02,255.8,0.3829
369,1597,bus,670.24,209.47,713.89,243.67,0.3436
369,1924,bus,639.63,199.94,709.86,250.64,0.5889
369,962,truck,3.55,403.5,295.97,539.18,0.5246
370,2,bus,739.59,219.76,839.14,281.8,0.8913
370,13,bus,473.01,252.57,672.5,536.79,0.8682
370,2238,car,619.3,228.03,646.11,246.19,0.4491
370,2322,bus,863.78,237.19,952.43,352.39,0.8668
370,1227,car,667.26,236.08,697.78,259.88,0.6636
370,2689,car,643.97,236.9,668.91,255.5,0.3701
370,1597,bus,667.75,208.29,712.58,243.37,0.3762
370,1924,bus,639.85,200.05,709.25,249.28,0.47
370,962,truck,3.99,402.91,297.1,538.47,0.5732
371,2,bus,739.21,220.02,836.9,280.78,0.9384
371,13,bus,475.33,253.27,675.43,537.0,0.8846
371,2238,car,619.31,227.88,646.12,246.0,0.4856
371,2322,bus,862.45,236.91,952.63,352.25,0.875
371,1227,car,667.25,236.19,697.11,259.48,0.6168
371,2689,car,644.45,236.58,668.08,254.21,0.309
371,1597,bus,666.42,207.08,712.22,242.76,0.3471
371,1924,bus,639.16,200.44,709.83,249.83,0.5644
371,962,truck,4.27,404.7,296.48,539.37,0.4259
372,2,bus,738.33,219.77,836.12,280.6,0.9319
372,13,bus,479.22,255.24,678.84,535.72,0.8815
372,2238,car,619.54,227.84,646.15,245.76,0.4507
372,2322,bus,860.73,236.79,952.27,351.87,0.8851
372,1227,car,666.89,236.44,696.26,259.25,0.5791
372,2689,car,644.42,236.77,667.52,254.02,0.2571
372,1924,bus,641.92,201.61,712.6,251.5,0.4972
372,962,truck,2.69,403.7,298.37,539.84,0.4463
372,2437,bus,678.41,209.56,707.99,243.29,0.272
373,2,bus,736.31,218.9,835.84,281.03,0.9197
373,13,bus,482.59,256.85,683.87,536.72,0.8795
373,2238,car,619.84,227.75,646.39,245.62,0.4537
373,2322,bus,859.02,236.97,951.95,351.74,0.8857
373,1227,car,666.31,236.94,695.34,259.32,0.6825
373,2689,car,644.62,236.95,666.52,253.27,0.3156
373,1924,bus,641.97,201.85,711.14,250.81,0.4278
373,962,truck,3.93,405.46,297.16,540.0,0.2934
373,1597,bus,668.28,209.98,709.8,242.31,0.2848
374,2,bus,736.93,219.25,834.24,280.03,0.9385
374,13,bus,485.49,258.26,687.92,536.35,0.9187
374,2238,car,619.74,227.68,646.41,245.58,0.4135
374,2322,bus,857.99,235.84,951.62,349.44,0.873
374,1227,car,666.43,236.99,695.38,259.26,0.6343
374,2689,car,643.72,236.76,668.42,255.48,0.2795
374,1924,bus,643.19,201.46,711.36,249.12,0.4307
374,962,truck,2.93,404.91,297.9,540.0,0.3075
374,1597,bus,671.77,210.04,713.68,242.69,0.3759
375,2,bus,736.24,218.9,833.02,279.49,0.9267
375,13,bus,486.77,259.12,691.42,536.91,0.9097
375,2238,car,619.51,227.62,646.11,245.47,0.4572
375,2322,bus,857.7,235.03,950.76,345.62,0.8615
375,1227,car,665.64,236.58,694.98,259.06,0.6267
375,2689,car,643.66,236.64,669.07,256.14,0.2926
375,1924,bus,639.95,201.8,708.23,249.5,0.4081
375,1597,bus,672.9,211.04,713.69,242.83,0.2824
376,2,bus,735.67,218.54,832.25,279.1,0.9307
376,13,bus,489.23,260.53,696.13,537.51,0.9221
376,2238,car,619.48,227.34,646.28,245.36,0.4158
376,2322,bus,856.38,233.54,950.01,342.43,0.8556
376,1227,car,666.37,236.74,695.14,258.86,0.6158
376,2689,car,643.88,236.91,669.32,256.64,0.3328
376,1924,bus,644.18,203.73,711.21,250.85,0.2802
376,1597,bus,672.23,210.75,714.4,243.26,0.2498
376,962,truck,1.74,403.88,299.2,540.0,0.3232
377,2,bus,735.41,218.0,830.61,277.79,0.9132
377,13,bus,491.5,261.78,700.66,537.29,0.9239
377,2238,car,619.59,227.0,646.15,244.88,0.4261
377,2322,bus,855.39,233.96,949.84,341.47,0.8798
377,1227,car,666.4,236.56,695.07,258.68,0.6312
377,2689,car,643.75,236.37,669.48,256.53,0.3651
377,1924,bus,648.3,206.18,707.65,248.36,0.3098
377,962,truck,0.8,403.09,299.88,540.0,0.3153
378,2,bus,735.09,217.17,830.26,277.18,0.9119
378,13,bus,493.66,262.81,705.48,537.14,0.9157
378,2238,car,619.82,226.85,646.03,244.5,0.4163
378,2322,bus,853.83,234.1,950.42,342.03,0.8614
378,1227,car,666.18,236.63,694.5,258.53,0.6261
378,2689,car,644.03,236.82,669.14,256.64,0.3827
378,962,truck,0.64,402.83,300.27,540.0,0.3123
378,1597,bus,669.23,210.99,711.64,243.58,0.3709
379,2,bus,734.3,217.28,829.0,277.17,0.8426
379,13,bus,495.12,263.97,709.08,536.48,0.9373
379,2238,car,619.88,226.73,646.38,244.68,0.3459
379,2322,bus,853.06,234.15,950.31,340.68,0.8637
379,1227,car,665.36,236.66,693.69,258.5,0.6594
379,2689,car,644.36,237.71,668.35,256.73,0.4411
379,962,truck,0.19,402.29,300.82,540.0,0.2469
379,1924,bus,648.82,205.28,716.31,253.68,0.5025
