frame_id,vehicle_id,class,x1,y1,x2,y2,confidence
0,1,bus,421.79,174.76,496.72,304.86,0.9065
0,2,car,180.62,242.73,251.77,289.98,0.8846
0,3,car,786.72,390.18,950.98,518.91,0.8542
0,4,car,525.42,226.84,569.83,270.94,0.8512
0,5,car,856.86,263.5,933.98,311.93,0.8366
0,6,car,758.12,262.81,832.18,313.91,0.7518
0,7,bus,488.16,154.84,524.65,200.52,0.749
0,8,bus,791.97,195.97,870.86,254.79,0.7466
0,9,bus,534.03,163.82,569.71,197.84,0.7399
0,10,car,816.95,306.32,912.92,368.85,0.6897
0,11,car,800.24,254.63,862.92,298.84,0.683
0,12,bus,703.32,173.37,733.81,206.25,0.5517
0,13,car,755.82,238.3,800.44,271.38,0.499
0,14,car,706.66,238.67,761.14,278.68,0.4479
0,15,bus,676.14,166.28,712.4,196.15,0.3501
0,16,car,922.07,371.57,959.74,415.34,0.3295
0,17,car,685.34,218.65,724.42,247.67,0.3221
0,18,bus,676.34,166.25,734.02,205.26,0.2407
0,19,bus,747.32,182.74,803.29,240.8,0.239
0,20,car,717.87,220.19,754.11,240.03,0.2287
0,21,bus,296.85,186.66,407.13,306.47,0.1877
0,22,car,663.41,203.92,691.88,221.75,0.1796
0,23,car,643.74,199.16,666.94,214.29,0.1158
0,24,truck,0.69,355.4,302.21,537.72,0.1101
1,1,bus,421.48,175.41,496.73,306.05,0.9002
1,2,car,176.38,244.14,248.89,292.29,0.8893
1,3,car,791.75,396.83,960.0,529.59,0.8346
1,4,car,526.09,228.26,570.19,272.0,0.8584
1,5,car,856.55,263.3,932.89,311.23,0.756
1,6,car,758.05,263.72,831.72,314.55,0.7026
1,7,bus,487.62,155.72,523.54,200.64,0.7119
1,8,bus,791.62,195.68,870.5,254.51,0.7674
1,9,bus,534.65,165.16,569.87,198.73,0.7033
1,10,car,820.29,307.64,914.47,369.04,0.6155
1,11,car,799.93,255.5,863.03,300.02,0.6166
1,12,bus,702.54,173.6,733.48,206.99,0.4992
1,13,car,756.69,238.78,800.78,271.44,0.5305
1,14,car,707.74,239.41,760.08,277.82,0.4366
1,16,car,923.76,371.66,959.3,412.92,0.3212
1,17,car,685.72,219.18,724.64,248.08,0.3308
1,18,bus,677.41,165.52,728.77,200.19,0.4608
1,19,bus,745.76,181.84,803.02,241.28,0.3631
1,21,bus,297.45,184.66,408.04,304.78,0.384
2,1,bus,421.37,174.65,496.96,305.87,0.9095
2,2,car,173.31,244.21,246.87,293.05,0.8797
2,3,car,796.9,402.82,960.0,534.89,0.8753
2,4,car,526.71,228.94,570.97,272.78,0.8701
2,5,car,855.59,262.08,931.63,309.85,0.7443
2,6,car,757.53,261.93,832.44,313.6,0.7502
2,7,bus,488.29,155.37,524.41,200.51,0.7897
2,8,bus,790.58,195.45,867.62,252.82,0.5809
2,9,bus,534.76,163.78,570.77,198.11,0.6773
2,10,car,819.19,305.8,914.88,368.23,0.6946
2,11,car,799.68,254.42,862.98,299.11,0.5734
2,12,bus,702.3,172.97,733.09,206.24,0.5438
2,13,car,757.76,238.35,800.02,269.59,0.4171
2,14,car,710.96,239.32,758.98,274.47,0.4497
2,16,car,922.92,371.44,959.85,414.34,0.4442
2,17,car,684.76,217.79,724.54,247.34,0.3716
2,18,bus,677.21,165.5,725.4,197.96,0.3974
2,21,bus,293.21,187.38,410.75,315.36,0.4655
3,1,bus,421.22,173.8,497.34,305.99,0.9078
3,2,car,169.42,244.95,244.53,294.84,0.8739
3,3,car,805.9,410.76,960.0,537.47,0.8636
3,4,car,526.76,229.28,572.41,274.48,0.8518
3,5,car,855.01,261.41,930.11,308.65,0.7162
3,6,car,757.51,261.68,832.09,313.13,0.735
3,7,bus,487.79,154.17,524.87,200.45,0.8046
3,9,bus,534.3,161.25,572.35,197.67,0.7624
3,10,car,819.09,304.24,916.38,367.89,0.6997
3,11,car,799.3,253.39,863.21,298.57,0.6155
3,12,bus,701.16,171.1,732.44,204.99,0.4003
3,13,car,757.5,236.89,799.99,268.24,0.4389
3,14,car,710.88,238.89,757.25,272.65,0.5416
3,16,car,923.06,370.13,959.19,412.03,0.2937
3,17,car,683.53,214.93,725.93,246.55,0.3725
3,18,bus,674.82,165.31,730.95,203.19,0.5593
3,37,bus,744.86,181.0,866.85,253.26,0.3647
4,1,bus,420.92,174.35,497.01,306.57,0.9094
4,2,car,165.01,247.29,241.07,297.78,0.8964
4,3,car,816.51,420.72,960.0,538.7,0.893
4,4,car,527.59,231.1,573.66,276.7,0.854
4,5,car,854.11,261.04,929.08,308.29,0.8011
4,6,car,757.68,261.71,832.68,313.51,0.7502
4,7,bus,487.91,154.74,525.1,201.1,0.7589
4,9,bus,535.02,163.55,571.49,198.46,0.7697
4,10,car,818.25,305.21,914.01,367.8,0.7565
4,11,car,798.35,252.96,863.22,298.96,0.5498
4,12,bus,701.45,172.34,731.64,205.08,0.4646
4,13,car,756.96,237.43,800.36,269.41,0.5004
4,14,car,709.14,237.34,759.58,274.07,0.4862
4,16,car,923.2,371.79,958.93,413.14,0.37
4,17,car,684.33,216.13,725.19,246.63,0.3724
4,18,bus,675.61,165.03,729.97,201.63,0.5254
4,8,bus,786.32,195.26,863.01,252.3,0.5631
4,21,bus,291.23,188.07,412.32,320.5,0.5091
5,1,bus,420.87,174.88,497.23,307.62,0.9112
5,2,car,160.31,248.58,237.2,299.61,0.8707
5,3,car,829.01,430.92,960.0,538.63,0.8866
5,4,car,527.91,233.03,574.46,279.1,0.858
5,5,car,852.54,259.96,928.03,307.77,0.7886
5,6,car,757.63,261.71,832.67,313.58,0.7435
5,7,bus,487.97,155.58,524.73,201.29,0.6959
5,9,bus,535.28,164.29,571.85,199.32,0.7742
5,10,car,818.18,305.83,913.21,367.85,0.7223
5,11,car,798.24,253.23,863.35,299.54,0.4844
5,12,bus,701.59,173.19,731.18,205.32,0.542
5,13,car,757.42,238.12,800.52,269.78,0.4732
5,14,car,708.14,236.61,760.32,274.61,0.466
5,16,car,923.77,372.62,958.35,412.47,0.3813
5,17,car,684.97,216.54,725.19,246.59,0.3738
5,18,bus,678.22,166.0,725.68,197.49,0.3401
5,8,bus,783.75,194.87,862.83,253.83,0.4855
5,21,bus,289.85,187.11,414.98,324.75,0.3901
6,1,bus,420.61,174.99,497.35,308.55,0.9065
6,2,car,156.42,250.84,234.15,302.37,0.8856
6,3,car,840.79,440.03,960.0,538.37,0.8613
6,4,car,528.03,234.69,575.79,282.03,0.8747
6,5,car,852.87,259.84,925.92,306.27,0.7656
6,6,car,757.21,261.19,832.74,313.42,0.7733
6,7,bus,490.17,158.77,525.05,201.94,0.674
6,9,bus,535.33,164.32,572.21,199.69,0.7432
6,10,car,818.58,305.07,915.16,368.25,0.7358
6,11,car,806.81,255.69,866.77,298.71,0.3619
6,12,bus,699.72,170.35,730.79,204.09,0.3818
6,13,car,758.45,238.65,800.29,269.18,0.3842
6,14,car,709.94,238.28,759.0,273.84,0.4552
6,16,car,923.18,372.46,959.05,413.78,0.346
6,17,car,684.41,216.06,725.25,246.62,0.4027
6,18,bus,677.56,165.15,725.9,196.87,0.426
6,8,bus,783.76,194.67,860.74,252.08,0.4986
6,21,bus,290.63,188.79,413.98,325.33,0.5206
6,37,bus,744.5,179.76,859.38,247.78,0.252
7,1,bus,420.39,174.85,497.33,308.82,0.9009
7,2,car,151.73,252.43,230.87,304.84,0.8967
7,3,car,853.31,450.28,960.0,539.06,0.8292
7,4,car,528.17,235.49,576.63,283.6,0.8756
7,5,car,852.33,258.93,924.37,305.01,0.7709
7,6,car,757.57,261.54,832.48,313.35,0.7584
7,7,bus,490.04,158.67,525.36,202.17,0.7051
7,9,bus,535.52,164.09,572.82,199.89,0.7183
7,10,car,819.37,305.14,915.32,368.09,0.7122
7,11,car,803.6,253.7,865.76,298.27,0.4711
7,12,bus,700.23,171.47,729.89,203.65,0.4783
7,13,car,758.62,238.29,800.99,269.01,0.3705
7,14,car,710.23,238.5,758.52,273.33,0.5026
7,17,car,683.37,214.93,725.5,246.67,0.421
7,18,bus,676.51,165.0,726.37,197.45,0.408
7,8,bus,783.46,194.26,860.19,251.58,0.5255
7,21,bus,289.77,186.93,415.53,327.2,0.6251
7,20,car,718.97,220.7,756.3,241.28,0.2529
7,19,bus,745.41,179.14,799.59,234.98,0.3087
8,1,bus,419.98,174.78,497.25,309.56,0.9115
8,2,car,147.0,253.66,227.74,307.1,0.8743
8,3,car,866.56,461.41,960.0,539.44,0.8054
8,4,car,528.64,236.63,577.77,285.53,0.8821
8,5,car,852.01,257.86,923.36,303.87,0.7369
8,6,car,757.72,261.93,832.0,313.26,0.7381
8,7,bus,488.54,156.25,526.06,202.31,0.8024
8,9,bus,536.04,164.57,573.07,200.16,0.7751
8,10,car,821.16,305.81,915.28,367.76,0.7252
8,11,car,803.24,253.78,864.99,297.97,0.4223
8,12,bus,698.69,169.28,729.54,202.64,0.4874
8,13,car,758.24,237.92,801.08,268.85,0.3994
8,14,car,710.15,238.9,757.63,272.86,0.5065
8,17,car,683.48,213.83,726.42,246.43,0.3732
8,18,bus,674.52,164.21,728.12,199.04,0.6093
8,8,bus,784.32,193.81,857.87,248.61,0.6153
8,21,bus,290.64,186.31,414.45,325.4,0.6015
8,19,bus,745.88,179.64,799.69,234.39,0.2858
8,16,car,922.82,370.56,959.46,412.74,0.2659
9,1,bus,419.96,175.23,497.53,310.62,0.9093
9,2,car,141.91,255.88,223.95,310.13,0.9052
9,3,car,881.29,474.74,960.0,540.0,0.6693
9,4,car,529.19,238.04,579.2,287.99,0.8767
9,5,car,851.13,257.5,921.36,303.1,0.7835
9,6,car,757.3,261.61,832.44,313.58,0.7696
9,7,bus,488.07,155.79,526.91,203.38,0.7742
9,9,bus,534.71,162.9,573.93,200.7,0.7979
9,10,car,821.51,306.41,915.06,368.18,0.6971
9,11,car,802.03,253.35,865.11,298.52,0.4929
9,12,bus,700.35,171.2,729.47,202.58,0.4723
9,13,car,757.99,237.13,801.58,268.45,0.2713
9,14,car,708.71,238.33,759.25,274.44,0.4307
9,17,car,683.58,215.13,725.19,246.85,0.3842
9,18,bus,674.57,164.06,728.11,198.67,0.4925
9,8,bus,784.45,193.9,855.53,246.56,0.6599
9,21,bus,290.79,187.9,415.04,328.68,0.5791
9,19,bus,745.53,178.49,801.45,234.57,0.3349
9,76,car,944.62,344.11,959.43,371.49,0.4139
9,16,car,922.86,371.09,959.33,413.04,0.3236
9,22,car,661.65,203.29,693.47,223.45,0.2425
10,1,bus,419.96,176.2,497.26,311.27,0.9137
10,2,car,136.85,257.61,221.75,313.8,0.8941
10,3,car,897.93,488.68,960.0,540.0,0.5525
10,4,car,529.72,240.07,580.35,290.84,0.8422
10,5,car,851.8,258.52,919.13,302.52,0.7792
10,6,car,757.41,261.85,832.48,313.78,0.7316
10,7,bus,488.37,157.05,527.07,204.36,0.7671
10,9,bus,534.35,162.21,574.79,201.39,0.7976
10,10,car,820.49,306.44,913.96,368.2,0.701
10,11,car,800.76,253.36,864.45,299.04,0.4776
10,12,bus,700.72,172.88,729.18,203.4,0.4373
10,13,car,756.39,236.97,801.5,269.41,0.3151
10,14,car,707.59,237.96,760.64,275.87,0.4523
10,17,car,684.62,216.54,724.79,247.28,0.3158
10,8,bus,782.6,192.95,853.67,245.36,0.247
10,21,bus,294.41,188.99,410.21,320.19,0.3758
10,76,car,943.68,343.61,959.18,372.22,0.4419
10,16,car,922.71,372.11,958.97,413.63,0.2516
10,37,bus,740.56,177.79,855.27,245.61,0.4035
11,1,bus,419.64,176.73,496.85,311.88,0.9055
11,2,car,131.62,259.61,218.15,316.88,0.8863
11,4,car,530.55,242.88,581.81,294.4,0.8401
11,5,car,851.22,258.48,917.51,302.13,0.781
11,6,car,757.07,262.19,832.09,314.08,0.6925
11,7,bus,488.63,158.3,527.43,205.6,0.7458
11,9,bus,534.89,163.24,575.09,202.19,0.8106
11,10,car,820.55,307.19,913.17,368.39,0.6893
11,11,car,801.55,254.68,863.37,299.06,0.4314
11,12,bus,700.4,173.71,728.09,203.41,0.3593
11,13,car,755.22,236.31,801.51,269.72,0.315
11,14,car,707.28,238.14,760.32,276.08,0.4047
11,17,car,685.6,217.46,724.25,247.15,0.2982
11,8,bus,780.56,194.6,852.3,247.19,0.264
11,21,bus,292.72,188.24,411.04,323.16,0.5092
11,76,car,943.33,343.41,958.93,372.13,0.4622
11,16,car,921.73,371.46,959.86,415.27,0.3026
11,18,bus,673.78,163.32,726.14,197.01,0.3242
12,1,bus,419.35,176.56,496.65,312.12,0.9027
12,2,car,126.54,261.49,214.21,319.31,0.8822
12,4,car,531.0,244.43,583.11,296.76,0.8375
12,5,car,850.56,258.25,915.61,301.4,0.7763
12,6,car,757.27,262.08,832.56,314.21,0.7348
12,7,bus,488.91,158.41,528.13,206.25,0.7736
12,9,bus,535.81,164.07,575.57,202.58,0.795
12,10,car,821.45,307.53,912.95,368.03,0.7348
12,11,car,810.75,259.26,866.17,299.44,0.5111
12,13,car,756.21,236.12,801.71,268.84,0.2777
12,14,car,707.65,237.62,760.03,275.05,0.3965
12,17,car,685.35,217.25,723.71,246.78,0.3239
12,21,bus,292.34,185.6,413.01,324.13,0.365
12,76,car,942.44,342.65,958.57,372.16,0.4496
12,16,car,922.32,371.91,959.79,415.02,0.2855
12,24,truck,0.5,354.38,303.01,537.4,0.2108
13,1,bus,419.31,177.01,496.6,312.72,0.9088
13,2,car,121.22,263.15,211.02,322.34,0.8697
13,4,car,531.79,246.14,585.18,299.77,0.8463
13,5,car,848.86,257.3,913.98,300.89,0.7968
13,6,car,757.39,262.19,832.25,314.0,0.7308
13,7,bus,490.62,161.02,528.23,206.75,0.597
13,9,bus,537.71,165.4,576.5,203.14,0.7689
13,10,car,819.97,307.85,911.84,368.4,0.7086
13,11,car,814.26,261.57,867.03,300.33,0.5362
13,13,car,757.95,235.12,805.07,268.6,0.3279
13,14,car,707.23,238.8,759.43,276.1,0.4463
13,17,car,685.88,218.08,723.46,247.09,0.3278
13,76,car,941.79,342.36,958.0,371.69,0.4835
13,16,car,921.56,371.58,960.0,416.25,0.2257
13,20,car,717.25,221.53,753.45,241.63,0.2685
13,37,bus,739.46,177.5,854.36,245.52,0.3489
13,18,bus,671.87,163.81,727.63,199.8,0.4248
14,1,bus,419.09,176.63,496.52,312.76,0.9073
14,2,car,116.14,265.15,206.57,324.6,0.8818
14,4,car,532.73,247.63,586.66,301.8,0.8369
14,5,car,848.04,255.58,913.6,300.08,0.7937
14,6,car,756.91,261.76,832.12,313.82,0.6835
14,7,bus,488.96,158.62,528.68,206.81,0.715
14,9,bus,538.31,165.63,577.06,203.4,0.7961
14,10,car,820.42,306.94,913.47,368.47,0.7455
14,11,car,816.86,262.52,867.14,300.13,0.5687
14,13,car,758.29,236.44,803.99,268.61,0.3055
14,14,car,710.67,239.55,759.5,274.36,0.4179
14,17,car,684.8,216.9,723.99,247.3,0.3229
14,76,car,940.25,340.32,957.36,370.81,0.5904
14,16,car,922.11,371.71,960.0,415.99,0.2282
14,18,bus,672.41,166.31,726.58,201.33,0.2993
14,12,bus,699.15,172.52,726.76,202.26,0.3638
14,8,bus,773.6,188.76,854.47,249.06,0.277
14,21,bus,292.7,182.94,417.37,327.53,0.4313
15,1,bus,418.92,175.48,496.66,312.39,0.9082
15,2,car,110.88,266.44,203.93,327.64,0.8927
15,4,car,533.35,248.59,588.31,303.84,0.8036
15,5,car,847.17,254.85,910.74,298.27,0.7298
15,6,car,757.79,261.48,831.81,312.67,0.6272
15,7,bus,487.67,156.49,529.18,206.82,0.7991
15,9,bus,538.85,164.27,578.31,202.93,0.804
15,10,car,821.7,306.11,914.8,368.04,0.7419
15,11,car,815.48,261.46,865.55,299.13,0.4449
15,13,car,758.61,236.16,804.73,268.29,0.265
15,14,car,709.49,238.6,758.59,273.4,0.4031
15,17,car,684.57,214.99,725.06,246.66,0.3719
15,76,car,939.26,338.7,956.82,369.36,0.576
15,18,bus,671.86,165.65,726.85,201.36,0.4046
15,12,bus,698.54,170.39,727.44,201.84,0.3804
15,8,bus,771.49,188.26,850.38,247.0,0.5146
15,21,bus,291.78,183.35,415.05,327.26,0.5872
16,1,bus,418.89,175.31,496.88,312.79,0.9084
16,2,car,104.45,268.61,199.62,331.21,0.8936
16,4,car,533.55,249.48,590.72,307.03,0.8252
16,5,car,844.51,254.08,907.93,297.64,0.6633
16,6,car,757.8,261.8,831.66,312.87,0.6977
16,7,bus,487.59,156.41,529.4,207.02,0.7943
16,9,bus,539.86,164.33,579.19,203.17,0.7871
16,10,car,821.76,306.09,914.67,368.11,0.7324
16,13,car,757.48,237.05,802.68,268.42,0.3247
16,14,car,710.55,239.42,758.46,273.16,0.4833
16,17,car,685.1,215.33,724.91,246.7,0.3223
16,76,car,938.25,337.9,956.45,368.93,0.636
16,18,bus,671.29,163.7,726.77,199.74,0.4388
16,8,bus,768.67,187.72,851.23,249.79,0.5636
16,21,bus,291.82,183.36,413.94,326.77,0.5477
17,1,bus,418.78,176.33,497.1,314.61,0.918
17,2,car,99.2,271.48,195.47,334.76,0.8864
17,4,car,533.88,252.45,592.31,311.34,0.8333
17,5,car,835.94,253.86,900.78,297.52,0.6118
17,6,car,757.73,262.38,831.81,313.62,0.6936
17,7,bus,487.66,157.19,529.84,208.22,0.8059
17,9,bus,540.94,166.37,578.72,203.91,0.7651
17,10,car,819.76,306.17,913.29,368.51,0.7241
17,13,car,755.62,237.48,801.78,269.69,0.3102
17,14,car,707.26,238.49,760.98,276.54,0.384
17,17,car,685.11,216.59,723.99,247.3,0.3547
17,76,car,936.98,337.51,955.96,368.92,0.7063
17,18,bus,670.07,163.07,726.5,199.88,0.6506
17,8,bus,769.51,189.25,847.52,247.7,0.5087
17,21,bus,293.8,185.7,412.37,325.24,0.57
17,16,car,922.81,372.42,960.0,416.38,0.2647
17,11,car,817.0,261.75,867.42,300.42,0.353
18,1,bus,418.77,177.13,497.16,315.69,0.9159
18,2,car,92.19,274.36,191.19,339.31,0.8766
18,4,car,534.72,254.98,593.45,314.13,0.8511
18,5,car,836.59,253.82,900.72,296.97,0.5936
18,6,car,757.76,262.84,831.75,314.0,0.712
18,7,bus,488.38,158.31,530.45,209.15,0.8298
18,9,bus,541.08,167.71,578.81,205.17,0.7749
18,10,car,818.6,306.45,912.57,368.93,0.7198
18,13,car,754.65,237.16,801.48,270.05,0.3498
18,14,car,706.6,238.97,760.0,276.81,0.4308
18,17,car,685.28,217.15,723.43,247.37,0.3637
18,76,car,935.78,336.92,955.68,368.8,0.7403
18,18,bus,669.32,163.17,725.76,200.12,0.6676
18,8,bus,770.45,190.19,845.35,246.06,0.6593
18,21,bus,295.2,186.07,409.47,320.32,0.3765
18,16,car,923.56,372.91,960.0,415.89,0.2442
18,11,car,817.38,262.33,867.08,301.16,0.552
18,24,truck,1.26,354.72,302.29,536.79,0.2169
19,1,bus,418.81,177.5,497.34,316.31,0.9182
19,2,car,86.61,277.49,186.45,342.72,0.8643
19,4,car,535.19,257.49,595.12,317.9,0.8811
19,5,car,836.3,254.57,899.03,296.55,0.5616
19,6,car,757.53,262.67,832.09,314.24,0.6832
19,7,bus,489.1,159.31,530.92,209.85,0.8453
19,9,bus,540.95,167.57,579.41,205.86,0.7765
19,10,car,818.79,307.53,911.56,368.97,0.7037
19,13,car,754.68,237.02,801.38,269.9,0.388
19,14,car,706.27,239.51,759.36,277.16,0.3774
19,17,car,685.82,217.3,723.47,247.21,0.3427
19,76,car,934.68,336.14,955.61,368.64,0.8035
19,18,bus,669.65,163.36,725.82,200.22,0.6728
19,8,bus,770.26,189.75,845.08,245.93,0.525
19,21,bus,295.73,185.53,409.89,319.43,0.4492
19,11,car,817.08,261.94,866.94,301.79,0.5263
20,1,bus,418.52,177.74,497.16,316.78,0.9198
20,2,car,80.01,280.44,182.24,347.1,0.8496
20,4,car,535.99,259.4,596.86,320.77,0.8896
20,5,car,836.92,255.94,897.28,296.11,0.5577
20,6,car,757.93,263.35,831.65,314.27,0.7343
20,7,bus,489.39,159.92,531.42,210.74,0.875
20,9,bus,541.26,167.99,580.4,207.18,0.7383
20,10,car,820.25,308.08,912.48,369.14,0.6674
20,13,car,754.18,237.31,801.82,271.07,0.4831
20,14,car,705.95,239.31,759.38,277.33,0.3915
20,17,car,686.69,218.29,723.24,247.35,0.3581
20,76,car,933.39,335.65,955.4,368.69,0.793
20,18,bus,669.68,163.45,725.21,200.0,0.6349
20,8,bus,768.96,188.93,844.19,245.74,0.5826
20,21,bus,295.32,184.98,410.64,320.61,0.5939
20,11,car,817.31,262.24,866.13,301.99,0.5358
20,20,car,719.58,221.0,756.63,241.55,0.3
20,37,bus,733.36,176.9,841.3,240.72,0.2515
20,12,bus,697.18,171.09,725.34,201.81,0.3739
20,16,car,922.97,373.27,960.0,417.54,0.2805
21,1,bus,418.56,178.45,497.2,317.54,0.9237
21,2,car,73.2,283.09,178.17,351.45,0.8702
21,4,car,536.98,262.04,598.43,324.02,0.8678
21,5,car,833.48,256.6,893.74,296.0,0.5436
21,6,car,757.74,263.65,831.17,314.33,0.6445
21,7,bus,489.94,160.74,532.08,211.76,0.8382
21,9,bus,540.22,167.61,580.51,208.02,0.7642
21,10,car,820.53,308.15,913.28,369.62,0.7402
21,13,car,754.63,237.84,801.61,271.27,0.4411
21,14,car,707.03,239.87,758.51,276.44,0.3918
21,17,car,687.06,218.71,723.23,247.54,0.3201
21,76,car,932.11,335.35,955.24,368.88,0.7706
21,18,bus,672.08,166.88,724.92,201.55,0.3695
21,8,bus,766.27,189.24,840.87,245.26,0.5806
21,21,bus,295.69,183.75,411.79,320.42,0.6541
21,11,car,817.1,261.68,866.0,302.24,0.4195
21,20,car,719.35,220.76,756.16,241.17,0.2945
21,12,bus,698.04,172.14,725.66,202.23,0.3408
22,1,bus,418.56,178.77,497.28,318.1,0.921
22,2,car,65.88,284.68,174.81,355.55,0.8773
22,4,car,537.2,264.58,601.3,329.52,0.8734
22,5,car,828.65,254.42,892.76,295.88,0.5825
22,6,car,757.58,263.81,831.0,314.48,0.5754
22,7,bus,489.61,160.81,532.42,212.64,0.9021
22,9,bus,539.83,168.46,580.32,208.82,0.7694
22,10,car,821.02,308.54,913.58,369.93,0.7179
22,13,car,755.18,238.3,801.76,271.45,0.467
22,14,car,706.38,239.9,759.03,277.4,0.3643
22,17,car,686.13,218.3,723.38,248.15,0.3674
22,76,car,930.5,334.9,954.93,369.06,0.7411
22,18,bus,670.92,165.53,724.2,200.35,0.4554
22,8,bus,763.38,189.38,838.49,245.67,0.4276
22,21,bus,294.25,183.62,413.16,324.35,0.6986
22,11,car,818.37,262.56,865.72,302.57,0.3195
22,20,car,719.24,220.38,755.94,240.73,0.2917
22,12,bus,697.8,171.65,725.87,202.34,0.3175
22,16,car,922.21,373.29,960.0,418.49,0.2122
23,1,bus,418.59,179.39,497.27,318.75,0.9256
23,2,car,58.8,287.83,169.35,359.67,0.882
23,4,car,538.37,267.42,603.04,333.0,0.858
23,5,car,826.01,253.98,891.2,295.77,0.6037
23,6,car,757.47,264.31,830.92,314.98,0.626
23,7,bus,489.78,161.34,532.8,213.35,0.8952
23,9,bus,539.66,168.66,581.25,210.04,0.7996
23,10,car,822.57,309.32,914.26,370.3,0.7335
23,13,car,755.14,238.76,800.75,271.23,0.4078
23,14,car,706.48,240.83,759.15,278.4,0.4232
23,17,car,686.37,219.21,722.98,248.56,0.4125
23,76,car,928.87,334.5,955.01,369.92,0.6505
23,18,bus,670.49,165.91,723.5,200.33,0.4139
23,8,bus,763.89,189.52,836.5,243.6,0.5911
23,21,bus,294.95,183.75,413.52,324.23,0.605
23,20,car,718.54,220.97,755.88,242.0,0.2719
23,12,bus,695.17,172.43,723.76,202.97,0.3625
24,1,bus,418.33,180.14,497.01,319.65,0.9157
24,2,car,51.38,291.69,164.23,364.69,0.8062
24,4,car,539.41,270.6,604.9,337.09,0.8374
24,5,car,824.36,253.1,891.23,295.86,0.7313
24,6,car,758.43,265.22,830.54,314.84,0.5369
24,7,bus,490.03,161.77,533.32,214.0,0.8764
24,9,bus,539.85,169.85,581.6,211.19,0.7973
24,10,car,821.63,310.34,913.07,370.94,0.6971
24,13,car,755.09,239.23,800.74,271.84,0.4177
24,17,car,685.56,218.97,722.74,248.72,0.3258
24,76,car,927.42,333.61,955.25,370.26,0.6476
24,18,bus,669.82,165.43,723.76,200.38,0.387
24,8,bus,760.79,189.54,835.38,244.81,0.4458
24,21,bus,294.79,184.17,412.15,323.31,0.4993
24,12,bus,696.67,173.55,724.61,203.65,0.3864
25,1,bus,418.31,180.48,497.01,320.07,0.9142
25,2,car,43.35,295.05,159.48,369.97,0.8596
25,4,car,540.01,272.96,607.69,341.97,0.8542
25,5,car,822.59,251.73,891.05,295.54,0.6544
25,6,car,758.96,265.23,830.6,314.46,0.4832
25,7,bus,490.73,162.62,533.78,214.47,0.8354
25,9,bus,539.94,169.55,582.75,211.98,0.7921
25,10,car,821.89,310.99,912.59,371.0,0.6949
25,13,car,755.35,239.24,800.61,271.62,0.4174
25,17,car,685.25,218.78,722.65,248.65,0.2869
25,76,car,925.74,331.71,955.62,370.14,0.6821
25,18,bus,670.88,168.61,723.69,202.79,0.3899
25,8,bus,758.67,189.29,833.47,244.3,0.4782
25,21,bus,294.43,184.09,411.58,323.3,0.5096
25,12,bus,696.85,173.43,724.88,203.82,0.4143
25,14,car,715.96,243.19,763.01,277.54,0.4055
26,1,bus,418.2,180.21,496.92,319.91,0.9146
26,2,car,37.46,297.8,152.65,371.39,0.8627
26,4,car,540.87,274.66,610.03,345.4,0.8701
26,5,car,821.29,250.99,889.53,294.6,0.5268
26,6,car,757.82,264.82,830.45,314.71,0.616
26,7,bus,491.01,162.89,534.22,214.77,0.8308
26,9,bus,539.89,169.05,583.28,212.06,0.7952
26,10,car,822.31,310.58,913.09,370.71,0.6836
26,13,car,755.27,238.92,800.08,270.96,0.4744
26,17,car,685.64,218.78,723.01,248.8,0.3664
26,76,car,924.42,330.69,955.49,369.62,0.7172
26,18,bus,669.84,167.23,724.77,202.85,0.3831
26,21,bus,295.46,183.25,413.26,323.22,0.6863
26,14,car,710.56,241.85,759.57,277.49,0.3684
26,37,bus,723.58,174.38,836.93,242.12,0.4861
26,16,car,922.82,373.52,960.0,418.68,0.2219
26,20,car,718.5,221.83,756.98,243.7,0.2532
27,1,bus,418.28,179.26,497.23,319.55,0.9102
27,2,car,29.93,299.85,147.52,374.44,0.8217
27,4,car,541.73,276.65,611.88,348.56,0.8683
27,5,car,822.28,253.03,886.05,293.33,0.4194
27,6,car,757.59,264.26,830.62,314.42,0.6606
27,7,bus,492.0,163.48,535.04,214.9,0.7899
27,9,bus,539.75,168.61,583.75,212.07,0.7632
27,10,car,822.31,310.04,912.49,369.74,0.6963
27,13,car,754.91,238.06,800.66,270.83,0.4255
27,17,car,686.42,218.35,723.14,247.88,0.3701
27,76,car,922.93,329.07,955.53,368.93,0.7443
27,18,bus,669.05,165.88,723.95,201.51,0.496
27,21,bus,295.95,182.15,414.57,323.13,0.5925
27,14,car,707.21,240.31,759.5,278.47,0.4392
27,37,bus,725.49,175.98,836.1,242.86,0.6707
27,16,car,922.68,372.87,960.0,418.79,0.2484
28,1,bus,418.22,179.55,497.15,319.78,0.9077
28,2,car,20.08,301.97,142.6,379.36,0.8153
28,4,car,541.77,278.98,614.79,354.32,0.8594
28,5,car,824.28,254.38,884.96,292.53,0.3702
28,6,car,757.39,264.29,830.55,314.52,0.5801
28,7,bus,492.11,163.69,536.05,215.9,0.8134
28,9,bus,538.16,167.2,584.17,212.45,0.8288
28,10,car,822.26,309.66,913.37,370.16,0.7033
28,13,car,754.8,238.48,800.64,271.38,0.4642
28,17,car,686.38,218.45,723.31,248.23,0.357
28,76,car,921.67,328.36,955.68,369.06,0.7601
28,18,bus,668.74,165.18,724.07,201.14,0.4528
28,21,bus,296.03,181.14,415.65,323.28,0.7093
28,14,car,706.19,240.17,759.11,278.9,0.3861
28,37,bus,725.21,175.98,833.91,241.89,0.6768
28,12,bus,696.2,172.21,724.21,202.84,0.247
29,1,bus,417.85,180.23,496.93,320.57,0.885
29,2,car,15.45,305.69,135.18,380.33,0.8374
29,4,car,542.76,282.71,617.01,359.65,0.8759
29,5,car,815.22,252.28,881.24,293.05,0.4324
29,6,car,757.75,264.85,830.35,314.59,0.6565
29,7,bus,491.85,163.99,537.12,217.41,0.831
29,9,bus,538.94,168.06,585.01,213.16,0.8107
29,10,car,822.59,310.91,912.23,370.31,0.7004
29,13,car,755.13,239.17,800.33,271.67,0.5318
29,17,car,686.28,218.75,722.61,247.96,0.3677
29,76,car,919.84,328.18,956.24,371.05,0.7675
29,18,bus,668.61,166.68,724.09,202.84,0.4503
29,21,bus,295.74,182.2,414.37,323.16,0.7207
29,14,car,715.76,243.1,761.96,277.66,0.416
29,244,car,936.49,305.46,958.78,330.88,0.4954
29,12,bus,694.06,172.87,722.84,203.63,0.4165
29,24,truck,1.47,356.23,299.83,536.52,0.3337
29,8,bus,756.5,188.26,829.73,242.05,0.6354
29,20,car,719.26,223.94,756.02,244.87,0.2665
30,1,bus,417.62,180.63,496.81,321.14,0.8892
30,2,car,4.94,309.68,130.69,387.71,0.7239
30,4,car,544.16,286.71,618.93,364.39,0.8453
30,5,car,822.75,254.4,883.56,292.31,0.3241
30,6,car,757.83,265.41,830.13,314.83,0.5745
30,7,bus,491.95,164.32,538.24,218.74,0.7641
30,9,bus,538.87,168.29,585.73,213.97,0.8166
30,10,car,822.8,311.65,912.06,370.73,0.6966
30,13,car,755.41,239.41,800.34,271.75,0.527
30,17,car,685.9,219.37,722.39,248.57,0.3282
30,76,car,917.96,326.83,956.67,371.89,0.7745
30,18,bus,669.19,168.3,723.6,203.67,0.4034
30,21,bus,295.54,182.51,413.84,323.19,0.5946
30,14,car,717.79,243.86,762.11,277.47,0.4093
30,244,car,935.52,305.05,957.56,330.08,0.4878
30,12,bus,695.2,172.56,724.39,203.85,0.4249
30,8,bus,757.12,187.89,830.02,241.68,0.6267
30,20,car,718.89,224.46,755.37,245.42,0.304
31,1,bus,417.23,180.97,496.46,321.36,0.8914
31,2,car,0.0,312.83,129.1,395.24,0.7633
31,4,car,545.45,290.02,620.88,368.46,0.7911
31,5,car,824.99,253.67,884.45,291.25,0.3091
31,6,car,757.72,265.31,830.64,315.11,0.6235
31,7,bus,491.56,164.28,538.66,219.59,0.779
31,9,bus,538.49,167.58,586.78,214.62,0.8124
31,10,car,823.2,311.98,911.98,370.66,0.7056
31,13,car,755.94,239.81,800.06,271.44,0.5029
31,17,car,685.57,219.08,721.89,248.0,0.3651
31,76,car,916.54,325.81,956.7,371.94,0.7703
31,21,bus,295.65,182.03,414.06,322.76,0.4936
31,14,car,719.59,244.28,762.2,277.12,0.4268
31,244,car,933.74,302.6,956.79,328.57,0.6428
31,12,bus,695.72,173.12,724.54,203.96,0.4242
31,8,bus,756.06,187.43,829.77,242.27,0.5848
31,20,car,718.4,224.5,754.89,245.65,0.3166
32,1,bus,416.93,181.1,496.24,321.36,0.8926
32,2,car,0.0,316.08,124.71,398.24,0.6807
32,4,car,547.03,293.31,623.2,372.53,0.803
32,6,car,757.96,265.27,830.75,314.92,0.5931
32,7,bus,491.29,164.25,538.96,220.21,0.7617
32,9,bus,538.99,167.65,587.94,215.35,0.7924
32,10,car,822.66,311.95,911.52,370.55,0.6784
32,13,car,755.83,239.8,800.36,271.7,0.5075
32,17,car,685.62,220.26,721.47,248.65,0.4173
32,76,car,915.54,325.41,956.54,371.79,0.7573
32,21,bus,295.91,181.01,415.19,322.72,0.3631
32,14,car,721.8,244.72,762.4,276.57,0.4131
32,244,car,931.86,299.72,956.9,327.71,0.6355
32,12,bus,694.85,173.31,723.8,203.81,0.3755
32,8,bus,752.02,186.54,827.97,243.25,0.6378
32,20,car,717.82,224.42,754.04,245.61,0.283
33,1,bus,416.78,181.4,496.31,321.69,0.8888
33,2,car,0.0,319.16,118.1,396.4,0.7077
33,4,car,547.56,296.74,626.91,379.63,0.8153
33,6,car,757.34,265.57,830.87,315.77,0.6513
33,7,bus,492.34,165.35,539.84,221.22,0.7207
33,9,bus,539.04,167.5,589.02,216.29,0.7996
33,10,car,821.32,312.18,910.5,370.71,0.6547
33,13,car,756.46,239.96,799.78,270.77,0.5288
33,17,car,685.44,220.58,721.34,248.9,0.3976
33,76,car,914.64,325.78,956.45,372.31,0.7755
33,21,bus,295.02,183.72,411.98,322.81,0.4835
33,14,car,720.62,244.44,761.78,276.98,0.4162
33,244,car,930.07,298.1,956.63,327.47,0.682
33,12,bus,695.28,174.15,723.97,204.22,0.426
33,37,bus,720.03,174.08,830.42,242.15,0.659
33,5,car,810.73,250.4,876.43,291.34,0.3681
34,1,bus,416.33,181.63,495.97,321.89,0.8849
34,2,car,0.0,322.32,113.04,397.04,0.716
34,4,car,548.74,300.36,629.95,385.41,0.8373
34,6,car,757.38,265.82,830.73,315.9,0.6692
34,7,bus,491.28,165.8,539.52,222.48,0.777
34,9,bus,540.82,168.56,590.13,216.96,0.7446
34,10,car,820.32,312.02,910.1,370.66,0.6813
34,13,car,756.63,239.95,800.3,270.81,0.4934
34,17,car,685.66,220.66,721.4,248.66,0.3753
34,76,car,913.65,325.71,956.6,372.84,0.7862
34,21,bus,295.24,184.94,411.49,323.25,0.5284
34,14,car,719.39,244.34,760.84,277.17,0.437
34,244,car,928.02,296.58,955.75,326.74,0.6246
34,12,bus,694.88,175.0,723.11,204.79,0.2862
34,37,bus,720.08,173.98,829.01,242.09,0.7447
34,5,car,811.05,248.39,876.11,288.78,0.3684
35,1,bus,416.26,181.45,496.17,321.74,0.8936
35,2,car,0.0,325.89,108.79,399.58,0.6718
35,4,car,550.14,304.14,632.8,390.93,0.8422
35,6,car,757.98,265.66,830.78,315.32,0.6464
35,7,bus,491.79,166.11,540.15,222.91,0.7564
35,9,bus,541.54,168.89,590.72,217.22,0.761
35,10,car,821.15,312.01,910.9,370.53,0.7062
35,13,car,756.93,240.33,799.8,270.46,0.5401
35,17,car,685.44,220.39,721.6,248.6,0.4053
35,76,car,912.86,325.25,956.5,372.41,0.7613
35,21,bus,295.73,184.32,412.13,322.72,0.6519
35,14,car,720.86,244.47,761.1,276.66,0.4588
35,244,car,926.48,296.16,954.29,325.59,0.4887
35,12,bus,694.78,175.21,722.6,204.43,0.3073
35,5,car,811.69,246.96,874.86,286.07,0.3309
35,8,bus,749.63,185.63,825.8,243.16,0.5502
36,1,bus,415.67,181.28,496.07,321.85,0.8942
36,4,car,551.64,307.99,636.06,396.78,0.8798
36,6,car,758.12,265.68,830.85,315.17,0.6497
36,7,bus,492.38,166.55,540.89,223.58,0.7066
36,9,bus,542.36,170.08,591.3,218.18,0.7363
36,10,car,821.81,311.79,911.87,370.55,0.6758
36,13,car,756.74,240.46,800.13,270.85,0.5466
36,17,car,685.69,220.97,721.19,248.45,0.4164
36,76,car,911.81,324.47,956.53,372.11,0.7634
36,21,bus,295.99,184.0,412.11,321.94,0.4286
36,14,car,722.18,244.87,761.68,276.92,0.4436
36,244,car,924.73,294.95,953.66,324.66,0.567
36,12,bus,694.76,175.0,722.75,204.17,0.3145
36,5,car,811.82,245.88,874.89,285.1,0.4316
36,8,bus,749.7,185.63,825.17,243.29,0.5757
37,1,bus,415.24,181.17,495.73,321.59,0.8947
37,4,car,552.2,311.3,639.31,403.26,0.8723
37,6,car,757.74,265.23,831.16,315.17,0.6765
37,7,bus,492.42,166.64,541.32,224.03,0.7517
37,9,bus,541.33,168.58,592.13,218.62,0.813
37,10,car,821.68,311.12,912.37,370.37,0.6684
37,13,car,756.38,240.15,800.09,270.68,0.4062
37,17,car,685.85,220.99,721.45,248.56,0.3313
37,76,car,910.78,322.85,957.08,371.72,0.7758
37,21,bus,296.06,183.78,412.2,321.62,0.558
37,14,car,722.22,244.66,761.26,276.75,0.3853
37,244,car,922.99,293.26,953.61,323.8,0.6481
37,12,bus,694.41,174.88,722.29,203.85,0.2981
37,5,car,808.83,245.17,872.77,284.81,0.4238
37,37,bus,721.24,173.93,824.12,238.78,0.654
37,2,car,0.0,333.94,95.24,400.49,0.3327
38,1,bus,415.58,180.95,496.17,321.32,0.8987
38,4,car,552.58,314.39,642.8,410.12,0.8641
38,6,car,757.58,264.8,831.21,314.82,0.5601
38,7,bus,492.4,166.2,541.82,224.29,0.773
38,9,bus,541.92,168.52,592.95,218.84,0.7976
38,10,car,822.23,310.12,913.69,370.13,0.7244
38,13,car,756.76,240.19,800.37,270.49,0.4071
38,76,car,909.81,320.72,956.94,369.79,0.8087
38,21,bus,295.93,182.2,413.28,321.55,0.262
38,14,car,721.73,244.04,760.57,276.29,0.37
38,244,car,921.5,292.53,952.95,322.74,0.5796
38,12,bus,693.76,173.89,722.22,203.57,0.423
38,5,car,809.82,244.47,873.3,284.12,0.3775
38,37,bus,725.12,177.64,821.24,237.92,0.6412
39,1,bus,415.47,180.65,496.19,321.15,0.8943
39,4,car,553.95,318.93,646.83,417.76,0.8365
39,6,car,757.19,264.62,831.03,314.73,0.5023
39,7,bus,493.09,166.46,542.53,224.78,0.7842
39,9,bus,540.91,167.76,593.58,219.74,0.8128
39,10,car,822.4,309.84,914.1,370.14,0.6949
39,13,car,756.3,239.92,800.71,270.69,0.3754
39,76,car,908.2,319.69,957.47,370.54,0.8203
39,21,bus,295.27,181.31,413.62,322.0,0.5511
39,14,car,713.65,241.49,757.41,277.39,0.349
39,244,car,919.47,291.12,952.9,322.15,0.5487
39,12,bus,693.15,172.28,722.29,202.86,0.3785
39,5,car,807.0,243.91,870.53,283.48,0.3916
39,37,bus,722.21,174.03,822.41,237.3,0.6472
40,1,bus,415.34,180.94,496.06,321.12,0.9012
40,4,car,555.23,323.58,650.6,425.48,0.7111
40,6,car,757.29,264.88,831.34,315.09,0.6423
40,7,bus,493.29,166.29,543.28,225.55,0.7671
40,9,bus,540.63,167.51,594.5,220.76,0.8072
40,10,car,823.21,310.12,914.21,370.06,0.7174
40,13,car,755.9,239.78,801.26,271.24,0.2893
40,76,car,906.23,319.44,957.78,372.24,0.8207
40,21,bus,296.16,182.08,413.19,321.01,0.4727
40,14,car,719.13,243.35,759.64,276.97,0.3605
40,244,car,916.91,289.9,952.37,321.62,0.4235
40,12,bus,692.6,172.34,722.04,203.29,0.4686
40,5,car,805.49,243.68,869.12,283.28,0.4621
40,37,bus,722.1,173.44,821.72,236.56,0.8093
40,24,truck,0.0,348.95,305.62,536.47,0.2704
40,17,car,686.17,221.53,721.13,248.59,0.2782
40,2,car,0.0,344.75,74.8,402.0,0.382
41,1,bus,415.37,181.02,496.13,320.99,0.8999
41,4,car,556.89,328.55,654.45,433.12,0.774
41,6,car,757.25,264.95,831.21,315.06,0.6498
41,7,bus,495.69,167.59,544.68,226.09,0.7444
41,9,bus,540.95,167.43,595.38,221.41,0.7727
41,10,car,822.42,309.23,914.01,369.67,0.6781
41,13,car,756.05,239.3,801.35,270.65,0.3115
41,76,car,904.64,319.04,957.68,372.91,0.8212
41,21,bus,296.84,182.28,413.2,319.91,0.4498
41,14,car,719.94,243.74,760.07,277.19,0.3638
41,244,car,914.38,287.64,952.81,321.02,0.5699
41,12,bus,692.13,171.69,721.98,203.32,0.4111
41,5,car,805.07,243.21,867.68,282.1,0.332
41,37,bus,721.44,172.36,821.42,235.96,0.747
41,370,car,801.24,252.87,864.21,302.81,0.3292
41,2,car,0.0,350.82,65.0,400.51,0.45
42,1,bus,415.85,181.48,496.57,321.4,0.8944
42,4,car,558.68,333.44,659.35,441.68,0.828
42,6,car,757.71,265.37,831.49,315.3,0.6643
42,7,bus,496.13,167.81,545.24,226.73,0.7466
42,9,bus,541.31,167.58,596.33,222.29,0.7293
42,10,car,823.45,310.18,913.82,369.98,0.7005
42,13,car,755.73,239.09,801.96,271.13,0.2823
42,76,car,903.33,318.73,957.64,373.4,0.8152
42,21,bus,295.48,182.59,411.6,319.81,0.2402
42,14,car,722.01,244.39,760.52,276.71,0.3676
42,244,car,911.87,286.34,952.74,320.76,0.6251
42,12,bus,691.33,171.5,721.68,203.79,0.4074
42,5,car,804.47,243.23,866.11,281.38,0.3504
42,37,bus,721.6,172.76,819.5,235.02,0.6273
42,370,car,801.57,254.11,863.15,302.87,0.4442
42,18,bus,666.11,168.02,720.8,203.77,0.3234
42,24,truck,1.63,354.98,300.06,535.64,0.2594
42,17,car,683.23,219.49,718.51,246.07,0.3039
43,1,bus,416.26,182.45,496.59,321.83,0.9024
43,4,car,559.65,339.08,664.23,452.06,0.8022
43,6,car,757.33,266.0,831.21,315.97,0.6865
43,7,bus,494.63,168.47,544.74,228.64,0.7359
43,9,bus,541.13,168.4,596.75,223.61,0.8072
43,10,car,822.75,312.0,912.05,370.92,0.6023
43,13,car,755.37,239.97,802.02,272.33,0.4104
43,76,car,901.99,318.76,957.55,374.19,0.821
43,21,bus,294.98,180.37,415.22,322.66,0.2944
43,14,car,717.98,244.32,757.88,277.37,0.3948
43,244,car,909.89,285.85,952.79,320.91,0.6455
43,12,bus,692.32,172.03,722.71,204.48,0.5498
43,5,car,805.45,243.74,863.87,279.59,0.3214
43,37,bus,718.83,172.47,818.38,236.22,0.6008
43,370,car,801.68,256.29,861.69,303.71,0.4526
43,18,bus,665.95,168.3,720.2,203.3,0.3301
43,17,car,682.36,220.08,718.98,247.22,0.3162
44,1,bus,416.14,182.77,496.38,321.96,0.8995
44,4,car,561.36,345.42,668.37,461.47,0.7507
44,6,car,757.32,265.97,831.02,315.79,0.6887
44,7,bus,494.11,168.95,544.77,229.82,0.7566
44,9,bus,540.96,168.09,597.54,224.18,0.7674
44,10,car,823.55,311.95,912.23,370.48,0.6709
44,13,car,755.99,239.97,802.75,272.28,0.43
44,76,car,901.78,318.88,956.8,373.09,0.8227
44,21,bus,298.66,171.92,429.34,325.52,0.3391
44,14,car,715.87,244.13,757.36,277.99,0.432
44,244,car,907.48,284.73,952.38,320.25,0.6907
44,12,bus,692.44,172.22,723.0,205.03,0.4887
44,5,car,807.32,244.05,859.85,275.45,0.2957
44,37,bus,718.95,173.52,816.11,235.78,0.5985
44,370,car,800.83,256.16,861.09,303.63,0.5129
44,18,bus,666.43,168.91,719.16,202.3,0.254
44,17,car,682.36,221.02,719.65,248.34,0.3039
45,1,bus,416.29,182.53,496.54,321.56,0.9012
45,4,car,563.46,350.08,674.66,470.98,0.8078
45,6,car,757.28,265.77,831.31,315.77,0.6226
45,7,bus,493.17,167.92,545.03,230.11,0.8173
45,9,bus,543.09,168.02,599.79,224.5,0.7593
45,10,car,823.85,311.52,912.55,370.18,0.6753
45,13,car,755.79,239.78,802.29,271.92,0.4093
45,76,car,901.15,318.02,956.68,372.12,0.8238
45,21,bus,294.91,177.08,421.44,326.47,0.4493
45,14,car,717.72,244.31,758.86,277.91,0.3944
45,244,car,905.46,283.31,952.28,319.23,0.712
45,12,bus,692.46,172.55,722.17,204.4,0.4427
45,5,car,807.78,243.35,856.31,271.34,0.4492
45,37,bus,719.56,174.84,815.39,236.31,0.6805
45,370,car,800.52,255.82,861.14,303.42,0.4781
45,18,bus,665.78,167.91,720.91,202.88,0.2639
46,1,bus,416.68,182.83,496.86,321.7,0.8908
46,4,car,565.96,355.7,681.87,481.83,0.8355
46,6,car,757.15,265.76,831.01,315.68,0.6307
46,7,bus,493.72,168.77,545.55,230.78,0.8433
46,9,bus,544.56,170.09,600.35,225.68,0.7575
46,10,car,823.63,312.12,911.34,369.99,0.6503
46,13,car,755.51,239.34,802.65,271.95,0.3666
46,76,car,900.4,317.52,956.55,371.61,0.8058
46,21,bus,293.99,178.15,418.91,326.17,0.4799
46,14,car,714.02,243.77,756.59,277.79,0.4621
46,244,car,904.03,282.94,952.14,318.69,0.7422
46,12,bus,692.27,173.0,721.59,204.36,0.4342
46,5,car,806.36,243.28,856.13,271.29,0.3494
46,37,bus,719.55,175.55,812.94,235.25,0.5615
46,370,car,800.65,256.2,861.19,303.57,0.5043
46,18,bus,665.12,167.28,721.98,203.6,0.3328
47,1,bus,416.6,183.47,496.64,322.15,0.8908
47,4,car,566.69,362.95,686.57,493.89,0.8661
47,6,car,758.09,266.58,830.4,315.24,0.6505
47,7,bus,494.88,171.12,546.02,232.21,0.7591
47,9,bus,545.96,173.07,600.26,226.83,0.8124
47,10,car,821.67,312.71,909.4,370.07,0.5256
47,13,car,755.45,240.27,803.49,273.56,0.4366
47,76,car,899.44,317.3,956.42,371.5,0.8154
47,21,bus,295.8,183.19,417.62,327.15,0.3803
47,14,car,712.33,243.92,755.61,277.84,0.4515
47,244,car,902.73,283.28,951.73,318.45,0.7094
47,12,bus,692.03,173.54,721.68,205.3,0.5213
47,37,bus,718.06,174.19,812.37,234.65,0.6842
47,370,car,799.81,256.62,860.95,304.33,0.5295
47,18,bus,666.02,169.03,720.16,203.27,0.2771
47,17,car,684.59,222.22,720.85,248.77,0.2493
48,1,bus,416.29,183.92,496.32,322.42,0.8872
48,4,car,568.53,370.18,692.41,506.1,0.8741
48,6,car,759.43,267.91,829.78,314.98,0.6334
48,7,bus,494.48,171.24,546.79,233.67,0.7989
48,9,bus,546.98,174.98,600.77,227.97,0.7688
48,10,car,823.59,313.57,909.92,369.82,0.6266
48,13,car,755.54,240.39,803.86,273.92,0.4669
48,76,car,898.5,317.03,956.32,371.36,0.8297
48,21,bus,297.42,185.94,416.28,325.81,0.2553
48,14,car,711.89,244.06,755.64,277.81,0.4926
48,244,car,901.54,283.58,951.65,318.37,0.7167
48,12,bus,691.19,173.47,721.24,205.82,0.3881
48,37,bus,715.27,172.38,813.02,235.43,0.6866
48,370,car,798.7,257.27,860.64,305.42,0.57
48,18,bus,665.22,168.73,721.41,204.62,0.3064
48,17,car,685.66,222.56,721.89,249.05,0.2624
49,1,bus,416.53,184.41,496.38,322.47,0.8949
49,4,car,570.14,376.97,699.33,519.59,0.8777
49,6,car,759.83,268.4,829.91,315.12,0.6587
49,7,bus,494.29,171.31,547.6,234.94,0.8201
49,9,bus,547.3,175.3,602.05,229.04,0.7774
49,10,car,822.97,313.67,909.59,369.9,0.5466
49,13,car,755.19,240.63,803.53,274.28,0.4726
49,76,car,897.81,317.5,955.66,370.99,0.8503
49,21,bus,296.83,189.09,415.55,328.79,0.5202
49,14,car,712.48,244.5,755.7,277.34,0.4799
49,244,car,899.15,282.82,951.93,318.34,0.682
49,12,bus,690.77,173.01,721.36,206.05,0.2327
49,370,car,799.63,257.48,861.52,305.56,0.4716
49,18,bus,664.92,168.91,721.35,205.17,0.5084
49,17,car,684.4,222.66,721.2,249.34,0.3208
49,8,bus,745.23,186.65,809.94,235.73,0.5432
50,1,bus,416.86,184.81,496.49,322.51,0.8826
50,4,car,570.53,380.66,707.7,533.44,0.8975
50,6,car,759.94,268.5,829.92,314.99,0.6799
50,7,bus,493.65,171.07,548.14,236.02,0.8275
50,9,bus,548.46,177.0,602.65,229.89,0.7815
50,10,car,822.87,313.55,909.64,369.79,0.6412
50,13,car,755.16,240.84,802.95,274.23,0.4048
50,76,car,896.7,317.09,955.45,370.59,0.8205
50,21,bus,296.89,190.56,416.96,331.78,0.4889
50,14,car,711.9,244.53,756.13,277.68,0.5226
50,244,car,897.36,282.29,951.99,317.97,0.6837
50,12,bus,690.56,172.51,721.16,205.72,0.2317
50,370,car,799.53,257.56,861.54,305.63,0.4771
50,18,bus,665.09,168.54,721.57,205.19,0.5183
50,17,car,683.51,220.87,721.34,247.89,0.2822
50,37,bus,714.89,173.16,810.37,235.04,0.4671
51,1,bus,416.7,184.94,496.25,322.46,0.8845
51,4,car,576.55,390.75,711.2,540.0,0.8979
51,6,car,760.17,268.53,830.04,314.77,0.642
51,7,bus,493.72,171.08,548.86,236.79,0.8245
51,9,bus,547.36,175.39,604.55,231.21,0.8147
51,10,car,822.16,313.08,909.4,369.52,0.5194
51,13,car,755.19,240.89,802.75,274.22,0.3527
51,76,car,896.08,316.83,955.28,369.89,0.8279
51,21,bus,296.67,190.03,417.29,331.77,0.4841
51,14,car,711.29,244.42,756.82,278.15,0.5911
51,244,car,895.65,281.76,951.88,317.39,0.6946
51,370,car,800.28,258.24,861.46,305.55,0.4778
51,18,bus,664.69,168.64,721.18,205.63,0.6302
51,17,car,683.98,221.76,721.99,248.79,0.2605
51,37,bus,714.32,172.94,809.75,235.15,0.6425
52,1,bus,416.82,185.17,496.14,322.53,0.8957
52,4,car,584.21,400.56,713.67,540.0,0.9159
52,6,car,759.8,268.94,830.19,315.33,0.6882
52,7,bus,493.76,172.07,548.49,237.04,0.8735
52,9,bus,546.82,175.17,605.59,232.52,0.8277
52,10,car,823.47,313.46,910.63,370.07,0.5631
52,13,car,754.89,241.21,802.22,274.52,0.3471
52,76,car,895.4,316.39,955.55,369.6,0.8158
52,21,bus,296.13,190.16,417.7,333.07,0.4868
52,14,car,713.88,245.03,758.66,278.21,0.4442
52,244,car,892.85,280.61,952.37,317.41,0.7332
52,370,car,799.98,258.71,861.06,305.7,0.4634
52,18,bus,664.85,169.15,720.45,205.74,0.534
52,17,car,682.45,219.21,723.05,248.08,0.3405
52,37,bus,713.52,172.72,809.72,235.92,0.5882
52,12,bus,690.1,172.89,720.46,206.03,0.2657
53,1,bus,417.21,185.84,496.44,323.08,0.8931
53,4,car,592.32,410.87,715.67,540.0,0.9215
53,6,car,758.47,269.26,830.11,316.32,0.6679
53,7,bus,494.29,172.76,549.31,237.84,0.862
53,9,bus,546.32,174.91,606.66,233.84,0.8314
53,10,car,823.87,313.91,910.81,370.6,0.595
53,13,car,755.27,241.31,802.79,274.78,0.3297
53,76,car,894.66,316.49,955.0,368.92,0.8151
53,21,bus,296.28,189.99,417.73,333.07,0.6931
53,14,car,719.81,247.1,761.38,278.46,0.4361
53,244,car,889.89,279.83,953.2,318.21,0.7147
53,370,car,799.3,259.63,860.65,306.51,0.4045
53,18,bus,664.45,168.96,720.57,206.22,0.4912
53,17,car,681.41,220.14,722.55,249.48,0.2831
53,37,bus,713.26,172.88,808.5,235.95,0.6252
53,12,bus,690.35,174.43,719.43,206.26,0.2571
54,1,bus,417.33,185.95,496.35,322.96,0.885
54,4,car,599.68,420.28,716.98,540.0,0.9132
54,6,car,757.95,269.45,830.0,316.62,0.6763
54,7,bus,495.51,174.52,549.95,238.68,0.8514
54,9,bus,546.12,174.68,607.74,234.82,0.9059
54,10,car,822.25,313.79,910.03,371.11,0.6011
54,13,car,756.35,242.47,802.43,274.79,0.3536
54,76,car,893.49,316.16,955.31,369.13,0.8166
54,21,bus,296.5,191.01,416.94,333.05,0.5357
54,14,car,719.33,248.12,760.52,279.29,0.4659
54,244,car,888.25,279.12,953.61,317.98,0.7773
54,370,car,798.35,259.64,860.48,306.85,0.3859
54,18,bus,664.16,169.02,720.24,206.6,0.4044
54,17,car,681.62,218.73,722.49,247.94,0.291
54,37,bus,713.97,173.4,806.97,235.21,0.6151
54,12,bus,689.54,174.39,718.83,206.68,0.3721
55,1,bus,417.47,186.03,496.28,322.89,0.889
55,4,car,606.98,430.57,718.36,540.0,0.8333
55,6,car,757.67,269.21,830.15,316.53,0.6777
55,7,bus,495.71,175.23,550.56,239.68,0.848
55,9,bus,545.97,175.21,608.13,235.5,0.9205
55,10,car,819.88,313.33,908.89,371.38,0.5125
55,13,car,756.85,243.15,802.3,274.89,0.3388
55,76,car,891.7,315.18,955.29,368.91,0.8494
55,21,bus,297.36,190.88,416.49,331.29,0.5258
55,14,car,722.13,248.3,761.85,278.89,0.4457
55,244,car,887.76,279.35,952.94,317.14,0.743
55,370,car,797.62,260.6,859.37,306.9,0.4292
55,18,bus,663.98,169.29,719.91,207.08,0.3528
55,17,car,681.79,220.58,721.19,248.71,0.3038
55,37,bus,714.73,174.98,805.12,235.15,0.5374
55,12,bus,689.09,174.73,718.21,207.05,0.2214
56,1,bus,417.32,186.02,496.12,322.98,0.8872
56,4,car,615.49,441.6,721.5,540.0,0.7308
56,6,car,757.46,269.06,830.59,316.71,0.693
56,7,bus,495.23,175.14,550.95,240.48,0.8722
56,9,bus,548.25,176.29,610.24,236.38,0.9306
56,10,car,817.77,312.99,907.18,371.03,0.543
56,13,car,756.86,243.39,802.26,274.94,0.3674
56,76,car,890.85,314.78,955.33,368.52,0.844
56,21,bus,297.35,191.07,416.76,331.9,0.5655
56,14,car,720.22,248.67,760.57,279.78,0.4698
56,244,car,886.03,278.95,952.89,316.89,0.7727
56,370,car,799.9,260.61,861.75,306.93,0.4438
56,18,bus,663.89,169.28,719.84,207.42,0.4529
56,17,car,681.1,220.06,721.66,249.17,0.3194
56,37,bus,714.22,174.64,804.94,235.25,0.7122
56,16,car,922.78,378.02,959.79,422.95,0.2492
57,1,bus,417.26,186.04,496.28,323.38,0.8852
57,4,car,618.61,453.44,717.08,540.0,0.611
57,6,car,757.88,270.03,830.32,317.1,0.7289
57,7,bus,496.24,176.57,551.93,241.96,0.8805
57,9,bus,549.14,176.26,611.94,237.27,0.9305
57,10,car,818.63,313.36,907.77,371.26,0.5887
57,13,car,756.96,244.11,801.94,275.19,0.426
57,76,car,890.42,314.64,955.68,368.41,0.8516
57,21,bus,297.02,191.83,416.02,332.39,0.5216
57,14,car,720.42,248.93,760.31,279.95,0.5041
57,244,car,884.7,278.8,952.39,316.31,0.7512
57,370,car,799.3,261.63,861.17,307.72,0.5547
57,18,bus,663.19,168.19,720.38,207.69,0.4022
57,17,car,680.24,215.89,723.64,247.51,0.2851
57,37,bus,713.76,174.95,803.73,235.13,0.7669
57,16,car,922.8,378.15,959.9,423.56,0.2114
58,1,bus,417.34,186.41,496.19,323.51,0.8853
58,4,car,624.93,465.88,714.97,540.0,0.7844
58,6,car,758.0,270.85,829.5,317.07,0.7166
58,7,bus,496.51,176.96,552.65,242.88,0.8701
58,9,bus,548.51,174.98,613.35,238.21,0.8938
58,10,car,819.38,313.18,908.19,371.02,0.5857
58,13,car,757.9,245.01,801.82,274.99,0.3805
58,76,car,890.06,314.66,955.62,368.01,0.8403
58,21,bus,296.63,192.91,416.77,335.27,0.5867
58,14,car,720.83,249.08,760.37,280.07,0.4976
58,244,car,882.05,278.51,951.9,316.52,0.7978
58,370,car,799.14,262.05,861.24,308.11,0.5529
58,18,bus,663.23,167.51,720.32,207.44,0.3328
58,37,bus,713.32,174.59,803.39,235.0,0.7353
58,16,car,922.7,378.12,960.0,424.57,0.2185
59,1,bus,417.57,186.72,496.47,323.91,0.8906
59,4,car,632.71,479.0,712.99,540.0,0.7104
59,6,car,758.57,271.3,829.32,316.78,0.6742
59,7,bus,497.0,177.6,553.83,244.33,0.8665
59,9,bus,548.99,173.99,615.42,239.51,0.8372
59,10,car,820.7,313.28,908.44,370.66,0.6173
59,13,car,757.67,245.6,801.15,275.03,0.4362
59,76,car,889.37,314.6,955.6,367.82,0.8341
59,21,bus,295.36,192.18,417.61,337.99,0.5954
59,14,car,720.81,249.36,760.2,280.44,0.5049
59,244,car,878.19,277.74,951.06,316.92,0.8321
59,370,car,799.61,262.12,861.51,307.94,0.6182
59,18,bus,663.46,168.27,719.32,207.61,0.3538
59,37,bus,712.68,174.88,802.0,234.99,0.7055
59,16,car,922.81,378.27,959.87,424.28,0.2255
60,1,bus,417.64,186.2,496.81,323.73,0.8733
60,4,car,641.93,493.95,709.44,540.0,0.6476
60,6,car,758.33,270.97,829.73,316.72,0.6441
60,7,bus,497.12,178.05,554.89,246.12,0.8743
60,9,bus,550.01,174.06,616.65,240.17,0.8204
60,10,car,819.66,313.05,907.19,370.32,0.574
60,13,car,757.73,245.74,801.3,275.0,0.4019
60,76,car,887.36,314.16,954.46,367.16,0.8067
60,21,bus,294.89,191.61,417.3,338.28,0.6579
60,14,car,721.9,249.53,760.61,280.37,0.4682
60,244,car,875.26,276.68,950.02,316.58,0.8613
60,370,car,799.61,262.06,861.33,307.65,0.5538
60,18,bus,664.95,169.58,718.72,207.68,0.4057
60,37,bus,711.19,174.57,801.76,235.95,0.786
60,16,car,923.17,378.12,959.61,423.33,0.2337
61,1,bus,417.64,185.93,496.76,323.32,0.9002
61,6,car,757.6,270.43,829.78,316.51,0.6924
61,7,bus,496.97,177.83,555.67,247.15,0.859
61,9,bus,550.3,173.26,617.93,240.98,0.8046
61,10,car,816.97,312.64,906.08,370.86,0.5205
61,13,car,756.91,245.28,801.59,275.19,0.5202
61,76,car,886.75,313.46,954.88,366.6,0.7979
61,21,bus,297.14,191.97,416.31,334.51,0.5935
61,14,car,723.64,249.02,761.56,279.67,0.416
61,244,car,873.06,275.83,948.75,316.04,0.8372
61,370,car,799.39,261.15,862.02,307.47,0.5976
61,18,bus,665.75,169.68,718.33,207.12,0.3469
61,37,bus,710.08,173.93,801.44,236.27,0.8059
62,1,bus,417.24,185.17,496.79,323.31,0.8996
62,6,car,757.09,269.27,830.53,316.12,0.6144
62,7,bus,496.96,177.4,556.33,247.82,0.8587
62,9,bus,550.86,173.17,618.84,241.66,0.8102
62,10,car,815.41,312.16,905.46,370.84,0.525
62,13,car,756.55,245.04,801.54,275.1,0.5126
62,76,car,885.69,312.74,954.6,365.64,0.7795
62,21,bus,298.72,193.04,415.3,331.88,0.5526
62,14,car,722.78,247.76,760.99,278.9,0.4064
62,244,car,871.15,274.57,947.69,315.13,0.8492
62,370,car,799.82,259.59,863.93,307.42,0.5744
62,18,bus,666.38,169.3,718.13,206.36,0.3818
62,37,bus,711.14,175.15,798.96,235.14,0.7065
63,1,bus,417.07,184.81,496.79,323.24,0.8957
63,6,car,756.8,269.3,830.5,316.26,0.6555
63,7,bus,496.8,177.23,556.76,248.64,0.8634
63,9,bus,550.05,169.95,621.5,242.75,0.7868
63,10,car,814.63,311.79,905.18,370.63,0.5652
63,13,car,756.41,244.99,801.38,275.03,0.4652
63,76,car,884.44,312.12,954.38,364.93,0.7999
63,21,bus,299.43,192.15,414.17,328.24,0.5779
63,14,car,720.73,247.11,759.77,278.88,0.4326
63,244,car,869.6,273.45,945.83,313.74,0.7989
63,370,car,800.73,259.66,864.1,307.25,0.5791
63,18,bus,666.77,168.96,717.79,205.68,0.4238
63,37,bus,711.66,175.51,797.08,233.84,0.7198
64,1,bus,417.11,184.87,496.79,323.38,0.8945
64,6,car,756.96,269.02,830.73,315.99,0.6462
64,7,bus,496.71,177.22,557.19,249.54,0.8368
64,9,bus,551.39,170.83,622.44,243.74,0.8199
64,10,car,816.42,311.58,906.59,370.41,0.6073
64,13,car,756.24,245.06,801.03,274.97,0.5178
64,76,car,884.25,311.91,954.76,364.42,0.8243
64,21,bus,299.41,197.25,409.19,327.03,0.5331
64,14,car,718.98,246.19,759.06,278.7,0.418
64,244,car,868.04,272.82,943.41,312.56,0.7136
64,370,car,801.45,259.53,864.43,307.23,0.5838
64,18,bus,666.87,168.79,717.83,205.7,0.4958
64,37,bus,712.66,176.25,795.33,232.51,0.6347
64,574,car,682.37,222.49,719.16,248.88,0.3179
65,1,bus,417.14,184.95,496.82,323.54,0.8928
65,6,car,756.95,269.46,830.58,316.3,0.6753
65,7,bus,497.21,177.78,557.58,250.35,0.8453
65,9,bus,551.31,169.66,624.74,245.63,0.8247
65,10,car,817.26,311.48,907.22,370.54,0.58
65,13,car,756.88,245.11,801.65,274.8,0.4976
65,76,car,883.74,311.89,955.03,364.29,0.8165
65,21,bus,301.05,198.35,411.34,327.68,0.4726
65,14,car,721.25,246.79,760.36,278.81,0.3861
65,244,car,866.45,273.09,940.72,311.99,0.6932
65,370,car,801.57,260.13,863.75,307.46,0.5706
65,18,bus,667.06,168.98,717.62,205.83,0.3054
65,37,bus,711.42,176.09,795.1,233.08,0.6955
65,574,car,683.38,222.89,718.36,247.94,0.2782
66,1,bus,417.34,185.41,496.97,323.98,0.8937
66,6,car,757.48,269.97,830.18,316.05,0.6938
66,7,bus,497.99,178.91,558.03,251.34,0.8558
66,9,bus,551.87,169.84,625.91,246.97,0.8832
66,10,car,818.62,311.66,907.54,370.46,0.6231
66,13,car,756.38,245.22,801.48,274.94,0.4591
66,76,car,883.08,311.72,955.47,364.36,0.8353
66,21,bus,298.42,197.2,414.37,333.31,0.4405
66,14,car,722.79,247.79,760.73,279.16,0.4224
66,244,car,864.66,273.33,938.38,311.66,0.7631
66,370,car,800.93,260.67,862.33,307.38,0.6077
66,18,bus,666.28,170.12,714.82,205.9,0.2937
66,37,bus,710.55,175.74,794.57,233.0,0.7322
67,1,bus,417.44,185.35,497.03,323.9,0.8957
67,6,car,756.99,269.9,830.21,316.23,0.6993
67,7,bus,498.89,179.46,558.89,252.17,0.8318
67,9,bus,552.55,169.63,626.87,247.6,0.8727
67,10,car,814.63,310.8,904.86,370.37,0.6404
67,13,car,756.47,245.07,801.82,274.83,0.5163
67,76,car,882.29,311.22,954.82,363.15,0.8374
67,21,bus,298.7,196.52,414.69,332.37,0.4649
67,14,car,722.63,247.28,760.68,278.93,0.4043
67,244,car,861.78,272.59,935.86,310.77,0.7957
67,370,car,800.39,260.52,861.71,307.15,0.6359
67,18,bus,667.73,170.02,715.55,205.34,0.3843
67,37,bus,709.58,175.34,794.97,233.74,0.757
67,16,car,923.03,377.84,959.57,423.2,0.2272
68,1,bus,417.35,185.36,496.82,323.79,0.8926
68,6,car,756.99,269.84,830.32,316.16,0.6959
68,7,bus,498.57,179.21,559.21,252.89,0.8495
68,9,bus,553.54,169.72,627.73,248.03,0.8603
68,10,car,812.61,310.64,902.99,370.06,0.6321
68,13,car,756.86,244.79,802.79,274.77,0.5209
68,76,car,881.25,310.29,955.34,362.71,0.8153
68,21,bus,296.33,197.98,413.54,335.89,0.4425
68,14,car,722.42,246.71,760.59,278.57,0.4283
68,244,car,860.2,272.23,934.04,310.0,0.7949
68,370,car,800.02,260.23,861.54,306.97,0.5294
68,18,bus,667.15,169.45,716.68,206.28,0.4345
68,37,bus,708.23,175.51,795.13,235.3,0.7669
68,574,car,683.0,224.93,721.84,252.93,0.364
69,1,bus,417.34,185.16,496.84,323.71,0.8892
69,6,car,756.72,269.73,829.97,315.84,0.6821
69,7,bus,499.66,179.87,560.14,253.71,0.8362
69,9,bus,554.83,170.5,628.88,248.94,0.8208
69,10,car,810.69,310.14,901.96,369.96,0.6484
69,13,car,756.9,244.51,803.51,274.84,0.4889
69,76,car,880.51,309.63,954.91,361.46,0.8518
69,21,bus,293.93,201.43,409.25,338.63,0.4774
69,14,car,718.54,245.52,758.86,278.86,0.4195
69,244,car,858.17,271.03,932.55,309.02,0.7633
69,370,car,800.56,260.22,861.96,306.93,0.5783
69,18,bus,666.35,170.24,714.28,206.25,0.3324
69,37,bus,709.11,176.48,793.09,234.27,0.6097
69,574,car,683.45,225.04,722.15,253.13,0.3609
69,16,car,923.67,377.74,958.9,421.08,0.2352
70,1,bus,417.39,185.22,496.89,323.78,0.8881
70,6,car,756.66,269.99,830.15,316.15,0.721
70,7,bus,500.63,180.8,561.34,255.23,0.8379
70,9,bus,559.57,178.76,628.05,250.55,0.8097
70,10,car,809.3,309.91,901.51,370.21,0.6041
70,13,car,756.97,244.64,803.88,274.96,0.5058
70,76,car,879.49,309.32,954.96,361.16,0.85
70,21,bus,295.97,197.59,412.77,336.76,0.5185
70,14,car,718.61,246.03,758.83,279.2,0.413
70,244,car,856.74,271.03,931.13,308.97,0.7866
70,370,car,801.8,261.29,860.76,306.1,0.5599
70,18,bus,667.34,170.27,714.58,205.81,0.3854
70,37,bus,707.04,176.33,793.14,235.95,0.7335
70,574,car,683.74,225.34,721.49,252.87,0.2615
70,648,car,798.48,241.91,832.99,262.27,0.3407
71,1,bus,417.44,185.55,496.8,323.83,0.9021
71,6,car,756.81,270.06,830.28,316.1,0.7361
71,7,bus,499.7,180.55,561.7,256.6,0.8648
71,9,bus,561.12,181.98,628.27,251.74,0.8152
71,10,car,808.47,309.71,901.08,370.12,0.6496
71,13,car,756.78,244.76,803.95,275.07,0.4982
71,76,car,878.93,309.0,955.39,360.89,0.8272
71,21,bus,298.39,196.59,412.39,331.71,0.4523
71,14,car,720.84,246.67,759.97,279.18,0.4399
71,244,car,854.66,269.58,930.43,308.31,0.7905
71,370,car,802.1,261.51,859.75,305.27,0.5265
71,18,bus,666.9,169.99,715.01,206.45,0.4306
71,37,bus,705.85,176.67,792.46,236.98,0.7495
71,574,car,683.89,225.63,721.66,253.37,0.3318
71,648,car,797.3,241.46,832.29,262.14,0.3757
72,1,bus,417.68,185.53,496.99,323.71,0.8937
72,6,car,757.07,269.89,830.55,315.8,0.6807
72,7,bus,498.75,179.94,562.1,257.69,0.8748
72,9,bus,562.95,183.83,629.89,252.49,0.8142
72,10,car,808.65,309.64,900.7,369.5,0.6068
72,13,car,755.92,244.42,803.8,275.2,0.4757
72,76,car,877.62,308.3,955.81,360.88,0.8187
72,21,bus,298.56,200.21,408.47,330.33,0.3754
72,14,car,720.75,246.35,759.84,278.91,0.4081
72,244,car,853.55,269.07,929.13,307.76,0.7692
72,370,car,801.54,261.2,860.0,305.72,0.5055
72,18,bus,667.28,169.49,714.69,205.62,0.3426
72,37,bus,704.97,176.61,792.44,238.07,0.7279
72,574,car,683.07,225.24,721.24,253.5,0.397
72,648,car,794.61,240.02,832.06,262.25,0.378
73,1,bus,417.92,185.62,497.11,323.65,0.8828
73,6,car,756.98,270.21,830.13,315.69,0.6966
73,7,bus,498.12,178.81,562.94,258.68,0.8653
73,9,bus,564.66,186.65,630.64,253.42,0.8287
73,10,car,808.08,309.51,900.61,369.54,0.5967
73,13,car,754.36,244.31,804.01,276.27,0.4762
73,76,car,879.24,308.4,957.02,360.37,0.8288
73,21,bus,296.24,201.7,408.07,334.92,0.2938
73,14,car,720.23,246.7,759.2,279.05,0.4576
73,244,car,852.77,268.22,927.78,306.75,0.7858
73,370,car,800.76,260.93,859.97,306.13,0.5791
73,18,bus,666.77,169.61,714.31,206.1,0.3488
73,37,bus,706.1,177.11,790.25,236.42,0.6239
73,574,car,682.73,225.29,720.82,253.68,0.3869
73,648,car,793.7,239.37,831.64,262.08,0.351
73,692,bus,453.04,134.4,488.53,167.55,0.3793
74,1,bus,418.17,185.69,497.18,323.42,0.8866
74,6,car,757.05,269.99,830.52,315.56,0.7144
74,7,bus,499.49,180.1,564.05,259.99,0.867
74,9,bus,564.42,186.29,633.28,255.44,0.8718
74,10,car,807.47,309.12,900.29,369.14,0.6351
74,13,car,754.38,244.19,803.28,275.77,0.5045
74,76,car,879.16,308.26,957.33,360.21,0.8243
74,21,bus,294.64,202.46,406.61,336.96,0.3691
74,14,car,722.02,247.12,759.98,278.89,0.4468
74,244,car,852.52,267.8,926.11,305.76,0.7854
74,370,car,800.03,260.62,860.45,307.02,0.6054
74,18,bus,667.28,169.44,713.78,205.22,0.2701
74,37,bus,705.87,176.96,789.42,236.03,0.7118
74,574,car,682.88,225.31,720.15,253.24,0.3827
74,648,car,793.33,238.64,832.03,262.05,0.3659
74,692,bus,453.85,135.77,487.85,167.54,0.2749
74,16,car,923.2,377.92,958.79,421.32,0.2259
75,1,bus,418.02,185.82,496.86,323.32,0.8905
75,6,car,757.64,270.25,830.76,315.54,0.6931
75,7,bus,501.16,183.2,564.1,261.4,0.85
75,9,bus,564.31,186.61,634.85,256.98,0.8676
75,10,car,807.69,309.28,900.01,368.82,0.5531
75,13,car,754.43,243.94,803.24,275.52,0.5465
75,76,car,879.49,308.1,958.11,360.14,0.7963
75,21,bus,293.54,204.63,402.52,336.78,0.4504
75,14,car,723.13,247.64,760.19,278.86,0.4466
75,244,car,852.24,267.26,925.16,305.1,0.7677
75,370,car,800.35,260.67,860.26,306.8,0.572
75,18,bus,668.26,169.11,713.97,204.14,0.3173
75,37,bus,705.79,177.06,788.28,235.51,0.7857
75,574,car,682.87,225.29,719.95,253.28,0.3551
75,648,car,793.97,238.89,831.29,261.75,0.3572
75,692,bus,453.5,136.45,486.93,167.75,0.2953
75,16,car,923.01,378.01,959.42,422.53,0.2526
76,1,bus,417.67,186.35,496.64,324.1,0.881
76,6,car,757.59,270.67,830.93,316.03,0.7321
76,7,bus,503.5,186.83,564.26,262.45,0.8177
76,9,bus,565.59,189.07,635.59,258.27,0.8583
76,10,car,810.11,309.9,901.42,368.93,0.4594
76,13,car,754.95,245.21,802.51,276.0,0.4664
76,76,car,876.68,308.01,956.45,360.24,0.796
76,21,bus,295.29,196.9,411.22,337.63,0.6363
76,14,car,722.41,247.55,760.03,279.49,0.4359
76,244,car,852.37,266.77,923.87,304.18,0.7805
76,370,car,801.46,260.98,859.47,305.55,0.5822
76,18,bus,666.05,167.9,714.86,205.72,0.3151
76,37,bus,706.61,177.29,786.52,233.77,0.7842
76,16,car,922.93,378.07,959.64,423.07,0.2874
77,1,bus,417.52,186.84,496.41,324.5,0.8798
77,6,car,757.05,271.18,830.82,316.75,0.6949
77,7,bus,503.18,187.68,564.55,264.32,0.7686
77,9,bus,566.41,190.44,636.68,259.14,0.8607
77,10,car,809.87,310.08,900.88,368.94,0.4743
77,13,car,755.24,245.58,801.95,275.83,0.5037
77,76,car,877.87,308.0,957.54,359.91,0.8064
77,21,bus,295.71,196.95,413.56,340.54,0.6448
77,14,car,722.07,247.51,759.57,279.48,0.3875
77,244,car,852.4,266.59,922.47,303.65,0.7899
77,370,car,803.56,261.21,856.45,301.04,0.566
77,18,bus,663.51,167.35,713.73,207.02,0.3444
77,37,bus,706.73,176.86,785.74,232.55,0.7814
77,16,car,922.68,378.06,960.0,424.27,0.2382
77,574,car,683.99,226.22,721.66,255.05,0.3195
78,1,bus,418.02,186.91,496.65,323.93,0.8623
78,6,car,756.88,271.25,831.04,317.02,0.7079
78,7,bus,503.94,188.5,565.26,265.61,0.7792
78,9,bus,566.68,190.57,638.47,260.18,0.8603
78,10,car,810.36,310.3,900.88,368.94,0.4816
78,13,car,754.98,245.47,801.72,275.77,0.5219
78,76,car,875.66,307.51,956.47,359.65,0.8052
78,21,bus,295.46,194.45,415.35,341.07,0.6136
78,14,car,722.57,247.5,759.69,279.35,0.3883
78,244,car,851.59,266.16,920.77,303.18,0.8301
78,370,car,801.99,260.92,859.71,304.52,0.5272
78,18,bus,664.31,167.78,713.0,206.68,0.4302
78,37,bus,706.51,177.1,785.22,232.47,0.7616
78,16,car,923.23,378.1,959.67,423.06,0.2885
78,742,car,714.72,226.43,746.32,249.19,0.3179
78,747,bus,867.47,210.55,935.34,262.3,0.3806
78,574,car,683.73,225.77,721.29,254.86,0.3321
79,1,bus,417.4,187.09,495.98,324.12,0.8839
79,6,car,757.29,271.29,831.14,316.81,0.7103
79,7,bus,503.55,188.78,565.9,267.7,0.7683
79,9,bus,566.79,190.83,640.37,261.76,0.861
79,10,car,812.99,310.79,902.29,368.99,0.5507
79,13,car,754.72,245.33,801.55,275.78,0.5267
79,76,car,877.31,307.29,958.23,359.41,0.8091
79,21,bus,295.9,194.25,415.57,340.96,0.6024
79,14,car,718.15,247.16,756.84,279.76,0.4768
79,244,car,851.78,266.0,919.23,302.51,0.7702
79,370,car,802.21,261.3,859.57,304.46,0.6185
79,18,bus,665.41,168.07,712.7,206.11,0.3979
79,37,bus,706.31,177.07,784.93,232.41,0.7794
79,16,car,923.03,378.02,959.87,423.63,0.238
79,742,car,715.34,226.02,746.35,248.34,0.2887
79,747,bus,867.44,209.93,935.23,261.61,0.2583
79,574,car,684.13,225.86,721.6,255.2,0.2922
80,1,bus,417.53,187.19,496.09,324.1,0.8628
80,6,car,756.83,271.59,830.98,317.19,0.7246
80,7,bus,504.53,189.78,567.11,269.68,0.7455
80,9,bus,567.47,191.15,643.35,263.95,0.8838
80,10,car,813.07,310.58,902.57,369.19,0.5143
80,13,car,754.55,245.4,801.42,275.96,0.5373
80,76,car,876.21,307.16,957.31,359.0,0.8183
80,21,bus,296.19,194.98,415.33,341.42,0.5544
80,14,car,716.3,247.17,755.88,279.94,0.4859
80,244,car,851.36,265.82,917.79,302.15,0.7854
80,370,car,802.12,261.4,860.29,305.06,0.589
80,18,bus,661.78,167.64,709.95,207.52,0.3928
80,37,bus,705.48,176.56,785.22,232.87,0.7633
80,16,car,922.92,378.29,959.76,423.97,0.2332
80,742,car,716.58,226.47,746.16,247.7,0.3834
80,747,bus,866.72,209.69,934.85,261.64,0.4026
80,574,car,684.87,225.96,721.78,255.2,0.3778
81,1,bus,416.99,187.06,495.83,324.55,0.8707
81,6,car,756.93,271.57,831.16,317.19,0.7241
81,7,bus,501.53,187.83,566.71,271.14,0.7244
81,9,bus,568.27,191.33,645.56,265.14,0.887
81,10,car,812.47,310.43,902.28,369.43,0.5331
81,13,car,754.58,245.45,801.01,275.79,0.5923
81,76,car,877.45,307.07,957.96,358.31,0.8318
81,21,bus,297.23,195.78,414.27,339.59,0.4327
81,14,car,714.74,246.82,755.13,279.65,0.4865
81,244,car,850.95,265.34,915.8,301.14,0.7757
81,370,car,802.26,261.38,860.76,305.26,0.6123
81,18,bus,663.32,166.48,710.99,206.35,0.3781
81,37,bus,704.79,176.78,785.73,234.25,0.7706
81,16,car,922.81,378.28,959.76,424.18,0.2337
81,742,car,717.13,226.89,745.79,247.39,0.3381
81,747,bus,866.77,209.37,934.69,261.2,0.2881
81,574,car,684.67,225.5,721.8,255.22,0.3946
81,780,bus,591.96,169.41,625.18,197.96,0.3395
82,1,bus,417.18,187.54,495.88,324.74,0.8901
82,6,car,757.1,271.94,830.64,316.93,0.7382
82,7,bus,504.49,190.31,568.34,272.65,0.7685
82,9,bus,569.37,191.46,648.2,266.61,0.8951
82,10,car,814.48,311.83,901.86,369.33,0.5099
82,13,car,754.61,245.79,800.83,276.06,0.4863
82,76,car,877.8,307.27,958.0,358.03,0.8317
82,21,bus,296.85,193.05,415.2,338.24,0.4421
82,14,car,715.63,247.64,756.04,280.07,0.492
82,244,car,849.37,265.15,914.56,301.49,0.759
82,370,car,803.56,262.14,859.5,303.64,0.585
82,18,bus,665.8,166.1,713.65,206.1,0.256
82,37,bus,704.57,176.84,784.39,233.51,0.798
82,16,car,922.25,378.8,959.87,425.64,0.2257
82,742,car,716.61,226.75,746.07,247.78,0.3842
82,747,bus,867.37,210.08,933.93,260.81,0.2864
82,574,car,685.47,226.17,721.85,255.56,0.3662
82,780,bus,591.64,169.39,625.0,197.99,0.3141
82,692,bus,455.51,143.61,484.17,170.4,0.3598
83,1,bus,417.15,188.28,495.82,325.13,0.8895
83,6,car,757.13,272.44,830.55,317.19,0.7526
83,7,bus,505.56,191.52,569.03,274.11,0.7451
83,9,bus,568.46,189.1,652.25,268.78,0.8707
83,10,car,814.62,311.71,902.07,369.42,0.5447
83,13,car,755.21,246.01,800.72,275.86,0.4683
83,76,car,877.89,307.57,958.11,358.1,0.8539
83,21,bus,297.13,193.92,413.34,336.01,0.5066
83,14,car,720.07,248.7,759.81,281.03,0.5024
83,244,car,849.27,265.3,912.8,300.98,0.758
83,370,car,804.17,262.99,861.02,304.93,0.5741
83,37,bus,704.26,177.08,784.14,233.87,0.7061
83,742,car,716.06,227.17,746.19,248.64,0.2987
83,692,bus,455.11,142.5,485.21,170.79,0.3579
84,1,bus,417.12,188.91,495.72,325.38,0.8764
84,6,car,757.2,272.95,830.46,317.42,0.7497
84,7,bus,506.07,192.23,569.5,275.34,0.7657
84,9,bus,570.0,191.85,653.04,270.33,0.894
84,10,car,814.34,311.61,901.58,369.31,0.5501
84,13,car,754.94,245.62,801.34,276.2,0.4718
84,76,car,877.95,307.74,958.24,358.09,0.8678
84,21,bus,295.54,198.27,409.87,338.53,0.3986
84,14,car,722.17,249.14,761.1,281.15,0.5203
84,244,car,849.49,265.27,911.71,300.49,0.7957
84,370,car,803.86,263.05,862.27,306.05,0.634
84,37,bus,704.11,177.13,783.76,233.91,0.7795
84,742,car,716.28,227.11,746.33,248.45,0.2696
84,18,bus,669.26,166.8,713.94,203.93,0.3447
85,1,bus,417.23,188.77,496.03,325.5,0.8758
85,6,car,756.93,272.88,830.45,317.36,0.7779
85,7,bus,506.66,192.49,570.21,276.35,0.7714
85,9,bus,570.56,193.08,654.27,271.63,0.8822
85,10,car,811.34,310.85,899.89,369.2,0.4925
85,13,car,754.93,245.36,801.41,276.13,0.4815
85,76,car,876.47,307.51,957.0,357.62,0.8534
85,21,bus,297.93,198.48,410.33,335.49,0.4489
85,14,car,722.87,249.28,761.65,281.55,0.4893
85,244,car,849.08,264.8,909.89,299.5,0.7544
85,370,car,804.02,263.52,862.56,306.47,0.6408
85,37,bus,704.11,177.15,783.16,233.53,0.8035
85,742,car,715.78,227.1,746.14,248.55,0.2985
85,18,bus,667.74,166.76,714.53,205.86,0.3187
85,648,car,780.7,237.12,822.6,263.88,0.3677
85,574,car,683.56,224.39,721.68,255.74,0.2699
85,780,bus,592.06,169.83,626.02,198.87,0.2754
86,1,bus,417.22,188.48,496.31,325.45,0.8782
86,6,car,756.61,272.74,830.47,317.27,0.7623
86,7,bus,505.92,191.93,570.76,277.88,0.8074
86,9,bus,570.84,193.66,655.56,272.62,0.8392
86,10,car,810.76,310.21,900.05,368.97,0.4837
86,13,car,754.6,245.36,801.12,276.37,0.4407
86,76,car,877.47,307.22,958.05,357.2,0.869
86,21,bus,296.34,194.91,413.81,338.33,0.5359
86,14,car,722.38,248.94,760.73,281.01,0.4802
86,244,car,848.01,263.93,907.5,298.11,0.7489
86,370,car,802.78,263.4,862.85,307.41,0.6713
86,37,bus,704.12,176.86,782.64,232.84,0.8163
86,742,car,715.52,227.22,745.82,248.53,0.3335
86,18,bus,666.8,166.78,713.7,206.36,0.2752
86,648,car,779.43,236.58,820.93,263.99,0.3188
86,574,car,684.56,225.04,721.24,255.64,0.3572
86,780,bus,593.78,169.9,627.28,198.69,0.2937
87,1,bus,417.46,187.94,496.81,325.24,0.8905
87,6,car,756.09,272.44,830.48,317.23,0.7349
87,7,bus,506.27,192.05,571.84,279.38,0.8108
87,9,bus,572.12,194.94,656.51,273.15,0.8907
87,10,car,808.39,309.37,899.04,368.86,0.5538
87,13,car,752.92,243.25,802.45,276.73,0.5144
87,76,car,877.5,307.0,958.48,357.08,0.8694
87,21,bus,296.0,194.88,414.59,339.94,0.488
87,14,car,720.09,248.25,759.28,280.97,0.4745
87,244,car,847.77,263.69,905.94,297.38,0.7353
87,370,car,802.21,262.83,863.64,307.83,0.6413
87,37,bus,703.89,176.84,782.55,232.97,0.7742
87,742,car,715.06,226.4,744.88,247.33,0.2902
87,18,bus,666.81,166.27,714.36,206.62,0.303
87,648,car,778.9,235.43,819.37,262.96,0.3612
87,574,car,685.71,225.66,721.06,255.58,0.4102
87,16,car,922.3,378.9,959.91,425.92,0.244
87,747,bus,869.19,211.7,932.6,259.67,0.2646
88,1,bus,417.45,187.97,496.59,324.93,0.8911
88,6,car,755.85,272.3,830.57,317.22,0.7397
88,7,bus,506.88,191.88,573.63,281.45,0.7651
88,9,bus,572.99,195.69,658.36,274.69,0.909
88,10,car,806.19,308.35,898.27,368.55,0.6321
88,13,car,752.82,242.61,802.57,276.57,0.491
88,76,car,877.32,306.77,958.58,356.89,0.8679
88,21,bus,296.89,197.16,413.3,339.67,0.4305
88,14,car,718.43,248.08,757.98,280.76,0.5001
88,244,car,847.22,263.09,904.92,296.78,0.6723
88,370,car,801.73,262.43,863.91,308.03,0.6823
88,37,bus,703.05,176.57,782.57,233.4,0.8207
88,742,car,714.46,226.17,745.08,247.71,0.281
88,18,bus,667.29,165.99,713.76,205.61,0.2594
88,648,car,773.85,234.06,815.46,262.35,0.4038
88,574,car,686.92,226.17,721.08,255.44,0.3719
89,1,bus,417.24,187.86,496.49,325.06,0.8901
89,6,car,756.02,272.29,830.63,317.07,0.7322
89,7,bus,507.68,192.51,574.69,282.87,0.8172
89,9,bus,574.21,195.65,661.65,276.33,0.8971
89,10,car,805.88,308.45,897.61,368.2,0.5893
89,13,car,754.75,244.58,801.2,276.24,0.4909
89,76,car,877.25,306.71,958.74,356.89,0.8804
89,21,bus,296.6,201.32,407.73,337.68,0.4048
89,14,car,716.2,248.11,756.15,280.41,0.5313
89,244,car,847.11,263.32,903.35,296.39,0.6399
89,370,car,801.65,262.45,863.18,307.57,0.651
89,37,bus,702.68,177.12,781.76,233.59,0.8046
89,742,car,712.7,226.33,745.07,249.18,0.2889
89,18,bus,668.36,165.86,713.02,203.89,0.3231
89,648,car,773.7,234.18,814.58,262.24,0.4262
89,574,car,686.84,226.12,720.67,255.58,0.2834
90,1,bus,417.37,188.13,496.65,325.37,0.8735
90,6,car,756.58,272.24,830.7,316.63,0.7715
90,7,bus,508.16,193.88,575.26,284.56,0.8258
90,9,bus,575.24,196.44,663.57,277.67,0.894
90,10,car,805.14,308.84,896.58,368.08,0.5662
90,13,car,753.78,244.53,801.56,277.39,0.5444
90,76,car,877.13,306.67,958.56,356.68,0.8665
90,21,bus,295.52,201.45,404.7,335.62,0.3654
90,14,car,718.0,248.48,757.91,280.65,0.5608
90,244,car,840.96,263.44,898.02,296.37,0.5903
90,370,car,801.16,262.84,862.22,307.67,0.546
90,37,bus,702.72,177.35,781.37,233.48,0.7744
90,742,car,710.79,226.13,745.02,250.31,0.2509
90,18,bus,670.43,166.56,712.2,201.62,0.24
90,648,car,773.18,234.2,814.33,262.91,0.469
91,1,bus,417.37,188.28,496.51,325.25,0.876
91,6,car,756.51,272.06,830.88,316.55,0.7436
91,7,bus,508.32,194.93,575.83,286.13,0.8139
91,9,bus,576.18,197.84,665.37,279.64,0.8777
91,10,car,804.7,308.44,896.54,367.76,0.6091
91,13,car,753.18,243.86,802.16,277.87,0.5023
91,76,car,876.74,306.41,958.14,356.25,0.8658
91,21,bus,297.34,199.63,408.19,335.37,0.4797
91,14,car,717.98,248.61,758.23,280.73,0.5559
91,244,car,833.72,262.49,893.86,296.46,0.5724
91,370,car,802.18,262.07,861.65,305.72,0.4269
91,37,bus,702.06,177.18,781.44,233.98,0.7551
91,18,bus,670.16,167.29,710.74,200.97,0.2408
91,648,car,774.81,234.32,813.96,262.22,0.491
91,16,car,922.3,379.21,959.69,426.03,0.2389
92,1,bus,417.48,188.78,496.67,325.81,0.8831
92,6,car,756.33,272.08,830.77,316.52,0.7712
92,7,bus,508.55,196.19,576.19,287.29,0.8207
92,9,bus,577.26,198.77,667.63,281.47,0.8946
92,10,car,804.27,308.37,896.29,367.53,0.61
92,13,car,751.53,239.76,805.45,277.79,0.4042
92,76,car,875.99,306.37,957.74,356.26,0.8394
92,21,bus,296.9,194.69,411.96,335.39,0.5998
92,14,car,716.91,248.75,758.2,281.3,0.5372
92,244,car,830.12,261.79,892.07,296.14,0.5653
92,370,car,801.17,262.24,862.23,307.26,0.4844
92,37,bus,701.59,177.27,781.08,234.19,0.7887
92,648,car,767.35,233.86,808.95,262.97,0.4538
92,16,car,922.65,379.29,959.37,425.16,0.2238
93,1,bus,417.66,189.1,497.14,326.43,0.8609
93,6,car,756.24,272.31,831.09,316.92,0.7204
93,7,bus,509.27,197.71,576.97,288.74,0.8278
93,9,bus,578.63,200.37,669.69,283.4,0.8919
93,10,car,804.93,308.59,896.26,367.08,0.5699
93,13,car,752.89,241.93,802.99,277.4,0.3867
93,76,car,873.93,305.99,956.58,356.24,0.795
93,21,bus,301.75,196.78,408.61,325.09,0.35
93,14,car,717.38,248.66,758.33,280.62,0.5302
93,244,car,836.8,262.26,896.56,295.91,0.5428
93,370,car,801.35,262.96,861.83,307.63,0.4712
93,37,bus,700.81,176.89,780.93,234.36,0.7863
93,648,car,765.11,233.88,807.03,262.75,0.4073
93,16,car,922.72,379.44,959.21,424.89,0.2271
94,1,bus,417.0,189.09,496.64,326.79,0.8685
94,6,car,756.3,272.58,830.83,316.88,0.7873
94,7,bus,507.99,195.9,578.7,291.29,0.8407
94,9,bus,579.55,201.06,671.92,285.06,0.8967
94,10,car,804.81,308.76,896.4,367.25,0.5984
94,13,car,752.49,241.49,803.23,277.73,0.3184
94,76,car,872.46,305.79,955.73,356.13,0.7875
94,21,bus,302.72,195.63,409.26,321.77,0.5106
94,14,car,712.03,248.51,756.93,283.01,0.5244
94,244,car,837.56,261.7,897.31,295.87,0.5385
94,370,car,801.51,263.62,861.3,307.78,0.5719
94,37,bus,700.14,176.32,781.02,234.5,0.7556
94,648,car,765.56,234.04,805.58,261.22,0.2402
95,1,bus,416.78,189.77,496.33,327.53,0.8811
95,6,car,756.94,272.7,832.22,317.54,0.769
95,7,bus,508.65,196.96,579.84,293.44,0.8482
95,9,bus,580.58,201.27,674.98,286.96,0.9199
95,10,car,804.42,309.6,896.11,367.99,0.5727
95,13,car,753.61,244.16,801.46,278.37,0.4513
95,76,car,872.04,306.03,955.97,356.74,0.8131
95,21,bus,300.12,200.82,408.15,328.18,0.2794
95,14,car,711.4,248.99,755.6,282.23,0.6431
95,244,car,838.77,261.65,897.38,295.86,0.5582
95,370,car,801.69,264.06,860.93,307.72,0.5525
95,37,bus,700.55,178.46,778.69,234.61,0.5242
95,648,car,768.24,234.44,805.92,260.1,0.3143
95,936,bus,743.95,192.34,780.15,235.1,0.355
95,574,car,694.3,224.83,733.49,256.76,0.3746
96,1,bus,416.86,190.2,496.2,327.68,0.8683
96,6,car,757.05,273.11,831.98,317.72,0.7706
96,7,bus,509.05,197.53,580.71,295.2,0.857
96,9,bus,581.77,201.57,677.77,288.59,0.9162
96,10,car,804.38,309.64,896.15,368.01,0.5296
96,13,car,754.75,245.62,800.02,277.8,0.473
96,76,car,871.82,306.07,955.26,356.31,0.8122
96,21,bus,299.56,201.22,410.07,330.88,0.2647
96,14,car,711.36,249.34,755.28,281.67,0.6048
96,244,car,841.69,261.68,898.11,295.58,0.5691
96,370,car,801.52,263.93,861.04,307.68,0.6235
96,37,bus,701.46,179.38,778.14,234.38,0.5476
96,648,car,767.54,234.44,804.38,259.22,0.2401
96,936,bus,743.77,192.21,779.84,234.8,0.2704
96,574,car,692.7,224.77,733.36,256.74,0.321
97,1,bus,416.59,190.25,495.91,327.8,0.8676
97,6,car,757.03,272.77,832.1,317.48,0.7632
97,7,bus,509.5,198.27,581.47,296.94,0.8575
97,9,bus,583.01,201.88,680.75,290.38,0.9132
97,10,car,805.99,309.67,896.63,367.37,0.5805
97,13,car,754.72,245.66,800.34,277.98,0.4884
97,76,car,870.32,305.8,954.06,355.9,0.8234
97,21,bus,299.52,199.55,410.38,328.65,0.4961
97,14,car,710.49,249.28,755.82,282.17,0.6308
97,244,car,844.1,261.56,897.29,294.48,0.6531
97,370,car,800.82,263.49,861.74,308.31,0.6351
97,37,bus,699.75,176.82,779.49,234.06,0.6057
97,936,bus,743.67,191.1,780.13,234.12,0.2516
97,574,car,687.99,225.11,727.58,256.74,0.3681
98,1,bus,416.65,190.14,495.85,327.64,0.8717
98,6,car,756.39,273.1,831.31,317.61,0.7685
98,7,bus,509.56,198.83,582.03,298.88,0.8589
98,9,bus,583.88,202.5,682.86,292.07,0.9148
98,10,car,806.81,309.16,898.66,368.0,0.6201
98,13,car,749.85,237.34,805.43,277.48,0.3521
98,76,car,869.62,305.44,954.0,355.74,0.8451
98,21,bus,297.86,202.12,407.05,328.94,0.3919
98,14,car,709.89,249.32,756.22,282.43,0.5932
98,244,car,842.98,260.86,895.48,294.08,0.5647
98,370,car,800.47,262.7,863.31,309.26,0.6642
98,37,bus,699.32,175.91,779.77,233.69,0.615
98,574,car,686.73,225.92,724.59,256.46,0.3718
98,16,car,922.56,379.86,958.49,424.0,0.2204
99,1,bus,416.92,190.33,495.91,327.64,0.8529
99,6,car,757.17,273.35,831.28,317.28,0.7569
99,7,bus,509.41,198.97,582.61,300.77,0.8448
99,9,bus,583.95,202.62,685.45,294.73,0.9177
99,10,car,805.97,309.39,896.81,367.54,0.6114
99,13,car,748.09,233.68,807.34,277.41,0.3311
99,76,car,869.1,305.24,953.82,355.58,0.8432
99,21,bus,299.06,200.27,409.84,327.87,0.3932
99,14,car,709.29,249.36,756.46,282.65,0.5622
99,244,car,841.97,260.35,893.64,293.72,0.4285
99,370,car,800.46,262.64,863.61,309.75,0.6266
99,37,bus,698.53,174.71,780.0,233.44,0.5744
99,574,car,685.41,226.17,722.85,256.78,0.297
100,1,bus,416.98,190.28,495.96,327.55,0.8261
100,6,car,757.07,273.43,831.48,317.52,0.7716
100,7,bus,509.62,200.24,583.04,302.92,0.8343
100,9,bus,585.13,203.18,688.05,296.67,0.9011
100,10,car,806.18,309.42,897.16,367.74,0.5966
100,13,car,747.58,232.42,807.4,277.38,0.3254
100,76,car,867.85,305.29,952.87,355.58,0.8439
100,21,bus,299.9,197.73,410.6,324.09,0.3999
100,14,car,704.93,249.45,760.17,288.81,0.539
100,244,car,840.99,259.58,891.77,293.08,0.4396
100,370,car,800.74,262.57,863.83,309.98,0.6372
100,37,bus,698.35,175.28,778.92,233.46,0.5787
101,1,bus,417.77,189.82,497.02,327.39,0.8186
101,6,car,757.17,273.95,831.13,317.7,0.7301
101,7,bus,508.94,200.21,583.68,305.18,0.8494
101,9,bus,585.81,203.71,690.67,299.15,0.8853
101,10,car,803.84,309.65,895.86,368.47,0.6249
101,76,car,866.64,305.54,951.69,355.4,0.8676
101,21,bus,299.85,199.7,407.65,321.85,0.2728
101,14,car,705.89,249.69,759.04,287.43,0.5263
101,244,car,841.05,260.08,889.89,292.91,0.4402
101,370,car,800.85,263.1,863.1,310.02,0.6203
101,37,bus,699.82,177.65,776.36,232.58,0.5602
101,1004,truck,0.81,366.9,302.4,534.66,0.307
101,574,car,686.19,226.73,722.89,257.28,0.3327
102,1,bus,418.46,190.36,497.74,327.37,0.8119
102,6,car,757.16,274.04,831.22,317.82,0.7129
102,7,bus,510.11,203.22,584.26,307.6,0.8541
102,9,bus,586.76,204.35,692.71,300.93,0.8605
102,10,car,805.59,309.53,897.06,368.11,0.5942
102,76,car,866.29,305.57,951.43,355.15,0.8842
102,21,bus,300.63,202.15,403.93,318.02,0.3071
102,14,car,706.85,249.89,758.25,286.18,0.5228
102,244,car,832.53,259.53,882.5,292.44,0.4274
102,370,car,801.46,263.78,862.24,309.42,0.5505
102,37,bus,699.95,178.63,774.94,232.06,0.6534
102,1013,car,754.61,247.97,799.2,278.99,0.3125
102,16,car,921.82,381.22,958.71,426.07,0.2577
103,1,bus,417.65,190.12,497.2,327.57,0.8244
103,6,car,757.15,274.08,831.52,318.03,0.709
103,7,bus,510.16,203.85,585.08,309.47,0.8593
103,9,bus,587.73,204.13,695.54,302.77,0.8573
103,10,car,806.18,309.56,896.99,367.73,0.6058
103,76,car,866.28,305.6,951.02,354.71,0.8798
103,14,car,706.81,249.72,758.74,286.36,0.5279
103,244,car,829.73,257.86,881.26,291.65,0.459
103,370,car,801.56,264.07,861.98,309.26,0.5985
103,37,bus,700.07,178.56,775.02,231.76,0.4461
103,1013,car,754.49,247.94,798.98,278.91,0.2901
103,1029,bus,665.75,173.9,704.11,209.56,0.3526
103,16,car,921.46,381.07,958.71,425.89,0.2388
103,936,bus,741.03,191.41,776.77,233.41,0.3601
104,1,bus,417.25,190.1,496.99,327.8,0.8266
104,6,car,757.0,273.92,831.5,317.92,0.6656
104,7,bus,510.34,204.98,585.93,311.64,0.8609
104,9,bus,589.5,205.75,697.14,304.33,0.8704
104,10,car,807.02,309.93,896.55,367.21,0.5976
104,76,car,866.06,305.34,951.28,354.61,0.8804
104,14,car,707.95,249.89,758.18,285.09,0.5016
104,244,car,828.42,257.32,880.34,291.2,0.3894
104,370,car,801.29,263.55,862.25,309.08,0.5865
104,37,bus,700.55,179.26,774.63,231.52,0.5389
104,1013,car,754.97,249.18,796.98,278.4,0.2942
104,1029,bus,665.77,174.18,703.83,209.62,0.3423
104,936,bus,740.99,191.44,776.44,232.82,0.3432
104,1004,truck,1.45,366.88,301.86,533.97,0.2975
104,21,bus,302.92,198.1,408.55,314.73,0.3439
105,1,bus,417.95,190.71,497.68,327.96,0.8121
105,6,car,757.58,274.56,831.01,317.83,0.7025
105,7,bus,510.93,205.86,587.13,313.68,0.8599
105,9,bus,590.77,207.05,699.79,307.05,0.8766
105,10,car,808.03,310.35,896.98,367.3,0.5765
105,76,car,865.74,305.4,950.78,354.38,0.8469
105,14,car,707.36,250.29,758.58,286.1,0.5108
105,244,car,827.76,256.64,880.33,290.94,0.3845
105,370,car,800.22,263.61,862.27,309.88,0.5445
105,37,bus,700.34,178.91,774.73,231.25,0.4919
105,1013,car,754.85,248.95,797.5,278.63,0.3084
105,1029,bus,666.03,174.73,704.0,210.15,0.3309
105,936,bus,740.02,191.3,775.79,232.84,0.2901
105,1052,bus,889.98,213.6,960.0,282.36,0.3462
105,1004,truck,1.19,367.29,301.46,534.31,0.2083
105,21,bus,297.97,197.48,415.22,327.09,0.4201
105,16,car,921.07,380.86,959.24,426.75,0.2365
106,1,bus,419.28,190.61,499.88,328.02,0.8044
106,6,car,757.36,273.96,831.48,317.67,0.6932
106,7,bus,511.37,206.77,588.56,316.48,0.8563
106,9,bus,592.4,208.16,702.83,309.56,0.8967
106,10,car,807.14,310.18,896.9,367.62,0.5732
106,76,car,866.71,305.01,951.54,353.85,0.829
106,14,car,703.65,250.19,761.44,291.12,0.5235
106,244,car,825.85,258.0,876.95,290.85,0.3439
106,370,car,800.45,263.87,861.84,309.52,0.5536
106,37,bus,699.05,179.4,774.75,232.51,0.582
106,1013,car,753.95,248.44,797.33,278.69,0.2848
106,1029,bus,665.78,174.98,703.18,209.97,0.3551
106,936,bus,739.49,191.44,775.22,232.78,0.2704
106,1052,bus,891.52,214.42,960.0,280.89,0.2976
106,21,bus,295.09,202.58,411.2,331.73,0.3857
107,1,bus,418.89,190.62,499.89,327.91,0.795
107,6,car,757.1,274.11,831.29,317.83,0.705
107,7,bus,512.19,207.33,590.16,318.48,0.8648
107,9,bus,594.36,209.57,705.56,311.59,0.9027
107,10,car,806.78,310.18,896.41,367.42,0.5526
107,76,car,866.24,304.79,951.15,353.72,0.8178
107,14,car,705.56,249.93,759.87,288.35,0.544
107,244,car,822.22,256.86,875.64,290.85,0.4219
107,370,car,800.13,263.56,861.71,309.26,0.5588
107,37,bus,699.31,179.57,774.57,232.19,0.6047
107,1013,car,753.21,247.9,797.6,278.96,0.3214
107,1029,bus,665.11,174.79,702.84,210.26,0.3311
107,1052,bus,891.89,213.93,960.0,280.85,0.3617
107,21,bus,295.01,200.95,414.06,333.56,0.3997
107,1066,bus,916.31,255.06,959.78,345.27,0.3436
108,1,bus,418.86,190.31,500.0,327.35,0.794
108,6,car,756.82,274.33,830.69,317.77,0.7439
108,7,bus,511.83,207.78,591.11,321.14,0.8625
108,9,bus,595.5,209.96,708.01,313.18,0.9044
108,10,car,806.91,310.4,896.34,367.43,0.4886
108,76,car,863.99,304.7,949.21,353.63,0.8182
108,14,car,705.22,249.7,761.28,289.82,0.5229
108,244,car,820.24,256.81,874.18,290.86,0.3903
108,370,car,800.48,263.71,861.41,308.79,0.5398
108,37,bus,699.03,179.46,774.27,231.97,0.6693
108,1013,car,753.57,247.77,797.59,278.67,0.3523
108,1029,bus,664.83,174.35,702.93,210.4,0.3842
108,1052,bus,894.57,214.17,960.0,277.87,0.3304
108,21,bus,295.38,198.77,416.08,333.39,0.446
108,1066,bus,915.33,255.57,958.51,345.01,0.5408
108,1004,truck,2.2,367.84,301.26,534.08,0.3047
109,1,bus,417.87,189.75,499.63,327.64,0.8002
109,6,car,755.82,274.04,830.75,318.07,0.7398
109,7,bus,512.23,209.05,592.26,323.77,0.8582
109,9,bus,595.93,209.89,711.42,316.09,0.9034
109,10,car,806.04,310.2,896.49,367.8,0.5577
109,76,car,863.2,304.35,948.61,353.32,0.8177
109,14,car,708.36,249.48,759.25,285.7,0.5023
109,244,car,819.83,257.7,872.6,290.53,0.2559
109,370,car,799.89,263.58,861.03,308.55,0.5129
109,37,bus,699.53,179.75,773.88,231.38,0.6476
109,1013,car,753.41,247.08,797.53,278.19,0.4308
109,1029,bus,664.47,173.86,703.06,210.67,0.4235
109,1052,bus,896.47,214.43,955.55,270.87,0.2564
109,21,bus,292.96,203.3,408.65,333.35,0.3038
109,1066,bus,914.36,254.9,957.63,344.25,0.7343
110,1,bus,419.65,189.41,502.6,327.79,0.7875
110,6,car,755.57,273.17,831.22,317.74,0.6816
110,7,bus,512.7,207.43,594.65,325.61,0.8591
110,9,bus,597.09,210.35,713.86,317.78,0.908
110,10,car,804.35,309.35,894.73,366.55,0.607
110,76,car,864.67,303.68,949.11,352.2,0.8148
110,14,car,711.58,249.37,759.07,283.16,0.4939
110,244,car,820.17,256.39,873.26,289.34,0.3722
110,370,car,800.45,263.62,861.42,308.36,0.3767
110,37,bus,698.56,178.45,775.12,231.55,0.6558
110,1013,car,753.93,247.11,796.86,277.47,0.4719
110,1029,bus,664.06,174.26,701.79,210.68,0.4957
110,21,bus,293.81,202.39,410.03,333.5,0.376
110,1066,bus,913.61,252.98,956.18,340.26,0.5885
111,1,bus,417.97,189.3,500.81,327.44,0.7807
111,6,car,755.68,273.02,831.53,317.8,0.5989
111,7,bus,511.75,206.04,596.02,328.45,0.8604
111,9,bus,599.03,211.39,717.13,319.81,0.9009
111,10,car,805.05,309.48,894.76,366.07,0.5885
111,76,car,865.09,303.26,949.27,351.77,0.8327
111,14,car,713.29,249.4,759.26,282.22,0.536
111,244,car,821.28,254.87,874.75,288.34,0.3637
111,370,car,801.94,265.64,860.69,308.3,0.4045
111,37,bus,703.76,179.95,777.48,231.57,0.5757
111,1013,car,753.56,246.72,796.67,277.33,0.5219
111,1029,bus,664.04,173.95,701.53,210.58,0.5079
111,21,bus,296.52,202.53,410.17,329.97,0.389
111,1066,bus,911.59,253.1,955.52,342.34,0.827
112,1,bus,419.12,189.95,502.4,327.78,0.7372
112,6,car,755.81,273.54,831.48,318.29,0.5815
112,7,bus,513.51,211.35,596.11,331.75,0.8518
112,9,bus,600.02,212.08,720.58,322.65,0.8807
112,10,car,805.18,309.72,896.21,367.25,0.6099
112,76,car,864.96,303.43,948.93,351.91,0.8266
112,14,car,715.61,250.33,760.26,282.68,0.53
112,370,car,800.05,264.6,860.73,308.38,0.5821
112,37,bus,711.86,181.59,781.2,231.3,0.5745
112,1013,car,753.75,247.0,796.56,277.49,0.4902
112,1029,bus,663.66,174.61,700.69,211.23,0.5251
112,21,bus,294.87,203.23,408.84,331.91,0.3645
112,1066,bus,909.79,253.05,954.97,343.77,0.8068
112,16,car,919.24,379.02,958.23,425.08,0.26
113,1,bus,416.97,189.93,500.22,327.79,0.6982
113,6,car,755.96,273.73,831.16,318.29,0.6146
113,7,bus,513.62,212.23,596.98,334.32,0.8598
113,9,bus,600.84,212.41,723.84,325.19,0.8705
113,10,car,806.37,310.12,896.02,366.72,0.5793
113,76,car,865.07,303.24,948.61,351.55,0.8324
113,14,car,717.07,250.31,761.31,282.95,0.555
113,370,car,799.39,264.61,860.43,308.32,0.5294
113,37,bus,714.28,181.44,781.44,230.42,0.4975
113,1013,car,753.47,246.85,796.57,277.68,0.4934
113,1029,bus,664.3,174.53,700.9,211.03,0.4246
113,21,bus,293.33,206.04,403.47,331.45,0.4276
113,1066,bus,908.98,251.79,953.42,339.26,0.819
114,1,bus,417.55,189.83,500.95,327.5,0.7378
114,6,car,754.91,273.11,831.71,318.74,0.618
114,7,bus,513.45,212.85,597.99,336.95,0.8619
114,9,bus,602.83,214.58,726.84,328.27,0.8805
114,10,car,806.64,310.08,896.13,366.59,0.5901
114,76,car,864.82,302.58,948.53,351.09,0.831
114,14,car,718.5,250.23,762.16,283.04,0.5988
114,370,car,799.05,264.8,860.48,308.45,0.4925
114,37,bus,713.11,181.63,780.61,231.48,0.5318
114,1013,car,754.55,247.86,795.65,277.2,0.4716
114,1029,bus,664.22,174.66,700.01,210.8,0.4366
114,21,bus,293.69,206.19,401.27,329.25,0.3795
114,1066,bus,907.32,251.02,952.56,338.05,0.8703
115,1,bus,415.76,189.82,498.97,327.34,0.7392
115,6,car,754.9,272.8,831.64,318.41,0.6708
115,7,bus,512.5,210.03,600.23,339.18,0.8735
115,9,bus,604.24,214.58,730.63,330.53,0.9009
115,10,car,804.64,309.62,894.91,366.35,0.6572
115,76,car,864.92,302.08,948.45,350.56,0.8225
115,14,car,720.84,250.32,763.77,283.4,0.5788
115,370,car,803.46,263.56,861.31,304.24,0.399
115,37,bus,715.04,181.16,781.26,230.85,0.6422
115,1013,car,755.87,248.96,794.85,276.58,0.471
115,1029,bus,664.59,175.29,698.99,210.52,0.4098
115,21,bus,293.86,206.74,399.2,327.91,0.3404
115,1066,bus,904.49,249.25,952.53,339.72,0.8693
116,1,bus,415.52,189.27,498.92,327.12,0.738
116,6,car,755.23,272.57,830.23,317.04,0.6964
116,7,bus,512.03,209.23,601.79,341.96,0.8724
116,9,bus,605.57,214.89,734.17,332.99,0.905
116,10,car,803.23,309.22,894.3,366.17,0.6526
116,76,car,864.63,301.81,947.86,350.14,0.8183
116,14,car,722.32,250.15,763.75,282.73,0.5365
116,370,car,804.81,262.82,862.74,303.29,0.3028
116,37,bus,708.02,179.43,776.69,230.78,0.6392
116,1013,car,754.72,248.02,794.55,276.16,0.4756
116,1029,bus,665.07,175.31,698.58,210.1,0.3934
116,21,bus,297.43,202.78,406.34,326.91,0.3771
116,1066,bus,902.12,248.35,952.82,342.01,0.8356
116,16,car,918.29,377.65,958.36,424.29,0.2989
117,1,bus,414.77,189.21,497.81,327.17,0.8133
117,6,car,755.46,272.96,829.67,316.89,0.652
117,7,bus,510.76,207.13,603.31,344.69,0.8698
117,9,bus,606.62,215.73,737.34,335.95,0.8944
117,10,car,802.77,309.09,894.22,366.04,0.6374
117,76,car,864.76,302.03,947.18,349.88,0.824
117,14,car,724.39,249.71,765.04,282.63,0.4335
117,370,car,802.34,263.62,859.99,303.37,0.4758
117,37,bus,704.25,178.8,773.92,230.5,0.6705
117,1013,car,753.27,246.48,794.88,275.99,0.4592
117,1029,bus,665.63,174.94,698.46,209.34,0.5088
117,21,bus,297.33,199.43,410.69,328.15,0.5377
117,1066,bus,899.95,247.6,952.72,343.05,0.8378
117,16,car,917.93,377.42,958.42,423.94,0.2697
118,1,bus,414.45,189.46,497.07,327.4,0.8238
118,6,car,755.0,272.94,829.99,317.32,0.6622
118,7,bus,511.48,210.79,603.43,347.72,0.8701
118,9,bus,607.98,216.16,741.18,338.66,0.8908
118,10,car,803.23,309.23,894.21,365.61,0.6357
118,76,car,864.26,301.89,946.97,349.94,0.7783
118,14,car,723.28,249.07,764.17,282.81,0.3804
118,370,car,803.97,263.4,861.24,302.71,0.4796
118,37,bus,709.31,179.16,777.52,230.53,0.6197
118,1013,car,752.67,245.6,795.03,275.79,0.4219
118,1029,bus,665.83,174.67,698.25,209.04,0.4587
118,21,bus,297.18,201.74,409.2,328.53,0.4603
118,1066,bus,897.73,245.98,952.79,343.57,0.8407
118,16,car,917.91,377.48,958.63,423.86,0.2329
119,1,bus,414.98,189.48,497.11,327.14,0.8158
119,6,car,755.25,272.86,830.4,317.4,0.6367
119,7,bus,512.29,213.09,604.7,350.78,0.8633
119,9,bus,608.2,214.96,746.01,342.12,0.9021
119,10,car,803.54,309.44,894.62,365.71,0.6066
119,76,car,864.15,302.15,946.29,349.87,0.7735
119,14,car,723.04,249.29,763.85,283.6,0.4072
119,370,car,802.83,263.47,859.98,302.31,0.3369
119,37,bus,713.68,180.82,778.49,230.39,0.5491
119,1013,car,752.5,245.68,795.01,276.16,0.4244
119,1029,bus,666.11,174.77,698.19,208.93,0.4259
119,21,bus,294.95,205.37,405.07,330.58,0.3525
119,1066,bus,895.69,245.88,952.33,343.94,0.8373
120,1,bus,414.97,190.0,496.67,327.53,0.7941
120,6,car,754.73,273.16,830.13,317.85,0.6317
120,7,bus,511.35,212.53,606.17,354.21,0.8504
120,9,bus,609.93,215.44,750.33,345.27,0.9046
120,10,car,804.43,309.87,895.67,366.26,0.619
120,76,car,863.81,302.23,945.45,349.6,0.7872
120,14,car,723.6,249.2,762.93,282.68,0.2958
120,370,car,801.15,262.93,860.77,303.25,0.363
120,37,bus,716.58,182.0,778.32,229.87,0.5433
120,1013,car,752.69,246.48,794.54,276.58,0.3887
120,1029,bus,666.29,175.46,697.75,209.14,0.3833
120,21,bus,297.37,206.57,398.75,321.17,0.2786
120,1066,bus,893.28,245.11,951.82,343.94,0.8469
120,1199,car,566.0,199.51,594.61,218.18,0.3609
121,1,bus,414.68,190.07,496.11,327.57,0.8094
121,6,car,755.99,273.3,830.42,317.52,0.6545
121,7,bus,511.55,213.63,607.81,357.63,0.8549
121,9,bus,612.29,217.96,753.54,348.71,0.9001
121,10,car,804.59,309.95,895.19,365.77,0.6299
121,76,car,863.57,302.66,945.05,349.68,0.7811
121,370,car,799.83,262.31,861.52,303.95,0.4341
121,37,bus,718.09,183.11,777.78,229.9,0.5334
121,1013,car,752.16,245.93,794.2,276.36,0.4251
121,1029,bus,666.43,174.86,697.6,208.32,0.3775
121,21,bus,300.05,206.05,402.66,320.6,0.2541
121,1066,bus,891.22,244.34,951.61,343.82,0.859
121,16,car,917.33,376.96,958.34,423.1,0.2724
122,1,bus,414.74,189.85,495.98,327.57,0.8199
122,6,car,757.4,273.31,830.33,316.72,0.6446
122,7,bus,511.46,215.07,609.04,361.47,0.8417
122,9,bus,614.66,219.88,757.42,351.98,0.8873
122,10,car,803.36,309.82,894.78,365.97,0.6546
122,76,car,863.5,302.64,944.67,349.43,0.7832
122,370,car,797.93,258.42,865.37,304.6,0.4147
122,37,bus,718.49,183.54,777.3,230.05,0.5008
122,1013,car,752.17,245.01,794.19,275.64,0.4592
122,1029,bus,666.48,175.18,696.56,207.42,0.3984
122,21,bus,300.13,205.28,403.69,319.88,0.3343
122,1066,bus,888.99,243.14,951.6,343.82,0.8638
122,16,car,916.78,376.79,958.22,422.83,0.2732
123,1,bus,414.85,189.51,496.09,327.51,0.8341
123,6,car,758.32,273.21,831.08,316.83,0.6585
123,7,bus,511.5,216.3,610.71,365.72,0.8105
123,9,bus,616.39,221.41,760.53,354.84,0.9027
123,10,car,802.89,309.84,894.81,366.16,0.631
123,76,car,862.83,302.86,944.01,349.62,0.7889
123,370,car,797.11,258.78,865.1,305.73,0.4165
123,37,bus,718.39,183.24,777.19,230.17,0.483
123,1013,car,752.77,245.28,793.68,275.22,0.3989
123,1029,bus,666.7,175.57,696.31,207.19,0.3633
123,21,bus,296.25,205.91,404.49,325.96,0.3648
123,1066,bus,887.21,242.8,951.61,343.93,0.8831
123,16,car,915.79,376.25,959.08,424.27,0.2911
124,1,bus,415.3,189.38,496.42,327.34,0.8152
124,6,car,757.73,272.62,832.23,317.74,0.6175
124,7,bus,511.75,217.68,612.45,369.69,0.8221
124,9,bus,616.99,221.57,764.7,358.61,0.8997
124,10,car,803.12,310.08,894.82,366.17,0.6048
124,76,car,862.36,303.2,943.34,349.68,0.7674
124,37,bus,719.25,184.96,776.69,231.04,0.4068
124,1013,car,751.92,245.17,793.06,275.53,0.3421
124,1029,bus,666.24,175.33,697.11,208.27,0.3402
124,21,bus,295.45,205.71,403.85,326.31,0.3147
124,1066,bus,885.81,242.54,951.89,343.82,0.8544
124,16,car,915.39,376.29,959.07,424.54,0.2372
125,1,bus,415.63,190.19,496.14,327.31,0.8028
125,6,car,759.14,272.91,833.47,318.57,0.5957
125,7,bus,511.34,217.14,615.04,374.25,0.8223
125,9,bus,618.81,222.75,768.72,361.96,0.9067
125,10,car,804.19,310.59,895.38,366.4,0.5805
125,76,car,862.16,303.5,943.65,350.16,0.799
125,37,bus,715.9,183.26,775.73,231.34,0.5178
125,1013,car,751.64,245.24,792.34,275.42,0.3732
125,1029,bus,666.8,176.08,697.08,208.37,0.3574
125,21,bus,297.89,204.99,404.61,323.01,0.2749
125,1066,bus,883.87,241.89,951.96,343.79,0.8712
125,16,car,915.07,376.07,959.33,424.89,0.3397
125,1199,car,568.82,200.3,600.44,221.2,0.3974
125,370,car,797.48,260.3,862.36,305.24,0.3066
126,1,bus,415.55,190.29,495.88,327.56,0.8205
126,6,car,761.92,272.84,834.79,318.49,0.5961
126,7,bus,509.99,215.12,616.91,377.66,0.8338
126,9,bus,620.64,224.76,772.87,366.32,0.8966
126,10,car,803.39,310.71,895.09,366.78,0.5593
126,76,car,862.16,303.3,943.77,349.96,0.7801
126,37,bus,713.06,182.33,774.39,231.41,0.5395
126,1013,car,751.45,245.18,791.95,275.37,0.4013
126,1029,bus,666.42,176.18,697.56,209.38,0.4221
126,21,bus,295.19,204.61,409.07,331.26,0.3161
126,1066,bus,881.27,240.65,951.86,344.01,0.8825
126,16,car,915.34,375.74,958.36,422.6,0.2997
126,1199,car,569.82,200.84,601.4,221.95,0.4049
126,370,car,796.75,261.0,861.83,306.29,0.3482
127,1,bus,415.59,190.33,495.72,327.5,0.8123
127,6,car,764.97,272.64,836.24,318.32,0.6326
127,7,bus,508.92,215.25,618.41,382.02,0.8427
127,9,bus,622.62,226.09,777.02,369.71,0.9021
127,10,car,803.41,310.48,895.11,366.53,0.5605
127,76,car,862.61,303.49,944.24,350.0,0.773
127,37,bus,713.23,182.33,775.35,232.22,0.4969
127,1013,car,750.82,244.94,791.59,275.58,0.4282
127,1029,bus,665.85,175.92,697.96,210.16,0.3891
127,21,bus,293.23,206.02,405.42,331.88,0.2962
127,1066,bus,879.5,240.94,951.82,344.37,0.8873
127,16,car,914.5,375.59,958.2,422.76,0.2869
127,1199,car,569.69,200.74,602.13,222.74,0.4404
127,370,car,796.89,262.28,861.55,307.38,0.4332
128,1,bus,416.08,190.04,496.2,327.57,0.811
128,6,car,769.21,275.11,835.74,318.62,0.5352
128,7,bus,508.46,215.02,620.68,386.39,0.8611
128,9,bus,623.71,227.15,781.01,373.54,0.9206
128,10,car,803.29,310.67,895.51,367.07,0.5203
128,76,car,862.12,303.27,943.93,349.82,0.7886
128,37,bus,710.13,182.54,772.14,231.61,0.4617
128,1013,car,750.9,244.95,791.48,275.73,0.4072
128,1029,bus,666.13,176.04,698.54,210.66,0.3005
128,21,bus,290.71,207.85,402.0,334.37,0.4177
128,1066,bus,877.71,240.86,951.78,344.35,0.8866
128,16,car,913.92,375.4,957.75,422.12,0.3135
128,1199,car,570.65,202.12,601.73,223.39,0.5388
128,370,car,796.5,263.1,861.21,308.28,0.5111
129,1,bus,415.99,189.72,496.04,327.44,0.8313
129,6,car,771.49,275.47,835.58,318.32,0.5251
129,7,bus,509.71,215.48,624.14,391.25,0.86
129,9,bus,626.11,229.67,785.75,378.18,0.9162
129,10,car,802.42,310.53,895.2,367.22,0.5495
129,76,car,861.19,303.28,943.59,349.89,0.7769
129,37,bus,713.22,182.66,774.67,231.48,0.4515
129,1013,car,749.69,244.43,790.61,275.47,0.4433
129,1029,bus,666.28,175.89,698.87,210.76,0.2307
129,21,bus,290.1,208.73,400.22,335.5,0.3608
129,1066,bus,875.71,240.47,951.78,344.38,0.8783
129,16,car,913.45,375.23,957.59,421.71,0.2907
129,1199,car,571.37,202.76,601.78,223.72,0.6026
129,370,car,796.22,263.53,860.65,308.52,0.5599
129,1310,bus,490.89,215.6,520.06,289.88,0.3126
130,1,bus,416.0,190.0,495.95,328.11,0.8175
130,6,car,769.67,274.15,834.36,318.1,0.4261
130,7,bus,510.8,217.05,627.16,396.48,0.8605
130,9,bus,628.26,231.78,790.22,382.2,0.9084
130,10,car,801.51,310.53,895.16,367.72,0.5858
130,76,car,859.32,303.03,942.58,349.97,0.7659
130,37,bus,714.82,183.55,774.43,230.87,0.4015
130,1013,car,749.04,244.19,789.79,275.12,0.4429
130,1029,bus,666.25,175.8,698.54,210.33,0.2395
130,21,bus,290.14,208.39,400.24,336.5,0.3677
130,1066,bus,873.55,239.56,951.77,344.26,0.8835
130,16,car,912.98,375.27,957.66,421.83,0.3034
130,1199,car,572.6,204.47,601.21,224.16,0.7114
130,370,car,795.68,263.76,860.19,308.81,0.4654
130,1310,bus,491.25,215.99,519.81,288.71,0.3026
130,1317,bus,738.42,191.2,774.83,229.37,0.3615
131,1,bus,416.27,189.98,496.04,328.13,0.8522
131,6,car,768.48,273.53,834.75,319.46,0.5123
131,7,bus,509.58,216.96,628.83,401.5,0.8806
131,9,bus,630.41,231.98,796.15,385.81,0.9292
131,10,car,799.92,310.02,894.11,367.32,0.609
131,76,car,858.83,302.66,943.18,350.04,0.7845
131,37,bus,710.62,182.46,773.22,231.77,0.4412
131,1013,car,748.89,244.2,789.18,274.73,0.5274
131,1029,bus,666.11,177.15,696.69,209.84,0.2647
131,21,bus,290.31,207.3,402.4,338.97,0.277
131,1066,bus,870.75,239.45,951.63,345.37,0.8856
131,16,car,912.52,374.95,957.87,421.82,0.3136
131,1199,car,573.09,204.4,602.42,224.63,0.7412
131,370,car,794.46,263.58,859.25,308.66,0.5143
131,1317,bus,737.93,190.86,775.43,230.21,0.2213
131,1330,car,509.2,199.33,535.54,218.54,0.3661
132,1,bus,416.05,189.79,495.67,327.93,0.8453
132,6,car,768.77,273.01,834.14,319.09,0.5961
132,7,bus,509.57,218.35,630.34,406.39,0.823
132,9,bus,632.16,232.75,801.98,390.31,0.9253
132,10,car,802.08,310.21,895.09,366.91,0.6903
132,76,car,858.57,302.39,943.98,350.27,0.7805
132,37,bus,705.52,181.82,773.72,235.44,0.493
132,1013,car,748.46,244.25,788.97,274.89,0.4805
132,1029,bus,666.51,175.66,697.43,208.62,0.2956
132,21,bus,294.2,205.89,402.32,332.63,0.3175
132,1066,bus,868.69,238.66,952.12,345.87,0.8741
132,16,car,912.53,374.43,957.68,420.59,0.3034
132,1199,car,574.37,205.34,603.18,225.17,0.7364
132,370,car,794.23,262.9,860.05,308.91,0.5094
132,1330,car,510.61,200.82,535.68,219.09,0.3173
133,1,bus,416.3,189.41,495.76,327.54,0.8479
133,6,car,769.01,272.11,833.21,318.06,0.5169
133,7,bus,508.71,217.55,632.55,411.39,0.9004
133,9,bus,634.03,233.1,807.48,393.98,0.9243
133,10,car,805.47,309.87,896.61,365.74,0.6238
133,76,car,857.52,301.61,943.9,349.86,0.7614
133,37,bus,700.82,180.33,774.57,238.29,0.5172
133,1013,car,746.75,243.5,787.55,274.23,0.4747
133,1029,bus,666.71,174.58,697.74,207.49,0.4224
133,21,bus,298.14,203.68,403.27,325.64,0.356
133,1066,bus,867.22,238.63,951.99,345.38,0.8709
133,16,car,912.0,373.56,958.35,420.72,0.4682
133,1199,car,574.72,205.21,603.56,224.98,0.7278
133,370,car,792.15,262.3,858.86,308.84,0.4466
133,1330,car,510.34,199.69,537.03,219.13,0.4664
134,1,bus,416.39,188.84,495.95,327.34,0.8339
134,6,car,769.31,272.45,830.79,316.64,0.4632
134,7,bus,511.95,226.4,633.7,417.55,0.839
134,9,bus,635.57,234.68,812.85,398.93,0.9251
134,10,car,807.19,309.7,897.07,365.18,0.7304
134,76,car,858.63,302.15,943.18,349.24,0.7629
134,37,bus,701.7,180.23,775.66,238.53,0.5176
134,1013,car,746.32,243.45,787.08,274.15,0.51
134,1029,bus,666.8,174.34,698.08,207.34,0.5568
134,21,bus,298.45,205.86,398.76,321.66,0.2776
134,1066,bus,865.8,237.73,952.24,344.55,0.8616
134,16,car,911.33,372.99,958.68,421.0,0.4664
134,1199,car,574.76,205.24,605.01,225.99,0.769
134,370,car,791.77,262.29,858.23,308.62,0.5257
134,1330,car,511.07,200.92,537.4,220.03,0.5156
135,1,bus,416.65,189.19,495.95,327.38,0.8501
135,6,car,769.69,271.98,829.02,314.62,0.4068
135,7,bus,510.48,223.16,636.79,422.92,0.8722
135,9,bus,636.32,235.63,818.72,404.82,0.9144
135,10,car,809.21,310.26,898.4,365.94,0.7261
135,76,car,858.73,302.65,942.72,349.34,0.7758
135,37,bus,706.73,181.69,777.91,238.4,0.5835
135,1013,car,746.48,243.58,786.78,273.96,0.4452
135,1029,bus,666.96,174.56,698.26,207.43,0.4232
135,1066,bus,863.38,236.45,952.89,345.41,0.8293
135,16,car,911.07,372.73,958.69,420.77,0.4557
135,1199,car,574.87,205.24,606.36,226.95,0.7468
135,370,car,791.83,262.6,857.6,308.45,0.431
135,1330,car,510.95,201.99,537.96,221.61,0.5532
136,1,bus,416.66,189.66,495.63,327.46,0.8658
136,6,car,771.08,272.29,825.68,311.03,0.2486
136,7,bus,508.43,220.98,638.83,428.55,0.9229
136,9,bus,636.75,234.56,825.88,410.43,0.9067
136,10,car,816.02,311.76,901.48,366.24,0.67
136,76,car,858.3,302.58,943.29,349.82,0.8023
136,37,bus,701.85,181.55,774.49,238.99,0.5388
136,1013,car,746.58,244.07,786.64,274.34,0.4003
136,1029,bus,666.64,174.56,698.28,207.65,0.4693
136,1066,bus,861.2,236.82,952.83,346.61,0.8677
136,16,car,910.54,373.28,958.99,422.06,0.4531
136,1199,car,575.23,205.47,607.67,228.06,0.7674
136,370,car,792.66,262.94,857.36,308.02,0.3985
136,1330,car,510.28,202.65,538.98,223.55,0.6346
136,1406,car,501.85,185.2,523.93,200.16,0.4688
137,1,bus,416.35,190.63,495.13,328.3,0.8633
137,7,bus,508.24,221.64,641.43,434.85,0.879
137,9,bus,639.57,236.32,832.74,416.23,0.9184
137,10,car,819.3,312.9,902.33,366.99,0.5793
137,76,car,858.95,302.97,944.6,350.73,0.7926
137,37,bus,699.42,181.65,774.17,240.6,0.6732
137,1013,car,747.52,244.85,786.69,274.62,0.296
137,1029,bus,667.24,175.86,698.29,208.15,0.3154
137,1066,bus,859.88,237.03,953.55,347.78,0.8619
137,16,car,910.02,373.69,958.88,422.69,0.3964
137,1199,car,576.48,207.11,607.89,229.06,0.7658
137,1330,car,510.29,204.0,539.22,225.13,0.5582
137,1406,car,503.0,185.7,524.88,200.54,0.4817
137,21,bus,291.86,207.48,402.0,336.21,0.3425
138,1,bus,416.19,191.12,494.69,328.36,0.8737
138,7,bus,508.23,221.43,645.14,442.01,0.9196
138,9,bus,642.23,239.08,838.04,421.66,0.9254
138,10,car,823.7,313.16,903.27,366.29,0.5595
138,76,car,858.96,303.17,944.14,350.65,0.7874
138,37,bus,697.63,181.45,774.08,241.67,0.6463
138,1013,car,746.94,244.68,786.15,274.56,0.3045
138,1029,bus,667.11,176.58,697.88,208.4,0.4059
138,1066,bus,858.42,236.69,953.32,347.21,0.8823
138,16,car,909.57,373.73,958.85,422.96,0.3842
138,1199,car,577.05,207.57,609.15,230.14,0.7391
138,1330,car,510.08,204.42,539.44,225.96,0.5768
138,1406,car,504.13,186.79,525.31,201.1,0.4871
138,21,bus,291.33,207.32,401.3,336.99,0.3032
139,1,bus,416.15,190.95,494.45,327.86,0.8741
139,7,bus,508.96,223.3,648.31,449.23,0.9065
139,9,bus,644.2,240.96,843.64,427.05,0.9253
139,10,car,826.99,313.05,903.92,365.81,0.5161
139,76,car,858.88,303.61,942.5,349.8,0.7392
139,37,bus,696.63,180.85,774.15,241.82,0.635
139,1013,car,745.79,243.96,785.6,274.43,0.3707
139,1029,bus,667.28,175.97,698.05,207.63,0.3574
139,1066,bus,857.15,236.28,953.63,347.12,0.8763
139,16,car,909.34,373.32,958.69,422.37,0.3853
139,1199,car,577.72,208.5,610.14,231.34,0.7537
139,1330,car,510.3,204.62,539.81,226.37,0.6289
139,1406,car,504.5,187.17,525.2,201.11,0.4553
139,21,bus,293.59,206.33,407.19,340.75,0.3324
140,1,bus,415.96,190.47,494.31,327.46,0.8797
140,7,bus,507.19,222.56,650.21,456.17,0.9076
140,9,bus,645.27,240.48,850.79,432.66,0.9122
140,10,car,829.35,312.08,900.76,361.78,0.5695
140,76,car,857.48,302.95,942.4,349.57,0.7434
140,37,bus,695.63,180.57,774.73,242.82,0.554
140,1013,car,745.28,243.35,784.83,273.88,0.296
140,1029,bus,667.02,175.51,697.68,206.93,0.2385
140,1066,bus,855.91,235.4,953.41,345.87,0.8723
140,16,car,908.31,372.75,958.0,421.68,0.5011
140,1199,car,578.32,208.47,611.53,231.97,0.7267
140,1330,car,509.99,204.02,540.11,226.41,0.659
140,1406,car,504.03,186.57,525.44,200.98,0.5763
140,21,bus,291.87,207.89,400.55,337.92,0.2876
140,1479,car,674.89,225.42,712.34,248.02,0.3885
140,1481,bus,449.29,145.52,469.35,170.63,0.37
141,1,bus,415.98,190.26,494.37,327.38,0.8588
141,7,bus,507.61,225.05,652.68,464.09,0.9144
141,9,bus,646.97,241.0,858.06,438.8,0.9147
141,10,car,831.07,310.08,899.51,358.4,0.531
141,76,car,856.95,302.98,941.93,349.43,0.7567
141,37,bus,695.14,179.96,774.76,242.61,0.7481
141,1029,bus,666.9,174.71,697.92,206.41,0.3664
141,1066,bus,854.78,235.24,953.2,345.16,0.853
141,16,car,908.03,372.59,957.59,420.9,0.4831
141,1199,car,579.05,209.35,612.67,233.24,0.7271
141,1330,car,510.32,204.23,540.28,226.66,0.6426
141,1406,car,503.88,186.53,525.83,201.26,0.5026
141,21,bus,290.76,207.81,398.48,338.13,0.2673
141,1479,car,673.63,224.92,714.43,249.59,0.4214
141,1481,bus,448.83,144.85,469.08,170.19,0.2871
142,1,bus,416.06,190.52,494.25,327.39,0.8799
142,7,bus,506.96,225.43,655.25,471.71,0.9299
142,9,bus,646.73,237.18,868.03,445.74,0.9185
142,10,car,832.8,309.38,899.93,357.62,0.4945
142,76,car,854.45,303.11,939.87,349.4,0.7484
142,37,bus,695.86,180.91,774.85,243.12,0.6333
142,1029,bus,667.06,175.52,697.5,206.46,0.3897
142,1066,bus,853.42,235.17,953.08,344.9,0.8443
142,16,car,908.25,372.3,957.98,420.47,0.3893
142,1199,car,579.54,210.23,612.98,234.0,0.682
142,1330,car,510.24,204.4,540.35,227.12,0.6564
142,1406,car,504.08,186.4,527.68,202.22,0.4927
142,21,bus,291.45,207.15,400.12,339.61,0.2885
142,1479,car,672.28,225.69,715.78,252.14,0.5218
142,244,car,788.65,243.21,834.74,269.87,0.2978
142,1013,car,744.11,243.05,784.25,274.31,0.3648
143,1,bus,416.1,190.66,494.17,327.47,0.8633
143,7,bus,506.55,226.16,657.85,479.36,0.9258
143,9,bus,650.23,239.14,876.1,452.54,0.917
143,10,car,834.29,308.45,898.71,355.35,0.4822
143,76,car,850.04,303.14,936.75,349.39,0.7747
143,37,bus,695.46,180.57,774.61,242.88,0.6248
143,1029,bus,666.64,173.83,698.81,206.66,0.3351
143,1066,bus,851.71,233.9,953.43,344.43,0.7898
143,16,car,909.23,371.91,958.4,419.31,0.3195
143,1199,car,580.49,210.83,613.85,234.68,0.7231
143,1330,car,510.25,204.41,540.89,227.77,0.657
143,1406,car,503.36,186.27,527.61,202.55,0.505
143,1479,car,669.4,225.36,715.86,253.84,0.4107
143,1013,car,743.88,243.05,783.4,274.0,0.2351
143,1481,bus,448.5,144.9,468.99,170.57,0.2897
144,1,bus,416.21,190.49,494.27,327.35,0.8737
144,7,bus,505.66,226.39,660.68,488.12,0.9241
144,9,bus,654.6,244.07,882.7,459.43,0.9298
144,10,car,836.71,308.31,895.94,351.43,0.4963
144,76,car,853.0,302.85,940.13,349.46,0.7504
144,37,bus,695.51,180.19,774.38,242.24,0.6712
144,1029,bus,666.45,173.51,698.88,206.7,0.2894
144,1066,bus,850.72,233.66,953.78,344.34,0.8512
144,16,car,908.3,371.4,959.17,420.41,0.3382
144,1199,car,581.94,212.22,614.55,235.57,0.7164
144,1330,car,510.36,204.5,541.23,228.32,0.6165
144,1406,car,503.46,186.56,527.81,202.88,0.5029
144,1479,car,669.48,225.3,717.34,255.04,0.3198
144,1013,car,743.25,243.46,782.47,274.28,0.2185
144,1481,bus,449.1,145.1,469.13,170.24,0.232
144,370,car,788.93,263.66,855.34,308.45,0.4067
144,21,bus,294.66,209.08,393.38,329.24,0.2737
145,1,bus,416.61,190.53,494.39,327.12,0.8829
145,7,bus,505.93,227.71,663.95,496.72,0.9141
145,9,bus,656.05,246.08,890.67,467.99,0.9327
145,10,car,837.4,307.11,895.27,349.29,0.3239
145,76,car,849.26,303.05,936.99,349.35,0.7697
145,37,bus,695.73,180.09,774.41,241.97,0.7596
145,1029,bus,666.81,175.06,698.0,206.8,0.3131
145,1066,bus,849.22,233.37,953.69,344.19,0.863
145,16,car,905.4,370.42,959.64,422.78,0.5394
145,1199,car,583.57,212.79,615.91,236.01,0.7625
145,1330,car,510.98,205.24,541.61,229.06,0.6718
145,1406,car,502.31,186.56,527.46,203.59,0.5124
145,1479,car,667.7,225.66,717.37,256.99,0.3225
145,1013,car,742.31,242.58,781.72,273.66,0.3297
145,370,car,788.98,263.24,856.66,308.32,0.4997
145,21,bus,293.83,209.28,394.5,332.54,0.3025
146,1,bus,416.39,190.66,494.19,327.55,0.856
146,7,bus,505.95,229.04,667.37,505.64,0.9042
146,9,bus,660.06,250.9,897.3,475.13,0.9316
146,10,car,839.03,306.74,895.97,347.89,0.3456
146,76,car,851.57,302.59,940.04,349.33,0.7429
146,37,bus,695.99,179.9,774.02,241.11,0.6925
146,1029,bus,666.65,175.1,697.64,206.54,0.3953
146,1066,bus,847.48,233.07,953.54,344.23,0.8196
146,16,car,904.54,370.23,959.59,423.4,0.48
146,1199,car,585.07,213.84,616.63,236.4,0.7318
146,1330,car,511.52,205.6,541.89,229.45,0.6623
146,1406,car,502.04,186.6,527.36,203.9,0.4968
146,1013,car,742.07,242.57,781.09,273.46,0.4071
146,370,car,788.14,262.54,856.4,307.67,0.5103
146,21,bus,292.78,209.18,395.48,336.0,0.3062
147,1,bus,416.58,190.6,494.57,328.03,0.8571
147,7,bus,506.36,231.27,671.82,516.76,0.9097
147,9,bus,663.28,253.77,906.47,483.48,0.9394
147,76,car,849.67,302.51,939.88,350.0,0.7611
147,37,bus,696.78,179.72,773.42,239.62,0.7563
147,1029,bus,666.92,174.5,698.71,206.67,0.3684
147,1066,bus,845.32,232.14,953.05,343.53,0.8225
147,16,car,906.5,370.82,959.39,421.8,0.4612
147,1199,car,586.09,215.45,616.95,237.3,0.719
147,1330,car,511.55,205.89,542.19,230.2,0.6408
147,1406,car,502.17,187.1,527.2,204.31,0.4163
147,1013,car,741.47,242.48,780.49,273.36,0.4075
147,370,car,789.4,262.75,855.43,305.97,0.4276
147,21,bus,293.19,209.38,395.87,336.93,0.2995
148,1,bus,417.16,191.25,494.89,328.59,0.8776
148,7,bus,507.03,233.87,675.52,526.71,0.9191
148,9,bus,664.89,253.65,916.51,491.81,0.9422
148,76,car,845.9,302.86,936.99,350.17,0.7801
148,37,bus,698.88,179.71,771.69,235.93,0.6681
148,1029,bus,669.28,175.0,702.07,207.46,0.2945
148,1066,bus,843.74,231.67,953.06,343.26,0.817
148,16,car,909.89,371.19,960.0,421.39,0.6153
148,1199,car,586.53,216.18,618.38,238.69,0.7447
148,1330,car,511.97,206.27,542.92,231.07,0.7096
148,1406,car,501.41,187.6,527.05,205.34,0.4772
148,1013,car,741.04,242.56,780.32,273.66,0.3925
148,370,car,786.43,263.0,854.95,307.49,0.5028
148,21,bus,298.21,208.56,391.78,323.32,0.2564
149,1,bus,417.07,191.42,494.84,329.19,0.8736
149,7,bus,508.17,236.46,678.6,534.66,0.907
149,9,bus,669.22,258.68,925.05,500.49,0.9344
149,76,car,845.65,302.7,937.65,350.24,0.7538
149,37,bus,698.88,179.6,771.67,235.35,0.7695
149,1029,bus,669.48,174.94,702.01,206.66,0.246
149,1066,bus,841.19,231.18,952.25,342.84,0.8223
149,16,car,914.02,370.49,960.0,421.49,0.4466
149,1199,car,587.73,217.06,619.73,239.62,0.6907
149,1330,car,512.29,207.4,543.07,232.38,0.7139
149,1406,car,501.25,187.5,527.25,205.69,0.5072
149,1013,car,740.65,242.18,780.21,273.56,0.3929
149,370,car,780.68,262.89,852.42,308.53,0.469
149,21,bus,299.38,209.14,389.84,319.02,0.3024
149,1613,car,707.35,250.37,759.1,272.88,0.3815
149,1614,car,676.52,225.19,708.23,256.43,0.364
149,1615,car,727.01,218.66,755.69,243.59,0.3924
149,1622,bus,510.89,233.34,608.14,332.09,0.3253
150,1,bus,416.59,191.47,494.24,329.19,0.8649
150,7,bus,510.74,238.79,680.91,537.6,0.8939
150,9,bus,672.47,262.56,935.03,510.46,0.934
150,76,car,844.9,302.83,937.38,350.25,0.7576
150,37,bus,698.61,179.59,771.89,235.28,0.8065
150,1029,bus,668.14,176.56,698.13,205.75,0.3256
150,1066,bus,839.5,230.84,952.18,342.55,0.8526
150,1199,car,588.23,216.73,621.99,240.62,0.6946
150,1330,car,512.6,207.91,543.09,232.99,0.6275
150,1406,car,501.86,187.75,527.57,205.84,0.4602
150,1013,car,740.09,242.36,778.91,273.17,0.5453
150,370,car,784.19,262.57,850.97,304.2,0.4354
150,1613,car,707.33,250.56,759.49,273.25,0.4764
150,1614,car,675.93,224.93,707.66,256.16,0.3506
150,1615,car,726.1,218.53,755.38,243.99,0.418
150,1622,bus,511.22,233.54,610.27,334.1,0.2748
150,1481,bus,451.32,146.82,470.45,170.82,0.3551
151,1,bus,416.01,191.3,493.85,329.35,0.872
151,7,bus,512.62,239.01,683.2,538.9,0.9081
151,9,bus,675.13,263.07,948.6,520.95,0.946
151,76,car,842.74,302.69,936.23,350.1,0.7437
151,37,bus,699.29,180.07,771.5,234.43,0.6975
151,1029,bus,667.89,176.75,696.72,204.57,0.3018
151,1066,bus,838.51,230.16,952.28,341.41,0.9001
151,1199,car,588.98,216.8,623.17,241.1,0.6827
151,1330,car,513.14,208.42,542.61,232.86,0.63
151,1406,car,502.07,187.82,527.78,206.05,0.4673
151,1013,car,739.22,241.83,777.79,272.44,0.5569
151,370,car,782.81,262.25,849.68,303.2,0.4428
151,1613,car,707.25,250.48,759.84,273.38,0.4376
151,1614,car,675.79,225.07,707.03,255.75,0.3621
151,1615,car,725.81,218.44,754.46,243.32,0.2944
151,1481,bus,451.41,146.46,470.59,170.49,0.4092
152,1,bus,415.92,190.97,493.74,328.98,0.8629
152,7,bus,514.04,237.91,685.45,538.35,0.921
152,9,bus,678.0,265.64,957.37,528.65,0.9488
152,76,car,841.96,302.55,936.26,349.94,0.756
152,37,bus,699.29,179.41,771.19,233.0,0.6633
152,1029,bus,667.82,176.66,696.33,203.91,0.3472
152,1066,bus,837.7,229.63,952.49,340.45,0.9106
152,1199,car,589.86,217.59,624.14,241.97,0.7301
152,1330,car,513.21,208.22,542.73,232.98,0.6193
152,1406,car,502.11,188.1,527.7,206.33,0.4494
152,1013,car,739.33,241.12,777.71,271.69,0.3879
152,370,car,780.23,261.87,851.86,305.66,0.4076
152,1613,car,710.13,250.77,758.98,272.1,0.3875
152,1614,car,675.66,224.81,705.69,254.12,0.3458
152,1615,car,725.72,218.27,753.89,242.69,0.3524
152,1481,bus,451.31,146.2,470.85,170.73,0.4128
152,1657,bus,470.65,156.35,507.14,184.54,0.3361
152,1658,truck,1.49,370.71,303.93,534.22,0.3036
152,1668,bus,891.49,214.5,959.25,246.19,0.3182
153,1,bus,415.89,191.22,493.31,328.47,0.8797
153,7,bus,516.53,239.58,687.32,537.13,0.9075
153,9,bus,679.05,268.96,960.0,535.82,0.9527
153,76,car,841.94,302.27,937.85,350.34,0.7514
153,37,bus,696.84,179.65,773.2,236.57,0.804
153,1029,bus,667.78,177.11,696.01,203.78,0.3506
153,1066,bus,835.72,229.13,952.98,341.07,0.9113
153,1199,car,589.83,217.78,625.79,243.57,0.7522
153,1330,car,514.03,209.0,542.61,233.11,0.6762
153,1406,car,502.13,188.31,527.65,206.55,0.4094
153,1013,car,739.5,241.44,777.2,271.51,0.4223
153,370,car,779.28,262.15,851.38,305.98,0.4154
153,1613,car,707.31,250.09,759.74,273.03,0.5028
153,1614,car,675.32,224.69,705.16,253.6,0.3438
153,1615,car,725.27,218.31,752.59,242.0,0.3292
153,1481,bus,451.91,146.58,471.12,170.75,0.4493
153,1657,bus,469.47,155.25,508.07,185.1,0.5192
153,1658,truck,0.78,370.63,303.29,534.19,0.2067
153,1674,car,939.23,352.01,960.0,386.32,0.3294
153,1675,car,545.87,203.95,574.03,220.09,0.4767
154,1,bus,415.82,191.92,493.12,328.91,0.8722
154,7,bus,524.26,265.06,684.53,537.8,0.8981
154,9,bus,680.91,271.22,960.0,538.46,0.9528
154,76,car,841.48,302.46,937.96,350.57,0.7145
154,37,bus,696.8,179.93,772.92,236.44,0.7698
154,1066,bus,834.4,228.73,953.11,340.77,0.8922
154,1199,car,590.13,218.79,626.69,245.17,0.7542
154,1330,car,514.6,210.16,542.74,233.98,0.6221
154,1406,car,502.67,188.95,527.7,206.94,0.4233
154,1013,car,739.16,241.64,776.49,271.35,0.5162
154,370,car,782.2,262.91,851.42,304.81,0.3756
154,1613,car,703.33,250.15,762.38,276.25,0.5532
154,1614,car,674.67,224.59,704.96,253.7,0.3218
154,1615,car,725.15,218.87,750.74,241.01,0.3286
154,1481,bus,452.5,147.2,471.29,170.85,0.4232
154,1657,bus,469.94,155.15,508.83,185.28,0.3348
154,1674,car,938.32,351.97,958.8,385.47,0.3972
154,1675,car,542.32,201.32,576.48,221.0,0.4822
155,1,bus,416.0,191.9,493.32,329.04,0.8736
155,7,bus,529.71,279.37,685.73,538.17,0.9159
155,9,bus,683.57,272.67,960.0,539.38,0.951
155,76,car,845.08,302.55,941.55,350.98,0.7396
155,37,bus,697.05,179.51,773.16,235.84,0.7544
155,1066,bus,832.2,227.19,953.09,339.95,0.8852
155,1199,car,591.06,219.82,628.1,246.83,0.75
155,1330,car,514.57,210.35,543.54,235.03,0.6562
155,1406,car,502.9,189.43,528.29,207.85,0.3752
155,1013,car,738.12,241.68,775.84,271.78,0.4813
155,370,car,780.81,263.0,851.92,306.02,0.3636
155,1613,car,700.28,250.32,765.82,279.72,0.4533
155,1614,car,673.69,224.82,704.54,254.17,0.4279
155,1615,car,725.1,219.52,749.3,240.41,0.2916
155,1481,bus,452.39,146.89,471.91,171.59,0.4982
155,1657,bus,468.89,154.07,510.59,186.47,0.569
155,1674,car,939.1,352.0,959.39,385.2,0.3483
156,1,bus,416.23,192.34,493.52,329.66,0.8852
156,7,bus,525.17,259.53,694.99,537.77,0.8856
156,9,bus,686.18,273.65,960.0,538.63,0.9547
156,76,car,847.38,302.74,942.79,350.96,0.7387
156,37,bus,697.66,179.44,773.12,235.02,0.7133
156,1066,bus,830.72,226.58,952.72,338.95,0.8962
156,1199,car,592.02,220.7,629.38,248.06,0.7698
156,1330,car,514.74,210.62,544.09,235.77,0.7159
156,1406,car,503.28,190.02,528.85,208.65,0.3755
156,1013,car,737.73,241.69,775.39,271.82,0.5195
156,370,car,781.44,263.28,851.39,305.62,0.3774
156,1613,car,697.95,250.22,767.88,282.18,0.5635
156,1614,car,673.4,224.63,704.75,254.18,0.4057
156,1615,car,724.79,219.49,748.39,239.81,0.3098
156,1481,bus,452.25,147.06,472.09,172.21,0.5243
156,1657,bus,469.16,154.26,511.02,186.91,0.5873
156,1674,car,938.5,351.04,959.54,385.45,0.2985
156,1713,bus,665.27,176.87,700.49,222.08,0.3827
156,1675,car,541.32,200.96,578.77,222.77,0.4663
157,1,bus,416.32,192.45,493.47,329.65,0.8811
157,7,bus,526.77,266.2,696.64,537.69,0.8958
157,9,bus,689.66,277.16,960.0,538.27,0.9533
157,76,car,843.35,302.84,938.53,350.49,0.7499
157,37,bus,697.18,179.32,773.43,235.35,0.7812
157,1066,bus,829.23,225.28,952.75,337.76,0.8849
157,1199,car,593.21,221.52,630.46,248.83,0.7427
157,1330,car,514.85,210.7,544.55,236.26,0.7336
157,1406,car,503.39,190.33,528.9,209.01,0.4051
157,1013,car,737.64,241.75,774.53,271.21,0.5076
157,370,car,781.42,262.86,852.02,305.76,0.4637
157,1613,car,695.55,249.75,769.63,284.38,0.5969
157,1614,car,673.23,224.64,703.87,253.13,0.4229
157,1615,car,723.55,219.18,747.31,239.61,0.2816
157,1481,bus,452.1,146.44,472.56,172.44,0.5572
157,1657,bus,469.5,154.58,510.91,186.97,0.4499
157,1674,car,939.85,350.87,957.95,380.06,0.3341
157,1713,bus,664.88,176.69,700.52,222.49,0.2912
157,1675,car,544.72,205.05,576.37,223.54,0.4625
157,21,bus,297.21,207.08,399.95,331.53,0.3207
158,1,bus,416.44,192.68,493.38,329.64,0.8781
158,7,bus,524.64,256.25,703.5,537.06,0.9359
158,9,bus,692.0,279.3,960.0,538.43,0.9467
158,76,car,841.89,302.73,938.39,350.9,0.7711
158,37,bus,696.48,179.5,773.76,236.19,0.6437
158,1066,bus,828.34,225.75,952.07,336.9,0.8916
158,1199,car,593.35,221.99,631.18,249.75,0.7575
158,1330,car,515.22,210.87,545.08,236.69,0.7439
158,1406,car,503.77,190.74,529.11,209.43,0.4651
158,1013,car,736.65,241.57,773.59,270.95,0.4537
158,370,car,781.78,263.03,851.91,305.78,0.427
158,1613,car,693.97,249.36,771.6,286.51,0.5093
158,1614,car,673.4,224.7,704.81,253.77,0.3941
158,1481,bus,452.54,147.12,472.15,171.94,0.5216
158,1657,bus,468.95,153.91,511.3,187.24,0.514
158,1674,car,939.69,350.62,958.6,381.0,0.3045
158,1713,bus,666.26,176.38,697.89,216.96,0.3059
158,1675,car,544.15,203.85,578.73,224.29,0.5126
158,21,bus,299.98,206.86,400.72,326.58,0.2946
159,1,bus,416.3,193.0,493.06,329.6,0.8843
159,7,bus,528.41,254.58,711.23,536.32,0.9043
159,9,bus,694.48,280.17,960.0,538.3,0.9414
159,76,car,844.87,302.69,940.51,350.64,0.7535
159,37,bus,696.27,179.75,773.75,236.42,0.6217
159,1066,bus,827.66,226.39,950.98,335.35,0.8979
159,1199,car,593.5,222.66,632.17,251.1,0.6967
159,1330,car,515.27,211.21,545.52,237.48,0.7158
159,1406,car,504.0,190.84,529.48,209.72,0.4431
159,1013,car,737.58,241.98,773.66,270.8,0.402
159,1613,car,693.57,249.35,770.41,287.06,0.4412
159,1614,car,673.15,224.55,704.9,253.95,0.2543
159,1481,bus,452.69,147.26,471.89,171.52,0.5117
159,1657,bus,468.74,153.66,511.52,187.56,0.5503
159,1713,bus,667.65,176.71,695.55,212.29,0.2432
159,1675,car,543.52,203.42,579.31,224.89,0.5367
159,21,bus,298.85,205.44,407.02,333.17,0.3217
160,1,bus,416.5,193.29,493.22,329.91,0.8863
160,7,bus,541.78,289.48,709.3,535.83,0.8797
160,9,bus,697.37,282.0,960.0,537.83,0.9387
160,76,car,842.79,302.78,938.95,350.83,0.77
160,37,bus,695.63,180.34,773.03,236.67,0.4757
160,1066,bus,826.28,226.0,951.02,334.58,0.906
160,1199,car,594.71,224.41,633.65,253.11,0.7587
160,1330,car,515.5,211.87,545.98,238.38,0.6884
160,1406,car,503.88,191.23,529.52,210.36,0.4443
160,1013,car,737.37,242.57,772.83,271.02,0.3284
160,1614,car,672.69,224.68,705.01,254.72,0.2588
160,1481,bus,452.73,147.76,471.91,171.96,0.3705
160,1657,bus,469.84,155.6,510.49,187.91,0.5282
160,1675,car,542.82,203.4,579.86,225.99,0.4903
160,370,car,781.68,262.8,852.32,306.29,0.4171
160,1674,car,938.97,350.11,956.39,377.23,0.302
161,1,bus,416.49,193.17,493.3,330.0,0.8932
161,7,bus,547.77,305.62,711.4,535.78,0.9341
161,9,bus,701.12,285.47,960.0,537.68,0.9332
161,76,car,845.18,302.67,940.52,350.57,0.762
161,37,bus,694.78,180.0,773.48,237.13,0.6353
161,1066,bus,824.9,225.34,951.25,333.76,0.9028
161,1199,car,595.14,224.98,635.09,254.47,0.7625
161,1330,car,515.77,212.53,545.98,238.87,0.722
161,1406,car,504.16,191.3,530.36,211.02,0.4405
161,1013,car,738.07,243.3,772.04,270.64,0.3794
161,1614,car,672.38,224.94,704.18,254.4,0.3192
161,1481,bus,452.39,147.83,471.97,172.55,0.3986
161,1657,bus,470.07,155.74,510.27,187.84,0.4888
161,1675,car,543.2,203.74,580.17,226.69,0.5229
161,1801,car,532.19,240.67,564.82,257.41,0.4358
161,1802,car,704.87,248.89,757.37,284.47,0.3131
161,1805,bus,871.67,212.27,934.96,244.0,0.3186
161,370,car,780.65,262.56,851.14,306.23,0.3907
161,1622,bus,518.0,256.06,631.92,370.74,0.4255
162,1,bus,416.64,192.91,493.65,330.23,0.9051
162,7,bus,539.98,278.96,726.74,536.28,0.861
162,9,bus,705.88,291.43,960.0,537.89,0.935
162,76,car,843.15,302.54,938.83,350.42,0.7735
162,37,bus,693.38,179.85,774.97,239.23,0.7128
162,1066,bus,823.66,225.54,950.74,332.91,0.904
162,1199,car,595.2,225.66,636.17,255.93,0.7374
162,1330,car,516.06,213.14,546.39,239.64,0.7325
162,1406,car,504.6,191.84,530.71,211.59,0.4328
162,1013,car,737.56,243.02,771.15,269.95,0.4733
162,1614,car,672.02,224.89,703.93,254.45,0.385
162,1481,bus,451.94,147.63,472.36,173.5,0.5237
162,1657,bus,470.4,156.02,510.52,188.2,0.5962
162,1675,car,545.16,205.49,579.87,227.32,0.5383
162,1801,car,532.15,241.37,565.78,258.65,0.4687
162,1802,car,708.58,248.93,754.29,279.79,0.2768
162,1805,bus,871.32,212.21,935.2,244.27,0.382
162,370,car,781.38,262.65,851.04,306.13,0.3331
162,1831,car,746.53,272.7,817.89,302.43,0.3612
162,244,car,767.44,238.52,810.25,263.53,0.4188
162,1713,bus,669.14,175.86,695.82,209.48,0.313
162,21,bus,298.24,206.68,409.38,337.71,0.2248
162,1674,car,937.58,347.72,956.0,375.41,0.4136
163,1,bus,416.7,192.52,493.79,330.19,0.9109
163,7,bus,546.38,303.22,723.78,536.69,0.8973
163,9,bus,710.34,295.77,960.0,537.98,0.9361
163,76,car,841.59,302.41,937.65,350.25,0.7789
163,37,bus,693.15,179.6,775.59,239.8,0.6474
163,1066,bus,821.57,224.83,950.93,332.64,0.8923
163,1199,car,595.27,226.12,637.17,257.12,0.6878
163,1330,car,516.2,213.19,547.3,240.48,0.6688
163,1406,car,504.68,191.99,530.95,212.0,0.428
163,1013,car,736.71,242.38,770.61,269.57,0.4003
163,1614,car,672.29,224.88,702.47,252.7,0.2731
163,1481,bus,452.22,147.38,472.62,173.35,0.4728
163,1657,bus,470.71,155.53,511.19,188.21,0.5665
163,1675,car,547.93,208.17,579.27,228.04,0.4912
163,1801,car,532.0,242.24,566.19,259.85,0.3587
163,1805,bus,871.1,212.4,935.14,244.56,0.3621
163,370,car,781.73,262.16,852.04,306.64,0.4864
163,1831,car,744.57,272.96,820.71,304.75,0.4694
163,244,car,766.9,239.49,807.87,263.52,0.4346
163,1713,bus,668.51,176.03,695.85,210.11,0.3003
163,21,bus,295.63,210.57,402.81,338.07,0.323
163,1674,car,934.79,346.85,958.0,381.57,0.5204
164,1,bus,416.83,193.21,493.54,330.34,0.9036
164,7,bus,547.44,315.84,722.63,537.08,0.8109
164,9,bus,714.57,300.11,960.0,538.18,0.94
164,76,car,840.79,302.57,937.27,350.39,0.767
164,37,bus,693.06,180.14,775.7,240.66,0.6294
164,1066,bus,819.93,224.95,951.04,332.74,0.8874
164,1199,car,595.83,226.99,637.96,258.25,0.6513
164,1330,car,516.65,213.21,548.52,241.25,0.6591
164,1406,car,504.81,192.41,531.11,212.57,0.5078
164,1013,car,738.01,243.47,769.96,269.05,0.3994
164,1614,car,672.09,224.93,701.71,252.07,0.3841
164,1657,bus,470.84,155.42,511.54,188.38,0.5557
164,1675,car,547.26,207.53,580.64,228.99,0.5613
164,1801,car,531.17,242.93,568.3,262.15,0.507
164,1805,bus,868.5,211.79,935.26,245.36,0.2475
164,370,car,782.52,262.23,852.47,307.14,0.4404
164,1831,car,742.94,272.31,824.14,306.33,0.6456
164,244,car,766.86,240.29,805.88,263.39,0.4694
164,1713,bus,665.94,176.32,697.13,215.38,0.3333
164,21,bus,295.18,209.05,406.8,342.49,0.239
164,1674,car,935.37,346.18,956.62,376.69,0.5022
164,1622,bus,512.9,260.48,646.14,396.03,0.4173
164,1802,car,707.61,249.33,753.3,280.09,0.3782
165,1,bus,417.1,193.56,493.66,330.54,0.9034
165,7,bus,549.21,328.15,722.08,537.62,0.8489
165,9,bus,718.07,303.1,960.0,538.29,0.936
165,76,car,840.8,302.85,937.42,350.56,0.7533
165,37,bus,693.01,180.79,775.21,241.06,0.6077
165,1066,bus,819.18,224.82,951.19,331.94,0.9073
165,1199,car,597.21,227.85,639.62,259.48,0.6427
165,1330,car,517.12,214.12,548.76,241.91,0.7117
165,1406,car,505.07,192.9,530.96,212.97,0.4965
165,1013,car,737.29,243.66,769.04,268.88,0.3622
165,1614,car,671.6,224.88,701.6,252.32,0.4339
165,1657,bus,472.33,157.0,511.03,188.4,0.511
165,1675,car,548.87,209.52,580.16,229.83,0.4904
165,1801,car,531.86,244.45,570.83,264.67,0.5271
165,1805,bus,864.23,211.4,932.1,245.4,0.2614
165,370,car,783.16,262.32,852.21,307.32,0.4801
165,1831,car,740.18,272.27,827.34,309.02,0.716
165,244,car,767.44,241.79,804.33,263.31,0.4325
165,1713,bus,666.62,176.01,697.48,214.44,0.3179
165,21,bus,294.2,206.96,408.95,345.37,0.3443
165,1674,car,935.3,345.78,955.81,374.02,0.5214
165,1622,bus,512.5,262.59,649.57,403.38,0.5236
165,1802,car,709.47,249.73,750.95,277.28,0.2962
165,1658,truck,0.96,371.55,302.16,534.46,0.3062
165,1481,bus,453.01,148.03,473.33,173.98,0.3367
166,1,bus,417.22,194.01,493.8,331.01,0.899
166,7,bus,549.0,336.06,722.51,538.3,0.9232
166,9,bus,722.05,306.5,960.0,538.33,0.9312
166,76,car,843.78,303.22,940.3,351.15,0.7199
166,37,bus,693.78,181.79,774.02,240.56,0.5942
166,1066,bus,818.27,224.2,951.5,330.98,0.8982
166,1199,car,598.79,229.16,640.86,260.48,0.7314
166,1330,car,517.26,215.01,549.27,243.2,0.7787
166,1406,car,504.85,193.73,530.36,213.84,0.5496
166,1013,car,735.06,242.58,768.54,268.87,0.3165
166,1614,car,671.73,224.98,701.48,252.15,0.4661
166,1657,bus,473.01,157.43,511.03,188.35,0.4546
166,1675,car,549.12,209.75,580.85,230.66,0.5505
166,1801,car,533.09,246.64,572.59,267.22,0.6504
166,370,car,783.71,262.68,850.23,306.16,0.5854
166,1831,car,735.67,272.84,831.3,313.66,0.7214
166,244,car,765.85,241.29,803.66,263.36,0.4397
166,1713,bus,664.86,176.24,698.04,217.78,0.368
166,21,bus,293.8,208.88,407.24,346.94,0.3107
166,1674,car,935.51,345.85,955.82,372.75,0.4654
166,1622,bus,514.03,265.74,651.69,407.79,0.7312
166,1658,truck,0.97,371.79,301.59,534.43,0.2941
166,1481,bus,453.24,148.88,473.55,174.87,0.5456
167,1,bus,417.22,194.16,493.72,331.06,0.8975
167,7,bus,547.71,340.07,724.17,538.63,0.9079
167,9,bus,726.61,310.67,960.0,537.75,0.9343
167,76,car,841.43,303.0,938.81,351.17,0.7229
167,37,bus,693.97,181.37,773.59,239.67,0.7081
167,1066,bus,817.1,223.78,951.87,330.54,0.8739
167,1199,car,599.96,229.82,642.54,261.55,0.6985
167,1330,car,517.62,215.62,549.33,243.64,0.7489
167,1406,car,505.04,194.15,530.07,214.19,0.5272
167,1013,car,733.24,241.77,768.49,269.34,0.2721
167,1614,car,671.53,224.65,701.3,251.87,0.4823
167,1657,bus,473.45,158.24,511.57,189.27,0.5447
167,1675,car,549.69,209.91,582.1,231.59,0.6217
167,1801,car,533.6,248.1,573.71,269.14,0.573
167,370,car,783.47,262.2,850.13,306.19,0.5396
167,1831,car,732.52,272.96,833.01,316.53,0.7512
167,244,car,761.71,238.29,803.31,262.81,0.3736
167,1713,bus,665.49,175.62,698.21,216.66,0.4333
167,21,bus,295.02,202.65,411.75,345.15,0.2532
167,1674,car,934.4,345.48,956.31,373.76,0.4748
167,1622,bus,519.14,268.63,650.48,403.38,0.6891
167,1481,bus,453.34,148.77,473.87,175.03,0.5102
167,1805,bus,868.48,212.4,932.21,244.29,0.2608
167,1802,car,709.62,248.63,752.25,276.6,0.3775
168,1,bus,417.27,194.14,493.65,330.78,0.8974
168,7,bus,545.13,339.7,727.07,538.45,0.8741
168,9,bus,730.67,313.8,960.0,537.32,0.9322
168,76,car,846.23,302.94,943.92,351.98,0.7192
168,37,bus,694.5,182.06,773.51,239.8,0.6016
168,1066,bus,815.39,222.31,952.78,330.14,0.861
168,1199,car,602.96,231.25,645.36,263.12,0.7017
168,1330,car,517.85,216.15,549.51,244.15,0.763
168,1406,car,505.04,194.23,529.76,214.24,0.5074
168,1013,car,732.13,241.09,767.9,268.99,0.3041
168,1614,car,671.01,224.47,701.69,252.63,0.4573
168,1657,bus,472.93,156.81,511.97,188.82,0.504
168,1675,car,549.72,209.45,583.39,232.38,0.7084
168,1801,car,533.67,249.43,575.38,271.39,0.5258
168,370,car,783.39,261.68,849.79,305.87,0.6125
168,1831,car,729.71,272.65,834.84,319.12,0.7348
168,244,car,759.92,236.54,802.92,262.23,0.4065
168,1713,bus,666.51,175.44,698.68,215.62,0.3715
168,21,bus,295.52,205.12,409.65,344.83,0.2355
168,1674,car,934.09,345.33,956.13,372.82,0.4185
168,1622,bus,524.73,271.59,650.26,398.36,0.708
168,1481,bus,453.63,149.25,473.99,175.23,0.3382
168,1802,car,708.26,248.31,752.04,276.72,0.3179
168,1658,truck,0.88,371.94,301.46,534.64,0.3501
169,1,bus,417.41,193.82,493.69,330.31,0.8977
169,7,bus,544.59,343.87,727.74,537.75,0.9078
169,9,bus,735.69,317.44,960.0,536.97,0.9476
169,76,car,847.31,302.88,943.82,351.79,0.6732
169,37,bus,694.04,181.11,774.14,239.64,0.6061
169,1066,bus,813.38,219.89,954.37,329.87,0.8676
169,1199,car,605.49,232.29,647.38,264.08,0.7077
169,1330,car,517.79,215.87,550.17,244.62,0.7638
169,1406,car,505.5,194.42,529.71,214.18,0.5026
169,1013,car,727.91,238.74,765.84,267.93,0.3675
169,1614,car,669.37,223.86,700.46,252.18,0.5565
169,1657,bus,473.3,157.04,512.25,188.97,0.4998
169,1675,car,550.02,209.05,584.42,232.94,0.7003
169,1801,car,532.71,250.23,577.16,273.78,0.4974
169,370,car,783.44,260.73,850.14,305.69,0.6756
169,1831,car,728.29,271.19,835.56,319.67,0.7119
169,244,car,757.55,234.66,801.42,261.19,0.4392
169,1713,bus,667.04,175.76,698.41,214.69,0.4248
169,21,bus,294.92,209.74,399.6,338.78,0.3815
169,1674,car,933.83,345.09,955.78,371.41,0.3413
169,1622,bus,529.66,273.7,650.45,392.75,0.5919
169,1481,bus,454.52,149.27,474.64,174.86,0.2567
169,1802,car,705.03,248.81,754.0,280.57,0.3264
169,1658,truck,0.91,371.86,301.63,534.71,0.2063
170,1,bus,417.27,193.24,493.76,330.27,0.8958
170,7,bus,544.42,349.07,728.21,537.71,0.8829
170,9,bus,739.73,319.5,960.0,536.75,0.9441
170,76,car,848.21,302.72,942.79,350.98,0.6765
170,37,bus,694.09,180.3,774.46,239.04,0.6668
170,1066,bus,813.03,218.28,954.69,328.17,0.8502
170,1199,car,606.61,232.69,649.21,265.31,0.706
170,1330,car,518.35,216.14,550.78,244.95,0.7242
170,1406,car,506.32,195.0,529.68,214.12,0.5268
170,1013,car,726.19,237.52,765.05,267.08,0.3715
170,1614,car,668.1,223.52,699.7,252.0,0.4558
170,1657,bus,472.3,155.83,513.47,189.81,0.7012
170,1675,car,550.57,208.91,585.23,233.41,0.7533
170,1801,car,530.98,251.34,579.8,277.57,0.5388
170,370,car,784.6,259.91,849.54,304.11,0.6406
170,1831,car,729.14,270.79,834.55,319.49,0.7081
170,244,car,755.77,233.62,799.54,260.38,0.4609
170,1713,bus,667.14,176.01,697.67,213.62,0.4637
170,21,bus,297.87,208.23,402.21,336.15,0.379
170,1674,car,932.64,344.66,956.21,372.18,0.5346
170,1622,bus,528.9,276.0,653.03,395.77,0.7605
170,1481,bus,454.51,148.31,475.01,174.36,0.2543
170,1802,car,706.19,248.37,752.23,277.89,0.3564
170,1658,truck,1.25,372.22,301.37,534.73,0.203
171,1,bus,417.26,193.33,493.66,330.18,0.8955
171,7,bus,547.55,362.55,724.94,537.69,0.9056
171,9,bus,745.19,324.05,960.0,536.79,0.9421
171,76,car,847.23,302.97,941.0,350.79,0.6709
171,37,bus,694.37,180.35,774.21,238.67,0.6925
171,1066,bus,813.43,216.54,953.4,324.14,0.8214
171,1199,car,606.94,233.7,649.84,266.65,0.6715
171,1330,car,518.31,216.17,551.82,246.11,0.6809
171,1406,car,506.54,195.08,530.1,214.53,0.4454
171,1013,car,725.15,237.07,764.09,266.33,0.3606
171,1614,car,667.72,223.55,699.82,252.36,0.4522
171,1657,bus,473.62,156.23,513.06,188.8,0.4168
171,1675,car,550.92,208.87,586.52,234.53,0.7322
171,1801,car,529.9,252.88,582.29,281.48,0.6053
171,370,car,784.0,259.89,848.9,304.42,0.6398
171,1831,car,730.58,270.78,833.94,319.7,0.7238
171,244,car,754.38,232.73,797.98,259.81,0.472
171,1713,bus,667.4,176.16,697.5,212.91,0.5029
171,21,bus,298.78,204.79,406.29,335.93,0.2893
171,1674,car,931.3,344.38,956.63,373.32,0.4695
171,1622,bus,529.08,279.26,655.74,399.13,0.7894
171,1481,bus,454.53,148.31,475.34,174.82,0.2797
171,1802,car,705.66,249.06,753.75,279.83,0.3933
171,1903,car,816.99,313.02,890.56,345.79,0.3533
172,1,bus,417.26,194.1,493.68,330.75,0.8925
172,7,bus,544.93,361.99,727.74,537.2,0.6
172,9,bus,751.19,330.55,960.0,536.94,0.9335
172,76,car,850.24,303.43,942.36,350.91,0.7234
172,37,bus,696.18,182.19,773.23,238.29,0.6161
172,1066,bus,814.89,218.0,950.85,320.79,0.8559
172,1199,car,607.5,234.81,651.85,269.18,0.669
172,1330,car,518.7,217.84,552.7,248.22,0.5812
172,1406,car,506.14,195.35,530.37,215.6,0.5025
172,1013,car,725.34,238.19,763.46,266.52,0.4155
172,1614,car,667.57,223.71,699.93,252.71,0.5019
172,1657,bus,474.71,157.43,512.44,188.34,0.3524
172,1675,car,551.21,209.21,587.38,235.79,0.7388
172,1801,car,529.55,254.93,583.78,284.97,0.6247
172,370,car,783.06,260.06,848.46,305.34,0.6645
172,1831,car,731.88,271.29,832.2,319.83,0.7589
172,244,car,753.33,231.87,797.03,259.48,0.5534
172,1713,bus,666.63,175.0,698.63,214.09,0.5763
172,21,bus,296.76,206.44,406.59,340.7,0.3853
172,1622,bus,528.6,282.37,660.62,405.51,0.6725
172,1481,bus,455.3,150.2,474.85,174.87,0.2576
172,1802,car,706.51,249.09,754.51,279.63,0.4336
172,1903,car,817.27,313.9,884.93,343.97,0.5334
172,1658,truck,0.3,371.96,301.11,535.08,0.3474
173,1,bus,417.3,194.03,493.65,330.57,0.8938
173,7,bus,519.67,311.81,753.4,537.89,0.7473
173,9,bus,757.61,337.1,960.0,536.99,0.93
173,76,car,850.84,303.23,942.45,350.72,0.7204
173,37,bus,697.04,182.72,773.01,237.81,0.6447
173,1066,bus,813.98,218.38,950.73,320.53,0.8496
173,1199,car,609.63,236.52,653.25,270.48,0.7186
173,1330,car,519.09,218.87,552.79,249.0,0.617
173,1406,car,506.0,195.83,529.88,216.01,0.4667
173,1013,car,726.23,237.9,764.11,266.02,0.3417
173,1614,car,667.77,223.64,699.57,252.08,0.4428
173,1657,bus,475.25,157.38,512.82,187.93,0.2746
173,1675,car,552.1,209.95,587.64,236.51,0.7424
173,1801,car,529.22,256.26,585.06,287.65,0.628
173,370,car,782.48,259.8,847.36,304.98,0.6528
173,1831,car,733.38,271.48,830.61,319.57,0.75
173,244,car,753.45,231.06,795.23,257.84,0.5429
173,1713,bus,667.08,175.5,698.58,213.64,0.6394
173,21,bus,296.34,201.27,410.25,340.71,0.4645
173,1622,bus,528.98,285.62,666.03,411.44,0.5401
173,1481,bus,455.16,150.38,474.72,174.95,0.2642
173,1802,car,704.63,249.24,754.97,281.39,0.4176
173,1903,car,814.75,313.79,890.14,347.31,0.648
173,1674,car,931.36,344.04,955.69,370.76,0.4176
174,1,bus,417.08,193.58,493.46,330.17,0.8958
174,7,bus,537.98,354.54,736.06,537.71,0.6359
174,9,bus,763.43,342.01,960.0,536.91,0.9145
174,76,car,847.79,302.7,940.41,350.54,0.6872
174,37,bus,696.36,181.55,773.17,237.06,0.7157
174,1066,bus,811.81,218.86,949.97,320.7,0.8636
174,1199,car,611.55,237.84,654.66,271.43,0.7507
174,1330,car,518.98,219.01,552.81,249.33,0.6836
174,1406,car,506.31,195.47,530.22,215.87,0.5078
174,1013,car,725.69,237.66,762.32,264.51,0.3062
174,1614,car,664.92,222.58,698.37,252.21,0.3811
174,1657,bus,474.67,156.36,513.57,187.97,0.4225
174,1675,car,553.09,210.65,587.81,236.92,0.7536
174,1801,car,528.55,257.16,586.82,290.5,0.7058
174,370,car,783.5,259.15,847.59,304.18,0.6526
174,1831,car,734.61,270.74,829.64,318.78,0.7583
174,244,car,751.46,230.04,793.28,257.04,0.4458
174,1713,bus,667.5,175.74,698.02,212.29,0.6241
174,21,bus,297.3,203.64,407.69,338.51,0.3514
174,1622,bus,528.04,287.95,671.06,417.41,0.5893
174,1481,bus,455.32,149.61,475.48,174.94,0.3387
174,1802,car,704.3,249.03,755.85,282.0,0.3045
174,1903,car,812.85,313.65,894.56,350.14,0.5006
174,1936,bus,487.7,167.33,513.56,192.08,0.3481
174,1674,car,927.62,343.89,959.07,378.64,0.49
174,1805,bus,870.32,212.33,934.54,244.68,0.2636
175,1,bus,417.16,193.5,493.53,330.08,0.8856
175,7,bus,515.51,310.63,758.37,537.44,0.5835
175,9,bus,769.59,347.21,960.0,536.89,0.8819
175,76,car,846.97,302.59,939.39,350.11,0.6857
175,37,bus,696.38,180.45,773.22,235.82,0.7053
175,1066,bus,809.72,218.71,949.33,320.2,0.8613
175,1199,car,613.51,238.89,656.32,272.28,0.7444
175,1330,car,519.23,219.42,552.96,249.79,0.682
175,1406,car,506.49,195.56,530.39,216.03,0.5184
175,1013,car,724.58,236.51,760.7,262.64,0.3111
175,1614,car,665.91,222.44,698.73,251.61,0.3746
175,1657,bus,475.26,157.56,513.93,188.91,0.4725
175,1675,car,553.72,211.1,587.81,237.26,0.7687
175,1801,car,528.04,257.87,588.24,293.04,0.7579
175,370,car,783.73,258.71,846.65,303.19,0.6122
175,1831,car,735.17,270.45,828.82,318.83,0.7643
175,244,car,752.42,230.36,792.12,256.18,0.5134
175,1713,bus,667.4,176.26,697.04,211.33,0.6938
175,21,bus,297.61,205.18,407.96,339.88,0.3335
175,1622,bus,525.21,291.28,677.6,428.41,0.6365
175,1481,bus,455.38,149.13,475.93,174.82,0.3389
175,1802,car,704.74,249.19,755.0,281.23,0.3426
175,1903,car,808.29,313.43,898.57,354.09,0.5383
175,1936,bus,487.11,166.21,514.08,192.04,0.3207
175,1674,car,929.28,344.06,956.83,373.22,0.4182
176,1,bus,417.03,193.45,493.44,330.03,0.8649
176,7,bus,510.7,298.99,763.59,537.0,0.799
176,9,bus,775.83,352.11,960.0,537.0,0.8943
176,76,car,848.02,302.59,939.15,349.3,0.7576
176,37,bus,696.36,180.99,772.91,235.88,0.694
176,1066,bus,809.75,219.15,948.6,318.37,0.8746
176,1199,car,613.51,239.94,657.26,273.98,0.7494
176,1330,car,519.91,220.42,553.01,250.41,0.7386
176,1406,car,506.5,195.2,531.06,216.48,0.486
176,1013,car,724.34,236.36,759.95,261.9,0.2731
176,1614,car,664.14,222.02,697.35,251.32,0.3248
176,1657,bus,475.6,157.39,514.21,188.5,0.4073
176,1675,car,555.07,212.65,588.41,238.53,0.745
176,1801,car,528.3,258.87,590.08,295.76,0.7967
176,370,car,783.94,258.57,847.04,303.41,0.6062
176,1831,car,736.57,270.81,827.03,318.43,0.721
176,244,car,752.56,230.61,791.22,255.98,0.4649
176,1713,bus,667.74,176.62,697.4,211.43,0.5356
176,21,bus,296.95,201.48,410.83,340.7,0.3939
176,1622,bus,525.36,294.62,682.49,434.87,0.5034
176,1481,bus,455.58,149.4,475.76,174.48,0.2394
176,1802,car,703.08,249.16,756.41,283.38,0.2519
176,1903,car,803.27,312.83,900.12,356.83,0.5976
176,1936,bus,487.86,165.59,515.25,191.89,0.2465
176,1674,car,925.33,344.14,960.0,382.2,0.4484
176,1805,bus,871.93,212.24,933.81,243.51,0.2442
177,1,bus,416.7,193.67,493.28,330.38,0.865
177,7,bus,510.9,297.19,764.1,536.66,0.8575
177,9,bus,782.22,357.11,960.0,536.9,0.8791
177,76,car,849.4,302.71,941.25,350.16,0.7703
177,37,bus,696.76,181.68,772.74,235.94,0.7231
177,1066,bus,808.6,219.17,947.84,317.09,0.8847
177,1199,car,614.71,241.25,659.14,275.8,0.6854
177,1330,car,520.2,220.83,553.67,251.25,0.6959
177,1406,car,506.32,195.39,531.62,217.54,0.3712
177,1013,car,722.35,236.11,758.58,261.68,0.3362
177,1614,car,663.97,222.13,696.63,250.84,0.2679
177,1657,bus,475.79,156.89,515.02,188.44,0.3773
177,1675,car,556.54,214.49,588.66,239.61,0.7342
177,1801,car,528.57,260.48,591.55,298.94,0.8445
177,370,car,781.78,257.92,845.56,303.26,0.5838
177,1831,car,736.92,271.03,825.9,318.74,0.7686
177,244,car,751.69,230.79,789.5,255.85,0.4828
177,1713,bus,666.95,176.65,697.93,212.93,0.5392
177,21,bus,296.62,203.96,409.96,342.67,0.23
177,1622,bus,527.13,298.22,686.71,438.94,0.4413
177,1802,car,705.33,249.05,755.0,280.59,0.3245
177,1903,car,796.14,312.53,903.53,361.92,0.4437
177,1674,car,929.23,344.49,958.06,374.29,0.5536
177,1975,car,542.14,200.83,568.67,221.06,0.3992
177,1805,bus,870.25,212.06,933.32,243.93,0.2665
177,1658,truck,2.16,373.14,300.57,534.8,0.2443
178,1,bus,416.19,194.29,493.32,331.59,0.8859
178,7,bus,511.53,298.48,762.7,536.97,0.9134
178,9,bus,788.58,361.12,960.0,536.66,0.8462
178,76,car,851.1,303.08,941.54,350.13,0.7824
178,37,bus,696.66,182.24,772.65,236.22,0.7653
178,1066,bus,806.53,219.7,945.49,315.82,0.8838
178,1199,car,614.7,242.5,660.26,277.99,0.6654
178,1330,car,520.42,221.92,554.33,252.86,0.7488
178,1406,car,506.65,196.49,531.81,218.61,0.3951
178,1013,car,720.51,235.89,758.35,262.33,0.3331
178,1614,car,663.22,222.25,696.88,252.05,0.2277
178,1657,bus,475.9,157.62,514.38,188.4,0.4876
178,1675,car,557.43,216.27,588.82,240.87,0.7401
178,1801,car,529.56,262.64,592.7,302.12,0.7923
178,370,car,782.27,257.91,845.51,302.74,0.6648
178,1831,car,737.61,271.08,824.64,318.48,0.7908
178,244,car,751.93,231.8,787.85,255.81,0.4025
178,1713,bus,666.23,177.15,697.91,214.2,0.6223
178,1802,car,705.58,248.93,754.25,279.63,0.3806
178,1903,car,787.08,312.16,908.56,369.05,0.3072
178,1674,car,931.44,344.82,956.83,370.2,0.481
178,1975,car,543.38,203.36,568.83,222.72,0.387
178,1805,bus,860.74,211.84,932.79,248.09,0.3325
178,1481,bus,455.47,151.0,475.56,175.61,0.3409
178,1936,bus,487.3,165.96,515.55,193.17,0.2694
179,1,bus,416.22,194.55,493.54,331.97,0.8844
179,7,bus,513.73,301.86,760.48,536.52,0.9135
179,9,bus,795.75,366.35,960.0,536.73,0.7878
179,76,car,850.66,302.8,941.9,350.63,0.7917
179,37,bus,697.33,182.8,772.72,236.0,0.6988
179,1066,bus,804.47,220.04,944.03,315.27,0.8845
179,1199,car,616.22,243.79,662.46,279.99,0.6698
179,1330,car,520.49,222.64,554.26,253.6,0.7576
179,1406,car,507.32,197.51,531.93,219.16,0.402
179,1013,car,719.56,236.04,758.03,262.67,0.3226
179,1657,bus,476.12,158.66,514.28,189.11,0.4731
179,1675,car,558.41,217.75,588.73,241.48,0.7661
179,1801,car,529.35,264.34,594.43,306.1,0.8212
179,370,car,780.55,256.92,845.2,302.97,0.6517
179,1831,car,737.86,270.98,824.02,318.69,0.7964
179,244,car,751.76,232.05,786.51,255.58,0.4284
179,1713,bus,665.99,177.12,697.68,214.1,0.6414
179,1802,car,705.04,248.73,754.16,279.66,0.4042
179,1903,car,786.27,311.95,910.9,371.57,0.3981
179,1674,car,932.1,344.92,956.47,368.52,0.5469
179,1975,car,543.35,202.66,570.29,223.15,0.3771
179,1805,bus,849.74,210.62,930.33,250.59,0.3918
179,1481,bus,455.37,150.26,475.97,175.19,0.3892
179,1936,bus,487.46,165.99,515.88,193.51,0.2519
179,21,bus,293.01,208.8,401.56,343.02,0.2673
180,1,bus,416.27,194.16,493.52,331.33,0.8767
180,7,bus,515.97,304.95,758.34,535.36,0.8795
180,9,bus,804.86,375.81,960.0,535.81,0.5178
180,76,car,851.54,302.39,942.36,350.35,0.7913
180,37,bus,698.56,183.2,772.75,235.18,0.7286
180,1066,bus,803.16,219.5,941.67,312.52,0.8778
180,1199,car,617.5,244.8,664.07,281.29,0.6367
180,1330,car,520.8,223.14,554.33,254.01,0.7524
180,1406,car,507.88,197.82,532.23,219.28,0.4263
180,1013,car,720.02,237.32,757.77,263.32,0.2599
180,1657,bus,475.99,158.12,514.63,188.82,0.2958
180,1675,car,558.9,217.95,589.59,242.03,0.7749
180,1801,car,529.16,265.64,596.31,309.86,0.8382
180,370,car,781.42,256.43,845.55,302.19,0.6833
180,1831,car,737.66,270.78,822.97,318.76,0.7759
180,244,car,750.57,231.63,784.53,254.77,0.3491
180,1713,bus,666.07,176.53,698.5,214.36,0.6074
180,1802,car,704.62,248.84,753.88,279.84,0.3971
180,1903,car,787.09,312.05,908.75,371.23,0.5425
180,1674,car,931.85,344.8,956.34,367.8,0.5504
180,1975,car,543.1,202.38,572.01,224.41,0.3535
180,1805,bus,845.76,210.13,929.42,251.09,0.4895
180,1481,bus,455.34,149.63,476.57,175.18,0.3091
180,1936,bus,488.46,167.61,515.3,193.55,0.2392
180,1658,truck,1.58,373.06,300.55,535.0,0.3479
181,1,bus,416.82,194.1,493.93,330.98,0.8854
181,7,bus,516.51,309.5,753.46,534.71,0.9322
181,76,car,852.58,302.47,942.12,350.0,0.7934
181,37,bus,698.84,182.92,772.86,234.39,0.6742
181,1066,bus,802.09,219.37,939.25,309.84,0.8797
181,1199,car,618.17,245.3,666.08,282.85,0.649
181,1330,car,520.9,223.47,554.73,254.73,0.7219
181,1406,car,508.7,198.6,532.26,219.34,0.3424
181,1657,bus,476.0,157.46,514.62,188.06,0.2272
181,1675,car,559.66,218.19,590.7,242.63,0.7658
181,1801,car,528.71,266.77,598.07,313.7,0.8401
181,370,car,782.94,256.46,848.24,302.68,0.6534
181,1831,car,737.9,270.51,822.54,318.85,0.746
181,244,car,749.6,230.84,783.43,254.17,0.3216
181,1713,bus,666.14,175.68,698.84,213.81,0.6255
181,1802,car,702.82,249.11,755.61,282.65,0.4146
181,1903,car,787.3,311.85,908.93,372.21,0.4769
181,1674,car,931.83,344.52,957.25,367.99,0.5084
181,1975,car,542.96,202.32,572.72,225.07,0.31
181,1805,bus,843.31,210.18,929.02,251.6,0.3342
181,1481,bus,455.85,149.34,476.95,174.9,0.2362
181,2012,car,889.98,364.11,960.0,395.98,0.5125
181,1658,truck,1.61,373.07,300.92,535.13,0.3802
181,1614,car,663.21,222.48,694.64,250.02,0.2954
181,21,bus,295.71,204.36,408.71,344.37,0.2709
182,1,bus,416.63,194.07,493.86,330.98,0.8879
182,7,bus,518.7,314.37,751.22,534.93,0.9181
182,76,car,853.37,302.5,941.82,349.67,0.779
182,37,bus,698.83,182.41,773.08,233.78,0.6854
182,1066,bus,800.79,219.13,938.59,308.49,0.8778
182,1199,car,620.14,246.7,667.93,284.04,0.6792
182,1330,car,521.05,224.47,555.24,256.17,0.7414
182,1406,car,508.6,198.8,532.62,220.06,0.47
182,1675,car,559.86,218.32,591.84,243.69,0.8045
182,1801,car,529.58,268.69,599.31,317.09,0.8262
182,370,car,783.57,256.57,848.45,302.04,0.6418
182,1831,car,738.27,270.21,821.69,318.5,0.7384
182,244,car,748.95,230.25,782.54,253.72,0.2761
182,1713,bus,666.36,175.84,698.72,213.44,0.6964
182,1802,car,701.42,249.09,755.9,284.03,0.3898
182,1903,car,788.39,311.96,907.64,372.24,0.5346
182,1674,car,931.21,344.33,957.85,368.64,0.4812
182,1975,car,543.17,202.39,572.93,225.12,0.3813
182,1805,bus,845.66,211.65,927.15,249.77,0.3226
182,1481,bus,455.99,149.78,477.18,175.31,0.2219
182,2012,car,879.42,363.2,960.0,404.33,0.5533
182,1658,truck,0.98,372.54,300.58,534.87,0.3095
182,1614,car,662.17,221.78,693.52,248.8,0.2912
182,21,bus,296.89,206.43,407.99,344.0,0.248
183,1,bus,416.77,194.48,494.25,331.81,0.892
183,7,bus,516.95,319.73,743.52,534.8,0.9183
183,76,car,854.06,302.53,941.99,349.76,0.7943
183,37,bus,698.66,182.71,772.88,233.73,0.6469
183,1066,bus,797.77,218.84,936.46,307.45,0.8825
183,1199,car,622.91,248.77,670.26,285.69,0.6991
183,1330,car,521.57,225.66,555.42,257.1,0.7371
183,1406,car,508.67,199.36,532.84,220.95,0.5294
183,1675,car,559.94,218.59,592.91,244.92,0.8133
183,1801,car,530.01,270.76,599.87,320.51,0.8597
183,370,car,782.33,256.25,848.03,302.26,0.6603
183,1831,car,738.54,270.67,821.33,319.23,0.7641
183,1713,bus,666.45,176.67,698.44,213.72,0.6298
183,1802,car,701.38,249.33,755.29,284.14,0.3999
183,1903,car,790.91,311.91,907.29,371.93,0.554
183,1674,car,930.68,344.58,958.01,369.2,0.5081
183,1975,car,543.32,203.36,573.25,226.15,0.4403
183,1805,bus,843.67,211.21,928.31,250.27,0.337
183,2012,car,876.58,363.96,960.0,407.58,0.5344
183,1658,truck,1.16,372.66,300.26,534.71,0.2403
183,1614,car,662.17,221.95,693.61,248.78,0.2622
183,21,bus,295.81,210.95,401.76,342.79,0.352
184,1,bus,416.15,194.68,494.23,332.77,0.9006
184,7,bus,519.92,324.8,742.75,535.37,0.9304
184,76,car,854.74,302.79,941.21,349.46,0.7762
184,37,bus,698.91,183.26,772.59,233.55,0.6983
184,1066,bus,794.12,218.61,934.15,307.07,0.8728
184,1199,car,622.53,249.51,673.01,288.88,0.7531
184,1330,car,521.95,226.88,555.74,258.32,0.7513
184,1406,car,508.87,200.49,532.66,221.82,0.5437
184,1675,car,560.73,219.54,594.24,246.46,0.7739
184,1801,car,530.91,272.78,601.22,324.16,0.8308
184,370,car,781.15,255.74,848.03,302.75,0.6872
184,1831,car,738.91,270.83,821.11,319.65,0.7516
184,1713,bus,666.5,177.33,698.42,214.22,0.4634
184,1802,car,701.64,249.27,754.47,283.52,0.3505
184,1903,car,793.45,312.18,907.04,371.96,0.5368
184,1674,car,931.14,344.72,957.65,368.14,0.5064
184,1975,car,543.62,204.46,573.96,227.52,0.4412
184,1805,bus,842.19,211.56,930.32,251.93,0.3742
184,2012,car,868.69,364.21,960.0,415.64,0.6292
184,1658,truck,0.01,372.37,299.11,534.67,0.2219
184,1614,car,661.64,222.29,693.87,249.68,0.2973
185,1,bus,416.06,194.94,494.24,333.09,0.9015
185,7,bus,523.3,329.85,743.76,536.4,0.9444
185,76,car,855.34,303.11,940.98,349.66,0.7646
185,37,bus,699.48,184.11,772.36,233.52,0.6729
185,1066,bus,791.86,218.49,932.35,306.38,0.8621
185,1199,car,623.4,251.07,674.86,291.17,0.768
185,1330,car,521.98,227.62,556.4,259.78,0.7811
185,1406,car,509.84,202.87,532.23,222.65,0.5986
185,1675,car,561.2,220.27,595.1,247.61,0.8026
185,1801,car,532.07,275.08,602.36,327.73,0.8291
185,370,car,779.84,256.09,845.28,302.37,0.6905
185,1831,car,739.29,270.84,820.7,319.77,0.7521
185,1713,bus,666.63,177.54,698.39,214.09,0.4823
185,1802,car,702.04,249.29,753.97,283.09,0.4091
185,1903,car,794.68,312.16,905.78,371.73,0.5508
185,1674,car,930.74,344.92,957.81,368.49,0.5122
185,1975,car,544.04,204.93,574.76,228.26,0.4695
185,1805,bus,845.81,212.42,933.02,252.44,0.3603
185,2012,car,860.55,364.19,960.0,423.65,0.4789
185,1658,truck,0.31,372.43,299.29,534.73,0.2878
185,1614,car,661.87,222.21,693.67,249.04,0.288
185,21,bus,293.24,213.51,398.55,345.8,0.3676
186,1,bus,416.01,194.7,494.11,332.2,0.9023
186,7,bus,525.79,334.79,743.36,536.51,0.954
186,76,car,855.38,303.02,940.21,349.26,0.7878
186,37,bus,699.4,183.75,772.41,232.93,0.5844
186,1066,bus,788.37,217.0,931.48,306.11,0.869
186,1199,car,624.49,251.9,677.26,293.06,0.7674
186,1330,car,522.09,227.95,556.77,260.46,0.7913
186,1406,car,510.03,202.8,532.59,222.68,0.6096
186,1675,car,561.63,220.55,595.83,248.24,0.7831
186,1801,car,532.88,276.15,603.37,330.19,0.835
186,370,car,779.95,256.11,843.24,301.04,0.7189
186,1831,car,740.11,270.34,820.07,318.97,0.7575
186,1713,bus,666.5,176.99,698.35,213.58,0.5429
186,1802,car,702.74,248.96,754.26,282.67,0.3959
186,1903,car,793.8,312.02,904.07,372.12,0.5737
186,1674,car,930.5,344.51,957.12,367.11,0.582
186,1975,car,544.94,204.94,575.27,227.99,0.4851
186,1805,bus,843.14,212.37,931.7,252.75,0.397
186,2012,car,854.02,363.4,960.0,430.39,0.467
186,21,bus,295.55,212.42,397.85,341.12,0.3181
186,1481,bus,456.87,150.15,478.53,176.23,0.245
187,1,bus,415.71,194.13,493.76,331.31,0.9016
187,7,bus,528.47,339.62,743.97,536.78,0.9521
187,76,car,855.87,303.41,938.94,348.59,0.7838
187,37,bus,698.74,182.99,772.99,232.75,0.5583
187,1066,bus,785.36,214.77,930.85,305.13,0.8338
187,1199,car,626.12,252.93,679.32,294.36,0.7472
187,1330,car,522.32,228.2,557.04,260.8,0.805
187,1406,car,510.46,203.0,532.8,222.52,0.6351
187,1675,car,562.67,221.18,596.58,248.68,0.7628
187,1801,car,534.02,277.28,603.82,331.93,0.8584
187,370,car,778.5,255.65,842.77,301.61,0.6424
187,1831,car,740.48,269.61,819.47,318.19,0.7358
187,1713,bus,666.78,176.35,698.38,212.55,0.5884
187,1802,car,702.04,248.66,753.67,282.54,0.4269
187,1903,car,794.53,311.89,902.7,371.69,0.5693
187,1674,car,930.32,344.12,956.9,366.15,0.5372
187,1975,car,545.86,204.6,576.09,227.72,0.4899
187,1805,bus,839.93,211.24,930.1,252.0,0.4383
187,1481,bus,456.96,149.8,478.7,176.16,0.3026
187,1936,bus,490.03,167.35,517.83,194.45,0.275
188,1,bus,415.94,193.76,494.13,331.04,0.9003
188,7,bus,529.9,344.61,743.52,537.25,0.9506
188,76,car,856.12,303.39,939.01,348.5,0.7867
188,37,bus,698.71,182.93,772.94,232.4,0.489
188,1066,bus,783.2,213.95,929.56,304.76,0.8348
188,1199,car,627.61,254.14,681.65,296.2,0.7948
188,1330,car,522.7,228.93,557.53,261.65,0.8059
188,1406,car,510.49,203.18,533.01,222.74,0.7011
188,1675,car,563.43,222.34,597.2,249.71,0.7477
188,1801,car,534.63,278.72,605.12,335.07,0.8685
188,370,car,777.92,256.0,841.88,302.1,0.6978
188,1831,car,740.69,269.49,818.7,317.87,0.7578
188,1713,bus,666.91,176.32,698.3,212.09,0.5049
188,1802,car,701.39,248.29,753.26,282.37,0.4271
188,1903,car,795.22,311.8,901.89,371.58,0.581
188,1674,car,929.92,343.83,957.22,366.06,0.5913
188,1975,car,546.55,204.94,576.46,227.88,0.5258
188,1805,bus,839.35,211.2,929.62,251.67,0.2479
188,1481,bus,457.51,149.09,479.74,176.34,0.3086
188,2080,car,891.49,362.71,958.32,424.57,0.4472
188,1936,bus,490.02,167.37,518.44,195.25,0.3283
189,1,bus,415.73,193.97,494.17,331.56,0.9099
189,7,bus,531.12,350.24,742.01,537.47,0.9412
189,76,car,855.98,303.61,938.79,348.74,0.7854
189,37,bus,698.78,183.44,773.07,232.67,0.3885
189,1066,bus,781.46,213.85,927.76,304.6,0.8345
189,1199,car,629.21,255.7,683.72,298.09,0.7843
189,1330,car,522.92,229.68,557.98,262.7,0.7701
189,1406,car,509.71,202.46,533.75,223.35,0.6003
189,1675,car,563.42,222.72,598.3,251.08,0.7242
189,1801,car,535.6,280.88,606.44,338.67,0.8858
189,370,car,777.46,256.04,841.53,302.45,0.6984
189,1831,car,740.66,269.54,818.27,318.1,0.7297
189,1713,bus,666.7,176.87,697.69,211.9,0.5021
189,1802,car,701.64,248.26,752.66,281.81,0.4008
189,1903,car,796.41,311.7,901.74,371.57,0.6
189,1674,car,929.64,343.98,957.32,366.12,0.5448
189,1975,car,547.02,205.56,577.25,228.94,0.5522
189,2080,car,891.15,362.66,959.18,425.62,0.4364
189,1936,bus,489.31,166.88,518.88,196.05,0.3956
189,21,bus,294.34,213.38,395.75,342.15,0.2623
190,1,bus,415.38,194.29,494.19,332.24,0.912
190,7,bus,532.83,357.53,739.52,537.7,0.9272
190,76,car,855.44,303.42,938.56,348.82,0.7755
190,37,bus,698.92,183.51,774.03,233.18,0.456
190,1066,bus,780.98,213.69,926.22,303.65,0.8602
190,1199,car,630.13,257.07,685.77,300.43,0.779
190,1330,car,523.4,230.78,558.36,263.76,0.7238
190,1406,car,509.17,202.54,534.04,224.26,0.6254
190,1675,car,564.42,223.94,599.68,252.68,0.7276
190,1801,car,536.95,283.13,607.76,341.91,0.8751
190,370,car,776.8,255.74,841.23,302.59,0.6347
190,1831,car,740.95,269.6,817.68,317.98,0.7389
190,1713,bus,666.73,177.11,697.65,211.93,0.5221
190,1802,car,702.74,248.52,751.41,280.37,0.4077
190,1903,car,796.53,311.57,900.74,371.48,0.5936
190,1674,car,929.41,344.12,957.48,366.2,0.5334
190,1975,car,547.22,205.71,577.96,229.68,0.4905
190,2080,car,890.44,362.83,959.83,427.06,0.4926
190,21,bus,294.05,214.13,396.25,344.98,0.2701
191,1,bus,414.66,194.51,493.85,332.7,0.9094
191,7,bus,535.01,364.8,737.11,537.41,0.9053
191,76,car,855.32,303.59,938.0,348.8,0.8025
191,37,bus,698.36,183.74,773.94,233.53,0.444
191,1066,bus,780.58,214.23,924.31,302.99,0.8546
191,1199,car,631.33,258.14,688.6,302.8,0.7877
191,1330,car,523.32,231.63,559.11,265.5,0.7158
191,1406,car,509.51,203.49,534.09,224.9,0.6299
191,1675,car,565.55,224.47,601.56,253.91,0.6967
191,1801,car,538.5,285.24,609.3,344.97,0.8754
191,370,car,776.05,255.47,840.71,302.66,0.6476
191,1831,car,741.1,269.68,817.38,318.11,0.7628
191,1713,bus,666.82,177.45,697.55,211.89,0.3865
191,1802,car,703.83,248.54,750.99,279.3,0.3754
191,1903,car,798.54,311.97,900.6,371.42,0.5417
191,1674,car,929.39,344.28,957.43,365.95,0.5446
191,1975,car,547.59,205.7,578.66,230.08,0.568
191,2080,car,888.99,362.57,959.23,427.52,0.3462
191,21,bus,295.67,213.98,397.75,344.86,0.2428
191,1936,bus,490.85,168.73,519.17,196.62,0.3686
192,1,bus,414.19,194.52,493.8,332.98,0.9078
192,7,bus,536.69,371.52,735.07,537.34,0.8392
192,76,car,854.81,303.37,938.33,349.19,0.8104
192,37,bus,697.48,183.53,774.55,234.2,0.4531
192,1066,bus,778.98,214.68,922.32,302.96,0.8916
192,1199,car,632.87,259.99,690.82,305.19,0.777
192,1330,car,523.34,232.32,559.91,267.08,0.745
192,1406,car,509.2,203.27,534.84,225.7,0.5968
192,1675,car,566.44,225.72,602.5,255.25,0.7521
192,1801,car,539.34,286.84,610.93,348.18,0.8575
192,370,car,775.71,255.17,839.42,301.83,0.628
192,1831,car,740.91,269.7,817.18,318.48,0.7484
192,1713,bus,666.99,177.5,697.62,211.73,0.3979
192,1802,car,704.93,248.89,749.71,278.12,0.3895
192,1903,car,800.04,311.78,900.95,371.42,0.5483
192,1674,car,929.07,344.25,957.56,365.93,0.5052
192,1975,car,548.11,206.18,579.04,230.53,0.5975
192,2080,car,888.86,362.47,960.0,428.32,0.3281
192,21,bus,296.15,214.6,398.42,345.9,0.2613
192,2129,car,545.99,180.11,568.45,196.95,0.3384
192,1936,bus,491.23,169.26,519.4,196.93,0.3856
193,1,bus,413.9,194.42,493.72,332.73,0.9069
193,7,bus,538.77,378.71,733.15,537.25,0.7843
193,76,car,854.6,303.37,937.57,348.94,0.8113
193,37,bus,697.52,183.58,774.16,233.79,0.3929
193,1066,bus,777.07,214.59,920.42,302.69,0.886
193,1199,car,634.57,261.63,693.06,307.16,0.7863
193,1330,car,523.32,233.18,559.91,267.99,0.7632
193,1406,car,509.42,203.82,535.06,226.25,0.6694
193,1675,car,566.89,226.48,603.54,256.6,0.738
193,1801,car,539.85,288.46,612.73,351.95,0.8637
193,370,car,773.58,254.46,837.89,301.63,0.5588
193,1831,car,741.18,269.61,816.67,318.23,0.7451
193,1713,bus,666.94,177.78,697.31,211.6,0.4472
193,1802,car,705.65,249.27,748.5,277.31,0.3547
193,1903,car,800.8,311.46,900.36,371.07,0.5563
193,1674,car,928.64,343.85,958.34,366.31,0.5197
193,1975,car,548.56,207.07,579.42,231.44,0.6893
193,2080,car,889.45,362.49,960.0,428.6,0.3731
193,21,bus,297.44,214.21,400.34,345.84,0.2268
193,2129,car,545.26,179.65,568.57,197.15,0.3556
193,1936,bus,491.13,169.52,519.85,197.77,0.4366
193,1614,car,658.81,219.2,688.7,244.38,0.352
194,1,bus,413.78,194.31,493.94,332.87,0.9079
194,7,bus,540.5,385.5,731.0,536.93,0.8017
194,76,car,853.85,303.37,937.05,349.07,0.7879
194,37,bus,697.19,183.44,774.13,233.71,0.438
194,1066,bus,775.21,214.52,918.32,302.38,0.8808
194,1199,car,636.62,263.42,695.54,309.16,0.7756
194,1330,car,523.61,233.81,560.38,268.83,0.772
194,1406,car,509.1,203.14,535.89,226.65,0.6435
194,1675,car,567.46,227.04,604.42,257.53,0.7493
194,1801,car,541.52,290.99,613.99,354.97,0.8635
194,370,car,772.81,254.85,837.07,302.12,0.6234
194,1831,car,742.07,269.86,816.05,317.75,0.7437
194,1713,bus,666.88,177.75,697.43,211.72,0.3902
194,1802,car,704.01,249.17,748.12,278.11,0.3795
194,1903,car,801.82,311.54,900.17,371.16,0.5536
194,1674,car,928.73,344.06,958.1,365.98,0.5632
194,1975,car,548.57,207.2,580.53,232.61,0.7169
194,2080,car,889.83,362.65,960.0,428.82,0.355
194,21,bus,296.76,214.41,399.63,346.06,0.2489
194,2129,car,546.02,180.06,569.16,197.45,0.3338
194,1936,bus,491.17,169.76,519.85,198.16,0.3654
194,1614,car,658.08,218.41,687.8,243.51,0.3224
195,1,bus,413.34,194.96,493.69,333.37,0.9093
195,7,bus,543.06,393.21,729.22,537.22,0.7522
195,76,car,854.4,303.64,937.0,349.04,0.8104
195,37,bus,696.32,184.05,774.06,234.64,0.4717
195,1066,bus,772.66,213.73,916.53,302.3,0.89
195,1199,car,637.9,265.95,698.37,312.88,0.7907
195,1330,car,524.02,235.22,560.66,270.14,0.794
195,1406,car,509.21,203.55,536.22,227.3,0.7068
195,1675,car,567.83,227.71,605.82,259.16,0.7523
195,1801,car,542.66,294.11,615.43,359.19,0.8468
195,370,car,773.11,254.72,836.81,301.84,0.5193
195,1831,car,741.68,269.64,815.69,317.83,0.7312
195,1713,bus,666.77,177.87,697.2,211.56,0.314
195,1802,car,703.82,249.13,748.22,278.42,0.4218
195,1903,car,799.05,312.43,895.6,370.79,0.5793
195,1674,car,928.32,344.52,958.21,366.55,0.5225
195,1975,car,548.79,208.0,580.84,233.59,0.7457
195,2080,car,889.23,362.68,960.0,428.98,0.3817
195,21,bus,296.73,214.08,399.61,345.43,0.2445
195,2129,car,546.3,180.63,569.73,198.31,0.3323
195,1936,bus,490.53,169.7,519.68,198.83,0.3943
195,1614,car,658.41,218.68,686.91,242.75,0.292
196,1,bus,413.2,195.21,493.87,333.85,0.9101
196,7,bus,545.33,401.48,726.75,537.65,0.7356
196,76,car,854.64,303.56,938.06,349.61,0.7972
196,37,bus,696.5,185.03,773.51,234.91,0.4239
196,1066,bus,770.84,213.83,914.08,302.29,0.9054
196,1199,car,639.18,268.22,701.82,316.79,0.8295
196,1330,car,524.46,236.85,561.04,271.66,0.8106
196,1406,car,509.73,205.29,536.2,228.46,0.6846
196,1675,car,568.34,228.5,607.11,260.75,0.694
196,1801,car,544.0,297.36,617.1,363.52,0.8333
196,370,car,773.53,254.71,835.99,301.07,0.4285
196,1831,car,741.2,269.79,815.47,318.43,0.7262
196,1802,car,703.29,249.38,748.12,279.13,0.41
196,1903,car,797.35,312.88,893.91,371.09,0.5371
196,1674,car,928.23,344.51,958.34,366.51,0.5227
196,1975,car,549.48,209.16,581.94,235.19,0.6957
196,2080,car,889.38,362.92,960.0,429.3,0.4098
196,21,bus,297.18,214.45,398.54,343.65,0.4035
196,2129,car,545.63,181.18,569.88,199.58,0.2842
196,1936,bus,491.58,171.07,519.68,199.32,0.2839
196,1622,truck,551.25,403.21,721.76,538.15,0.5992
197,1,bus,413.78,195.09,494.36,333.61,0.9074
197,7,truck,548.96,411.17,723.77,537.9,0.6375
197,76,car,853.76,303.19,937.9,349.77,0.788
197,37,bus,694.67,184.78,774.35,236.36,0.5089
197,1066,bus,769.85,213.44,911.78,301.36,0.9004
197,1199,car,641.3,269.87,704.87,318.98,0.822
197,1330,car,524.62,237.46,561.39,272.43,0.7916
197,1406,car,509.43,204.62,537.07,228.89,0.7076
197,1675,car,568.45,228.62,608.32,262.11,0.6907
197,1801,car,545.43,299.86,618.29,366.51,0.8492
197,370,car,772.88,255.64,834.57,301.51,0.5368
197,1831,car,741.02,269.68,814.9,318.31,0.715
197,1802,car,703.43,249.24,748.19,279.09,0.3553
197,1903,car,799.86,312.35,896.56,371.16,0.5395
197,1674,car,928.21,344.21,958.41,366.09,0.5234
197,1975,car,550.23,209.8,582.65,235.94,0.724
197,2080,car,889.34,362.65,960.0,430.17,0.4348
197,21,bus,296.54,214.04,398.49,344.09,0.2704
197,2129,car,545.73,181.59,569.37,199.59,0.3291
197,1936,bus,491.33,170.27,519.94,199.14,0.3144
197,1622,bus,549.22,411.24,725.08,539.61,0.6391
198,1,bus,414.22,195.16,494.81,333.71,0.9107
198,7,bus,553.02,420.02,721.91,537.82,0.526
198,76,car,853.99,303.28,937.58,349.63,0.8066
198,37,bus,693.41,184.79,774.36,237.17,0.5258
198,1066,bus,768.55,213.04,909.91,300.92,0.9126
198,1199,car,642.84,271.68,707.32,321.34,0.817
198,1330,car,524.81,238.57,561.81,273.67,0.787
198,1406,car,509.83,205.56,537.14,229.5,0.7233
198,1675,car,569.86,230.43,609.44,263.98,0.7373
198,1801,car,546.72,302.81,620.16,370.62,0.8464
198,370,car,773.25,255.67,833.94,300.85,0.5416
198,1831,car,741.44,269.59,814.24,317.67,0.7242
198,1802,car,702.18,248.92,747.68,279.35,0.3971
198,1903,car,798.14,312.81,893.63,370.61,0.5712
198,1674,car,927.43,344.37,958.71,366.89,0.47
198,1975,car,550.32,210.4,582.99,236.8,0.7084
198,2080,car,889.48,362.66,960.0,429.21,0.4107
198,21,bus,295.82,214.67,398.36,345.47,0.207
198,2129,car,545.94,182.03,569.38,199.92,0.3019
198,1936,bus,490.37,168.89,520.36,199.4,0.2972
198,1622,truck,550.06,420.08,725.76,539.98,0.7172
198,1614,car,657.21,219.02,685.72,243.0,0.276
199,1,bus,414.33,195.34,494.81,333.65,0.9073
199,76,car,853.6,303.71,935.98,349.27,0.7892
199,37,bus,692.43,184.79,775.28,238.48,0.5334
199,1066,bus,767.24,213.49,907.14,300.57,0.9066
199,1199,car,644.54,273.58,709.74,323.75,0.8072
199,1330,car,525.37,239.71,562.39,274.7,0.7751
199,1406,car,509.79,205.41,537.88,230.1,0.6974
199,1675,car,570.7,231.76,609.98,265.3,0.7202
199,1801,car,547.67,305.6,622.47,375.43,0.8546
199,370,car,772.55,255.47,833.39,300.88,0.4722
199,1831,car,741.16,269.38,813.83,317.57,0.754
199,1802,car,700.24,249.06,745.99,279.44,0.3825
199,1903,car,798.31,313.47,892.35,370.12,0.5735
199,1674,car,927.38,344.73,958.67,367.07,0.5397
199,1975,car,551.3,211.44,583.36,237.34,0.6408
199,2080,car,889.57,362.74,960.0,429.23,0.4847
199,21,bus,295.09,215.19,398.06,346.92,0.3549
199,1614,car,656.41,218.43,686.3,243.86,0.2778
200,1,bus,414.84,195.27,495.45,334.04,0.9102
200,76,car,853.6,303.86,936.19,349.54,0.7914
200,37,bus,690.62,184.13,776.22,239.86,0.574
200,1066,bus,765.96,213.52,905.18,300.32,0.9031
200,1199,car,646.29,275.27,713.08,326.81,0.7814
200,1330,car,525.8,240.81,563.41,276.42,0.7608
200,1406,car,509.95,205.92,538.11,230.73,0.7101
200,1675,car,571.34,233.19,610.58,266.91,0.75
200,1801,car,548.6,308.48,624.52,379.97,0.8578
200,370,car,772.55,255.84,832.77,300.91,0.5138
200,1831,car,741.11,269.33,813.37,317.44,0.7428
200,1802,car,698.73,248.96,744.98,279.59,0.3754
200,1903,car,801.14,313.1,895.68,370.5,0.5635
200,1674,car,926.99,344.54,958.98,367.28,0.549
200,1975,car,552.01,212.31,583.93,238.16,0.6202
200,2080,car,889.47,362.99,960.0,429.23,0.5288
200,21,bus,295.14,215.02,398.24,346.85,0.2278
200,1614,car,655.98,218.89,685.98,244.64,0.2957
200,1481,bus,461.25,153.79,482.55,180.19,0.3401
200,7,truck,563.91,441.76,712.52,538.48,0.6697
200,1936,bus,490.42,168.63,521.0,199.96,0.3381
201,1,bus,414.61,195.2,495.36,334.29,0.9103
201,76,car,853.21,304.07,935.92,349.87,0.7951
201,37,bus,690.74,183.84,777.16,240.31,0.6357
201,1066,bus,764.87,213.88,902.41,299.69,0.9104
201,1199,car,649.6,277.69,717.21,329.82,0.7812
201,1330,car,525.82,241.58,564.24,278.07,0.7553
201,1406,car,510.21,206.69,538.35,231.5,0.752
201,1675,car,571.83,234.02,611.97,268.68,0.7928
201,1801,car,549.59,311.55,626.64,384.82,0.8568
201,370,car,772.13,256.54,831.79,301.19,0.4584
201,1831,car,741.44,269.32,812.61,316.81,0.7777
201,1802,car,702.47,249.62,746.27,279.02,0.3694
201,1903,car,798.78,313.23,893.41,370.41,0.6298
201,1674,car,927.17,344.96,958.71,367.2,0.6265
201,1975,car,552.65,213.77,583.94,239.11,0.6656
201,2080,car,889.54,363.23,960.0,429.62,0.4869
201,21,bus,296.03,215.39,399.76,347.89,0.2513
201,1614,car,655.44,218.5,685.92,244.97,0.2813
201,1481,bus,461.43,154.13,482.75,180.73,0.2875
201,7,truck,569.32,453.62,711.18,539.12,0.4621
201,1013,car,706.76,233.1,741.89,255.87,0.3286
202,1,bus,414.9,195.29,495.53,334.37,0.9108
202,76,car,853.36,303.88,935.83,349.63,0.7937
202,37,bus,692.84,184.33,777.04,239.53,0.493
202,1066,bus,763.56,213.88,900.74,299.55,0.8971
202,1199,car,652.01,279.62,720.96,332.78,0.7989
202,1330,car,525.87,242.51,564.79,279.56,0.7461
202,1406,car,510.73,207.61,538.74,232.2,0.7476
202,1675,car,573.18,235.42,612.94,269.85,0.7738
202,1801,car,551.3,314.56,629.11,389.16,0.8763
202,370,car,772.68,257.97,830.62,301.24,0.3101
202,1831,car,741.64,269.14,812.52,316.59,0.7545
202,1802,car,701.63,249.12,744.27,277.61,0.3766
202,1903,car,798.18,313.41,892.56,370.17,0.6278
202,1674,car,927.11,344.93,958.88,367.18,0.6156
202,1975,car,553.28,214.89,584.4,239.99,0.6779
202,2080,car,890.53,363.31,960.0,428.72,0.5184
202,21,bus,295.63,215.72,400.33,349.57,0.4029
202,1614,car,654.98,217.68,685.73,244.76,0.2814
202,7,truck,575.6,466.54,708.2,539.82,0.3687
202,1013,car,705.55,232.91,742.42,256.18,0.2937
203,1,bus,415.28,195.18,495.72,334.27,0.9132
203,76,car,851.8,303.35,935.62,349.83,0.7947
203,37,bus,692.44,184.37,775.44,238.63,0.5314
203,1066,bus,762.07,213.25,898.89,298.83,0.898
203,1199,car,653.64,280.82,723.9,335.1,0.8096
203,1330,car,526.14,242.83,565.51,280.38,0.7342
203,1406,car,511.04,208.04,538.87,232.39,0.7403
203,1675,car,573.97,236.12,614.19,271.22,0.7715
203,1801,car,553.17,317.23,630.88,392.12,0.8853
203,370,car,774.87,258.94,830.34,300.47,0.3725
203,1831,car,741.12,268.42,812.28,316.2,0.7496
203,1802,car,698.67,248.76,742.87,278.06,0.3813
203,1903,car,802.99,313.53,896.85,370.61,0.5393
203,1674,car,926.99,344.36,959.14,366.77,0.5915
203,1975,car,553.97,215.55,584.85,240.37,0.6888
203,2080,car,890.98,363.13,960.0,429.01,0.4402
203,21,bus,293.95,215.13,398.07,349.0,0.5012
203,1614,car,655.09,217.92,685.11,244.7,0.281
203,2255,bus,892.93,212.38,958.57,272.14,0.4899
203,1936,bus,490.13,169.49,520.94,201.19,0.3594
203,1481,bus,462.08,154.63,483.47,181.25,0.207
204,1,bus,415.38,194.87,495.65,334.01,0.9095
204,76,car,850.44,303.08,934.47,349.47,0.7373
204,37,bus,690.97,183.9,774.91,238.74,0.4625
204,1066,bus,761.07,212.18,897.02,297.29,0.886
204,1199,car,655.83,283.17,726.88,338.03,0.819
204,1330,car,526.52,243.35,566.25,281.26,0.7687
204,1406,car,511.03,208.21,539.21,232.79,0.7667
204,1675,car,575.14,236.91,615.16,272.0,0.8214
204,1801,car,554.35,320.07,633.43,396.75,0.8635
204,370,car,781.49,260.67,831.81,298.94,0.3442
204,1831,car,741.01,268.13,811.84,315.8,0.7611
204,1802,car,697.39,248.21,742.78,278.14,0.4049
204,1903,car,805.15,313.41,898.19,370.63,0.5544
204,1674,car,927.75,344.0,958.84,365.52,0.5353
204,1975,car,554.62,215.84,586.23,241.24,0.7134
204,2080,car,890.0,363.01,959.59,428.51,0.3034
204,21,bus,293.93,215.3,396.48,347.63,0.4583
204,2255,bus,892.63,212.34,958.66,272.41,0.6416
204,1936,bus,491.68,169.93,521.63,200.9,0.2911
204,1481,bus,462.32,154.89,483.54,181.17,0.209
205,1,bus,415.67,194.81,495.84,334.09,0.9097
205,76,car,848.04,302.57,933.58,349.79,0.7187
205,37,bus,691.43,184.07,774.16,237.88,0.459
205,1066,bus,759.97,211.41,895.73,296.46,0.874
205,1199,car,658.08,285.14,730.65,341.15,0.8506
205,1330,car,526.5,244.19,566.68,282.64,0.7631
205,1406,car,510.97,208.52,539.17,233.11,0.7519
205,1675,car,576.08,237.5,616.28,272.86,0.8148
205,1801,car,555.11,322.62,636.47,402.03,0.8681
205,370,car,786.35,262.19,833.19,298.72,0.341
205,1831,car,741.41,268.12,811.52,315.41,0.7424
205,1802,car,697.55,247.87,742.71,277.5,0.4004
205,1903,car,805.4,313.52,897.27,370.37,0.5735
205,1674,car,927.61,343.84,959.02,365.5,0.5202
205,1975,car,555.83,216.75,587.08,241.75,0.7377
205,2080,car,889.96,362.93,959.78,428.67,0.4546
205,21,bus,293.55,214.46,397.11,348.71,0.4668
205,2255,bus,891.67,212.2,959.18,273.59,0.5258
205,1936,bus,492.11,171.42,521.21,201.58,0.3291
205,1481,bus,462.14,154.24,483.86,181.19,0.2304
206,1,bus,415.47,194.98,495.44,333.97,0.9119
206,76,car,849.35,303.08,933.41,349.44,0.738
206,37,bus,692.46,184.1,773.03,236.12,0.4432
206,1066,bus,759.13,211.38,893.95,295.86,0.8597
206,1199,car,660.49,287.95,733.89,344.62,0.8552
206,1330,car,526.69,245.46,567.06,284.22,0.7465
206,1406,car,510.74,208.69,540.11,234.38,0.7692
206,1675,car,577.1,238.94,617.56,274.51,0.7679
206,1801,car,555.92,325.78,639.62,408.14,0.8626
206,370,car,786.61,260.96,833.75,298.71,0.4901
206,1831,car,740.93,268.31,810.95,315.65,0.702
206,1802,car,696.78,247.84,742.72,277.88,0.3887
206,1903,car,804.81,313.77,896.37,370.65,0.5083
206,1674,car,927.13,343.8,959.42,366.06,0.5363
206,1975,car,556.27,217.17,587.9,242.52,0.7648
206,2080,car,890.19,362.88,960.0,428.89,0.4472
206,21,bus,294.28,214.56,396.81,347.79,0.5572
206,2255,bus,891.32,212.7,958.64,273.8,0.4482
206,1936,bus,491.85,171.63,521.29,202.24,0.3282
206,1481,bus,461.69,153.92,484.03,181.8,0.2593
207,1,bus,414.69,194.94,494.75,334.03,0.9093
207,76,car,848.82,302.77,934.25,349.9,0.7471
207,37,bus,693.35,184.25,772.53,234.98,0.3104
207,1066,bus,758.1,210.96,892.55,295.28,0.8614
207,1199,car,662.85,290.01,737.93,347.96,0.8027
207,1330,car,526.89,246.14,567.75,285.49,0.7357
207,1406,car,510.9,209.65,540.26,235.4,0.7584
207,1675,car,577.86,240.23,619.27,276.62,0.6702
207,1801,car,557.57,329.72,642.33,413.6,0.8842
207,370,car,779.78,258.53,829.13,297.99,0.3598
207,1831,car,740.88,268.69,810.2,315.61,0.7071
207,1802,car,700.94,248.57,745.48,278.29,0.3479
207,1903,car,804.93,313.96,896.41,371.08,0.5372
207,1674,car,926.71,343.79,959.88,366.73,0.5148
207,1975,car,556.16,217.75,588.51,243.71,0.7838
207,2080,car,889.9,362.89,960.0,429.3,0.4722
207,21,bus,295.08,215.36,396.52,347.32,0.4877
207,2255,bus,889.88,212.59,959.29,275.57,0.3792
207,1936,bus,490.95,170.5,522.24,203.1,0.4248
207,1481,bus,462.1,154.14,484.38,181.94,0.2825
208,1,bus,414.06,194.78,494.3,333.99,0.9097
208,76,car,849.48,302.59,935.39,350.22,0.7691
208,37,bus,693.45,184.51,772.89,235.13,0.2688
208,1066,bus,757.82,211.15,890.05,293.96,0.8546
208,1199,car,665.33,292.35,742.1,351.71,0.8086
208,1330,car,527.37,247.48,568.22,286.86,0.7343
208,1406,car,510.52,209.8,540.55,236.26,0.7751
208,1675,car,578.97,241.81,620.68,278.39,0.6386
208,1801,car,559.23,333.56,645.05,418.77,0.8694
208,370,car,777.82,258.01,827.58,297.93,0.3432
208,1831,car,740.64,268.89,809.72,315.79,0.7425
208,1802,car,702.87,248.98,746.27,278.57,0.3061
208,1903,car,804.83,313.68,896.66,371.38,0.4594
208,1674,car,926.27,343.93,960.0,367.41,0.4028
208,1975,car,555.72,218.21,588.72,244.72,0.7821
208,2080,car,890.18,362.78,959.79,428.5,0.3556
208,21,bus,295.39,214.92,397.61,348.08,0.4159
208,2255,bus,889.5,212.99,959.61,276.58,0.5069
208,1481,bus,462.16,154.22,484.68,182.23,0.3092
208,2311,car,927.64,318.17,959.74,344.84,0.481
208,1658,truck,1.2,372.45,301.04,535.25,0.2306
209,1,bus,413.79,194.81,494.1,333.88,0.906
209,76,car,848.56,302.37,934.95,350.35,0.7564
209,37,bus,691.12,184.26,775.43,238.22,0.3616
209,1066,bus,756.24,211.26,887.16,293.19,0.8629
209,1199,car,667.44,294.55,746.44,355.76,0.8315
209,1330,car,527.63,248.7,568.78,288.38,0.7296
209,1406,car,510.38,210.08,540.63,236.88,0.7436
209,1675,car,579.34,242.91,622.32,280.62,0.7074
209,1801,car,560.21,337.67,647.94,425.14,0.8434
209,370,car,772.34,256.6,823.99,297.48,0.4167
209,1831,car,740.23,268.6,810.28,316.36,0.7538
209,1802,car,705.47,249.89,746.23,278.33,0.383
209,1903,car,804.45,313.6,896.14,371.47,0.4864
209,1674,car,926.56,344.37,959.54,367.17,0.4157
209,1975,car,555.98,219.06,589.08,245.64,0.7705
209,2080,car,890.05,362.84,959.63,428.49,0.3629
209,21,bus,295.64,213.63,399.1,348.3,0.4849
209,2255,bus,889.77,212.66,960.0,276.39,0.4029
209,1481,bus,461.99,154.32,484.75,182.52,0.3626
209,2311,car,926.51,316.72,960.0,344.72,0.5122
209,1936,bus,491.99,171.97,522.84,204.42,0.36
210,1,bus,414.22,194.91,494.36,333.59,0.9047
210,76,car,849.97,302.17,934.51,349.32,0.7455
210,37,bus,691.1,184.6,775.46,238.74,0.3116
210,1066,bus,754.58,210.55,885.62,292.64,0.8633
210,1199,car,669.69,296.88,750.41,359.53,0.838
210,1330,car,527.72,249.42,569.68,289.88,0.7182
210,1406,car,510.32,210.38,540.77,237.54,0.7552
210,1675,car,579.86,243.94,623.53,282.28,0.7116
210,1801,car,561.0,341.77,651.52,432.55,0.8089
210,1831,car,739.66,268.2,810.29,316.57,0.7104
210,1903,car,804.37,314.01,895.27,371.49,0.5149
210,1674,car,926.79,344.15,959.43,366.67,0.4328
210,1975,car,556.96,219.75,590.47,246.7,0.7503
210,2080,car,890.34,362.69,959.76,428.2,0.3884
210,21,bus,295.66,214.2,399.08,348.86,0.3567
210,2255,bus,890.18,211.75,959.75,274.81,0.2695
210,1481,bus,461.97,154.19,484.95,182.6,0.3943
210,2311,car,925.95,314.61,960.0,344.03,0.5386
210,1936,bus,492.91,173.36,522.56,204.75,0.3245
211,1,bus,413.93,194.77,494.29,333.58,0.9116
211,76,car,850.06,301.66,933.82,348.59,0.7366
211,37,bus,692.1,184.46,775.13,237.74,0.2942
211,1066,bus,754.11,210.69,883.11,291.46,0.8843
211,1199,car,672.13,298.8,754.71,362.93,0.8142
211,1330,car,528.31,250.17,570.72,291.08,0.7187
211,1406,car,510.55,210.79,540.67,237.78,0.7555
211,1675,car,580.91,245.04,625.1,283.82,0.7087
211,1801,car,562.82,344.81,655.54,438.46,0.876
211,1831,car,738.5,266.92,810.18,316.23,0.7558
211,1903,car,804.9,313.96,895.15,371.14,0.5259
211,1674,car,926.66,343.92,959.53,366.59,0.4249
211,1975,car,558.11,220.48,591.67,247.53,0.7358
211,2080,car,889.33,362.5,959.86,429.1,0.3043
211,21,bus,294.81,212.49,399.85,349.5,0.376
211,2255,bus,891.87,211.43,958.8,271.87,0.2661
211,1481,bus,462.14,153.5,485.61,182.63,0.4128
211,2311,car,924.78,312.53,960.0,344.11,0.5104
211,1936,bus,493.42,174.31,522.09,204.51,0.3137
212,1,bus,413.47,194.75,494.07,333.73,0.9032
212,76,car,848.86,301.64,931.86,348.27,0.7316
212,37,bus,693.06,184.23,775.91,237.59,0.3012
212,1066,bus,753.38,210.29,880.84,290.08,0.8851
212,1199,car,675.01,301.1,759.53,366.8,0.8107
212,1330,car,528.59,251.22,571.74,292.84,0.7315
212,1406,car,510.62,210.78,541.2,238.42,0.7352
212,1675,car,581.87,246.24,626.51,285.45,0.7248
212,1801,car,564.66,348.97,659.14,444.9,0.86
212,1831,car,737.37,265.92,810.56,316.56,0.7373
212,1903,car,806.28,314.25,895.2,370.75,0.5079
212,1674,car,927.35,344.19,958.76,365.64,0.364
212,1975,car,559.46,221.57,592.7,248.28,0.7174
212,2080,car,889.32,362.47,959.32,428.41,0.335
212,21,bus,294.75,212.4,399.77,349.47,0.3877
212,2255,bus,891.92,211.11,959.02,271.57,0.2662
212,1481,bus,462.24,153.39,485.91,182.81,0.3977
212,2311,car,923.59,311.62,960.0,344.6,0.5244
212,1936,bus,493.04,173.19,523.0,204.97,0.4436
213,1,bus,413.87,194.78,494.41,333.79,0.9083
213,76,car,847.21,301.84,930.73,348.78,0.7432
213,37,bus,693.26,184.33,776.15,237.94,0.2425
213,1066,bus,751.66,210.06,879.38,290.19,0.8944
213,1199,car,678.31,304.42,763.98,370.88,0.7896
213,1330,car,528.75,252.77,572.53,294.91,0.7569
213,1406,car,511.14,211.59,541.48,239.26,0.7287
213,1675,car,583.09,248.24,627.81,287.44,0.6946
213,1801,car,566.13,353.92,662.8,452.61,0.7737
213,1831,car,736.63,265.69,810.31,317.0,0.7468
213,1903,car,804.88,313.87,894.83,371.12,0.4761
213,1674,car,927.45,344.44,958.47,365.43,0.3471
213,1975,car,560.09,222.66,593.54,249.43,0.64
213,2080,car,888.91,362.45,959.23,428.57,0.3109
213,21,bus,296.88,214.48,398.34,346.45,0.3397
213,2255,bus,889.95,211.06,960.0,275.22,0.4921
213,1481,bus,462.21,153.49,486.07,183.17,0.3212
213,2311,car,923.2,310.23,960.0,344.26,0.5695
213,1936,bus,488.75,167.67,524.15,205.48,0.488
214,1,bus,413.99,194.73,494.54,333.86,0.9039
214,76,car,846.11,301.24,930.07,348.51,0.7285
214,1066,bus,750.76,209.73,877.67,289.5,0.9078
214,1199,car,680.75,307.05,768.41,375.05,0.8026
214,1330,car,529.44,253.77,573.68,296.37,0.7713
214,1406,car,511.21,211.71,541.6,239.72,0.7406
214,1675,car,584.2,248.93,630.3,289.39,0.6969
214,1801,car,567.46,358.47,666.94,460.63,0.8217
214,1831,car,736.97,265.73,809.39,316.39,0.7385
214,1903,car,806.58,314.14,895.12,370.69,0.5168
214,1674,car,927.19,343.94,958.61,365.06,0.3599
214,1975,car,560.92,223.08,594.98,250.45,0.5684
214,2080,car,888.07,362.27,958.98,428.77,0.3451
214,21,bus,297.9,215.07,396.7,342.92,0.4948
214,2255,bus,890.06,210.7,960.0,274.42,0.3278
214,1481,bus,462.78,153.72,486.37,183.0,0.2914
214,2311,car,922.24,307.47,960.0,344.36,0.5081
214,1936,bus,488.6,167.1,524.49,205.49,0.3359
215,1,bus,414.55,194.65,494.96,333.76,0.9004
215,76,car,846.83,300.85,930.44,348.24,0.7345
215,1066,bus,749.63,209.45,876.36,289.3,0.899
215,1199,car,683.65,309.8,773.48,379.47,0.7999
215,1330,car,530.14,255.02,574.5,297.83,0.7913
215,1406,car,511.61,212.92,541.12,240.21,0.7615
215,1675,car,585.18,249.85,632.56,291.57,0.7233
215,1801,car,569.41,362.9,670.82,467.64,0.8199
215,1831,car,737.02,265.84,808.65,316.09,0.7281
215,1903,car,808.02,314.23,895.3,370.18,0.4792
215,1674,car,926.67,343.62,958.85,365.15,0.3377
215,1975,car,561.8,223.64,596.41,251.51,0.5758
215,2080,car,888.06,362.26,959.04,428.7,0.3502
215,21,bus,297.79,214.35,396.65,341.76,0.4266
215,2255,bus,889.28,210.85,959.97,274.85,0.3739
215,1481,bus,463.02,153.92,486.51,183.13,0.2756
215,2311,car,920.73,306.44,960.0,345.03,0.5833
215,1936,bus,488.16,166.55,524.74,205.76,0.4101
215,37,bus,694.9,184.65,774.27,235.97,0.3388
216,1,bus,414.07,194.32,494.75,334.02,0.9059
216,76,car,846.32,300.95,929.41,348.15,0.7537
216,1066,bus,748.19,208.81,875.24,289.13,0.8979
216,1199,car,686.94,313.08,778.77,384.36,0.8022
216,1330,car,530.49,256.46,574.82,299.24,0.7871
216,1406,car,512.11,213.82,541.14,240.77,0.7783
216,1675,car,586.12,251.53,633.7,293.56,0.7734
216,1801,car,570.26,367.36,675.76,477.07,0.7849
216,1831,car,737.62,266.69,807.75,315.87,0.7155
216,1903,car,808.12,314.37,895.4,370.49,0.4728
216,1674,car,925.73,342.76,960.0,365.84,0.315
216,1975,car,561.86,223.71,597.64,252.67,0.6048
216,2080,car,887.99,362.29,959.31,428.99,0.2903
216,21,bus,296.65,213.01,398.95,344.9,0.4786
216,2255,bus,886.9,210.52,960.0,279.38,0.2578
216,1481,bus,463.29,153.76,486.71,182.86,0.2872
216,2311,car,920.37,305.93,960.0,345.12,0.42
216,1936,bus,488.79,167.64,524.61,206.09,0.3593
216,37,bus,694.38,184.59,772.79,235.38,0.2661
217,1,bus,414.17,194.54,494.64,333.95,0.8984
217,76,car,845.19,301.31,928.03,348.34,0.7515
217,1066,bus,747.47,208.6,873.02,288.16,0.9027
217,1199,car,689.74,316.35,783.34,389.09,0.8692
217,1330,car,530.88,257.59,575.7,300.83,0.7643
217,1406,car,512.6,215.61,540.52,241.48,0.7793
217,1675,car,587.24,253.31,635.17,295.74,0.7896
217,1801,car,572.51,372.79,680.38,485.6,0.8559
217,1831,car,737.28,267.21,806.61,315.84,0.7188
217,1903,car,808.15,314.36,895.68,370.85,0.4984
217,1674,car,926.47,343.44,959.24,365.36,0.3674
217,1975,car,561.89,224.95,597.95,254.14,0.6054
217,2080,car,888.28,362.52,959.0,428.48,0.3276
217,21,bus,294.74,213.76,398.71,348.42,0.4998
217,2255,bus,886.09,211.16,960.0,281.39,0.2427
217,1481,bus,463.58,153.33,487.43,183.1,0.2816
217,2311,car,919.94,305.3,960.0,345.72,0.5619
217,1936,bus,488.44,167.39,524.69,206.3,0.4035
217,37,bus,693.44,184.84,773.59,236.74,0.343
218,1,bus,414.16,194.63,494.63,334.13,0.8918
218,76,car,844.99,301.48,927.98,348.6,0.7433
218,1066,bus,746.01,208.46,871.05,287.87,0.8961
218,1199,car,692.98,319.11,790.14,394.65,0.8199
218,1330,car,530.69,258.6,576.95,303.37,0.7708
218,1406,car,512.93,216.58,540.58,242.19,0.8044
218,1675,car,588.25,254.66,636.86,297.84,0.8037
218,1801,car,574.47,378.26,685.93,495.42,0.8126
218,1831,car,736.59,267.12,806.22,316.14,0.6906
218,1903,car,806.07,314.24,894.83,371.48,0.4792
218,1674,car,926.43,343.53,959.18,365.36,0.3255
218,1975,car,562.28,226.44,598.53,255.78,0.7329
218,2080,car,888.57,362.77,959.11,428.46,0.3793
218,21,bus,295.31,215.03,399.59,350.31,0.4157
218,2255,bus,885.8,211.3,960.0,281.94,0.2268
218,1481,bus,463.85,153.94,487.39,183.41,0.2667
218,2311,car,919.04,304.37,960.0,345.94,0.3231
218,1936,bus,488.11,166.11,525.15,205.98,0.324
218,37,bus,692.69,184.44,774.43,237.38,0.3744
219,1,bus,414.09,194.82,494.74,334.68,0.9042
219,76,car,846.71,301.16,929.24,348.35,0.7593
219,1066,bus,743.77,208.1,869.77,288.49,0.8912
219,1199,car,696.88,321.88,796.5,399.34,0.7574
219,1330,car,530.81,259.87,577.71,305.36,0.7658
219,1406,car,512.93,217.24,540.81,243.14,0.8167
219,1675,car,588.93,256.16,638.36,300.23,0.8019
219,1801,car,575.95,384.28,691.24,506.23,0.8069
219,1831,car,736.32,266.95,805.45,315.78,0.7122
219,1903,car,807.17,314.14,895.11,371.05,0.5006
219,1674,car,926.61,344.44,959.05,365.95,0.3635
219,1975,car,562.62,227.17,599.38,256.93,0.7442
219,2080,car,888.26,362.94,958.86,428.47,0.2671
219,21,bus,295.64,215.0,399.49,349.62,0.2901
219,1481,bus,464.0,154.05,487.56,183.58,0.2146
219,2311,car,919.81,304.93,960.0,346.3,0.3861
219,1936,bus,490.64,169.55,525.01,206.8,0.4319
219,37,bus,693.96,184.72,772.94,235.66,0.286
219,2428,bus,923.34,213.45,960.0,343.91,0.4124
220,1,bus,415.02,195.13,495.29,334.71,0.9009
220,76,car,847.68,300.9,929.29,347.95,0.7543
220,1066,bus,741.83,207.7,867.77,288.38,0.8329
220,1199,car,700.34,326.08,802.01,405.2,0.5694
220,1330,car,530.81,261.11,578.41,307.32,0.7974
220,1406,car,512.97,217.64,541.32,244.04,0.8076
220,1675,car,590.0,258.53,639.25,302.48,0.788
220,1801,car,577.92,389.86,696.86,516.4,0.7869
220,1831,car,735.96,266.89,804.87,315.73,0.6819
220,1903,car,807.11,313.83,895.81,371.45,0.5181
220,1674,car,925.8,344.1,960.0,366.91,0.3605
220,1975,car,563.23,227.91,600.47,258.1,0.6975
220,2080,car,887.79,363.02,958.54,428.43,0.2713
220,21,bus,296.45,214.22,400.27,348.49,0.3835
220,1481,bus,463.71,153.85,487.75,184.03,0.3599
220,2311,car,919.25,304.29,960.0,346.49,0.2992
220,1936,bus,492.36,172.42,524.44,207.28,0.4492
220,37,bus,693.92,184.57,772.07,234.86,0.2705
220,2428,bus,925.62,213.23,956.28,321.69,0.5259
221,1,bus,415.35,194.95,495.32,334.4,0.8953
221,76,car,847.84,300.6,928.03,347.03,0.7677
221,1066,bus,741.21,207.15,866.46,287.73,0.8382
221,1199,car,702.81,328.91,807.54,410.72,0.5432
221,1330,car,531.1,262.4,579.25,309.15,0.8077
221,1406,car,513.21,217.78,541.79,244.47,0.8055
221,1675,car,591.1,259.85,640.97,304.35,0.8082
221,1801,car,580.03,395.26,703.08,527.02,0.8277
221,1831,car,735.65,266.64,804.37,315.49,0.724
221,1903,car,803.82,314.62,892.37,371.67,0.606
221,1674,car,926.74,344.14,958.94,365.4,0.3241
221,1975,car,563.79,228.47,601.69,259.22,0.6674
221,21,bus,296.67,212.43,401.15,347.24,0.2727
221,1481,bus,464.13,154.18,487.86,183.93,0.2165
221,2311,car,918.1,302.34,960.0,345.78,0.6414
221,1936,bus,492.28,172.0,524.86,207.42,0.4536
221,37,bus,693.24,184.14,771.66,234.47,0.3508
221,2428,bus,924.86,212.63,953.13,311.16,0.4202
222,1,bus,415.56,194.98,495.18,334.17,0.8897
222,76,car,848.04,300.41,927.27,346.42,0.7774
222,1066,bus,741.86,206.85,863.77,285.42,0.8352
222,1199,car,706.84,332.77,813.89,416.36,0.5769
222,1330,car,531.53,263.83,580.0,311.02,0.8075
222,1406,car,513.69,218.39,542.3,245.11,0.8284
222,1675,car,592.34,261.31,643.12,306.52,0.7982
222,1801,car,583.49,402.38,708.17,536.2,0.8192
222,1831,car,735.5,266.8,804.11,315.76,0.7208
222,1903,car,803.14,314.88,891.08,371.05,0.6408
222,1674,car,926.89,344.46,958.46,365.11,0.3176
222,1975,car,565.09,229.46,602.68,259.99,0.6993
222,21,bus,298.06,213.9,400.21,344.78,0.3609
222,1481,bus,464.78,154.44,487.86,183.43,0.2298
222,2311,car,917.37,300.95,960.0,345.57,0.7069
222,1936,bus,493.6,173.51,525.03,207.66,0.5142
222,37,bus,692.56,184.07,771.15,234.33,0.4274
222,2428,bus,923.65,214.15,951.45,308.89,0.4493
222,2456,truck,707.71,332.37,812.79,416.08,0.4426
222,2080,car,887.52,362.63,958.97,428.55,0.2392
223,1,bus,415.89,195.02,495.15,333.98,0.8949
223,76,car,847.05,300.1,926.26,346.21,0.7766
223,1066,bus,741.33,206.42,861.44,284.05,0.8552
223,1199,car,711.16,336.45,820.31,421.71,0.602
223,1330,car,532.09,264.75,580.87,312.4,0.7914
223,1406,car,514.0,218.98,542.71,245.77,0.8285
223,1675,car,593.7,262.48,645.41,308.49,0.8161
223,1801,car,589.23,408.93,712.57,540.0,0.8376
223,1831,car,735.48,266.72,803.64,315.46,0.7429
223,1903,car,804.2,315.11,890.72,370.04,0.6212
223,1674,car,926.3,343.96,959.37,365.6,0.309
223,1975,car,565.99,229.96,604.12,261.09,0.7107
223,21,bus,298.63,213.17,399.75,341.85,0.3493
223,2311,car,916.47,299.72,960.0,344.98,0.3941
223,1936,bus,493.92,173.49,525.31,207.53,0.5223
223,37,bus,691.78,183.63,771.44,234.53,0.4833
223,2080,car,887.01,362.38,958.5,428.02,0.2449
223,2255,bus,874.48,216.5,960.0,337.97,0.7756
224,1,bus,415.65,195.09,494.7,333.91,0.8767
224,76,car,846.0,300.02,925.4,346.35,0.7413
224,1066,bus,739.06,206.32,859.61,284.51,0.8549
224,1199,car,714.99,340.69,828.24,429.31,0.5981
224,1330,car,532.47,265.91,582.52,314.94,0.7679
224,1406,car,514.14,220.09,543.11,247.12,0.7831
224,1675,car,594.78,264.03,647.81,311.32,0.7813
224,1801,car,595.89,416.41,715.24,540.0,0.7883
224,1831,car,735.47,266.58,803.21,315.02,0.6926
224,1903,car,803.54,314.79,891.52,370.51,0.5983
224,1674,car,926.32,344.2,958.8,365.3,0.255
224,1975,car,566.41,230.97,604.91,262.49,0.7175
224,21,bus,297.59,212.16,402.27,344.88,0.4102
224,2311,car,915.69,300.07,960.0,344.89,0.6959
224,1936,bus,493.82,173.26,525.72,207.96,0.5714
224,37,bus,691.4,183.23,772.7,235.09,0.6287
224,2080,car,887.51,362.28,959.23,428.11,0.2532
224,1481,bus,465.08,154.31,488.45,183.79,0.3116
224,2428,bus,920.43,216.14,950.28,314.42,0.5844
225,1,bus,415.94,195.34,494.6,333.92,0.8811
225,76,car,842.54,300.11,922.4,346.35,0.7325
225,1066,bus,738.29,206.9,856.65,283.71,0.874
225,1199,car,718.85,344.84,835.14,435.92,0.5066
225,1330,car,533.13,268.44,583.36,317.73,0.7511
225,1406,car,514.6,221.21,543.56,248.23,0.7508
225,1675,car,595.46,266.41,649.51,314.73,0.7862
225,1801,car,602.77,424.25,717.36,540.0,0.7882
225,1831,car,735.2,266.87,802.98,315.41,0.7247
225,1903,car,806.09,315.99,892.64,370.78,0.598
225,1674,car,926.2,344.32,958.68,365.26,0.3116
225,1975,car,567.26,232.59,605.79,264.22,0.6981
225,21,bus,297.53,212.18,402.64,345.03,0.4673
225,2311,car,913.98,300.55,959.07,344.84,0.4842
225,1936,bus,493.62,172.82,526.5,208.82,0.6607
225,37,bus,691.47,183.79,773.47,236.05,0.682
225,2080,car,888.61,362.64,959.66,427.89,0.2527
225,1481,bus,464.48,154.02,489.51,185.66,0.441
225,2428,bus,915.79,217.97,952.12,335.01,0.6731
225,2456,truck,719.46,344.73,833.89,435.87,0.4114
226,1,bus,416.14,195.57,494.7,334.41,0.8964
226,76,car,843.46,300.17,923.18,346.37,0.7403
226,1066,bus,738.29,206.84,854.18,282.1,0.8798
226,1199,car,723.17,349.64,842.43,443.1,0.6556
226,1330,car,533.69,270.65,584.15,320.14,0.798
226,1406,car,514.96,221.9,544.06,249.03,0.7564
226,1675,car,597.1,268.84,651.08,317.05,0.8202
226,1801,car,608.95,432.26,718.67,540.0,0.763
226,1831,car,735.23,266.89,802.5,315.11,0.7279
226,1903,car,804.73,315.88,892.56,371.35,0.6561
226,1674,car,926.17,344.53,958.58,365.28,0.3619
226,1975,car,568.12,234.1,606.36,265.48,0.6979
226,21,bus,296.69,210.6,403.29,345.17,0.485
226,2311,car,912.55,299.05,958.77,344.17,0.3362
226,1936,bus,493.39,173.02,526.49,209.39,0.6338
226,37,bus,691.41,184.64,773.41,236.82,0.6385
226,2080,car,889.58,362.81,960.0,427.67,0.3283
226,1481,bus,463.85,153.63,489.89,186.59,0.5716
226,2428,bus,914.82,230.93,950.37,340.29,0.7573
226,2491,car,687.63,244.14,731.41,275.97,0.3665
227,1,bus,416.06,195.5,494.48,334.36,0.9016
227,76,car,841.17,300.01,921.13,346.01,0.7592
227,1066,bus,737.19,205.99,852.49,281.07,0.8647
227,1199,car,727.86,353.63,850.72,449.99,0.7549
227,1330,car,535.08,272.5,585.7,322.03,0.8147
227,1406,car,515.0,221.81,544.89,249.76,0.7411
227,1675,car,599.1,270.3,654.15,319.46,0.8205
227,1801,car,614.85,440.17,719.51,540.0,0.7334
227,1831,car,734.94,266.57,801.73,314.45,0.7409
227,1903,car,805.76,316.01,892.76,370.95,0.5825
227,1674,car,928.34,344.54,959.35,364.4,0.3717
227,1975,car,568.2,234.6,607.44,266.79,0.7019
227,21,bus,296.6,212.18,402.68,346.06,0.5019
227,2311,car,909.91,297.52,957.34,343.2,0.4379
227,1936,bus,492.12,170.98,527.03,209.67,0.6763
227,37,bus,691.89,184.71,773.08,236.19,0.5038
227,2080,car,888.09,362.54,958.93,427.4,0.307
227,1481,bus,463.82,153.35,490.33,187.08,0.5658
227,2428,bus,913.39,238.28,949.19,343.05,0.6537
227,2491,car,687.06,243.83,731.1,275.83,0.301
228,1,bus,416.16,195.49,494.39,334.35,0.8959
228,76,car,839.78,299.79,920.71,346.05,0.758
228,1066,bus,736.95,205.1,850.29,278.92,0.8623
228,1199,car,731.06,357.92,858.0,457.5,0.6726
228,1330,car,535.52,274.0,587.07,324.36,0.8031
228,1406,car,515.13,221.97,545.81,250.73,0.6933
228,1675,car,600.94,272.71,656.54,322.3,0.8163
228,1801,car,620.64,449.01,720.09,540.0,0.7066
228,1831,car,734.23,266.07,800.99,313.98,0.7436
228,1903,car,806.97,315.96,893.73,370.89,0.5841
228,1674,car,928.61,344.46,959.28,364.06,0.3784
228,1975,car,569.08,235.7,609.21,268.68,0.7023
228,21,bus,296.46,212.97,401.6,345.46,0.3024
228,2311,car,909.15,297.62,955.96,341.79,0.5104
228,1936,bus,492.77,172.11,527.13,210.23,0.5255
228,37,bus,692.54,184.76,773.2,235.62,0.518
228,2080,car,888.83,362.4,958.8,426.27,0.3193
228,1481,bus,463.95,154.0,490.24,187.43,0.5661
228,2428,bus,911.08,239.2,948.44,343.03,0.7313
228,2491,car,685.7,243.88,731.41,277.09,0.3189
229,1,bus,416.15,195.38,494.25,334.2,0.8919
229,76,car,838.76,299.79,920.12,345.8,0.7646
229,1066,bus,735.92,204.52,848.67,277.97,0.878
229,1199,car,735.08,362.42,867.47,466.21,0.7579
229,1330,car,535.77,275.76,588.8,327.5,0.7836
229,1406,car,515.12,222.14,546.53,251.68,0.6918
229,1675,car,602.23,274.53,659.53,325.46,0.7949
229,1801,car,625.66,457.92,719.73,540.0,0.6161
229,1831,car,733.8,265.7,800.5,313.62,0.7337
229,1903,car,809.2,316.43,895.53,371.37,0.5578
229,1674,car,926.99,344.18,958.3,363.93,0.4271
229,1975,car,570.0,237.06,610.02,269.87,0.6987
229,21,bus,296.35,214.61,399.35,344.14,0.3142
229,2311,car,907.0,296.29,955.41,341.12,0.6948
229,1936,bus,491.96,171.45,527.17,210.51,0.5868
229,37,bus,693.71,185.35,772.01,234.23,0.4561
229,2080,car,888.1,362.57,957.89,425.81,0.2881
229,1481,bus,463.89,154.24,489.98,187.45,0.5309
229,2428,bus,911.79,237.88,945.41,322.66,0.6816
229,2491,car,685.1,243.79,730.99,277.14,0.2189
230,1,bus,416.31,195.44,494.34,334.4,0.8889
230,76,car,839.15,299.66,920.84,345.48,0.794
230,1066,bus,735.01,204.56,847.26,277.68,0.8714
230,1199,car,740.47,367.46,878.13,475.37,0.6342
230,1330,car,536.33,277.56,590.15,330.13,0.8334
230,1406,car,515.2,222.46,547.04,252.53,0.6592
230,1675,car,603.57,276.55,662.4,328.78,0.7493
230,1801,car,630.26,467.41,718.32,540.0,0.5808
230,1831,car,733.74,265.55,800.01,313.14,0.7229
230,1903,car,809.92,316.57,895.82,371.39,0.5827
230,1674,car,925.11,343.74,959.58,365.52,0.4919
230,1975,car,570.43,238.22,610.95,271.37,0.7701
230,2311,car,905.95,295.65,955.12,340.3,0.449
230,1936,bus,492.28,172.07,527.08,210.94,0.5099
230,37,bus,692.82,185.32,772.31,234.65,0.4758
230,2080,car,888.05,362.89,957.39,425.21,0.3105
230,1481,bus,463.71,154.28,489.79,187.44,0.4564
230,2491,car,684.68,243.63,730.41,276.82,0.2093
230,2255,bus,877.48,230.12,960.0,339.49,0.7514
231,1,bus,416.37,195.47,494.3,334.51,0.8908
231,76,car,837.97,299.61,920.36,345.53,0.8076
231,1066,bus,734.04,204.96,845.15,277.29,0.8773
231,1199,car,747.03,373.2,888.0,483.9,0.5195
231,1330,car,536.49,279.33,591.38,333.1,0.8404
231,1406,car,515.2,222.6,547.48,253.24,0.651
231,1675,car,604.92,278.84,664.59,331.83,0.8144
231,1801,car,638.19,478.64,717.69,540.0,0.4969
231,1831,car,733.3,266.0,799.44,313.46,0.7378
231,1903,car,809.3,317.06,895.11,371.84,0.5687
231,1674,car,924.27,343.56,959.96,366.13,0.5434
231,1975,car,570.65,239.57,611.69,273.08,0.7778
231,2311,car,904.98,295.1,954.55,339.11,0.6285
231,1936,bus,492.26,172.58,527.21,211.79,0.4975
231,37,bus,693.23,185.71,772.05,234.25,0.3344
231,2080,car,888.15,363.19,957.28,424.84,0.2572
231,1481,bus,463.69,154.97,489.74,188.02,0.5519
231,2529,truck,748.13,373.16,886.31,483.48,0.4262
231,2255,bus,883.61,238.64,960.0,335.08,0.627
231,21,bus,294.25,213.75,398.99,345.83,0.2277
232,1,bus,416.44,195.4,494.27,334.35,0.9001
232,76,car,837.11,299.34,920.13,345.47,0.7594
232,1066,bus,732.55,204.65,843.58,276.86,0.854
232,1199,car,753.27,378.11,898.46,492.08,0.6377
232,1330,car,537.06,280.87,592.42,335.18,0.8587
232,1406,car,515.56,222.96,547.6,253.47,0.7115
232,1675,car,606.18,281.11,666.65,334.86,0.8236
232,1801,car,646.73,490.06,717.24,540.0,0.6422
232,1831,car,732.63,265.23,798.84,312.76,0.7047
232,1903,car,812.12,317.01,895.4,370.45,0.5612
232,1674,car,923.46,343.05,960.0,366.64,0.5372
232,1975,car,570.83,240.3,612.44,274.26,0.8013
232,2311,car,904.91,294.67,953.84,336.96,0.3938
232,1936,bus,493.05,174.09,526.7,211.85,0.4554
232,37,bus,696.04,185.92,771.31,231.62,0.3427
232,2080,car,888.12,363.04,957.58,424.63,0.2853
232,1481,bus,463.75,154.48,489.77,187.52,0.5127
232,2255,bus,883.44,239.16,960.0,335.38,0.8438
233,1,bus,416.4,195.35,494.24,334.4,0.9015
233,76,car,837.29,298.97,919.56,344.62,0.7424
233,1066,bus,732.21,204.49,842.66,276.55,0.8259
233,1199,car,757.52,383.06,908.32,501.75,0.7187
233,1330,car,537.8,282.81,593.81,337.89,0.876
233,1406,car,516.01,223.91,547.88,254.3,0.6696
233,1675,car,606.91,283.11,669.01,338.38,0.8541
233,1801,car,655.14,501.81,715.65,540.0,0.6641
233,1831,car,732.75,265.01,798.33,312.09,0.7038
233,1903,car,812.83,316.8,895.16,369.86,0.5382
233,1674,car,922.67,342.72,960.0,367.39,0.5544
233,1975,car,571.23,240.83,614.06,275.8,0.7796
233,2311,car,904.17,294.07,953.31,335.36,0.4618
233,1936,bus,492.85,173.91,526.78,212.05,0.4907
233,37,bus,697.41,186.03,771.8,230.66,0.3941
233,2080,car,887.22,362.85,957.49,424.73,0.377
233,1481,bus,463.53,154.15,489.63,187.32,0.5376
233,2255,bus,882.49,237.03,960.0,334.95,0.7386
233,1614,car,642.49,212.48,669.26,237.16,0.331
233,2491,car,679.62,240.97,729.57,277.36,0.2655
233,21,bus,293.5,211.7,404.54,352.48,0.3083
234,1,bus,416.25,195.2,494.19,334.53,0.8992
234,76,car,837.08,298.5,919.68,344.49,0.7371
234,1066,bus,732.06,203.65,841.22,275.11,0.8307
234,1199,car,762.57,387.94,919.35,511.79,0.6769
234,1330,car,537.71,284.1,594.97,340.61,0.8746
234,1406,car,516.57,225.27,548.15,255.33,0.6388
234,1675,car,608.16,285.38,671.6,341.9,0.8871
234,1831,car,732.96,264.99,797.66,311.33,0.7255
234,1903,car,812.64,316.46,896.14,370.65,0.5748
234,1674,car,923.14,342.66,960.0,366.45,0.5407
234,1975,car,572.08,241.51,615.6,277.13,0.7632
234,2311,car,901.25,292.81,952.55,334.6,0.5073
234,1936,bus,493.48,174.96,526.77,212.38,0.4535
234,2080,car,886.84,362.68,957.36,424.37,0.3417
234,1481,bus,463.45,153.92,489.74,187.4,0.5403
234,2255,bus,879.57,230.34,960.0,333.78,0.7277
234,2565,bus,692.41,186.87,732.92,229.98,0.3393
234,2567,car,560.15,192.29,587.57,213.33,0.3371
234,1614,car,642.25,212.35,668.3,236.82,0.3196
234,2491,car,679.02,240.47,728.63,276.73,0.2796
235,1,bus,416.1,195.28,493.91,334.33,0.8961
235,76,car,836.07,297.98,919.61,344.69,0.7353
235,1066,bus,729.46,202.59,840.09,275.35,0.8167
235,1199,car,767.94,393.15,931.41,522.75,0.6174
235,1330,car,538.65,286.13,596.45,343.35,0.8771
235,1406,car,516.76,226.17,548.38,256.31,0.6522
235,1675,car,610.05,287.79,674.0,344.89,0.8712
235,1831,car,732.9,264.95,797.39,311.05,0.7333
235,1903,car,812.06,316.91,895.76,371.4,0.5809
235,1674,car,923.36,342.68,959.88,366.1,0.5625
235,1975,car,573.15,242.67,617.57,279.06,0.7102
235,2311,car,898.56,291.51,952.53,334.26,0.549
235,1936,bus,492.82,173.87,527.5,213.09,0.5347
235,2080,car,887.67,362.72,958.11,424.13,0.3117
235,1481,bus,463.31,153.79,490.07,188.1,0.534
235,2255,bus,879.42,230.42,960.0,331.66,0.5293
235,2567,car,560.57,192.91,588.29,214.21,0.4187
235,1614,car,641.73,211.63,667.64,236.09,0.3745
235,2491,car,677.93,240.49,728.52,277.69,0.313
235,37,bus,697.07,186.79,770.72,230.75,0.2955
236,1,bus,415.84,195.3,493.69,334.21,0.9005
236,76,car,836.45,297.48,919.84,344.41,0.7768
236,1066,bus,728.27,202.41,838.34,275.0,0.8188
236,1199,car,774.3,398.51,944.36,533.71,0.752
236,1330,car,539.41,287.86,597.98,345.97,0.8687
236,1406,car,516.61,226.78,548.28,257.0,0.5914
236,1675,car,611.67,289.86,676.77,348.03,0.8607
236,1831,car,732.73,264.84,796.78,310.53,0.6866
236,1903,car,811.6,317.16,895.1,371.55,0.5493
236,1674,car,922.47,342.48,960.0,367.13,0.6047
236,1975,car,574.28,244.1,618.9,280.66,0.726
236,2311,car,894.03,289.7,950.23,332.85,0.5984
236,1936,bus,494.51,175.62,527.82,213.3,0.5687
236,2080,car,887.59,362.78,958.87,424.86,0.3284
236,1481,bus,463.78,153.93,490.21,188.01,0.5073
236,2255,bus,884.97,233.78,956.29,317.56,0.6428
236,2567,car,560.61,192.97,588.61,214.55,0.3779
236,1614,car,641.6,211.37,666.99,235.41,0.3898
236,2491,car,677.66,240.44,727.8,277.51,0.3151
236,2565,bus,691.23,186.68,731.76,229.94,0.3932
237,1,bus,416.14,195.45,493.87,334.22,0.9018
237,76,car,834.34,297.24,918.14,344.41,0.7443
237,1066,bus,727.85,203.07,836.76,275.11,0.8122
237,1199,car,785.7,405.2,954.91,539.0,0.7888
237,1330,car,540.19,289.85,599.88,349.31,0.8774
237,1406,car,516.76,227.37,548.95,258.07,0.6025
237,1675,car,613.58,292.75,680.06,352.25,0.8463
237,1831,car,732.5,264.74,796.11,310.03,0.6909
237,1903,car,811.63,317.69,894.72,371.82,0.5815
237,1674,car,922.74,342.51,959.64,366.21,0.6258
237,1975,car,575.69,245.81,620.53,282.49,0.7517
237,2311,car,891.03,289.41,948.12,331.97,0.6091
237,1936,bus,495.06,176.83,527.52,213.61,0.4679
237,2080,car,888.4,362.9,958.33,423.51,0.258
237,1481,bus,463.7,154.12,490.27,188.55,0.5617
237,2255,bus,881.98,234.01,957.6,322.58,0.5647
237,2567,car,561.12,193.5,588.87,214.97,0.3369
237,1614,car,641.63,211.4,666.86,235.39,0.3639
237,2491,car,677.57,240.41,727.29,277.38,0.2916
237,2565,bus,692.08,187.0,732.39,230.03,0.2834
237,21,bus,294.09,213.44,404.68,354.24,0.2144
237,37,bus,696.55,186.51,770.92,230.41,0.2817
238,1,bus,416.19,195.15,494.24,334.51,0.8984
238,76,car,832.53,296.9,916.71,344.17,0.7355
238,1066,bus,726.51,202.32,835.75,274.91,0.7975
238,1199,car,793.51,411.47,958.45,540.0,0.8396
238,1330,car,540.6,292.4,601.47,353.23,0.8878
238,1406,car,516.72,228.12,549.55,259.43,0.5628
238,1675,car,614.93,294.7,683.33,356.03,0.8281
238,1831,car,731.57,264.46,795.95,310.32,0.6748
238,1903,car,809.78,317.81,894.04,372.61,0.5718
238,1674,car,921.69,342.32,960.0,367.38,0.669
238,1975,car,576.68,247.14,621.64,283.87,0.7342
238,2311,car,887.33,288.97,946.18,331.55,0.6122
238,1936,bus,496.51,180.08,527.0,214.36,0.376
238,2080,car,888.06,362.95,959.15,424.56,0.3382
238,1481,bus,464.41,155.53,489.88,188.45,0.5169
238,2255,bus,882.41,235.8,955.29,319.75,0.4917
238,2567,car,561.94,193.92,589.68,215.46,0.2906
238,1614,car,641.55,211.58,666.4,235.2,0.2927
238,2565,bus,691.68,186.77,731.21,229.18,0.2979
239,1,bus,416.18,194.97,494.26,334.41,0.8999
239,76,car,830.98,296.49,915.62,343.89,0.7713
239,1066,bus,725.42,201.46,834.62,274.37,0.7996
239,1199,car,802.05,418.68,958.85,540.0,0.8075
239,1330,car,541.37,294.73,602.59,356.02,0.873
239,1406,car,517.14,228.59,550.52,260.35,0.6029
239,1675,car,616.93,296.99,686.38,359.35,0.8414
239,1831,car,731.76,264.36,795.54,309.79,0.6502
239,1903,car,809.73,317.68,893.61,372.15,0.5548
239,1674,car,921.91,342.28,959.64,366.56,0.5832
239,1975,car,577.44,248.48,622.87,285.55,0.701
239,2311,car,888.17,287.93,947.96,330.8,0.6433
239,1936,bus,496.21,180.01,527.35,214.89,0.3975
239,2080,car,888.09,362.65,959.2,424.18,0.3282
239,1481,bus,464.6,155.65,489.88,188.29,0.6082
239,2255,bus,879.69,235.23,955.01,320.85,0.594
239,2567,car,562.95,194.19,590.63,215.77,0.398
239,1614,car,641.85,211.51,666.39,234.99,0.3446
239,2565,bus,692.53,187.12,730.76,228.44,0.3301
239,2602,car,689.21,241.26,723.69,268.26,0.3601
240,1,bus,416.12,194.9,494.19,334.33,0.905
240,76,car,830.51,296.47,915.4,343.95,0.755
240,1066,bus,724.34,201.02,833.19,274.18,0.7982
240,1199,car,809.82,425.22,959.95,540.0,0.8445
240,1330,car,542.13,296.54,604.75,359.42,0.8398
240,1406,car,517.84,229.02,551.78,261.16,0.5616
240,1675,car,618.69,299.43,689.65,363.29,0.829
240,1831,car,731.7,264.13,794.98,309.13,0.6967
240,1903,car,809.25,317.69,892.98,371.87,0.5405
240,1674,car,921.12,341.85,960.0,367.05,0.5591
240,1975,car,578.07,249.52,624.57,287.59,0.6435
240,2311,car,882.62,286.76,943.78,329.84,0.5829
240,1936,bus,495.8,178.82,528.28,215.14,0.4153
240,2080,car,887.94,362.64,959.18,424.19,0.2711
240,1481,bus,464.36,155.3,490.04,188.53,0.595
240,2255,bus,879.99,233.01,952.7,313.62,0.5094
240,2567,car,564.81,195.42,591.53,216.28,0.362
240,1614,car,640.23,211.01,665.28,234.61,0.252
240,2565,bus,693.23,187.33,729.89,227.19,0.249
240,2602,car,687.01,241.1,722.59,268.91,0.3165
240,2611,bus,664.78,178.73,699.3,213.67,0.3304
240,2612,car,538.98,194.72,563.11,217.83,0.4181
241,1,bus,416.12,194.91,494.15,334.3,0.8986
241,76,car,829.95,296.38,914.35,343.54,0.7797
241,1066,bus,723.46,200.85,831.15,273.72,0.8258
241,1199,car,818.21,432.56,959.62,540.0,0.8723
241,1330,car,542.14,298.55,606.16,363.03,0.8874
241,1406,car,518.13,229.54,552.63,262.14,0.5927
241,1675,car,620.61,302.15,693.04,367.49,0.8209
241,1831,car,731.74,264.57,794.28,308.89,0.6633
241,1903,car,809.86,317.38,893.81,371.73,0.5332
241,1674,car,920.99,341.72,959.92,366.81,0.6219
241,1975,car,578.53,250.18,626.35,289.38,0.6932
241,2311,car,879.89,286.06,941.25,328.68,0.6415
241,1936,bus,496.16,179.28,528.56,215.32,0.4398
241,2080,car,888.63,362.47,959.47,423.65,0.2981
241,1481,bus,464.35,155.27,490.22,188.76,0.5549
241,2255,bus,873.13,228.46,956.2,320.31,0.7466
241,2567,car,565.35,195.56,592.88,217.07,0.3994
241,2565,bus,692.78,187.05,728.75,226.33,0.2992
241,2602,car,686.62,240.78,720.81,267.39,0.2976
241,2611,bus,664.58,178.92,698.7,213.49,0.3432
241,2612,car,538.43,194.65,563.43,218.62,0.4501
242,1,bus,415.45,194.55,493.79,334.5,0.8996
242,76,car,828.63,296.1,912.34,342.75,0.7717
242,1066,bus,722.46,200.76,827.86,272.2,0.7956
242,1199,car,826.81,441.15,958.39,540.0,0.8126
242,1330,car,543.4,301.47,607.2,365.75,0.8958
242,1406,car,518.4,229.93,553.64,263.03,0.593
242,1675,car,622.82,305.47,695.78,371.17,0.839
242,1831,car,731.25,264.26,793.96,308.65,0.5742
242,1903,car,810.41,317.32,894.4,371.81,0.5503
242,1674,car,920.49,341.76,959.85,367.1,0.5618
242,1975,car,579.51,251.53,627.93,291.34,0.6975
242,2311,car,876.18,285.29,938.59,328.14,0.5801
242,1936,bus,496.55,180.21,528.51,215.48,0.4636
242,2080,car,887.55,362.34,959.9,424.9,0.3197
242,1481,bus,464.4,155.35,490.23,188.8,0.6123
242,2255,bus,870.21,226.81,956.74,321.98,0.7473
242,2567,car,565.34,195.77,592.85,217.39,0.338
242,2565,bus,692.92,187.04,727.83,225.31,0.2309
242,2602,car,688.11,240.81,721.4,266.72,0.3297
242,2611,bus,665.45,180.3,697.91,213.17,0.281
242,2612,car,538.4,195.07,563.49,219.18,0.436
243,1,bus,415.27,194.4,493.69,334.38,0.906
243,76,car,828.28,295.3,912.1,342.01,0.7461
243,1066,bus,722.07,200.64,826.3,271.54,0.7977
243,1199,car,836.65,449.04,957.53,540.0,0.8391
243,1330,car,544.4,303.49,609.18,368.88,0.8785
243,1406,car,518.7,230.23,554.43,263.58,0.6094
243,1675,car,624.81,308.16,699.74,375.76,0.8607
243,1831,car,730.26,263.85,793.06,308.23,0.6528
243,1903,car,808.43,315.47,894.18,371.25,0.517
243,1674,car,920.36,341.23,959.76,366.55,0.5384
243,1975,car,580.76,252.36,629.84,292.88,0.7161
243,2311,car,870.0,284.65,932.93,326.85,0.5728
243,1936,bus,496.95,180.72,528.68,215.52,0.4282
243,2080,car,885.75,362.11,959.77,426.11,0.39
243,1481,bus,464.64,155.24,490.61,188.77,0.5261
243,2255,bus,867.62,225.77,956.42,322.7,0.7649
243,2567,car,566.62,195.73,594.18,217.43,0.3939
243,2565,bus,691.75,186.7,726.89,225.19,0.2593
243,2602,car,686.05,239.87,719.92,266.14,0.3032
243,2612,car,538.43,194.93,563.92,219.45,0.4767
243,21,bus,295.69,213.26,403.75,351.07,0.2211
243,1614,car,637.79,209.63,663.85,233.99,0.2675
244,1,bus,415.25,194.21,493.64,334.04,0.9067
244,76,car,827.9,294.81,911.64,341.5,0.7318
244,1066,bus,720.88,199.85,824.05,270.23,0.7978
244,1199,car,846.08,456.7,957.47,540.0,0.7941
244,1330,car,544.81,305.31,611.31,372.65,0.8965
244,1406,car,518.78,231.38,554.31,264.38,0.6322
244,1675,car,626.64,310.57,703.81,380.36,0.8644
244,1831,car,731.16,263.2,793.11,307.04,0.5437
244,1903,car,800.44,311.93,892.11,371.56,0.5101
244,1674,car,920.05,340.73,959.69,366.14,0.5152
244,1975,car,582.36,253.68,631.72,294.63,0.7279
244,2311,car,865.43,283.65,928.78,325.08,0.5306
244,1936,bus,496.73,179.86,529.16,215.35,0.4403
244,2080,car,884.95,361.94,958.74,425.45,0.4425
244,1481,bus,464.56,154.68,490.98,188.78,0.5476
244,2255,bus,866.15,225.52,956.21,323.05,0.7606
244,2567,car,567.23,194.73,595.92,217.39,0.4406
244,2602,car,686.82,239.33,720.7,265.69,0.2717
244,2612,car,538.69,194.89,564.26,219.5,0.4834
244,1614,car,637.27,208.83,663.84,233.33,0.2656
245,1,bus,415.18,193.85,493.74,334.01,0.9078
245,76,car,827.12,294.88,910.32,341.17,0.7475
245,1066,bus,718.45,198.47,822.45,269.74,0.7767
245,1199,car,857.47,466.21,956.8,540.0,0.6648
245,1330,car,544.61,307.16,613.5,377.28,0.8975
245,1406,car,518.58,231.84,554.79,265.39,0.6357
245,1675,car,628.94,313.5,707.61,384.71,0.8588
245,1831,car,730.77,262.96,793.09,307.17,0.6045
245,1903,car,805.46,313.3,894.07,371.28,0.5344
245,1674,car,919.52,340.71,959.64,366.38,0.5194
245,1975,car,584.06,255.25,633.35,296.32,0.7857
245,2311,car,861.35,282.55,926.25,324.27,0.4513
245,1936,bus,497.16,180.68,529.13,215.51,0.5037
245,2080,car,884.79,361.98,958.93,425.67,0.4692
245,1481,bus,464.48,154.46,491.21,188.97,0.5825
245,2255,bus,864.22,224.15,956.2,323.03,0.7218
245,2567,car,566.67,194.35,596.1,217.74,0.364
245,2602,car,687.31,239.12,721.34,265.73,0.3345
245,2612,car,539.33,195.59,564.89,220.16,0.4516
245,1614,car,636.47,208.52,663.24,232.87,0.2341
245,21,bus,296.7,212.5,405.14,350.74,0.3035
246,1,bus,415.28,194.25,493.75,334.2,0.9056
246,76,car,826.59,295.07,908.63,340.57,0.738
246,1066,bus,717.07,197.94,821.27,269.67,0.7928
246,1199,car,868.99,477.31,955.47,540.0,0.6999
246,1330,car,545.38,310.03,615.38,381.56,0.8635
246,1406,car,518.65,233.31,555.36,267.26,0.6543
246,1675,car,631.3,317.4,711.54,390.05,0.867
246,1831,car,730.39,263.16,792.65,307.36,0.6008
246,1903,car,808.35,314.52,894.4,371.01,0.5417
246,1674,car,918.95,340.84,959.39,366.62,0.4682
246,1975,car,584.8,256.7,634.89,298.63,0.7762
246,2311,car,861.48,280.35,927.75,323.08,0.4638
246,1936,bus,496.99,181.12,529.34,216.41,0.5687
246,2080,car,885.25,362.09,958.64,424.9,0.388
246,1481,bus,464.54,155.18,491.4,189.83,0.6402
246,2255,bus,862.94,224.93,955.17,322.87,0.731
246,2567,car,567.05,194.75,596.62,218.32,0.4371
246,2602,car,689.02,239.68,720.3,264.18,0.2856
246,2612,car,538.72,194.87,565.79,220.96,0.4619
246,2650,car,733.22,243.45,790.2,274.03,0.3299
246,21,bus,296.81,214.74,403.52,350.35,0.2657
247,1,bus,415.13,194.29,493.58,334.05,0.9005
247,76,car,826.44,295.16,907.53,340.0,0.7115
247,1066,bus,716.37,196.54,819.75,268.18,0.8028
247,1199,car,882.14,488.12,955.05,540.0,0.668
247,1330,car,546.32,313.31,617.29,386.13,0.8638
247,1406,car,518.93,234.41,556.24,268.81,0.6666
247,1675,car,633.48,321.06,715.53,395.38,0.877
247,1831,car,729.94,263.34,791.82,307.25,0.5351
247,1903,car,811.77,316.44,894.47,370.79,0.5308
247,1674,car,918.52,340.78,959.02,366.43,0.4788
247,1975,car,585.15,258.31,636.05,301.04,0.7291
247,2311,car,858.54,280.36,924.19,322.36,0.4937
247,1936,bus,497.53,181.92,529.97,217.15,0.6009
247,2080,car,885.69,362.17,958.75,424.54,0.408
247,1481,bus,464.94,156.0,491.73,190.36,0.6691
247,2255,bus,861.92,226.52,953.99,322.79,0.7813
247,2567,car,567.47,195.31,597.26,219.18,0.349
247,2602,car,687.52,239.27,720.31,265.14,0.2937
247,2612,car,538.96,195.16,566.7,221.86,0.4058
247,21,bus,295.49,211.88,405.0,351.45,0.2712
248,1,bus,415.09,194.15,493.84,334.41,0.8946
248,76,car,825.98,295.2,907.12,340.01,0.6957
248,1066,bus,714.33,195.2,818.32,267.82,0.7462
248,1199,car,896.04,500.84,952.84,540.0,0.5345
248,1330,car,547.69,317.29,618.7,390.22,0.8755
248,1406,car,519.46,235.8,556.97,270.31,0.6814
248,1675,car,635.64,323.91,720.79,401.2,0.8296
248,1831,car,729.84,263.84,790.99,307.28,0.5192
248,1903,car,813.11,317.62,893.83,370.6,0.4751
248,1674,car,917.98,340.64,959.03,366.53,0.4971
248,1975,car,585.28,260.12,636.98,303.6,0.7263
248,2311,car,856.12,279.91,921.89,321.61,0.5415
248,1936,bus,496.97,180.88,530.99,217.97,0.5701
248,2080,car,888.17,362.5,959.39,423.3,0.3498
248,1481,bus,464.97,156.76,491.35,190.55,0.5846
248,2255,bus,861.4,227.45,954.16,323.33,0.7389
248,2567,car,568.75,197.04,597.18,219.91,0.2979
248,2612,car,539.01,195.87,566.74,222.61,0.4158
248,21,bus,295.88,213.26,403.89,350.53,0.2737
249,1,bus,415.19,194.52,493.93,334.71,0.8981
249,76,car,824.94,295.1,906.56,340.15,0.6919
249,1066,bus,712.41,194.06,815.76,266.63,0.7508
249,1330,car,548.48,320.85,620.89,395.39,0.8724
249,1406,car,519.77,237.18,557.22,271.54,0.6959
249,1675,car,638.01,328.15,725.38,407.53,0.8642
249,1831,car,729.58,263.88,791.05,307.64,0.4541
249,1903,car,814.21,318.23,893.22,369.89,0.555
249,1674,car,917.02,340.21,958.64,366.28,0.523
249,1975,car,585.94,261.78,638.34,305.97,0.7412
249,2311,car,852.21,279.05,918.01,319.96,0.4777
249,1936,bus,496.47,179.73,531.99,218.75,0.6271
249,2080,car,888.13,362.64,960.0,424.14,0.3735
249,1481,bus,465.16,157.36,491.62,191.17,0.6094
249,2255,bus,859.14,225.31,954.27,322.51,0.7468
249,2567,car,568.63,196.98,598.51,221.16,0.2898
249,2612,car,539.0,196.21,566.86,223.19,0.4315
249,21,bus,295.4,212.65,404.09,350.79,0.2363
249,2650,car,734.23,243.23,788.1,272.21,0.2618
250,1,bus,415.13,194.89,493.71,334.77,0.8978
250,76,car,823.43,294.55,905.99,340.16,0.7061
250,1066,bus,710.54,194.09,813.76,266.98,0.7833
250,1330,car,549.35,323.52,623.65,400.28,0.8694
250,1406,car,519.57,237.58,557.59,272.45,0.749
250,1675,car,640.85,333.1,729.31,413.39,0.8751
250,1831,car,730.28,263.79,791.4,307.49,0.484
250,1903,car,813.56,318.18,893.29,370.13,0.5517
250,1674,car,916.3,339.84,958.91,366.45,0.529
250,1975,car,587.1,263.18,640.17,308.06,0.8104
250,2311,car,850.59,278.41,916.54,319.24,0.4952
250,1936,bus,496.26,179.58,532.28,219.48,0.6696
250,2080,car,887.97,362.64,959.42,423.64,0.3495
250,1481,bus,465.17,157.72,491.68,191.54,0.6265
250,2255,bus,856.99,224.68,954.32,323.0,0.8017
250,2567,car,568.84,196.3,599.61,221.5,0.2827
250,2612,car,538.92,195.79,567.37,223.47,0.3345
250,21,bus,295.35,212.81,403.68,350.49,0.2179
250,2650,car,734.28,243.18,786.98,271.61,0.2572
251,1,bus,415.38,194.73,494.0,334.72,0.9004
251,76,car,822.46,293.89,905.43,339.82,0.6595
251,1066,bus,710.81,195.44,811.53,266.7,0.8712
251,1330,car,550.78,326.35,626.28,404.59,0.8596
251,1406,car,519.63,238.02,558.08,273.36,0.7432
251,1675,car,643.24,336.33,734.19,418.95,0.8622
251,1831,car,729.08,262.86,790.87,307.13,0.3264
251,1903,car,813.21,317.69,894.2,370.49,0.5334
251,1674,car,915.11,339.32,958.61,366.33,0.54
251,1975,car,588.41,264.3,642.44,310.04,0.8062
251,2311,car,849.16,278.18,914.47,318.44,0.406
251,1936,bus,496.61,179.89,532.26,219.61,0.604
251,2080,car,887.6,362.5,958.84,423.1,0.3941
251,1481,bus,465.34,157.63,491.67,191.08,0.5657
251,2255,bus,854.42,221.83,954.93,322.46,0.7807
251,2567,car,568.57,195.61,600.11,221.77,0.3324
251,2612,car,539.2,196.07,567.39,223.62,0.3498
251,21,bus,295.72,213.0,403.14,349.53,0.2315
251,2650,car,733.29,242.62,785.13,270.66,0.23
251,1614,car,635.59,209.05,659.52,230.53,0.247
252,1,bus,415.27,194.75,493.96,334.92,0.8956
252,76,car,821.31,293.69,905.36,340.31,0.668
252,1066,bus,710.84,194.82,809.67,264.85,0.8635
252,1330,car,551.18,329.68,628.27,409.92,0.8871
252,1406,car,519.87,238.86,558.77,274.68,0.7109
252,1675,car,645.69,340.57,739.24,425.65,0.8323
252,1831,car,729.69,263.13,790.47,306.83,0.3622
252,1903,car,812.81,317.95,892.47,369.5,0.495
252,1674,car,914.29,338.88,958.6,366.25,0.5649
252,1975,car,589.09,265.79,644.21,312.59,0.7957
252,2311,car,845.6,276.99,911.95,317.68,0.3477
252,1936,bus,495.92,178.45,533.04,220.22,0.5813
252,2080,car,887.24,362.49,959.01,423.43,0.3281
252,1481,bus,465.48,157.94,492.23,191.87,0.6094
252,2255,bus,851.52,222.09,953.6,322.9,0.8238
252,2567,car,569.22,196.28,601.39,223.26,0.2929
252,2612,car,539.53,197.15,566.91,224.0,0.382
253,1,bus,415.37,194.92,494.04,335.04,0.8861
253,76,car,820.46,293.42,903.72,339.59,0.6882
253,1066,bus,711.43,195.14,808.09,263.64,0.7309
253,1330,car,552.36,333.48,630.2,414.66,0.8932
253,1406,car,520.01,239.93,559.27,276.18,0.6852
253,1675,car,648.63,345.28,744.67,432.59,0.8357
253,1831,car,728.41,263.12,788.74,306.38,0.3533
253,1903,car,811.44,318.07,892.91,370.63,0.49
253,1674,car,913.82,338.51,959.04,366.4,0.569
253,1975,car,590.53,267.9,645.86,314.89,0.7936
253,2311,car,842.13,276.1,910.39,317.9,0.2596
253,1936,bus,495.9,178.49,533.24,220.87,0.5819
253,2080,car,886.7,362.38,959.69,424.42,0.287
253,1481,bus,465.03,157.72,492.41,192.62,0.6361
253,2255,bus,849.22,222.04,953.25,323.46,0.7925
253,2567,car,570.55,197.09,602.35,223.99,0.3246
253,2612,car,539.52,197.69,566.86,224.69,0.2958
253,21,bus,295.36,212.89,403.07,349.8,0.2501
254,1,bus,415.42,194.88,494.21,335.14,0.8867
254,76,car,820.16,293.24,902.63,338.95,0.7412
254,1066,bus,711.33,195.49,806.61,263.02,0.7389
254,1330,car,553.28,336.92,632.66,419.91,0.8805
254,1406,car,520.18,240.89,559.56,277.41,0.6718
254,1675,car,651.77,349.6,750.43,439.38,0.8539
254,1831,car,725.68,261.89,787.6,306.27,0.3651
254,1903,car,812.26,318.11,893.93,370.87,0.4714
254,1674,car,912.86,338.16,959.29,366.8,0.557
254,1975,car,591.89,270.16,647.47,317.36,0.8121
254,1936,bus,495.49,177.89,533.3,221.22,0.5311
254,2080,car,886.08,362.5,959.81,425.2,0.4368
254,1481,bus,465.37,157.79,492.72,192.65,0.6091
254,2255,bus,846.87,221.81,952.77,323.63,0.8017
254,2567,car,570.87,197.35,602.37,224.29,0.349
254,2612,car,540.19,199.18,566.78,225.48,0.3672
254,21,bus,294.62,211.94,403.37,350.28,0.2228
255,1,bus,415.71,195.18,494.32,335.09,0.8852
255,76,car,819.85,293.14,902.25,338.77,0.7512
255,1066,bus,709.01,195.9,804.2,263.1,0.5569
255,1330,car,553.97,341.24,635.12,426.29,0.8806
255,1406,car,519.9,241.89,560.14,279.43,0.6951
255,1675,car,654.83,353.84,756.56,446.46,0.8591
255,1831,car,724.46,262.0,786.49,306.44,0.4585
255,1903,car,812.65,318.3,893.89,370.84,0.4818
255,1674,car,912.11,338.07,959.4,367.24,0.5859
255,1975,car,593.34,272.57,649.25,320.1,0.8255
255,1936,bus,494.15,176.01,533.45,221.58,0.5918
255,2080,car,885.37,362.79,959.53,425.79,0.437
255,1481,bus,465.47,158.32,492.26,192.53,0.5996
255,2255,bus,844.41,220.91,953.33,324.48,0.7669
255,2567,car,571.59,198.16,602.98,225.11,0.4437
255,2612,car,540.25,199.6,567.04,226.29,0.3848
255,21,bus,294.19,212.3,403.41,351.51,0.3788
256,1,bus,416.12,195.18,494.51,334.86,0.8884
256,76,car,819.27,292.61,901.77,338.37,0.698
256,1066,bus,709.34,196.05,803.5,262.62,0.7351
256,1330,car,555.17,344.99,637.81,431.92,0.861
256,1406,car,519.86,242.48,560.77,280.96,0.6804
256,1675,car,658.18,358.95,762.33,453.78,0.8222
256,1831,car,723.61,261.73,786.1,306.57,0.3666
256,1903,car,813.2,318.11,892.94,369.62,0.4648
256,1674,car,911.53,337.73,959.48,367.29,0.571
256,1975,car,594.84,274.41,651.77,322.71,0.8052
256,1936,bus,493.96,175.14,533.66,221.64,0.5652
256,2080,car,884.96,362.7,959.85,426.37,0.3264
256,1481,bus,465.61,158.56,492.58,193.06,0.6037
256,2255,bus,844.07,221.84,953.76,325.06,0.6752
256,2567,car,572.1,198.6,603.18,225.39,0.4011
256,2612,car,540.39,200.26,566.83,226.76,0.4423
256,21,bus,293.2,210.97,403.14,351.69,0.2202
257,1,bus,416.21,195.12,494.45,334.75,0.8953
257,76,car,818.93,292.1,900.09,337.04,0.7206
257,1066,bus,705.69,194.3,800.45,260.96,0.5726
257,1330,car,555.92,348.14,640.75,437.78,0.8468
257,1406,car,520.56,243.54,561.17,281.91,0.6511
257,1675,car,661.11,363.54,769.39,462.25,0.777
257,1831,car,723.1,261.63,785.54,306.46,0.328
257,1903,car,815.85,317.68,893.38,367.79,0.4833
257,1674,car,911.18,337.49,959.55,367.29,0.6036
257,1975,car,596.0,275.89,654.6,325.64,0.7743
257,1936,bus,495.07,175.98,533.81,221.82,0.5554
257,2080,car,883.83,362.19,960.0,427.16,0.3396
257,1481,bus,465.67,158.73,492.18,192.66,0.5823
257,2255,bus,842.59,222.1,953.37,325.1,0.733
257,2567,car,572.06,197.83,604.1,225.67,0.33
257,2612,car,539.98,199.43,567.31,227.07,0.3796
257,21,bus,294.51,213.09,403.26,352.07,0.223
258,1,bus,416.18,194.75,494.42,334.59,0.8932
258,76,car,818.13,292.07,898.75,336.52,0.7185
258,1066,bus,703.88,194.34,797.9,260.06,0.587
258,1330,car,556.99,351.78,643.72,443.74,0.8285
258,1406,car,521.15,244.64,561.6,283.06,0.6536
258,1675,car,665.44,368.42,777.17,470.18,0.7959
258,1831,car,723.16,261.31,784.57,305.36,0.3851
258,1903,car,814.89,317.89,892.97,368.39,0.475
258,1674,car,910.98,337.3,959.23,366.93,0.609
258,1975,car,597.47,277.58,657.25,328.27,0.7797
258,1936,bus,495.38,176.81,533.5,222.02,0.5345
258,2080,car,884.94,362.3,959.74,425.96,0.3808
258,1481,bus,465.82,158.59,492.08,192.2,0.5457
258,2255,bus,841.29,221.63,953.54,324.86,0.69
258,2567,car,572.48,198.4,604.21,226.1,0.3386
258,2612,car,539.81,198.83,567.55,227.15,0.3833
258,21,bus,292.77,208.88,404.89,353.15,0.3276
259,1,bus,416.21,194.54,494.46,334.6,0.8968
259,76,car,817.99,291.34,897.32,334.97,0.6565
259,1066,bus,702.16,194.26,798.28,261.53,0.7244
259,1330,car,557.96,355.7,647.25,450.82,0.8355
259,1406,car,521.46,245.53,562.11,284.42,0.7076
259,1675,car,669.02,373.6,784.34,478.79,0.8118
259,1831,car,723.06,261.15,784.42,305.26,0.5183
259,1903,car,815.64,318.31,892.17,367.81,0.477
259,1674,car,910.53,337.12,959.29,367.01,0.6272
259,1975,car,598.4,279.17,660.06,331.55,0.8085
259,1936,bus,495.92,177.72,533.59,222.47,0.5219
259,2080,car,884.61,362.24,959.52,425.93,0.317
259,1481,bus,465.71,158.1,492.32,192.3,0.5989
259,2255,bus,839.01,221.4,953.27,325.15,0.8515
259,2567,car,574.02,200.23,604.54,226.77,0.4247
259,2612,car,540.32,199.76,567.92,228.02,0.3093
259,21,bus,294.16,210.84,403.69,351.68,0.2591
259,2611,bus,662.1,180.14,701.68,221.22,0.3122
260,1,bus,416.37,194.72,494.48,334.65,0.9007
260,76,car,817.54,290.8,895.01,333.23,0.7293
260,1066,bus,699.52,194.07,797.86,263.0,0.7565
260,1330,car,558.65,360.35,650.22,458.39,0.8532
260,1406,car,521.8,246.21,563.19,286.08,0.686
260,1675,car,672.62,379.34,791.56,487.84,0.8317
260,1831,car,722.31,260.73,784.11,305.2,0.5108
260,1903,car,816.66,318.25,893.2,367.96,0.4961
260,1674,car,909.72,337.02,958.78,366.93,0.6551
260,1975,car,599.64,281.26,662.32,334.48,0.8422
260,1936,bus,497.24,180.34,533.37,223.08,0.4919
260,2080,car,884.54,362.14,959.42,425.74,0.4695
260,1481,bus,465.99,157.9,492.84,192.45,0.6092
260,2255,bus,837.15,221.19,953.3,325.37,0.8959
260,2567,car,573.99,200.16,605.18,227.35,0.4421
260,2612,car,539.97,199.44,568.62,228.99,0.3932
260,2611,bus,662.36,180.29,701.81,222.03,0.3641
261,1,bus,416.33,194.54,494.5,334.66,0.8931
261,76,car,816.88,290.54,893.69,332.35,0.7131
261,1066,bus,702.81,194.44,795.05,258.76,0.7531
261,1330,car,560.37,364.99,653.13,464.64,0.8633
261,1406,car,522.0,246.96,563.69,287.38,0.6927
261,1675,car,679.4,384.85,804.11,497.73,0.8428
261,1831,car,722.05,260.33,784.41,305.35,0.5294
261,1903,car,814.78,317.57,892.8,368.24,0.4588
261,1674,car,908.37,336.9,958.82,367.57,0.6465
261,1975,car,601.0,283.4,664.91,337.69,0.8397
261,1936,bus,497.75,180.92,533.73,223.41,0.5827
261,2080,car,884.46,362.09,959.35,425.63,0.4637
261,1481,bus,466.8,158.93,493.32,192.77,0.6233
261,2255,bus,835.39,221.22,953.22,325.72,0.86
261,2567,car,574.42,200.57,605.73,227.93,0.4061
261,2612,car,539.3,198.94,568.82,229.5,0.2946
261,2611,bus,662.99,180.74,702.21,222.57,0.4029
262,1,bus,416.25,194.33,494.43,334.53,0.8927
262,76,car,817.09,290.4,893.23,331.69,0.7452
262,1066,bus,702.08,193.87,792.24,256.28,0.7322
262,1330,car,561.32,369.18,657.24,472.59,0.8766
262,1406,car,522.24,247.83,564.29,288.89,0.7157
262,1675,car,682.76,390.86,811.54,507.23,0.8584
262,1831,car,720.97,259.85,784.19,305.59,0.6061
262,1903,car,813.85,317.11,893.97,369.51,0.4806
262,1674,car,907.4,336.41,958.87,367.61,0.6713
262,1975,car,602.41,285.57,667.37,340.71,0.8337
262,1936,bus,497.67,181.1,533.83,223.65,0.5494
262,2080,car,884.17,361.74,959.34,425.43,0.4655
262,1481,bus,466.88,158.9,493.3,192.52,0.6175
262,2255,bus,834.35,220.71,952.96,324.65,0.8337
262,2567,car,574.77,201.0,606.18,228.52,0.4125
262,2612,car,539.77,199.38,569.37,229.9,0.3347
262,2611,bus,662.7,180.14,701.27,221.81,0.3403
263,1,bus,416.37,194.42,494.64,334.72,0.8898
263,76,car,815.41,290.26,892.66,332.0,0.7586
263,1066,bus,701.24,195.17,788.93,255.45,0.7344
263,1330,car,562.46,374.09,661.14,481.09,0.8257
263,1406,car,522.71,249.23,564.93,290.66,0.7334
263,1675,car,684.9,395.26,819.81,517.56,0.8204
263,1831,car,720.56,260.03,783.58,305.7,0.5524
263,1903,car,815.09,317.83,892.23,368.27,0.483
263,1674,car,906.35,335.69,959.14,367.7,0.6642
263,1975,car,603.79,287.71,670.05,343.96,0.874
263,1936,bus,497.94,180.59,535.12,224.52,0.6249
263,2080,car,882.83,361.54,960.0,428.01,0.4142
263,1481,bus,466.62,159.6,493.13,193.4,0.5942
263,2255,bus,832.91,220.68,953.11,324.87,0.8392
263,2567,car,574.99,201.27,606.98,229.42,0.4079
263,2612,car,539.25,199.96,569.55,231.02,0.3269
263,2611,bus,662.95,180.01,701.22,221.77,0.2882
264,1,bus,416.08,193.96,494.49,334.59,0.9022
264,76,car,814.04,289.73,891.7,331.59,0.7413
264,1066,bus,698.3,193.91,789.29,256.52,0.712
264,1330,car,564.0,378.65,664.8,488.43,0.8423
264,1406,car,522.93,249.85,565.59,291.94,0.7311
264,1675,car,687.84,398.32,830.27,528.05,0.8254
264,1831,car,724.79,260.52,785.47,305.25,0.4307
264,1903,car,813.25,316.89,892.17,368.6,0.5014
264,1674,car,903.92,332.57,960.0,367.18,0.7142
264,1975,car,605.49,289.71,672.43,346.49,0.8482
264,1936,bus,497.53,179.2,535.86,224.81,0.6469
264,2080,car,882.16,360.92,960.0,428.35,0.4433
264,1481,bus,466.89,159.31,493.44,193.03,0.6567
264,2255,bus,831.45,220.86,952.27,324.13,0.8292
264,2567,car,575.44,201.78,607.25,229.77,0.3997
264,2612,car,539.28,199.76,570.1,231.16,0.2493
264,2611,bus,662.71,179.38,700.65,221.17,0.3057
264,2767,car,651.86,210.89,678.42,231.05,0.3373
264,2650,car,719.0,238.76,772.23,267.36,0.2899
264,2311,car,823.02,265.96,871.66,293.81,0.4408
265,1,bus,416.09,193.79,494.61,334.7,0.906
265,76,car,812.98,289.54,890.48,331.18,0.7469
265,1066,bus,697.18,193.58,788.83,256.8,0.6799
265,1330,car,565.49,384.1,668.97,497.3,0.8708
265,1406,car,523.24,251.21,566.05,293.71,0.7378
265,1675,car,695.53,408.31,837.44,537.14,0.8571
265,1831,car,725.58,260.48,785.12,305.02,0.4662
265,1903,car,812.89,316.61,892.62,369.25,0.5614
265,1674,car,902.9,331.65,960.0,367.09,0.7234
265,1975,car,606.84,291.58,676.15,350.46,0.8436
265,1936,bus,498.3,180.16,536.28,225.47,0.4827
265,2080,car,881.93,360.95,960.0,428.5,0.3633
265,1481,bus,466.87,159.44,493.41,193.12,0.6282
265,2255,bus,829.28,221.25,951.68,324.42,0.8162
265,2567,car,576.31,201.96,608.22,230.17,0.3623
265,2612,car,538.08,200.15,569.52,231.66,0.4052
265,2611,bus,663.39,179.3,700.57,220.38,0.3447
265,2767,car,651.24,210.14,679.03,231.24,0.3113
265,2650,car,718.25,239.1,771.39,267.5,0.2652
265,2311,car,819.55,265.58,870.72,294.18,0.4263
266,1,bus,416.48,194.0,494.76,334.48,0.9075
266,76,car,812.62,289.26,889.62,330.47,0.7508
266,1066,bus,697.67,194.16,787.82,256.35,0.7223
266,1330,car,566.78,389.47,674.03,507.13,0.8033
266,1406,car,523.63,252.65,566.57,295.41,0.7592
266,1675,car,704.88,415.68,844.64,540.0,0.8669
266,1831,car,723.99,260.27,782.77,304.36,0.5211
266,1903,car,811.36,316.12,892.01,369.55,0.5246
266,1674,car,900.64,329.33,960.0,367.08,0.7251
266,1975,car,608.36,294.17,678.98,354.14,0.8429
266,1936,bus,498.46,180.59,536.58,226.08,0.5252
266,2080,car,881.77,360.83,960.0,429.22,0.3699
266,1481,bus,467.03,160.01,493.77,193.75,0.5936
266,2255,bus,828.35,219.16,952.42,322.48,0.8328
266,2567,car,576.96,203.18,608.41,231.17,0.3945
266,2612,car,538.7,200.18,570.5,231.91,0.3304
266,2611,bus,664.13,178.77,700.68,219.17,0.3277
266,2767,car,651.17,209.88,679.13,231.13,0.296
266,2650,car,717.26,239.25,770.56,267.6,0.2419
266,2311,car,817.89,265.44,870.77,294.31,0.3779
267,1,bus,416.55,193.84,494.79,334.31,0.9017
267,76,car,811.1,288.33,888.96,329.92,0.7402
267,1066,bus,697.19,193.09,785.99,254.26,0.823
267,1330,car,568.13,393.87,679.52,516.56,0.8336
267,1406,car,523.82,253.14,567.35,296.81,0.7463
267,1675,car,714.99,423.78,850.0,540.0,0.8668
267,1831,car,722.05,259.72,781.16,304.14,0.443
267,1903,car,811.98,315.96,892.25,369.56,0.554
267,1674,car,899.38,327.7,960.0,366.9,0.73
267,1975,car,610.13,296.72,682.29,357.99,0.8593
267,1936,bus,498.22,179.81,537.07,226.4,0.5692
267,2080,car,881.67,360.69,960.0,429.09,0.3696
267,1481,bus,467.31,160.48,493.8,193.66,0.6255
267,2255,bus,826.36,218.73,953.29,323.4,0.8496
267,2567,car,578.73,204.7,608.86,231.49,0.3838
267,2612,car,540.73,200.89,572.0,232.19,0.3127
267,2611,bus,663.44,178.54,700.05,219.23,0.3694
267,2767,car,651.59,210.0,678.35,230.33,0.2993
267,2650,car,714.82,236.78,771.69,267.33,0.2536
268,1,bus,417.03,193.9,495.36,334.41,0.8971
268,76,car,810.19,287.59,887.69,328.89,0.7345
268,1066,bus,696.63,192.78,783.58,252.43,0.7528
268,1330,car,570.38,400.12,684.37,526.04,0.865
268,1406,car,524.51,254.79,568.14,298.63,0.7469
268,1675,car,723.38,431.55,853.3,540.0,0.8907
268,1831,car,720.86,259.32,779.96,303.7,0.4728
268,1903,car,810.13,316.04,889.69,369.0,0.5656
268,1674,car,898.94,327.83,960.0,366.98,0.721
268,1975,car,611.91,299.12,685.63,361.79,0.8274
268,1936,bus,500.19,183.17,536.63,226.61,0.5091
268,2080,car,882.82,360.36,960.0,429.42,0.4028
268,1481,bus,467.45,160.66,494.17,193.88,0.6402
268,2255,bus,825.21,219.03,953.0,323.2,0.8393
268,2567,car,580.02,205.28,610.39,232.37,0.3859
268,2612,car,540.22,199.9,572.92,232.93,0.2224
268,2611,bus,664.45,178.73,699.96,218.29,0.3008
268,2767,car,650.86,209.86,677.89,230.35,0.2472
268,2311,car,815.99,265.15,866.54,291.46,0.3204
269,1,bus,416.92,194.24,495.09,334.42,0.9034
269,76,car,809.12,286.64,886.81,328.04,0.6999
269,1066,bus,695.71,193.01,783.13,253.15,0.7728
269,1330,car,572.86,406.91,688.0,534.4,0.8442
269,1406,car,525.49,256.7,568.69,300.05,0.7386
269,1675,car,732.39,439.05,857.0,540.0,0.8917
269,1831,car,720.58,258.54,779.79,303.26,0.524
269,1903,car,809.9,315.98,888.45,368.17,0.551
269,1674,car,898.88,328.83,960.0,367.34,0.6927
269,1975,car,614.41,301.87,688.81,365.21,0.852
269,1936,bus,500.18,182.57,537.23,226.78,0.6085
269,2080,car,881.82,360.52,960.0,429.92,0.3034
269,1481,bus,467.55,160.88,494.47,194.14,0.6224
269,2255,bus,823.34,218.98,952.83,323.34,0.7145
269,2567,car,581.06,205.63,611.81,233.03,0.478
269,2611,bus,663.92,178.53,699.48,218.24,0.4334
269,2767,car,650.74,210.34,677.09,230.18,0.347
269,2311,car,813.1,263.98,865.82,290.64,0.2868
270,1,bus,416.84,194.64,494.86,334.57,0.9
270,76,car,808.81,286.13,885.63,326.99,0.7009
270,1066,bus,693.83,193.22,782.52,254.66,0.7041
270,1330,car,576.75,413.74,690.26,538.83,0.8672
270,1406,car,525.88,258.48,568.86,301.54,0.7625
270,1675,car,741.43,448.42,858.34,540.0,0.8633
270,1831,car,720.78,258.63,779.16,302.92,0.4768
270,1903,car,808.05,315.88,886.76,367.83,0.5162
270,1674,car,897.58,327.39,960.0,367.27,0.6807
270,1975,car,616.81,304.85,692.08,368.95,0.8502
270,1936,bus,500.67,183.68,537.34,227.39,0.6467
270,2080,car,882.48,360.23,960.0,430.26,0.4251
270,1481,bus,468.55,161.06,495.68,193.88,0.6273
270,2255,bus,822.55,218.79,952.53,322.31,0.8118
270,2567,car,581.81,205.66,613.19,233.65,0.5421
270,2611,bus,663.29,178.35,699.3,218.77,0.5088
270,2767,car,650.56,210.76,676.41,230.07,0.3506
270,2311,car,809.28,263.91,865.75,292.3,0.3155
270,2812,car,673.02,231.16,703.54,252.4,0.38
271,1,bus,417.07,194.59,495.21,334.58,0.8924
271,76,car,808.63,285.44,884.65,325.78,0.7275
271,1066,bus,693.86,193.01,779.62,252.46,0.7502
271,1330,car,581.53,419.88,693.06,540.0,0.8517
271,1406,car,526.27,259.62,569.89,303.32,0.7506
271,1675,car,750.39,456.38,861.86,540.0,0.8721
271,1831,car,721.34,259.24,778.2,302.52,0.4575
271,1903,car,807.59,315.07,886.42,366.82,0.5049
271,1674,car,897.01,326.54,960.0,367.11,0.6812
271,1975,car,618.16,307.45,695.51,373.4,0.8346
271,1936,bus,501.65,186.18,536.84,227.88,0.6511
271,2080,car,882.98,360.23,960.0,430.11,0.4733
271,1481,bus,468.52,161.38,495.76,193.91,0.6036
271,2255,bus,821.4,218.28,951.99,321.03,0.7939
271,2567,car,582.17,205.92,614.07,234.52,0.5522
271,2611,bus,663.67,179.21,698.75,218.51,0.5083
271,2767,car,649.93,210.15,676.59,229.93,0.3511
271,2311,car,807.4,262.39,863.67,290.24,0.4122
271,2812,car,673.41,231.38,701.73,251.08,0.3834
272,1,bus,416.83,194.63,494.91,334.55,0.8941
272,76,car,808.0,284.93,883.31,324.73,0.6885
272,1066,bus,692.64,192.79,778.98,252.94,0.7679
272,1330,car,587.02,426.6,695.32,540.0,0.8523
272,1406,car,526.59,260.38,571.25,305.1,0.7707
272,1675,car,759.67,466.09,863.71,540.0,0.8495
272,1831,car,722.17,258.91,777.6,301.23,0.4918
272,1903,car,803.84,313.91,885.56,367.18,0.4706
272,1674,car,896.79,325.99,960.0,366.9,0.6701
272,1975,car,619.63,310.01,699.1,377.86,0.8514
272,1936,bus,501.78,186.58,537.19,228.38,0.6602
272,2080,car,883.19,360.26,960.0,430.22,0.3729
272,1481,bus,468.44,161.4,495.25,193.09,0.5245
272,2255,bus,818.96,217.98,950.83,320.23,0.809
272,2567,car,582.51,206.58,614.42,235.37,0.6045
272,2611,bus,663.98,179.88,698.31,218.26,0.4683
272,2767,car,649.25,209.73,676.51,229.91,0.355
272,2311,car,806.12,261.35,862.77,288.97,0.4081
272,2812,car,674.14,230.32,699.82,248.12,0.3093
272,2612,car,542.96,202.04,576.04,236.0,0.3648
273,1,bus,416.62,194.94,494.41,334.36,0.8937
273,76,car,806.51,284.8,881.95,324.56,0.6605
273,1066,bus,688.18,192.57,781.87,258.77,0.7531
273,1330,car,592.29,433.78,696.6,540.0,0.8337
273,1406,car,526.47,261.13,572.27,307.0,0.7831
273,1675,car,769.07,474.63,866.67,540.0,0.8031
273,1831,car,722.77,258.49,777.43,300.43,0.4405
273,1903,car,803.0,313.5,884.9,366.63,0.5141
273,1674,car,895.3,324.26,960.0,367.0,0.6927
273,1975,car,621.76,312.95,703.57,382.94,0.8677
273,1936,bus,500.51,183.59,538.62,228.88,0.7008
273,2080,car,883.67,360.4,960.0,430.15,0.5306
273,1481,bus,468.36,161.51,495.18,192.79,0.5029
273,2255,bus,816.04,215.86,951.74,319.93,0.862
273,2567,car,583.03,206.66,615.04,235.82,0.5705
273,2611,bus,664.18,179.41,698.76,218.15,0.5429
273,2767,car,648.83,209.5,676.21,229.67,0.3285
273,2311,car,803.01,259.8,862.4,288.61,0.4767
273,2812,car,672.63,229.43,698.8,247.53,0.3422
273,2612,car,544.48,203.74,576.17,236.49,0.4632
274,1,bus,416.37,194.55,494.51,334.42,0.8843
274,76,car,804.93,284.75,879.53,323.69,0.6644
274,1066,bus,688.93,192.79,778.8,256.76,0.7723
274,1330,car,597.8,440.92,698.14,540.0,0.8032
274,1406,car,525.94,261.76,573.09,309.01,0.7885
274,1675,car,779.83,484.57,868.72,540.0,0.7848
274,1831,car,719.99,256.26,776.52,299.76,0.5094
274,1903,car,800.79,313.22,883.06,366.26,0.5488
274,1674,car,894.13,322.86,960.0,367.08,0.6797
274,1975,car,623.85,316.72,707.04,387.99,0.8692
274,1936,bus,498.49,180.44,539.43,229.41,0.7201
274,2080,car,883.98,360.51,960.0,430.89,0.5242
274,1481,bus,468.6,161.79,494.8,191.92,0.4885
274,2255,bus,816.0,216.23,950.96,318.25,0.8258
274,2567,car,583.89,207.31,615.49,236.09,0.542
274,2611,bus,664.49,179.35,698.68,217.64,0.4864
274,2767,car,648.48,209.59,675.74,229.57,0.3145
274,2311,car,801.9,259.79,860.57,287.9,0.5613
274,2812,car,670.84,229.11,696.73,246.9,0.3124
274,2612,car,545.6,205.18,576.07,236.82,0.5262
275,1,bus,416.23,194.46,494.43,334.37,0.8873
275,76,car,803.96,284.32,878.2,322.79,0.6545
275,1066,bus,689.91,192.51,774.8,252.93,0.7481
275,1330,car,603.5,449.16,698.93,540.0,0.7857
275,1406,car,526.05,262.98,573.61,310.72,0.7431
275,1675,car,792.26,496.23,869.14,540.0,0.6508
275,1831,car,719.83,255.88,775.64,298.93,0.5416
275,1903,car,803.17,313.35,884.66,366.15,0.4803
275,1674,car,894.94,324.62,959.94,366.59,0.7033
275,1975,car,626.34,319.87,710.86,392.32,0.8261
275,1936,bus,499.79,182.16,539.79,230.19,0.6332
275,2080,car,884.69,360.38,960.0,430.05,0.435
275,1481,bus,468.68,161.75,495.14,191.78,0.4865
275,2255,bus,816.58,216.81,949.74,315.91,0.5908
275,2567,car,585.87,209.17,616.36,236.58,0.5993
275,2611,bus,664.22,179.17,698.31,217.52,0.4629
275,2767,car,648.89,210.2,674.98,229.15,0.3023
275,2311,car,800.1,258.94,860.05,287.5,0.5582
275,2812,car,669.65,228.97,695.92,246.93,0.3035
275,2612,car,544.98,203.64,576.97,237.21,0.4515
275,2856,bus,883.4,236.0,959.25,315.45,0.3657
276,1,bus,415.65,194.73,493.89,334.66,0.8886
276,76,car,803.05,284.11,876.64,322.05,0.698
276,1066,bus,688.42,192.46,773.55,253.41,0.7315
276,1330,car,609.65,457.17,701.16,540.0,0.7135
276,1406,car,526.57,264.77,574.37,312.75,0.7603
276,1675,car,801.74,508.6,863.95,540.0,0.4684
276,1831,car,720.28,257.11,774.28,298.68,0.5725
276,1903,car,800.0,313.26,882.27,366.28,0.4804
276,1674,car,896.38,327.52,957.24,366.25,0.7619
276,1975,car,628.51,322.37,715.58,397.07,0.8128
276,1936,bus,501.68,185.71,539.49,230.97,0.5932
276,2080,car,885.22,360.62,960.0,429.61,0.4409
276,1481,bus,468.42,161.78,495.35,191.97,0.5757
276,2255,bus,815.28,215.56,950.41,314.81,0.7976
276,2567,car,586.51,209.63,617.64,237.52,0.6279
276,2611,bus,663.21,177.87,698.18,217.55,0.471
276,2767,car,648.22,209.6,675.01,228.97,0.2937
276,2311,car,798.62,258.48,858.96,287.11,0.5192
276,2812,car,667.92,229.33,695.3,247.97,0.2872
276,2612,car,545.06,203.43,577.47,237.72,0.5387
277,1,bus,415.63,195.12,493.82,334.83,0.8884
277,76,car,802.49,284.09,876.0,321.75,0.6915
277,1066,bus,687.92,192.61,772.11,253.1,0.7119
277,1330,car,612.85,466.48,698.83,540.0,0.6581
277,1406,car,526.43,266.3,575.08,315.32,0.7655
277,1831,car,719.19,257.42,773.42,299.09,0.5674
277,1903,car,803.98,313.77,885.57,366.89,0.4975
277,1674,car,895.79,328.14,956.62,366.42,0.7409
277,1975,car,630.3,325.33,720.19,402.7,0.7724
277,1936,bus,501.74,186.25,540.15,232.28,0.6517
277,2080,car,885.28,361.11,960.0,429.56,0.4238
277,1481,bus,469.16,162.19,495.45,191.1,0.5747
277,2255,bus,813.55,215.63,949.94,314.47,0.486
277,2567,car,587.13,209.89,619.23,238.51,0.6133
277,2611,bus,664.19,178.37,698.29,217.35,0.417
277,2767,car,647.38,209.26,674.73,228.97,0.2858
277,2311,car,797.7,258.52,858.08,286.89,0.4526
277,2812,car,668.3,229.4,695.11,247.61,0.2832
277,2612,car,544.14,202.86,577.73,238.66,0.5373
277,21,bus,295.04,214.08,399.46,347.87,0.2427
277,2856,bus,878.73,230.53,958.56,314.1,0.326
278,1,bus,415.57,195.28,493.84,334.95,0.8911
278,76,car,801.95,283.49,874.55,320.59,0.7204
278,1066,bus,686.46,192.4,773.49,255.37,0.6918
278,1330,car,617.1,475.21,697.72,540.0,0.6733
278,1406,car,527.03,268.3,575.77,317.52,0.7547
278,1831,car,719.66,257.82,772.93,298.68,0.5628
278,1903,car,806.87,313.66,885.92,365.58,0.4283
278,1674,car,894.39,328.04,956.53,366.75,0.7846
278,1975,car,632.67,329.3,724.87,408.91,0.7322
278,1936,bus,502.25,187.04,540.7,233.07,0.6724
278,2080,car,884.73,361.21,960.0,430.09,0.4806
278,1481,bus,468.8,161.93,495.37,190.81,0.5729
278,2255,bus,813.58,215.53,950.5,313.46,0.7565
278,2567,car,587.68,210.12,620.36,239.14,0.629
278,2611,bus,664.03,178.65,698.08,217.76,0.4857
278,2767,car,646.81,208.96,674.47,228.82,0.3161
278,2311,car,794.78,258.05,855.49,286.48,0.5571
278,2812,car,667.73,229.05,695.8,248.15,0.3932
278,2612,car,544.27,202.5,578.51,239.39,0.5291
278,21,bus,294.21,215.08,397.42,347.61,0.221
279,1,bus,415.69,195.54,493.93,335.02,0.8917
279,76,car,801.34,283.1,873.27,319.73,0.7843
279,1066,bus,685.57,192.37,773.88,256.71,0.6971
279,1330,car,623.41,485.26,696.77,540.0,0.6352
279,1406,car,527.44,270.16,576.53,319.74,0.7724
279,1831,car,719.58,257.26,772.25,297.61,0.6076
279,1903,car,799.75,313.18,881.19,366.35,0.4752
279,1674,car,893.63,327.74,956.26,366.4,0.8291
279,1975,car,635.69,333.63,729.18,414.32,0.8405
279,1936,bus,502.73,187.63,541.35,233.77,0.691
279,2080,car,884.26,360.97,960.0,430.38,0.5179
279,1481,bus,468.65,161.92,494.91,190.14,0.5765
279,2255,bus,812.16,214.33,950.84,312.32,0.5635
279,2567,car,588.57,211.44,621.26,240.36,0.572
279,2611,bus,664.52,179.41,697.74,217.57,0.4345
279,2767,car,647.18,209.57,673.82,228.45,0.3137
279,2311,car,793.39,257.98,854.34,286.43,0.5931
279,2812,car,667.41,228.9,695.83,248.32,0.3941
279,2612,car,544.95,202.72,579.22,240.15,0.5031
279,21,bus,295.25,216.17,395.89,344.5,0.2597
279,2887,car,918.94,307.83,958.01,330.35,0.348
279,2856,bus,877.97,231.25,955.85,312.38,0.3564
280,1,bus,415.91,195.15,494.4,334.96,0.8817
280,76,car,799.9,282.48,872.36,319.33,0.7695
280,1066,bus,684.49,193.25,771.76,257.11,0.5376
280,1330,car,630.56,495.99,694.85,540.0,0.6266
280,1406,car,528.19,272.11,577.76,322.23,0.7669
280,1831,car,719.26,256.42,772.06,297.04,0.6336
280,1903,car,796.24,312.81,878.84,366.4,0.5303
280,1674,car,892.08,327.05,956.85,366.77,0.8159
280,1975,car,638.23,337.11,733.8,419.69,0.8262
280,1936,bus,502.17,186.42,542.28,234.41,0.7492
280,2080,car,883.68,360.82,960.0,430.62,0.5842
280,1481,bus,467.98,162.23,493.91,189.97,0.6126
280,2255,bus,812.02,215.22,950.34,311.58,0.7508
280,2567,car,589.48,211.95,622.24,240.97,0.568
280,2611,bus,664.68,180.52,696.91,217.45,0.3776
280,2767,car,647.07,209.68,673.66,228.39,0.3336
280,2311,car,792.13,257.66,853.75,286.34,0.6157
280,2812,car,667.08,228.92,695.17,248.14,0.3844
280,2612,car,545.63,203.35,579.67,240.99,0.4409
280,21,bus,295.22,215.53,397.23,345.29,0.2473
280,2894,bus,545.46,202.48,578.28,240.5,0.3206
281,1,bus,416.1,195.35,494.55,335.01,0.8848
281,76,car,799.47,282.4,870.01,318.11,0.7856
281,1066,bus,686.69,192.28,770.54,253.48,0.7059
281,1330,car,637.44,506.46,692.97,540.0,0.6478
281,1406,car,528.82,273.73,579.02,324.66,0.75
281,1831,car,717.99,255.23,771.21,296.25,0.6449
281,1903,car,802.18,312.81,879.67,363.09,0.4724
281,1674,car,890.94,326.55,957.16,366.91,0.8149
281,1975,car,640.65,341.12,738.69,426.0,0.8163
281,1936,bus,500.62,184.19,543.0,234.99,0.7306
281,2080,car,883.87,360.9,959.55,429.93,0.5553
281,1481,bus,467.82,162.29,494.74,190.91,0.6205
281,2255,bus,810.8,215.67,949.39,310.7,0.7479
281,2567,car,590.03,212.81,623.71,242.58,0.5964
281,2611,bus,664.5,181.07,695.83,216.92,0.3262
281,2767,car,646.62,209.12,673.79,228.17,0.3335
281,2311,car,790.12,257.03,851.37,285.57,0.5743
281,2812,car,666.88,228.84,694.65,247.86,0.3715
281,2612,car,546.01,203.66,579.91,241.56,0.4477
281,21,bus,294.8,216.55,395.92,345.39,0.2146
281,2894,bus,545.7,202.64,578.74,240.91,0.2666
281,2900,car,932.27,303.51,958.27,326.5,0.4194
281,2887,car,911.36,305.42,958.55,332.57,0.3962
282,1,bus,416.37,195.96,494.56,335.18,0.8854
282,76,car,799.01,282.41,868.24,317.24,0.7962
282,1066,bus,687.89,192.13,766.73,249.37,0.4124
282,1406,car,528.92,275.55,580.08,327.58,0.7821
282,1831,car,716.7,254.84,770.73,296.57,0.6813
282,1903,car,799.22,313.01,880.13,365.51,0.5051
282,1674,car,889.58,326.27,957.1,367.13,0.8208
282,1975,car,642.98,345.64,744.06,433.42,0.782
282,1936,bus,501.08,184.99,543.47,235.95,0.7236
282,2080,car,883.36,361.2,959.55,430.67,0.5456
282,1481,bus,468.1,162.49,496.01,191.69,0.6891
282,2255,bus,808.09,214.93,949.17,310.2,0.5257
282,2567,car,590.28,214.24,624.52,244.49,0.6853
282,2311,car,788.62,256.95,849.46,285.25,0.5615
282,2812,car,666.47,229.24,693.83,247.93,0.2794
282,2612,car,546.5,205.06,579.91,242.72,0.4393
282,2894,bus,545.94,204.07,578.94,242.34,0.3426
282,2900,car,931.01,303.04,957.32,326.22,0.4039
282,2887,car,909.76,305.53,956.9,332.46,0.426
283,1,bus,417.16,195.79,495.7,335.21,0.8765
283,76,car,797.38,282.31,867.97,317.72,0.8139
283,1066,bus,686.98,192.6,763.27,247.75,0.57
283,1406,car,529.68,276.87,582.01,330.14,0.7692
283,1831,car,716.97,255.04,769.58,295.59,0.6055
283,1903,car,799.2,312.76,880.29,365.53,0.5455
283,1674,car,888.7,326.38,956.51,367.01,0.7973
283,1975,car,645.4,349.75,749.44,440.44,0.7971
283,1936,bus,501.67,186.36,543.54,236.71,0.6892
283,2080,car,883.12,361.07,958.99,430.05,0.6067
283,1481,bus,468.28,162.68,496.34,191.67,0.6476
283,2255,bus,806.35,212.92,951.21,309.73,0.4927
283,2567,car,590.45,214.74,625.21,245.51,0.6898
283,2311,car,785.74,255.57,848.05,284.73,0.5918
283,2812,car,667.03,229.28,692.8,246.72,0.3174
283,2612,car,545.92,204.58,580.26,243.66,0.2982
283,2894,bus,545.39,203.83,579.29,243.18,0.4203
283,2900,car,930.35,302.36,957.06,325.76,0.2918
283,2887,car,904.69,305.81,959.23,336.99,0.3762
283,2611,bus,665.75,181.34,694.81,214.06,0.2419
284,1,bus,417.05,196.12,495.67,335.54,0.872
284,76,car,796.09,282.19,867.44,317.89,0.7813
284,1066,bus,684.27,191.7,756.95,244.53,0.4773
284,1406,car,530.32,278.65,583.9,333.12,0.7909
284,1831,car,717.2,255.73,768.12,294.78,0.5925
284,1903,car,800.55,312.85,880.73,365.53,0.5992
284,1674,car,887.05,325.58,956.95,367.17,0.8114
284,1975,car,648.33,353.89,755.91,447.98,0.7533
284,1936,bus,502.94,189.27,543.37,237.86,0.6984
284,2080,car,882.79,361.35,958.22,429.56,0.5908
284,1481,bus,467.67,163.27,495.84,192.21,0.6129
284,2255,bus,807.43,216.72,948.73,309.34,0.4175
284,2567,car,591.59,216.59,625.95,246.88,0.69
284,2311,car,784.8,255.41,846.84,284.5,0.5441
284,2812,car,665.51,229.85,692.53,248.26,0.3551
284,2612,bus,546.46,206.51,580.24,245.04,0.3313
284,2894,car,547.2,208.14,579.16,245.23,0.3538
284,2900,car,926.07,301.82,954.8,326.61,0.3553
284,2887,car,906.36,307.47,954.69,334.58,0.3864
285,1,bus,416.52,197.8,494.57,336.04,0.8609
285,76,car,794.6,282.29,866.18,317.96,0.7735
285,1066,bus,684.03,192.42,758.02,246.21,0.5587
285,1406,car,531.1,281.4,585.25,336.41,0.8375
285,1831,car,717.64,256.91,767.5,295.12,0.6111
285,1903,car,799.85,313.31,879.72,366.11,0.6175
285,1674,car,886.32,325.67,956.93,367.38,0.7886
285,1975,car,651.14,359.05,761.73,456.1,0.7524
285,1936,bus,501.92,187.3,544.33,238.64,0.7129
285,2080,car,882.42,361.65,958.71,430.52,0.6121
285,1481,bus,466.69,163.87,494.69,192.67,0.6731
285,2255,bus,805.34,216.85,947.8,308.47,0.5451
285,2567,car,591.92,218.21,625.9,248.08,0.627
285,2311,car,783.94,255.46,846.29,284.75,0.5216
285,2812,car,664.67,229.95,692.12,248.77,0.3279
285,2612,bus,547.5,209.89,580.13,246.97,0.2917
285,2894,car,548.12,211.25,579.01,246.97,0.4273
285,2887,car,900.72,303.01,957.7,334.95,0.5073
286,1,bus,416.74,198.14,494.99,336.47,0.8617
286,76,car,793.37,282.3,864.04,317.25,0.7661
286,1066,bus,683.12,193.91,756.64,247.18,0.4243
286,1406,car,531.96,283.23,587.2,339.14,0.8392
286,1831,car,717.01,256.95,766.63,294.86,0.5706
286,1903,car,798.76,313.21,878.05,365.81,0.6409
286,1674,car,884.64,325.1,956.98,367.54,0.8254
286,1975,car,654.56,364.34,768.25,464.32,0.7226
286,1936,bus,501.82,186.42,545.23,239.27,0.6919
286,2080,car,882.63,362.13,957.8,429.57,0.6237
286,1481,bus,466.4,164.24,494.68,193.32,0.631
286,2255,bus,802.61,217.09,945.73,307.03,0.6377
286,2567,car,593.0,219.16,626.84,248.85,0.5446
286,2311,car,781.95,255.43,843.58,284.58,0.4325
286,2812,car,664.68,230.35,691.03,248.44,0.324
286,2612,bus,547.13,210.12,580.77,248.36,0.3911
286,2894,car,547.44,211.05,579.66,248.27,0.3107
286,2887,car,900.29,300.88,957.31,332.63,0.343
287,1,bus,417.25,198.28,495.91,336.82,0.8614
287,76,car,791.99,282.34,862.08,316.86,0.7999
287,1066,bus,680.69,192.82,756.3,247.65,0.4892
287,1406,car,532.49,285.07,588.99,342.2,0.8368
287,1831,car,717.04,257.17,765.9,294.38,0.5776
287,1903,car,795.78,313.02,874.56,365.13,0.6082
287,1674,car,882.87,324.26,957.12,367.55,0.8277
287,1975,car,658.05,369.44,774.9,472.28,0.7975
287,1936,bus,502.77,187.84,545.36,239.83,0.7342
287,2080,car,882.45,362.4,957.59,429.47,0.618
287,1481,bus,466.06,164.36,494.51,193.67,0.5816
287,2255,bus,801.01,217.62,945.71,306.67,0.6021
287,2567,car,594.35,220.38,628.42,250.17,0.6743
287,2311,car,779.54,254.3,842.35,284.2,0.4485
287,2812,car,663.92,230.91,690.95,249.58,0.3623
287,2612,car,548.89,212.69,581.0,249.04,0.4244
287,2894,bus,548.94,212.64,581.0,249.54,0.3072
287,2887,car,898.41,299.71,957.15,332.21,0.3742
288,1,bus,416.58,198.07,495.22,336.39,0.8588
288,76,car,791.6,282.18,860.88,316.17,0.799
288,1066,bus,678.66,191.86,751.53,244.7,0.4573
288,1406,car,532.59,286.92,589.95,344.96,0.8353
288,1831,car,716.19,256.56,764.74,293.38,0.6003
288,1903,car,795.54,312.71,873.17,364.14,0.6071
288,1674,car,881.58,323.32,957.25,367.18,0.7691
288,1975,car,660.98,373.9,782.15,480.88,0.8164
288,1936,bus,502.57,187.53,545.71,240.35,0.6947
288,2080,car,881.79,362.04,957.57,429.34,0.6572
288,1481,bus,465.97,164.22,494.73,193.93,0.6065
288,2255,bus,800.09,217.59,946.59,306.1,0.7148
288,2567,car,595.63,221.32,629.81,251.04,0.6593
288,2311,car,778.54,254.5,839.75,283.81,0.512
288,2812,car,663.76,230.74,690.78,249.5,0.4281
288,2612,car,548.67,212.31,581.68,249.62,0.3752
288,2894,bus,548.97,212.47,582.01,250.37,0.3397
288,2887,car,896.16,298.95,955.33,331.29,0.4381
289,1,bus,416.16,198.28,494.83,336.61,0.8708
289,76,car,791.21,281.93,859.23,315.08,0.772
289,1066,bus,679.03,191.76,751.51,244.13,0.4153
289,1406,car,532.38,288.63,590.79,347.9,0.836
289,1831,car,714.07,255.68,763.76,293.09,0.6463
289,1903,car,793.31,311.7,871.08,363.35,0.6073
289,1674,car,881.19,323.61,956.94,367.13,0.7993
289,1975,car,664.84,378.99,790.13,490.02,0.7019
289,1936,bus,502.36,187.79,545.94,241.21,0.7029
289,2080,car,881.55,362.21,957.03,428.74,0.7245
289,1481,bus,465.83,164.2,494.89,194.31,0.6174
289,2255,bus,798.85,217.25,947.12,305.24,0.7128
289,2567,car,596.62,221.88,631.55,252.1,0.7409
289,2311,car,778.28,254.31,837.76,282.84,0.4968
289,2812,car,663.28,230.76,690.62,249.84,0.4109
289,2612,car,549.4,213.98,581.95,250.62,0.6084
289,2887,car,893.33,298.03,954.95,331.4,0.4824
290,1,bus,416.28,198.23,494.94,336.55,0.8599
290,76,car,789.59,281.0,858.8,314.69,0.6981
290,1066,bus,680.06,191.4,748.18,239.94,0.2566
290,1406,car,531.97,290.27,592.12,351.68,0.8293
290,1831,car,712.99,255.06,762.8,292.48,0.626
290,1903,car,792.0,311.04,869.71,362.75,0.5687
290,1674,car,879.44,322.83,957.3,367.3,0.7425
290,1975,car,668.93,384.04,798.27,498.87,0.7402
290,1936,bus,501.93,187.3,546.66,242.15,0.7044
290,2080,car,880.49,361.69,957.14,428.85,0.6713
290,1481,bus,465.54,164.05,495.01,194.78,0.6243
290,2255,bus,797.88,217.18,947.61,304.53,0.6717
290,2567,car,597.54,222.83,632.68,253.18,0.6427
290,2311,car,776.74,254.23,835.6,282.67,0.5024
290,2812,car,662.72,230.32,690.03,249.49,0.4011
290,2612,bus,549.74,214.44,582.82,251.55,0.4002
290,2887,car,890.56,296.59,955.89,331.63,0.5974
291,1,bus,416.1,198.23,494.69,336.45,0.8707
291,76,car,788.87,280.52,857.98,314.07,0.69
291,1066,bus,678.88,191.6,747.34,240.49,0.3771
291,1406,car,531.99,292.25,592.84,354.6,0.8248
291,1831,car,712.89,255.16,762.19,292.3,0.627
291,1903,car,792.11,309.14,869.5,360.69,0.5273
291,1674,car,879.44,323.37,956.72,367.15,0.6276
291,1975,car,674.42,389.58,809.12,508.85,0.7144
291,1936,bus,502.12,188.01,547.08,243.17,0.6775
291,2080,car,879.58,361.28,957.05,428.72,0.577
291,1481,bus,465.43,164.0,495.42,195.43,0.63
291,2255,bus,797.81,216.98,946.75,302.34,0.5037
291,2567,car,597.95,222.9,634.06,254.13,0.5972
291,2311,car,776.97,253.59,832.78,280.45,0.4166
291,2812,car,661.84,229.46,689.87,249.31,0.3684
291,2612,car,549.37,215.08,583.14,252.81,0.4328
291,2887,car,887.43,295.06,957.58,332.59,0.4456
292,1,bus,415.75,199.33,494.3,337.4,0.879
292,76,car,788.19,280.42,856.13,313.24,0.7386
292,1066,bus,677.81,192.46,748.52,243.22,0.5666
292,1406,car,532.82,294.72,594.44,358.27,0.8249
292,1831,car,711.0,255.15,761.46,293.31,0.5904
292,1903,car,789.38,308.76,866.63,359.73,0.5358
292,1674,car,879.16,323.79,956.24,367.09,0.6162
292,1975,car,676.52,395.3,817.97,521.28,0.6001
292,1936,bus,502.08,189.25,547.28,244.77,0.6564
292,2080,car,879.55,361.33,957.0,428.3,0.6668
292,1481,bus,465.22,164.33,495.52,196.28,0.6514
292,2255,bus,796.4,217.53,946.85,302.46,0.6464
292,2567,car,597.8,223.61,635.93,256.69,0.5032
292,2311,car,774.22,253.16,832.01,281.11,0.5888
292,2812,car,662.02,230.46,687.45,248.37,0.3034
292,2612,bus,548.93,215.01,584.17,254.37,0.4242
292,2887,car,883.96,294.71,958.16,334.29,0.521
292,21,bus,296.0,209.49,403.48,344.92,0.2805
293,1,bus,415.64,200.54,494.3,338.74,0.8945
293,76,car,785.42,280.58,857.0,315.4,0.7345
293,1066,bus,678.17,194.91,747.64,244.55,0.4953
293,1406,car,533.54,297.97,595.36,361.98,0.8349
293,1831,car,711.37,256.55,760.64,293.99,0.5669
293,1903,car,786.74,308.52,865.3,360.08,0.5205
293,1674,car,877.67,323.1,956.82,367.27,0.7095
293,1975,car,679.27,399.23,827.22,531.77,0.5827
293,1936,bus,499.89,188.62,546.79,246.14,0.7972
293,2080,car,880.26,362.29,956.52,427.65,0.7011
293,1481,bus,465.68,165.52,496.58,198.14,0.5655
293,2255,bus,796.4,217.97,948.43,302.66,0.6504
293,2567,car,598.12,224.47,637.5,258.79,0.414
293,2311,car,772.42,253.02,830.9,281.39,0.542
293,2612,bus,548.2,214.54,584.96,255.72,0.4472
293,2887,car,880.87,294.32,958.52,335.64,0.4611
294,1,bus,415.14,200.72,493.9,338.91,0.8843
294,76,car,785.5,280.23,853.85,313.45,0.7073
294,1066,bus,677.44,194.63,746.95,244.31,0.5368
294,1406,car,534.24,300.15,596.84,365.14,0.861
294,1831,car,709.83,255.43,760.25,294.01,0.5999
294,1903,car,786.71,307.79,864.72,359.12,0.5527
294,1674,car,875.82,321.45,957.92,367.11,0.8211
294,1975,car,686.54,406.69,834.28,538.8,0.7419
294,1936,bus,501.19,189.67,547.75,246.71,0.6507
294,2080,car,879.86,362.38,956.89,427.99,0.6485
294,1481,bus,464.91,165.38,496.37,198.94,0.6263
294,2255,bus,796.42,217.82,948.27,301.23,0.642
294,2567,car,598.91,224.94,638.67,259.74,0.3702
294,2311,car,770.98,252.77,828.0,280.57,0.4817
294,2612,bus,548.17,214.56,585.52,256.45,0.4712
294,2887,car,880.17,294.14,956.97,334.61,0.5537
294,2812,car,660.7,230.11,685.18,247.17,0.3533
294,21,bus,297.27,215.99,398.83,341.46,0.2724
295,1,bus,414.8,200.12,493.64,338.14,0.8943
295,76,car,785.45,279.61,851.45,311.63,0.7618
295,1066,bus,676.11,193.1,747.1,243.97,0.5388
295,1406,car,535.92,302.39,598.42,367.55,0.8398
295,1831,car,709.21,254.88,759.25,293.38,0.5891
295,1903,car,784.44,306.57,862.14,357.42,0.6369
295,1674,car,874.83,320.56,957.76,366.4,0.808
295,1975,car,695.9,413.65,840.4,540.0,0.8132
295,1936,bus,500.25,188.55,548.14,246.94,0.7921
295,2080,car,878.89,361.52,958.12,428.85,0.6916
295,1481,bus,464.18,164.8,495.95,199.09,0.7027
295,2255,bus,795.15,217.02,948.43,300.32,0.7832
295,2567,car,599.66,225.33,639.7,260.4,0.4674
295,2311,car,770.12,251.51,827.02,279.36,0.3956
295,2612,bus,548.48,213.86,586.62,256.77,0.4347
295,2887,car,878.8,292.81,955.59,332.79,0.5844
295,2812,car,659.98,229.54,685.86,247.63,0.3952
296,1,bus,414.43,199.98,493.49,338.21,0.89
296,76,car,784.59,278.63,850.84,310.76,0.7203
296,1066,bus,668.48,192.59,736.19,242.88,0.4498
296,1406,car,536.2,304.62,599.83,371.0,0.8548
296,1831,car,707.46,253.75,758.04,292.81,0.6409
296,1903,car,782.8,305.89,860.73,356.67,0.6024
296,1674,car,873.57,319.86,957.43,365.88,0.8482
296,1975,car,705.38,421.26,844.38,540.0,0.8256
296,1936,bus,500.56,188.52,548.86,247.36,0.7601
296,2080,car,877.75,361.06,958.57,429.61,0.7007
296,1481,bus,464.57,164.71,496.21,199.16,0.7134
296,2255,bus,793.42,216.65,946.32,298.78,0.7732
296,2567,car,600.15,225.1,640.85,260.91,0.3559
296,2311,car,768.57,250.61,825.83,278.84,0.3136
296,2612,bus,548.84,214.03,587.56,257.75,0.4695
296,2887,car,877.0,291.95,955.57,332.52,0.6152
296,2812,car,659.74,229.39,685.91,247.79,0.344
296,3017,bus,742.84,201.49,773.76,240.34,0.3247
297,1,bus,414.14,198.73,493.72,337.81,0.8808
297,76,car,782.86,277.48,850.88,310.56,0.7643
297,1066,bus,664.93,191.55,730.56,242.34,0.4421
297,1406,car,536.64,306.57,600.85,373.65,0.8357
297,1831,car,706.68,253.15,757.02,292.09,0.5914
297,1903,car,782.78,305.04,860.6,355.94,0.6342
297,1674,car,872.38,318.55,957.51,364.98,0.8664
297,1975,car,708.56,428.67,839.74,540.0,0.8616
297,1936,bus,502.06,189.85,549.5,247.39,0.7457
297,2080,car,876.85,360.69,959.17,430.5,0.7267
297,1481,bus,464.48,164.11,495.32,197.86,0.6975
297,2255,bus,791.98,215.57,947.0,298.16,0.7694
297,2567,car,600.67,224.19,642.65,261.23,0.4916
297,2311,car,765.86,248.84,823.53,277.65,0.4776
297,2612,bus,549.46,214.31,588.17,258.19,0.4665
297,2887,car,873.88,290.45,956.55,332.95,0.5569
297,2812,car,658.49,229.02,684.82,247.65,0.333
297,3017,bus,742.62,201.6,772.28,238.78,0.3494
298,1,bus,414.23,198.19,493.83,337.34,0.886
298,76,car,781.81,276.8,850.39,310.22,0.6825
298,1066,bus,671.1,189.79,738.15,241.64,0.5049
298,1406,car,536.24,308.03,602.75,377.75,0.8664
298,1831,car,703.02,250.72,755.43,291.21,0.5609
298,1903,car,781.46,303.86,859.59,355.11,0.5781
298,1674,car,870.93,317.71,957.43,364.58,0.8535
298,1975,car,718.74,434.78,845.5,540.0,0.8478
298,1936,bus,503.33,190.56,550.38,247.34,0.7645
298,2080,car,876.79,360.55,959.3,430.47,0.7122
298,1481,bus,464.35,163.87,495.09,197.67,0.7849
298,2255,bus,790.6,214.12,947.01,296.89,0.6072
298,2567,car,602.72,225.56,644.25,262.06,0.627
298,2311,car,764.81,248.55,821.05,276.89,0.4277
298,2612,bus,548.45,213.72,588.64,259.44,0.4375
298,2887,car,874.74,289.36,952.1,328.3,0.4888
298,2812,car,656.08,228.22,685.33,249.22,0.3981
298,3017,bus,742.2,201.68,771.03,237.61,0.3801
299,1,bus,414.42,198.32,493.93,337.32,0.8869
299,76,car,781.17,276.44,849.18,309.63,0.7202
299,1066,bus,673.66,189.75,740.38,241.25,0.3858
299,1406,car,536.53,310.49,604.55,381.91,0.8535
299,1831,car,702.68,250.71,754.88,291.08,0.5387
299,1903,car,780.59,303.12,858.76,354.67,0.5626
299,1674,car,869.02,317.18,957.87,365.11,0.8549
299,1975,car,731.81,443.31,853.28,540.0,0.8381
299,1936,bus,502.76,189.97,551.17,248.26,0.7926
299,2080,car,876.51,360.47,959.0,430.23,0.7015
299,1481,bus,464.09,164.01,495.41,198.76,0.7106
299,2255,bus,789.85,214.15,945.77,296.16,0.6557
299,2567,car,604.42,228.16,644.89,263.45,0.6674
299,2311,car,763.18,248.38,818.44,276.46,0.488
299,2612,bus,548.29,214.21,589.31,261.0,0.4393
299,2887,car,872.27,288.05,949.75,326.41,0.5694
299,2812,car,655.87,228.21,684.54,248.91,0.3465
299,3017,bus,741.05,201.74,770.36,238.01,0.4568
300,1,bus,414.08,198.42,493.63,337.33,0.8855
300,76,car,780.42,276.03,848.24,309.2,0.6959
300,1066,bus,674.38,189.55,741.07,240.92,0.3216
300,1406,car,537.49,313.14,606.23,385.41,0.8379
300,1831,car,704.53,251.23,754.77,290.3,0.5393
300,1903,car,780.57,302.96,857.3,353.59,0.4772
300,1674,car,866.6,316.04,958.86,365.75,0.8788
300,1975,car,739.94,451.57,855.11,540.0,0.8484
300,1936,bus,502.49,189.75,551.87,249.28,0.8178
300,2080,car,877.19,361.26,957.86,429.06,0.7335
300,1481,bus,464.25,164.18,495.68,199.23,0.7348
300,2255,bus,789.23,213.72,944.25,294.75,0.572
300,2567,car,606.15,229.78,645.88,264.31,0.6196
300,2311,car,762.08,248.51,815.69,275.97,0.5432
300,2612,bus,548.38,214.67,589.9,262.1,0.4624
300,2887,car,869.96,287.34,946.82,324.69,0.5823
300,2812,car,655.99,228.47,684.14,248.93,0.4347
300,3017,bus,740.17,200.82,770.97,238.67,0.3449
301,1,bus,413.93,198.28,493.66,337.27,0.8782
301,76,car,777.99,275.36,847.07,309.19,0.6534
301,1066,bus,674.28,189.6,741.18,241.01,0.423
301,1406,car,537.95,316.15,607.75,389.65,0.856
301,1831,car,704.57,251.22,753.9,289.71,0.6383
301,1903,car,781.51,302.41,857.77,353.27,0.4869
301,1674,car,866.07,315.93,957.92,365.15,0.8754
301,1975,car,749.75,459.67,859.25,540.0,0.84
301,1936,bus,503.05,190.39,552.4,249.92,0.8125
301,2080,car,877.29,361.57,957.32,428.41,0.7305
301,1481,bus,464.47,164.29,495.73,199.31,0.7567
301,2255,bus,788.5,213.19,943.73,293.74,0.5229
301,2567,car,607.32,231.13,647.01,265.39,0.53
301,2311,car,760.84,247.8,814.27,275.4,0.5674
301,2612,bus,548.84,215.02,590.8,263.15,0.4814
301,2887,car,868.3,286.57,944.95,323.24,0.6729
301,2812,car,655.96,228.21,683.38,248.17,0.3888
301,3017,bus,740.09,200.74,770.97,238.28,0.3478
301,21,bus,298.45,213.93,397.26,333.64,0.2494
302,1,bus,414.16,198.74,493.8,337.45,0.8546
302,76,car,776.83,274.71,845.77,308.5,0.6781
302,1066,bus,666.77,190.63,729.48,240.61,0.3897
302,1406,car,538.44,319.03,609.52,393.93,0.8685
302,1831,car,703.98,251.08,753.15,289.55,0.6505
302,1903,car,779.61,301.96,855.27,352.57,0.5981
302,1674,car,865.0,315.44,956.97,364.43,0.8602
302,1975,car,759.13,469.21,861.3,540.0,0.7315
302,1936,bus,503.14,190.69,552.87,250.84,0.8303
302,2080,car,876.97,361.43,957.33,428.18,0.7502
302,1481,bus,465.12,164.88,495.76,199.2,0.767
302,2255,bus,786.68,213.17,942.06,293.5,0.5547
302,2567,car,608.28,232.08,649.04,267.18,0.3938
302,2311,car,759.78,247.62,812.64,275.1,0.5505
302,2612,bus,549.18,215.43,591.55,264.25,0.5954
302,2887,car,865.79,286.19,942.19,322.28,0.6554
302,2812,car,655.83,228.02,682.77,247.68,0.3572
302,3017,bus,739.38,200.88,771.74,239.9,0.3295
303,1,bus,414.26,198.9,493.91,337.62,0.8636
303,76,car,776.62,274.39,844.75,307.76,0.6253
303,1066,bus,663.08,190.27,723.93,240.48,0.4153
303,1406,car,538.99,321.46,611.46,397.95,0.8511
303,1831,car,705.5,252.07,752.43,288.98,0.5289
303,1903,car,777.99,301.56,853.29,351.91,0.5778
303,1674,car,863.41,314.76,957.23,364.56,0.8243
303,1975,car,769.97,478.93,864.04,540.0,0.7191
303,1936,bus,503.52,190.92,553.54,251.35,0.8435
303,2080,car,877.14,361.24,957.39,427.54,0.7135
303,1481,bus,464.74,165.47,495.02,199.5,0.7059
303,2255,bus,786.72,213.69,939.12,291.87,0.5724
303,2567,car,609.02,231.98,651.9,268.81,0.4157
303,2311,car,758.51,246.58,811.45,274.3,0.5019
303,2612,bus,549.29,216.14,591.83,265.19,0.5588
303,2887,car,862.26,284.94,940.17,321.36,0.6292
303,2812,car,654.97,227.51,682.49,247.67,0.3181
303,3017,bus,739.13,200.99,771.59,239.67,0.3708
303,21,bus,299.24,216.4,394.48,329.05,0.3001
304,1,bus,414.62,198.84,494.26,337.69,0.8739
304,76,car,776.42,274.0,843.25,306.65,0.6431
304,1066,bus,662.79,189.58,722.39,240.2,0.288
304,1406,car,539.74,324.21,613.58,402.41,0.8614
304,1831,car,706.27,252.65,751.56,288.4,0.5258
304,1903,car,772.82,300.77,849.25,351.5,0.4983
304,1674,car,861.39,313.87,956.78,364.44,0.8444
304,1975,car,780.76,489.59,865.07,540.0,0.6349
304,1936,bus,504.29,190.91,554.92,251.9,0.7845
304,2080,car,876.61,360.94,957.7,427.67,0.7144
304,1481,bus,465.15,166.8,494.2,199.47,0.6109
304,2255,bus,786.69,213.55,938.9,291.3,0.6383
304,2567,car,609.39,231.32,654.46,270.16,0.4823
304,2311,car,757.61,245.6,811.45,274.0,0.5301
304,2612,bus,549.37,216.1,592.78,266.27,0.5726
304,2887,car,859.26,284.36,937.32,320.46,0.6833
304,2812,car,654.81,227.33,681.83,247.08,0.3396
304,3017,bus,738.73,200.97,771.81,239.97,0.3561
304,21,bus,297.67,216.78,396.24,332.3,0.2899
305,1,bus,415.01,199.06,494.62,337.98,0.8767
305,76,car,774.61,273.56,842.62,306.8,0.6336
305,1406,car,540.32,327.38,616.13,408.03,0.8813
305,1831,car,704.77,252.3,750.56,288.55,0.5461
305,1903,car,770.21,300.68,846.34,350.9,0.455
305,1674,car,859.78,313.61,955.44,364.21,0.8769
305,1975,car,790.28,500.52,862.97,540.0,0.5372
305,1936,bus,503.75,191.43,554.56,252.54,0.7555
305,2080,car,876.34,360.89,957.29,427.1,0.7491
305,1481,bus,465.01,167.48,494.0,200.1,0.5649
305,2567,car,610.96,233.19,655.76,271.87,0.5678
305,2311,car,756.77,245.38,809.81,273.5,0.5157
305,2612,bus,549.58,217.06,593.28,267.68,0.489
305,2887,car,856.14,283.73,935.2,320.1,0.6908
305,2812,car,654.14,227.15,681.7,247.32,0.4113
305,3017,bus,737.97,200.17,772.14,240.05,0.3748
305,2856,bus,853.44,223.6,926.26,291.04,0.3856
306,1,bus,415.13,198.97,494.51,337.61,0.8682
306,76,car,772.89,272.77,841.81,306.71,0.6857
306,1406,car,541.43,330.48,618.48,412.76,0.8747
306,1831,car,703.23,250.4,748.63,286.13,0.6404
306,1903,car,774.26,300.76,847.31,349.17,0.6271
306,1674,car,857.88,312.68,954.07,363.52,0.9108
306,1936,bus,504.6,191.54,555.7,252.76,0.7259
306,2080,car,876.4,360.81,957.26,426.63,0.8022
306,1481,bus,464.85,167.38,493.98,200.21,0.5898
306,2567,car,612.41,234.87,656.81,273.12,0.6603
306,2311,car,755.39,244.92,807.82,272.86,0.5877
306,2612,bus,549.65,216.78,594.29,268.62,0.5143
306,2887,car,853.38,282.94,933.0,319.42,0.7052
306,2812,car,654.22,226.85,681.93,247.24,0.3437
306,3017,bus,736.86,199.79,771.9,240.06,0.4452
306,3112,bus,702.3,200.29,738.42,238.43,0.3338
306,1066,bus,666.35,189.51,723.73,238.49,0.3326
306,2255,bus,784.29,212.68,936.66,290.25,0.404
306,21,bus,297.06,214.61,399.75,334.19,0.2509
307,1,bus,415.3,199.07,494.47,337.45,0.8636
307,76,car,772.39,272.53,840.46,306.15,0.7247
307,1406,car,542.47,333.6,620.52,417.18,0.8526
307,1831,car,700.86,249.57,746.74,285.3,0.6037
307,1903,car,772.56,299.77,844.78,347.45,0.6367
307,1674,car,856.09,311.65,953.58,363.21,0.8909
307,1936,bus,503.19,191.71,555.31,254.28,0.7384
307,2080,car,876.2,360.45,957.19,426.04,0.807
307,1481,bus,464.59,166.9,494.27,200.45,0.5964
307,2567,car,613.19,235.79,658.38,274.79,0.5737
307,2311,car,753.6,244.32,806.51,272.76,0.5971
307,2612,bus,550.17,217.31,594.78,269.26,0.5998
307,2887,car,850.46,282.05,931.22,319.01,0.7388
307,2812,car,654.35,226.44,679.77,245.01,0.2984
307,3017,bus,734.8,200.12,770.98,240.87,0.412
307,3112,bus,703.03,199.99,738.01,236.92,0.2846
307,1066,bus,662.47,189.49,718.68,239.1,0.4082
307,21,bus,296.43,213.92,400.46,334.41,0.242
307,2856,bus,847.94,221.2,927.39,290.36,0.4294
308,1,bus,415.18,199.14,494.38,337.58,0.8653
308,76,car,771.19,272.13,839.74,306.17,0.6943
308,1406,car,543.36,337.04,622.73,422.23,0.8626
308,1831,car,701.03,249.18,746.58,284.7,0.5468
308,1903,car,771.82,299.18,842.95,346.0,0.6535
308,1674,car,854.61,311.34,951.79,362.67,0.9024
308,1936,bus,503.08,191.79,555.68,255.15,0.7468
308,2080,car,875.27,359.99,957.58,426.43,0.7444
308,1481,bus,464.76,167.01,494.23,200.28,0.5381
308,2567,car,614.29,236.63,660.47,276.65,0.3913
308,2311,car,752.08,243.86,804.39,272.24,0.6777
308,2612,bus,551.65,219.38,595.09,269.93,0.5343
308,2887,car,848.12,281.08,929.05,318.1,0.7338
308,2812,car,654.57,226.0,678.8,243.62,0.3299
308,3017,bus,734.59,199.76,771.15,240.11,0.4853
308,3112,bus,702.36,199.95,736.67,236.12,0.4069
308,1066,bus,663.32,189.65,717.65,238.22,0.3721
308,2856,bus,843.4,221.45,926.6,290.42,0.4948
309,1,bus,415.08,199.06,494.37,337.64,0.875
309,76,car,770.13,271.72,838.8,305.97,0.703
309,1406,car,543.68,340.21,625.08,427.85,0.8732
309,1831,car,699.71,248.83,745.27,284.21,0.5567
309,1903,car,769.47,298.46,841.66,345.84,0.651
309,1674,car,852.5,309.56,951.19,361.85,0.8863
309,1936,bus,503.02,191.8,556.38,256.38,0.8414
309,2080,car,874.67,359.6,958.27,426.96,0.7621
309,1481,bus,464.39,166.82,494.7,201.15,0.4457
309,2567,car,615.61,237.57,662.24,278.0,0.6227
309,2311,car,750.38,243.05,802.46,271.62,0.6611
309,2612,bus,553.19,221.69,595.44,270.64,0.5153
309,2887,car,845.81,280.38,926.36,317.29,0.7516
309,2812,car,654.57,225.79,678.64,243.29,0.3733
309,3017,bus,732.7,199.18,770.87,240.44,0.5142
309,3112,bus,701.29,200.02,736.65,237.24,0.4468
309,1066,bus,661.4,189.74,713.89,237.79,0.4227
309,2856,bus,844.74,221.75,926.09,286.88,0.2675
309,2255,bus,781.38,211.41,931.2,287.14,0.4809
310,1,bus,415.11,199.55,494.61,338.53,0.8681
310,76,car,770.24,271.78,836.74,305.09,0.6981
310,1406,car,544.59,343.92,627.55,433.58,0.8676
310,1831,car,702.77,250.35,746.18,284.52,0.4832
310,1903,car,767.67,297.71,840.67,345.54,0.6691
310,1674,car,850.03,308.17,950.21,361.57,0.9039
310,1936,bus,502.81,192.16,556.6,257.61,0.8467
310,2080,car,873.6,359.43,958.15,427.26,0.7841
310,1481,bus,464.54,167.44,494.24,201.04,0.4952
310,2567,car,616.26,238.53,664.26,280.3,0.6712
310,2311,car,749.46,242.63,800.37,270.81,0.6674
310,2612,bus,554.56,223.46,596.11,271.59,0.6295
310,2887,car,843.96,279.86,923.78,316.47,0.7061
310,2812,car,653.25,225.72,678.15,243.78,0.3579
310,3017,bus,730.78,198.8,770.62,240.98,0.4668
310,3112,bus,700.56,200.4,735.77,237.45,0.2463
310,2255,bus,778.45,210.92,929.99,287.12,0.5341
311,1,bus,415.12,199.62,494.47,338.37,0.8711
311,76,car,769.2,271.54,835.33,304.75,0.7054
311,1406,car,545.47,347.52,629.43,438.7,0.8904
311,1831,car,701.92,249.67,745.45,284.2,0.5914
311,1903,car,765.91,296.7,839.9,345.2,0.5314
311,1674,car,848.13,307.3,948.49,361.12,0.9098
311,1936,bus,503.55,192.6,557.63,258.42,0.8058
311,2080,car,873.61,359.0,958.16,426.53,0.706
311,1481,bus,464.67,168.27,493.74,200.95,0.4494
311,2567,car,617.41,239.5,665.71,281.58,0.6429
311,2311,car,749.1,242.11,799.34,269.99,0.6486
311,2612,bus,555.11,223.87,597.21,272.43,0.6273
311,2887,car,839.72,276.75,923.99,315.71,0.5188
311,2812,car,652.33,225.38,677.57,243.68,0.3616
311,3017,bus,728.07,196.92,770.66,241.16,0.5937
311,2255,bus,777.7,210.14,929.06,285.83,0.4479
311,3158,car,673.57,219.53,697.77,241.77,0.405
311,1066,bus,668.11,189.83,723.58,239.35,0.3527
312,1,bus,415.4,199.87,494.52,338.13,0.8725
312,76,car,767.61,271.02,834.15,304.54,0.754
312,1406,car,546.3,350.97,632.0,444.39,0.8988
312,1831,car,699.53,248.49,743.6,283.52,0.5993
312,1903,car,764.84,296.26,837.68,343.96,0.5153
312,1674,car,847.22,307.01,946.3,360.41,0.8893
312,1936,bus,503.8,193.01,558.12,259.24,0.8455
312,2080,car,873.95,358.55,958.32,425.7,0.6705
312,1481,bus,464.54,168.12,493.95,201.05,0.4773
312,2567,car,618.5,240.58,666.83,282.58,0.6398
312,2311,car,748.19,241.89,797.29,269.28,0.734
312,2612,bus,556.02,225.02,598.06,273.3,0.5455
312,2887,car,835.89,273.86,922.36,314.26,0.5279
312,2812,car,651.71,225.46,677.28,244.03,0.4363
312,3017,bus,728.08,197.54,771.03,241.23,0.6486
312,2255,bus,775.97,209.33,930.38,286.43,0.3528
312,3158,car,673.4,219.81,697.15,241.63,0.3094
312,1066,bus,669.28,189.98,725.53,239.04,0.3822
313,1,bus,415.39,199.93,494.43,337.96,0.866
313,76,car,766.29,270.85,833.97,305.3,0.775
313,1406,car,547.17,354.48,634.84,450.55,0.9043
313,1831,car,699.56,248.72,742.33,282.75,0.5788
313,1903,car,764.97,295.6,836.0,342.11,0.5219
313,1674,car,846.38,306.25,943.99,359.14,0.8905
313,1936,bus,503.83,193.28,558.5,259.86,0.8555
313,2080,car,874.82,358.09,957.73,423.72,0.7577
313,1481,bus,464.68,168.89,493.68,201.04,0.4591
313,2567,car,619.95,241.43,668.6,283.55,0.7074
313,2311,car,746.5,240.91,796.08,268.81,0.6804
313,2612,bus,557.2,225.7,599.54,274.18,0.4931
313,2887,car,835.3,273.91,918.25,312.82,0.5833
313,2812,car,650.5,225.48,677.15,244.94,0.4282
313,3017,bus,727.37,197.43,771.16,241.19,0.6873
313,3158,car,672.52,219.22,696.28,241.06,0.2925
313,1066,bus,668.44,189.64,726.74,239.7,0.357
313,2856,bus,833.08,218.35,924.67,289.67,0.4123
314,1,bus,415.39,199.8,494.54,337.93,0.8522
314,76,car,765.6,270.55,833.2,305.2,0.7817
314,1406,car,547.98,358.27,638.03,457.48,0.8903
314,1831,car,700.51,248.75,741.78,281.67,0.5309
314,1903,car,764.14,294.7,833.94,340.3,0.5258
314,1674,car,845.39,306.07,941.56,358.32,0.8864
314,1936,bus,503.93,193.72,559.28,260.93,0.8601
314,2080,car,874.61,357.8,957.65,423.24,0.729
314,1481,bus,464.73,169.25,493.68,200.99,0.3694
314,2567,car,621.37,242.47,670.62,285.02,0.7479
314,2311,car,745.49,240.43,794.96,268.5,0.6442
314,2612,bus,558.08,226.26,601.2,275.54,0.4345
314,2887,car,829.97,269.88,917.52,311.74,0.5743
314,2812,car,649.66,225.35,676.27,244.86,0.421
314,3017,bus,727.33,197.51,771.16,240.58,0.7536
314,3158,car,671.79,218.42,696.34,240.98,0.3037
314,1066,bus,666.74,189.21,726.17,239.73,0.4936
314,2255,bus,774.66,207.72,931.38,285.72,0.4399
315,1,bus,415.19,199.85,494.58,338.56,0.8567
315,76,car,764.31,269.73,832.82,305.15,0.7712
315,1406,car,548.78,362.19,640.68,463.95,0.8829
315,1831,car,700.67,249.06,741.19,281.42,0.5877
315,1903,car,762.33,293.99,832.01,339.5,0.5977
315,1674,car,844.22,306.12,939.47,357.97,0.8902
315,1936,bus,504.02,194.61,559.32,261.69,0.8377
315,2080,car,875.15,357.59,957.14,421.78,0.6557
315,1481,bus,464.7,168.56,494.69,201.31,0.5374
315,2567,car,622.72,243.42,673.05,286.79,0.7417
315,2311,car,744.57,240.43,793.11,268.1,0.5469
315,2612,bus,557.92,226.95,602.2,277.42,0.3392
315,2887,car,830.21,270.76,913.58,310.98,0.6954
315,2812,car,648.82,225.16,676.36,245.6,0.397
315,3017,bus,726.72,197.73,771.23,240.93,0.7391
315,1066,bus,658.51,188.71,715.66,239.18,0.5717
315,2255,bus,773.98,207.79,931.08,285.78,0.468
316,1,bus,415.28,200.28,494.46,338.55,0.8334
316,76,car,763.12,269.3,832.31,305.36,0.7432
316,1406,car,549.89,367.26,643.53,471.39,0.8796
316,1831,car,698.53,248.94,739.33,281.38,0.4924
316,1903,car,763.02,294.0,831.09,338.55,0.6275
316,1674,car,843.15,306.07,937.01,357.33,0.8844
316,1936,bus,503.6,194.84,560.03,263.5,0.8188
316,2080,car,874.69,357.5,956.55,421.07,0.6856
316,1481,bus,464.67,169.14,494.62,201.42,0.3304
316,2567,car,623.89,244.32,674.96,288.28,0.7954
316,2311,car,743.92,240.38,791.62,267.7,0.5042
316,2612,bus,559.12,228.45,603.34,278.71,0.4061
316,2887,car,832.03,273.29,908.52,310.13,0.5889
316,2812,car,648.34,225.42,676.17,246.21,0.4055
316,3017,bus,725.54,196.83,771.44,240.96,0.7425
316,1066,bus,655.42,187.89,711.47,239.38,0.4908
316,2255,bus,774.1,209.2,928.52,285.4,0.2626
317,1,bus,415.05,199.83,494.34,338.3,0.858
317,76,car,762.43,268.7,830.81,304.54,0.7493
317,1406,car,550.7,371.26,647.35,479.48,0.8657
317,1831,car,693.94,245.47,737.96,280.29,0.4108
317,1903,car,760.18,292.08,829.56,337.4,0.6023
317,1674,car,842.34,305.92,934.75,356.52,0.878
317,1936,bus,503.33,195.01,560.33,264.51,0.8298
317,2080,car,872.84,356.84,955.97,420.78,0.6869
317,1481,bus,464.69,170.29,493.9,201.22,0.4218
317,2567,car,625.25,245.1,677.53,290.06,0.7821
317,2311,car,742.3,238.95,790.64,266.91,0.533
317,2612,bus,560.37,229.17,604.82,279.57,0.3766
317,2887,car,826.79,268.68,910.18,309.53,0.6265
317,2812,car,648.16,225.21,676.26,246.36,0.3535
317,3017,bus,723.7,194.96,771.91,240.9,0.7864
317,1066,bus,654.7,187.76,708.4,238.66,0.4472
317,3158,car,669.32,216.06,695.74,240.33,0.2838
318,1,bus,414.95,200.17,494.26,338.53,0.8659
318,76,car,761.98,268.41,828.79,303.57,0.7844
318,1406,car,552.12,375.84,650.52,486.51,0.8895
318,1831,car,694.43,248.05,735.61,280.2,0.3875
318,1903,car,759.81,291.69,828.47,336.53,0.592
318,1674,car,841.0,305.39,933.08,355.97,0.8775
318,1936,bus,503.02,194.08,561.29,265.29,0.8403
318,2080,car,870.96,356.48,955.39,420.71,0.596
318,1481,bus,464.39,169.59,494.51,201.22,0.3156
318,2567,car,626.64,246.84,679.88,292.55,0.7893
318,2311,car,741.44,238.74,788.93,266.47,0.5018
318,2612,bus,560.89,229.8,606.61,281.58,0.3307
318,2887,car,824.34,267.41,908.51,309.21,0.6669
318,2812,car,647.71,225.04,676.63,247.1,0.354
318,3017,bus,722.69,194.21,771.86,240.62,0.7546
318,1066,bus,655.07,187.4,707.06,238.13,0.4483
318,2856,bus,833.53,219.14,924.11,288.16,0.3385
319,1,bus,414.98,200.24,494.37,338.53,0.8837
319,76,car,760.14,268.2,828.64,304.67,0.7614
319,1406,car,553.2,380.28,654.13,494.4,0.9036
319,1903,car,757.43,290.8,826.8,336.11,0.5786
319,1674,car,839.89,305.09,930.86,355.18,0.8543
319,1936,bus,502.69,194.04,561.55,266.12,0.8618
319,2080,car,868.86,356.05,955.6,421.45,0.6525
319,1481,bus,464.16,170.03,494.24,201.25,0.3306
319,2567,car,627.94,247.74,681.95,294.25,0.7732
319,2311,car,740.89,238.56,787.65,266.04,0.4489
319,2612,bus,561.32,230.86,607.48,283.07,0.2642
319,2887,car,823.93,268.01,904.1,308.08,0.6509
319,2812,car,646.77,224.61,676.71,247.72,0.3035
319,3017,bus,722.49,194.35,771.8,240.39,0.7047
319,1066,bus,655.26,187.36,705.17,237.28,0.3464
319,2255,bus,774.43,209.89,927.32,285.07,0.3651
320,1,bus,414.53,199.81,494.22,338.47,0.873
320,76,car,758.68,267.5,828.66,305.27,0.7436
320,1406,car,553.8,385.08,657.36,502.78,0.8973
320,1903,car,757.22,290.22,825.21,334.51,0.6397
320,1674,car,838.44,303.55,928.8,353.42,0.8446
320,1936,bus,503.0,193.84,562.36,266.71,0.8651
320,2080,car,868.78,355.26,955.64,420.11,0.7248
320,1481,bus,464.28,170.45,494.19,201.08,0.2685
320,2567,car,629.89,249.25,683.42,295.27,0.7771
320,2311,car,739.88,237.55,786.78,265.35,0.4861
320,2612,bus,561.68,231.43,608.33,284.17,0.3924
320,2887,car,823.19,268.38,900.21,307.12,0.5964
320,2812,car,646.41,223.41,675.95,246.47,0.3448
320,3017,bus,721.02,193.48,771.37,239.95,0.7744
320,1066,bus,655.98,186.68,704.53,236.22,0.3012
320,2255,bus,772.04,207.88,930.04,285.79,0.5287
320,3158,car,669.97,217.96,693.85,239.83,0.2862
320,1831,car,688.94,242.52,735.56,278.93,0.2949
321,1,bus,414.49,199.67,494.15,338.15,0.8783
321,76,car,758.86,266.85,826.01,303.36,0.7237
321,1406,car,555.43,389.68,661.59,510.84,0.8614
321,1903,car,756.07,289.02,824.11,333.35,0.6661
321,1674,car,837.57,302.75,927.01,352.19,0.8807
321,1936,bus,503.07,194.07,562.75,267.5,0.8594
321,2080,car,868.52,354.53,955.68,418.98,0.7753
321,2567,car,631.32,250.44,685.61,297.01,0.785
321,2311,car,738.57,236.48,785.34,264.41,0.4144
321,2612,bus,562.23,231.76,609.27,284.99,0.3201
321,2887,car,822.3,268.42,897.74,306.57,0.6571
321,2812,car,646.35,223.21,675.7,246.4,0.2905
321,3017,bus,720.62,193.46,771.06,239.37,0.7667
321,1066,bus,656.69,186.72,704.67,236.49,0.3068
321,2255,bus,772.97,207.58,931.41,285.88,0.4584
321,3158,car,669.22,217.1,693.43,239.25,0.2661
321,1831,car,687.58,240.89,734.17,277.2,0.3494
321,21,bus,293.1,213.02,402.46,341.59,0.3881
322,1,bus,414.87,199.38,494.8,337.8,0.8518
322,76,car,758.24,266.35,824.07,302.32,0.6407
322,1406,car,556.16,394.5,666.39,521.19,0.8306
322,1903,car,755.75,288.03,822.99,331.91,0.5313
322,1674,car,836.25,302.06,924.46,350.8,0.8989
322,1936,bus,503.53,195.32,563.04,268.69,0.8549
322,2080,car,867.33,353.77,956.5,419.3,0.7628
322,2567,car,633.09,251.65,688.28,298.81,0.8171
322,2311,car,738.92,236.34,784.9,263.78,0.452
322,2612,bus,562.51,232.52,609.68,285.9,0.3705
322,2887,car,820.45,267.46,895.58,305.73,0.7364
322,2812,car,646.58,222.07,673.52,243.29,0.3151
322,3017,bus,719.5,193.28,771.41,240.04,0.7543
322,1066,bus,657.76,187.55,704.48,236.48,0.3068
322,2255,bus,773.73,207.65,930.4,284.99,0.5647
322,3158,car,668.27,216.35,693.04,239.1,0.3225
322,1831,car,690.73,244.18,733.92,277.94,0.4679
322,21,bus,292.2,210.39,403.26,343.11,0.2234
323,1,bus,414.29,199.39,494.44,337.76,0.8601
323,76,car,756.43,265.85,822.26,301.91,0.6445
323,1406,car,557.9,400.32,670.18,530.0,0.8745
323,1903,car,754.79,288.02,821.47,331.65,0.4915
323,1674,car,835.98,301.91,922.27,349.46,0.8829
323,1936,bus,503.71,195.37,563.77,269.55,0.8566
323,2080,car,866.02,353.53,956.54,419.56,0.7638
323,2567,car,634.32,252.26,691.67,301.41,0.8199
323,2311,car,738.29,235.74,784.02,263.21,0.4628
323,2612,car,563.29,233.83,610.18,286.91,0.374
323,2887,car,819.0,266.97,894.01,305.52,0.7239
323,2812,car,646.3,221.3,672.67,242.05,0.2791
323,3017,bus,718.5,192.87,772.14,240.91,0.7455
323,2255,bus,773.83,208.44,930.2,285.47,0.6034
323,3158,car,667.94,217.18,692.17,239.53,0.2397
323,1831,car,690.91,244.32,733.42,277.69,0.4553
323,3112,bus,687.37,196.24,725.13,236.7,0.3478
324,1,bus,413.86,199.39,494.28,337.83,0.852
324,76,car,757.19,265.63,820.21,300.12,0.6827
324,1406,car,560.42,405.58,673.97,536.97,0.8781
324,1903,car,754.7,287.8,819.35,330.17,0.6097
324,1674,car,833.41,300.41,920.78,348.65,0.8619
324,1936,bus,503.31,194.86,564.16,270.29,0.861
324,2080,car,865.05,352.86,956.05,418.66,0.7253
324,2567,car,635.76,253.29,693.86,303.15,0.8243
324,2311,car,737.49,235.12,783.01,262.77,0.498
324,2612,car,563.98,234.62,611.37,288.28,0.2889
324,2887,car,817.71,266.54,890.32,304.01,0.7234
324,2812,car,645.88,219.69,672.57,240.74,0.3163
324,3017,bus,718.09,192.79,772.36,241.07,0.7586
324,2255,bus,774.7,209.61,929.77,285.7,0.4631
324,3158,car,668.0,216.89,691.99,239.08,0.2519
324,1831,car,690.41,241.99,733.97,276.63,0.3982
324,3112,bus,687.07,196.0,723.81,235.94,0.32
325,1,bus,413.9,199.43,494.42,337.66,0.8426
325,76,car,755.06,265.03,819.21,300.28,0.7028
325,1406,car,566.59,411.61,678.91,540.0,0.8735
325,1903,car,753.08,287.31,817.82,329.69,0.6259
325,1674,car,831.95,299.56,919.26,347.88,0.8712
325,1936,bus,503.5,196.12,564.2,271.54,0.8936
325,2080,car,864.89,352.29,955.47,417.11,0.7042
325,2567,car,636.75,253.98,696.38,305.54,0.8179
325,2311,car,736.95,234.79,781.81,262.32,0.5212
325,2612,car,564.86,234.7,613.16,289.68,0.3897
325,2887,car,815.24,265.75,887.86,303.54,0.7939
325,2812,car,644.49,217.12,673.69,240.41,0.3058
325,3017,bus,717.83,192.72,772.96,241.6,0.7782
325,2255,bus,772.23,210.41,930.85,288.43,0.537
325,3158,car,668.31,216.46,692.53,238.86,0.2518
325,1831,car,688.63,240.98,732.85,276.3,0.4244
325,3112,bus,687.01,195.62,722.78,234.92,0.3765
325,3306,car,497.33,172.23,516.11,187.16,0.3354
325,1066,bus,664.34,187.08,712.53,235.83,0.3581
326,1,bus,414.14,199.87,494.69,337.8,0.8307
326,76,car,754.11,265.1,817.54,300.04,0.6699
326,1406,car,572.01,418.45,681.59,540.0,0.8851
326,1903,car,751.43,286.76,816.12,329.23,0.5742
326,1674,car,830.82,299.02,917.76,347.3,0.869
326,1936,bus,503.4,196.07,564.94,272.74,0.8428
326,2080,car,864.02,352.11,956.03,417.47,0.6729
326,2567,car,639.0,255.63,698.87,307.45,0.8047
326,2311,car,736.34,235.09,780.35,262.34,0.5645
326,2612,car,565.65,235.6,614.5,291.54,0.3043
326,2887,car,812.86,264.35,886.85,303.22,0.8127
326,2812,car,644.3,217.93,672.69,240.64,0.302
326,3017,bus,717.16,192.84,772.9,242.02,0.7481
326,3158,car,667.84,216.34,692.52,239.29,0.2188
326,1831,car,684.78,236.22,733.75,275.92,0.3168
326,3112,bus,686.68,195.57,722.11,234.7,0.2189
326,3306,car,497.35,172.73,516.12,187.65,0.2951
326,1066,bus,665.26,187.93,714.26,235.99,0.3762
326,2856,bus,830.35,218.64,923.94,287.31,0.5711
327,1,bus,413.97,200.31,494.67,338.43,0.8285
327,76,car,753.32,265.35,816.43,300.25,0.6814
327,1406,car,576.08,425.66,681.87,540.0,0.8936
327,1903,car,749.79,285.59,813.67,327.52,0.5224
327,1674,car,829.58,298.77,915.74,346.75,0.8706
327,1936,bus,504.57,197.38,565.76,274.03,0.8319
327,2080,car,868.03,352.21,952.01,410.23,0.625
327,2567,car,641.26,258.18,701.86,310.75,0.8148
327,2311,car,736.42,235.5,779.01,262.08,0.5205
327,2612,car,566.03,237.1,615.05,293.3,0.4552
327,2887,car,812.61,264.66,882.87,301.6,0.7863
327,2812,car,644.54,218.99,672.32,241.18,0.3074
327,3017,bus,716.84,193.39,772.79,242.45,0.655
327,1831,car,684.15,237.08,731.89,276.08,0.3598
327,3112,bus,686.66,196.09,721.28,234.4,0.2616
327,3306,car,499.85,175.34,515.98,188.14,0.368
327,1066,bus,665.36,187.8,714.7,234.77,0.2784
327,3334,car,915.83,373.48,960.0,421.68,0.5391
327,2856,bus,829.8,218.96,925.72,287.61,0.4797
328,1,bus,413.82,200.65,494.55,338.77,0.8233
328,76,car,752.91,265.52,815.5,300.17,0.7485
328,1406,car,580.56,432.55,682.44,540.0,0.864
328,1903,car,747.98,284.81,812.03,326.91,0.5327
328,1674,car,828.12,298.07,914.14,346.1,0.8957
328,1936,bus,505.73,199.6,565.94,275.28,0.8092
328,2080,car,869.66,351.88,950.44,406.2,0.6571
328,2567,car,642.98,259.92,704.9,313.63,0.8622
328,2311,car,737.12,235.85,777.61,261.3,0.4903
328,2612,bus,566.43,237.36,616.21,294.72,0.3363
328,2887,car,810.42,264.41,881.25,301.82,0.7821
328,2812,car,644.27,218.61,672.12,240.92,0.2431
328,3017,bus,716.54,194.02,774.26,244.7,0.6272
328,1831,car,683.43,238.33,729.67,276.06,0.3377
328,3112,bus,686.02,196.17,720.12,233.9,0.3
328,3306,car,500.75,176.06,516.35,188.41,0.3084
328,3334,car,915.64,373.48,960.0,422.27,0.5766
328,2856,bus,832.37,220.09,928.51,288.43,0.2639
328,3336,bus,546.72,185.89,621.68,243.99,0.3142
328,1481,bus,464.03,173.3,491.23,199.95,0.2831
328,2255,bus,768.49,207.59,936.96,290.63,0.3927
329,1,bus,413.51,200.71,494.44,339.27,0.8408
329,76,car,752.38,265.51,815.19,300.39,0.7479
329,1406,car,586.09,440.0,684.34,540.0,0.8736
329,1903,car,747.08,284.47,810.69,326.5,0.6278
329,1674,car,827.09,297.86,912.29,345.56,0.8863
329,1936,bus,504.94,198.31,566.65,276.39,0.8238
329,2080,car,869.16,351.72,950.55,405.2,0.6517
329,2567,car,644.19,261.15,707.72,316.43,0.8368
329,2311,car,736.43,235.87,775.86,260.99,0.4995
329,2612,car,567.21,238.86,617.11,296.16,0.5817
329,2887,car,808.87,264.03,880.0,301.84,0.7732
329,2812,car,644.05,218.28,671.87,240.72,0.2729
329,3017,bus,715.62,194.51,775.29,247.13,0.6185
329,1831,car,678.75,230.79,733.35,276.43,0.3547
329,3112,bus,685.22,195.39,719.17,232.97,0.3234
329,3334,car,915.27,373.09,960.0,422.61,0.5688
329,2856,bus,828.27,220.36,927.06,290.15,0.4002
329,3336,bus,546.73,185.93,622.44,244.65,0.2321
329,1481,bus,463.21,172.71,491.18,199.34,0.3224
330,1,bus,414.05,200.83,495.17,339.49,0.7971
330,76,car,752.41,265.42,814.31,299.83,0.7511
330,1406,car,590.51,448.46,684.73,540.0,0.8799
330,1903,car,745.51,284.21,808.3,325.86,0.6558
330,1674,car,826.53,297.65,910.42,344.75,0.876
330,1936,bus,504.89,199.19,566.23,277.08,0.812
330,2080,car,865.95,351.39,954.79,409.4,0.6209
330,2567,car,645.28,261.97,710.13,318.69,0.8197
330,2311,car,734.95,235.03,774.34,260.6,0.5095
330,2612,car,568.73,240.44,618.24,297.27,0.5466
330,2887,car,806.95,263.33,878.32,301.65,0.5149
330,3017,bus,714.55,194.25,776.06,248.8,0.697
330,3112,bus,684.56,195.19,718.74,233.1,0.4016
330,3334,car,914.28,371.08,960.0,423.29,0.4103
330,2856,bus,825.13,220.27,926.85,292.23,0.356
330,1481,bus,461.18,171.41,492.42,201.14,0.4706
330,3353,car,590.91,218.8,621.59,244.82,0.4057
331,1,bus,414.2,200.98,495.15,339.35,0.7882
331,76,car,751.95,265.01,812.89,299.0,0.763
331,1406,car,592.7,455.85,683.0,540.0,0.8714
331,1903,car,745.9,284.08,805.03,323.15,0.6401
331,1674,car,825.32,297.46,908.18,344.01,0.8874
331,1936,bus,505.05,198.68,567.45,278.05,0.7792
331,2080,car,861.98,351.2,958.71,414.54,0.7468
331,2567,car,647.89,263.42,713.4,320.74,0.8041
331,2311,car,733.48,235.08,771.91,260.22,0.2586
331,2612,car,570.02,241.7,619.35,298.3,0.4876
331,2887,car,804.52,261.88,877.21,301.33,0.646
331,3017,bus,712.23,194.7,779.0,254.92,0.745
331,2856,bus,827.67,221.05,928.09,291.73,0.4706
331,1481,bus,460.85,171.45,492.82,201.74,0.4057
331,3353,car,590.85,219.49,622.0,245.87,0.3549
331,3364,bike,80.02,282.04,100.6,305.79,0.4352
331,21,bus,292.88,206.21,407.48,344.29,0.2603
331,1066,bus,670.77,195.4,716.55,238.13,0.3227
331,1831,car,678.38,227.99,732.51,274.39,0.3024
332,1,bus,414.76,200.89,495.52,338.7,0.7833
332,76,car,751.64,264.65,810.86,297.75,0.751
332,1406,car,598.13,464.33,683.92,540.0,0.867
332,1903,car,744.62,283.47,803.12,321.91,0.5898
332,1674,car,824.38,297.08,905.88,342.87,0.8857
332,1936,bus,505.5,198.93,568.26,279.0,0.7688
332,2080,car,860.13,350.6,959.17,415.41,0.7947
332,2567,car,650.08,264.73,717.06,323.29,0.8124
332,2612,car,570.26,242.49,620.85,300.56,0.4418
332,2887,car,802.43,260.41,874.87,300.06,0.7159
332,3017,bus,711.0,193.78,779.8,256.9,0.7849
332,2856,bus,827.39,220.93,930.24,293.66,0.5634
332,1481,bus,460.55,171.79,492.54,201.79,0.4455
332,3353,car,591.65,220.3,624.07,247.79,0.2596
332,3377,bus,765.33,208.05,833.24,271.99,0.421
332,1831,car,678.92,227.67,730.78,272.92,0.3731
332,3112,bus,683.84,194.17,719.51,233.82,0.3262
333,1,bus,415.34,200.9,496.52,338.93,0.7854
333,76,car,750.83,264.46,810.23,297.88,0.772
333,1406,car,601.9,473.99,681.91,540.0,0.8089
333,1903,car,743.62,283.39,800.96,320.8,0.6412
333,1674,car,822.78,296.6,903.92,342.28,0.8884
333,1936,bus,506.02,199.54,569.46,280.67,0.7732
333,2080,car,858.42,350.07,959.41,416.1,0.8413
333,2567,car,652.95,267.39,719.69,325.69,0.8206
333,2612,car,571.06,244.03,622.37,302.94,0.5638
333,2887,car,802.36,259.9,872.66,298.47,0.6258
333,3017,bus,711.4,193.93,779.71,257.46,0.8268
333,2856,bus,826.04,221.39,929.03,294.23,0.4855
333,1481,bus,459.49,171.32,492.75,202.47,0.5349
333,3353,car,591.87,221.56,624.39,249.09,0.4115
333,1831,car,681.73,232.83,726.71,272.19,0.3554
333,3112,bus,683.31,196.53,718.17,234.78,0.2539
333,3364,bike,76.95,280.78,98.79,306.02,0.3934
334,1,bus,417.08,200.8,499.22,339.06,0.7804
334,76,car,749.46,264.35,808.45,297.67,0.7556
334,1406,car,605.05,484.23,677.58,540.0,0.7395
334,1903,car,742.86,282.73,801.03,320.81,0.6732
334,1674,car,821.69,295.68,902.6,341.34,0.8944
334,1936,bus,506.28,200.01,570.25,282.1,0.7737
334,2080,car,856.2,348.92,959.67,416.57,0.8444
334,2567,car,655.11,269.85,722.49,328.77,0.8278
334,2612,car,571.71,245.22,623.59,304.71,0.6149
334,2887,car,802.04,259.48,871.33,297.56,0.6929
334,3017,bus,709.12,193.34,777.6,257.29,0.8049
334,2856,bus,824.85,221.31,928.2,294.29,0.4549
334,1481,bus,459.59,172.19,491.88,202.1,0.4829
334,3353,car,593.62,221.98,626.09,249.47,0.4341
334,1831,car,681.78,231.87,726.3,271.34,0.3219
334,3364,bike,75.72,281.21,97.44,306.31,0.4581
335,1,bus,416.78,200.51,499.43,338.5,0.7582
335,76,car,749.11,263.54,807.23,296.41,0.7047
335,1406,car,613.42,493.86,678.59,540.0,0.6316
335,1903,car,741.89,280.86,800.78,319.6,0.64
335,1674,car,820.99,294.7,900.97,339.91,0.8928
335,1936,bus,506.27,199.54,571.26,283.02,0.8262
335,2080,car,854.8,347.8,959.98,416.61,0.834
335,2567,car,657.63,271.02,726.21,330.8,0.8178
335,2612,car,572.36,245.87,624.75,305.96,0.5779
335,2887,car,800.78,259.88,868.52,297.11,0.652
335,3017,bus,707.61,191.9,776.98,257.12,0.8255
335,1481,bus,459.34,171.4,492.57,202.22,0.4604
335,3353,car,594.76,222.85,626.63,249.81,0.3352
335,1831,car,680.01,228.79,725.9,270.04,0.4348
335,3364,bike,73.99,281.75,96.29,307.55,0.4146
335,3414,bus,652.32,185.31,701.4,229.27,0.3862
335,2255,bus,766.35,209.03,931.82,291.12,0.5499
336,1,bus,416.37,199.94,499.36,337.95,0.7196
336,76,car,747.23,262.69,806.53,296.32,0.7266
336,1406,car,623.5,504.73,678.61,540.0,0.5816
336,1903,car,742.59,280.81,799.91,318.63,0.5676
336,1674,car,819.53,293.44,899.06,338.5,0.8956
336,1936,bus,506.27,199.7,571.9,284.31,0.8251
336,2080,car,853.92,347.18,960.0,416.95,0.8394
336,2567,car,659.28,272.04,729.9,333.58,0.8131
336,2612,car,572.63,246.61,625.84,307.6,0.62
336,2887,car,799.93,259.54,866.35,296.1,0.7084
336,3017,bus,707.23,191.27,775.97,256.15,0.7873
336,1481,bus,459.27,171.26,492.27,201.85,0.4901
336,3353,car,596.96,222.98,628.53,249.61,0.3492
336,1831,car,679.15,229.34,723.63,269.4,0.4836
336,3364,bike,72.22,283.01,93.85,308.06,0.4685
336,3414,bus,653.01,185.43,704.75,231.74,0.3375
336,2255,bus,765.67,209.53,930.9,291.97,0.6236
337,1,bus,414.76,200.06,497.58,338.22,0.7571
337,76,car,744.6,261.69,805.73,296.45,0.6101
337,1903,car,742.26,280.28,798.7,317.76,0.434
337,1674,car,818.16,292.6,897.54,337.65,0.87
337,1936,bus,506.81,201.41,571.85,285.56,0.8164
337,2080,car,853.4,346.54,959.75,416.19,0.8417
337,2567,car,659.91,272.45,733.86,337.34,0.8398
337,2612,car,573.13,247.5,627.27,309.68,0.6504
337,2887,car,803.33,260.25,867.44,296.1,0.5959
337,3017,bus,708.35,190.61,776.56,255.56,0.6914
337,1481,bus,459.72,172.35,491.59,201.76,0.5222
337,1831,car,674.46,227.63,721.43,269.67,0.3288
337,3364,bike,70.27,283.51,91.87,308.58,0.4722
337,3414,bus,650.89,185.49,702.17,231.56,0.3895
337,2311,car,725.48,230.93,763.65,256.23,0.4718
337,3112,bus,682.31,196.64,714.72,231.79,0.2309
337,2856,bus,825.7,219.51,927.45,291.17,0.5892
338,1,bus,414.48,199.81,497.26,338.09,0.75
338,76,car,742.52,260.62,804.5,296.05,0.6294
338,1903,car,737.74,278.08,794.97,315.92,0.4128
338,1674,car,816.61,292.16,895.05,336.65,0.8143
338,1936,bus,506.74,200.89,572.91,286.67,0.8363
338,2080,car,852.98,346.29,958.67,415.27,0.8316
338,2567,car,662.73,273.33,738.75,340.06,0.8279
338,2612,car,573.62,248.49,628.53,311.56,0.6474
338,2887,car,806.41,260.12,869.25,296.04,0.5798
338,3017,bus,709.37,191.05,775.58,254.31,0.6477
338,1481,bus,459.2,171.6,491.84,201.8,0.5012
338,1831,car,671.73,229.17,718.18,270.04,0.3017
338,3364,bike,68.18,283.43,90.17,309.07,0.4034
338,3414,bus,646.0,184.17,702.07,235.06,0.4602
338,2311,car,725.13,231.07,761.77,255.67,0.5326
338,3112,bus,682.54,197.09,714.39,231.18,0.2239
338,2856,bus,825.19,219.1,926.91,290.93,0.5869
338,3353,car,598.12,224.55,630.49,251.74,0.2353
339,1,bus,413.84,199.73,496.26,337.85,0.7656
339,76,car,742.74,259.67,803.84,294.77,0.7143
339,1903,car,735.11,276.93,794.29,316.19,0.5008
339,1674,car,815.57,291.35,893.87,335.84,0.8305
339,1936,bus,506.56,200.9,573.32,287.65,0.8077
339,2080,car,852.33,345.74,958.91,415.2,0.8397
339,2567,car,666.43,276.52,741.59,342.36,0.8431
339,2612,car,574.11,249.44,629.95,313.48,0.7157
339,2887,car,800.24,259.23,861.48,294.11,0.6504
339,3017,bus,709.04,189.97,772.61,249.94,0.6898
339,1481,bus,458.61,170.47,492.0,201.46,0.515
339,1831,car,671.53,228.27,717.42,268.1,0.2602
339,3364,bike,66.07,281.83,89.14,309.03,0.3025
339,3414,bus,648.06,184.95,702.79,234.85,0.5181
339,2311,car,724.65,231.16,760.1,255.14,0.6332
339,2856,bus,823.56,220.2,924.16,291.4,0.6641
340,1,bus,414.21,199.83,496.7,338.32,0.7393
340,76,car,742.9,259.56,802.59,294.02,0.675
340,1903,car,732.66,275.52,793.3,316.01,0.622
340,1674,car,814.33,290.89,892.29,335.28,0.8524
340,1936,bus,508.71,204.66,573.75,288.81,0.8218
340,2080,car,852.22,345.5,957.99,414.11,0.8264
340,2567,car,669.58,280.69,744.1,345.72,0.8355
340,2612,car,574.15,250.66,631.38,316.01,0.7133
340,2887,car,797.2,259.31,857.15,293.33,0.6552
340,3017,bus,707.06,189.36,772.2,250.32,0.7404
340,1481,bus,458.89,171.16,492.56,202.47,0.5743
340,1831,car,671.84,227.54,716.81,266.12,0.2944
340,3364,bike,64.72,282.43,87.55,309.57,0.5022
340,3414,bus,648.06,184.89,701.14,233.72,0.5506
340,2311,car,723.86,230.47,759.47,254.98,0.4891
340,2856,bus,823.93,220.44,923.33,290.93,0.6661
340,2255,bus,761.76,205.62,932.63,292.19,0.5589
341,1,bus,414.11,199.66,496.46,338.34,0.7284
341,76,car,742.35,258.97,801.86,293.63,0.7522
341,1903,car,731.43,273.87,791.85,314.44,0.6233
341,1674,car,812.82,289.98,890.93,334.62,0.8703
341,1936,bus,508.72,203.54,575.5,289.58,0.8433
341,2080,car,852.44,344.76,957.7,412.74,0.8135
341,2567,car,671.81,282.28,748.03,348.83,0.8356
341,2612,car,573.2,251.39,632.13,318.32,0.698
341,2887,car,793.96,258.06,854.35,292.49,0.6669
341,3017,bus,707.89,189.39,772.3,249.3,0.7244
341,1481,bus,459.14,171.82,492.49,202.86,0.4952
341,1831,car,673.84,232.47,714.12,266.09,0.361
341,3364,bike,63.42,281.4,86.83,309.63,0.2914
341,3414,bus,648.9,185.1,701.77,234.08,0.5516
341,2311,car,724.17,230.98,757.87,254.47,0.3482
341,2856,bus,823.39,220.18,924.03,291.69,0.6847
342,1,bus,413.64,199.57,495.79,338.45,0.7939
342,76,car,742.12,258.64,800.21,292.65,0.7702
342,1903,car,729.24,273.3,789.77,313.91,0.6632
342,1674,car,811.09,289.3,889.43,334.19,0.8713
342,1936,bus,508.73,203.59,576.51,290.86,0.8311
342,2080,car,851.22,344.33,957.41,412.63,0.8307
342,2567,car,673.68,284.07,752.47,352.98,0.8552
342,2612,car,573.67,252.52,633.45,320.0,0.745
342,2887,car,791.17,256.79,851.49,291.36,0.7712
342,3017,bus,706.42,189.32,770.04,247.58,0.7367
342,1481,bus,458.51,171.12,493.23,203.63,0.5954
342,1831,car,673.56,234.95,712.12,266.36,0.3872
342,3364,bike,62.71,282.95,85.27,310.29,0.2685
342,3414,bus,651.08,185.52,700.7,231.49,0.4526
342,2311,car,722.87,230.19,756.46,253.79,0.3324
342,2856,bus,821.6,218.99,925.14,292.38,0.6492
343,1,bus,413.74,199.51,495.77,338.71,0.8082
343,76,car,741.81,258.42,799.1,292.14,0.7823
343,1903,car,726.63,272.5,787.43,313.22,0.6981
343,1674,car,809.35,288.55,887.83,333.77,0.8569
343,1936,bus,508.54,203.97,577.27,292.42,0.8613
343,2080,car,848.3,343.81,955.17,411.91,0.8469
343,2567,car,676.29,286.2,756.52,356.39,0.8262
343,2612,car,573.33,253.6,634.62,322.28,0.7879
343,2887,car,789.59,255.81,849.99,290.68,0.728
343,3017,bus,705.63,189.48,768.85,246.36,0.6874
343,1481,bus,458.68,170.94,493.53,203.67,0.6622
343,1831,car,674.47,236.43,710.19,264.76,0.4679
343,3414,bus,652.52,185.75,695.29,225.2,0.318
343,2311,car,721.89,229.43,755.87,253.58,0.4724
343,2856,bus,823.08,220.09,924.95,292.37,0.7117
344,1,bus,413.81,199.27,495.53,338.44,0.7864
344,76,car,741.02,257.96,797.01,291.01,0.6336
344,1903,car,724.66,271.17,785.39,311.77,0.7252
344,1674,car,808.6,287.86,886.74,333.11,0.8666
344,1936,bus,508.84,204.1,578.4,293.63,0.8514
344,2080,car,845.53,342.9,953.39,410.81,0.8506
344,2567,car,679.65,287.99,762.49,360.29,0.7832
344,2612,car,573.54,254.75,635.89,324.1,0.7616
344,2887,car,788.66,255.05,848.94,290.06,0.7779
344,3017,bus,706.26,189.66,770.38,247.01,0.7326
344,1481,bus,458.25,170.48,493.64,203.87,0.5634
344,1831,car,674.88,236.47,709.96,263.86,0.4516
344,3414,bus,652.79,185.77,696.7,226.13,0.3745
344,2311,car,721.76,229.14,754.98,253.0,0.3118
344,2255,bus,767.14,208.94,931.04,292.26,0.6858
345,1,bus,413.32,198.9,494.65,337.68,0.7988
345,76,car,740.23,257.7,795.52,290.32,0.7368
345,1903,car,723.54,270.83,783.57,310.89,0.6988
345,1674,car,807.9,287.31,884.69,331.98,0.844
345,1936,bus,509.31,204.51,579.45,294.59,0.8461
345,2080,car,844.95,342.13,953.11,409.55,0.8318
345,2567,car,682.15,290.58,766.21,363.72,0.8337
345,2612,car,573.81,255.79,637.01,325.56,0.7331
345,2887,car,788.8,254.58,848.44,289.41,0.6521
345,3017,bus,709.8,189.7,771.88,245.11,0.6389
345,1481,bus,458.34,171.01,493.03,203.8,0.5789
345,1831,car,675.72,235.89,710.83,263.17,0.4025
345,3414,bus,652.26,185.32,704.07,232.84,0.3515
345,2311,car,720.42,227.16,754.27,251.84,0.4103
345,2856,bus,822.28,219.56,923.68,291.5,0.6388
346,1,bus,413.29,199.02,494.37,337.66,0.8128
346,76,car,739.47,257.29,794.9,290.11,0.7093
346,1903,car,722.11,270.23,782.51,310.52,0.7534
346,1674,car,806.68,286.34,883.08,330.99,0.8425
346,1936,bus,508.77,204.04,580.65,296.37,0.8543
346,2080,car,841.44,341.87,950.66,408.98,0.861
346,2567,car,685.36,293.27,770.88,367.52,0.8076
346,2612,car,574.34,257.28,638.81,328.14,0.6156
346,2887,car,791.44,255.13,848.89,288.94,0.6692
346,3017,bus,709.85,189.37,771.03,243.5,0.6478
346,1481,bus,458.4,170.72,492.86,203.39,0.6849
346,1831,car,676.48,236.07,711.06,262.85,0.4124
346,3414,bus,652.03,184.15,701.92,229.8,0.3828
346,2311,car,719.89,227.62,752.24,251.28,0.404
346,3535,car,604.24,248.19,647.52,285.36,0.4736
346,2856,bus,822.91,219.78,923.71,291.38,0.7197
347,1,bus,413.82,199.18,494.4,337.41,0.8196
347,76,car,738.88,256.55,794.77,289.84,0.732
347,1903,car,721.07,269.88,781.48,310.16,0.7434
347,1674,car,805.63,285.58,881.56,330.22,0.8432
347,1936,bus,509.62,207.82,580.17,297.94,0.8574
347,2080,car,839.04,341.06,949.15,407.95,0.8471
347,2567,car,688.23,295.33,775.92,371.26,0.7625
347,2612,car,575.04,258.73,640.37,329.96,0.6609
347,2887,car,793.14,254.93,848.13,287.57,0.6767
347,3017,bus,708.66,189.15,770.72,243.69,0.6717
347,1481,bus,458.57,170.22,492.66,202.62,0.718
347,1831,car,673.69,232.23,712.69,262.55,0.4037
347,3414,bus,650.92,183.93,704.08,232.64,0.3994
347,2311,car,719.16,228.04,750.21,250.65,0.3593
347,3535,car,605.05,248.71,648.6,286.14,0.3835
347,2856,bus,822.76,219.57,923.64,291.45,0.735
348,1,bus,414.0,198.55,494.23,336.38,0.8119
348,76,car,737.73,255.62,793.2,288.78,0.7101
348,1903,car,720.03,268.04,781.19,308.96,0.6833
348,1674,car,804.92,284.83,879.02,328.48,0.8473
348,1936,bus,510.29,207.76,581.75,298.69,0.8516
348,2080,car,840.83,339.51,950.76,406.2,0.8597
348,2567,car,690.81,296.42,780.87,374.43,0.7615
348,2612,car,575.7,259.38,642.12,331.18,0.5476
348,2887,car,788.85,253.72,843.18,285.82,0.6133
348,3017,bus,708.19,189.31,769.56,242.56,0.6497
348,1481,bus,458.34,169.42,492.61,202.15,0.6951
348,1831,car,674.96,232.68,712.51,261.98,0.3524
348,3414,bus,651.11,182.62,704.07,230.99,0.3145
348,2311,car,717.19,225.96,749.5,249.49,0.4005
348,3535,car,606.63,250.26,649.73,287.33,0.2319
348,2856,bus,822.01,218.97,923.54,291.74,0.8429
349,1,bus,414.13,198.28,494.13,335.98,0.825
349,76,car,738.41,255.04,792.14,287.24,0.6504
349,1903,car,721.04,267.52,778.99,306.21,0.6239
349,1674,car,804.13,283.98,877.51,327.28,0.8342
349,1936,bus,511.2,210.45,581.99,299.97,0.8485
349,2080,car,839.31,338.32,949.02,404.48,0.864
349,2567,car,693.84,298.99,786.22,378.93,0.7521
349,2612,car,576.52,260.63,644.16,333.34,0.6765
349,2887,car,788.4,252.54,842.75,284.99,0.6423
349,3017,bus,706.07,188.86,769.85,243.66,0.719
349,1481,bus,458.4,169.05,492.32,201.44,0.7454
349,1831,car,675.54,234.08,710.69,261.46,0.2679
349,3414,bus,649.92,182.35,703.47,231.14,0.3195
349,2856,bus,821.34,218.63,923.02,291.89,0.8813
349,3364,bike,49.98,291.65,70.93,316.37,0.4718
350,1,bus,414.46,198.68,494.31,336.45,0.7995
350,76,car,737.88,255.29,790.96,287.05,0.661
350,1903,car,720.69,267.56,777.65,305.6,0.6593
350,1674,car,802.67,283.47,876.14,326.94,0.8444
350,1936,bus,511.46,212.78,582.01,301.58,0.8524
350,2080,car,837.15,337.66,947.42,403.79,0.8708
350,2567,car,696.78,301.13,792.68,384.05,0.7301
350,2612,car,577.62,261.67,646.4,335.43,0.6517
350,2887,car,786.38,250.49,842.06,284.39,0.5267
350,3017,bus,704.03,188.3,769.28,243.59,0.7545
350,1481,bus,458.48,169.1,492.18,201.38,0.7029
350,1831,car,675.04,234.15,710.08,261.41,0.2516
350,3414,bus,650.2,182.19,702.61,229.86,0.3767
350,2856,bus,822.3,219.48,922.7,291.85,0.7965
350,3364,bike,46.32,292.37,67.61,317.35,0.4953
350,2311,car,713.77,224.1,747.55,248.79,0.2511
350,3535,car,611.61,253.82,655.81,292.1,0.4666
351,1,bus,414.73,199.15,494.14,336.36,0.8359
351,76,car,737.62,255.09,790.7,286.81,0.65
351,1903,car,720.93,266.84,775.48,303.23,0.5721
351,1674,car,801.43,283.36,874.27,326.52,0.8375
351,1936,bus,510.1,211.96,582.6,303.13,0.8644
351,2080,car,835.51,336.92,945.72,402.66,0.8779
351,2567,car,700.1,303.78,798.24,388.64,0.8143
351,2612,car,580.55,262.67,650.24,337.8,0.6497
351,2887,car,783.59,248.88,840.1,283.92,0.5827
351,3017,bus,703.58,188.14,769.45,243.28,0.7743
351,1481,bus,457.98,168.55,492.84,202.17,0.5804
351,1831,car,674.22,234.3,708.86,261.21,0.2408
351,3414,bus,649.71,182.5,702.46,230.47,0.2912
351,2856,bus,824.01,219.45,924.32,291.57,0.7793
351,3364,bike,43.6,291.06,67.09,318.55,0.6867
351,2311,car,712.01,222.86,746.83,248.5,0.2799
351,3535,car,615.47,257.26,657.84,294.22,0.5624
352,1,bus,414.54,198.87,494.1,336.55,0.8169
352,76,car,735.74,255.16,789.46,287.33,0.6473
352,1903,car,720.56,266.31,774.66,302.48,0.5659
352,1674,car,800.52,283.04,873.06,326.01,0.8503
352,1936,bus,510.4,213.4,583.31,304.86,0.8485
352,2080,car,835.54,336.45,944.0,400.82,0.8767
352,2567,car,703.26,305.98,803.94,393.19,0.7572
352,2612,car,580.71,264.05,651.62,340.47,0.6724
352,2887,car,778.76,248.01,835.24,283.37,0.5786
352,3017,bus,702.4,188.14,769.86,244.05,0.7054
352,1481,bus,458.53,168.7,492.59,201.7,0.7406
352,1831,car,672.34,233.04,708.05,260.76,0.3035
352,3414,bus,648.8,183.08,702.6,232.15,0.3349
352,2856,bus,824.23,219.4,924.77,291.64,0.7817
352,3364,bike,42.03,292.06,65.3,319.12,0.5145
352,3535,car,616.42,258.28,659.84,296.32,0.6799
352,3620,car,509.38,176.42,527.38,192.68,0.3264
353,1,bus,414.1,198.57,493.71,336.61,0.8004
353,76,car,734.58,254.88,788.23,286.8,0.6293
353,1903,car,719.5,266.35,773.68,302.7,0.4658
353,1674,car,799.56,282.48,871.46,325.13,0.8309
353,1936,bus,511.95,215.8,584.13,306.29,0.86
353,2080,car,834.65,335.86,943.38,400.16,0.8814
353,2567,car,707.33,309.79,809.29,397.74,0.745
353,2612,car,581.24,265.84,653.15,343.17,0.692
353,2887,car,779.3,248.03,834.12,283.07,0.5277
353,3017,bus,701.66,188.32,769.87,244.28,0.7247
353,1481,bus,458.99,169.07,491.86,200.93,0.7351
353,1831,car,671.49,232.95,707.04,260.52,0.3171
353,3414,bus,647.88,183.09,702.47,233.22,0.3388
353,2856,bus,822.95,218.9,924.34,292.02,0.8076
353,3364,bike,40.84,293.19,63.9,319.55,0.4577
353,3535,car,616.51,257.75,661.35,297.07,0.708
353,3620,car,509.85,177.16,527.66,193.21,0.3082
353,3627,bus,923.96,222.1,959.39,290.43,0.3535
353,3353,car,613.85,236.01,646.73,262.79,0.2583
354,1,bus,413.74,198.58,493.37,336.86,0.7807
354,76,car,733.95,254.63,787.31,286.08,0.652
354,1903,car,718.59,266.23,772.99,302.9,0.4536
354,1674,car,798.24,281.81,869.39,324.1,0.8172
354,1936,bus,512.4,216.87,585.3,308.1,0.8549
354,2080,car,832.65,335.26,942.68,400.18,0.8891
354,2567,car,710.79,312.46,815.55,403.02,0.7647
354,2612,car,584.91,267.76,656.87,345.35,0.6296
354,2887,car,780.25,248.23,832.35,282.27,0.5546
354,3017,bus,701.2,188.36,770.26,244.51,0.7328
354,1481,bus,459.18,169.29,491.53,200.65,0.7259
354,1831,car,671.02,232.82,706.71,260.63,0.3268
354,3414,bus,648.52,183.6,701.36,232.06,0.2579
354,2856,bus,822.41,219.29,922.95,291.81,0.801
354,3364,bike,39.69,294.19,62.33,319.84,0.326
354,3535,car,616.85,258.22,663.65,299.42,0.493
354,3620,car,510.0,177.5,527.63,193.36,0.3774
354,3627,bus,923.96,221.39,959.56,290.05,0.2978
354,3353,car,614.42,236.66,648.38,263.48,0.285
355,1,bus,413.25,198.48,493.07,337.2,0.8055
355,76,car,733.65,254.44,787.28,285.81,0.5532
355,1903,car,717.72,266.22,772.08,303.14,0.4364
355,1674,car,797.54,281.57,867.79,323.34,0.7888
355,1936,bus,512.4,217.63,586.1,309.54,0.8697
355,2080,car,830.91,335.01,941.26,399.93,0.8941
355,2567,car,715.07,316.28,822.98,409.68,0.7216
355,2612,car,586.27,269.6,659.21,348.18,0.6059
355,2887,car,781.06,248.5,830.55,281.38,0.496
355,3017,bus,700.54,187.95,770.53,244.53,0.7367
355,1481,bus,459.06,169.6,491.76,201.25,0.7158
355,1831,car,669.59,231.36,706.53,260.3,0.3263
355,2856,bus,821.9,219.3,922.6,291.98,0.766
355,3364,bike,38.47,294.76,61.3,320.53,0.4495
355,3535,car,617.72,258.84,667.45,303.19,0.5067
355,3620,car,510.04,177.17,528.33,193.61,0.3464
355,3627,bus,924.95,222.87,958.97,288.39,0.3497
355,3353,car,614.41,235.57,650.79,264.06,0.3082
356,1,bus,413.4,198.76,493.49,338.02,0.772
356,76,car,733.3,254.38,786.43,285.36,0.6383
356,1903,car,716.53,266.09,770.78,303.18,0.3791
356,1674,car,796.27,281.62,866.34,323.3,0.779
356,1936,bus,511.51,217.68,586.73,311.36,0.8723
356,2080,car,830.8,334.89,940.81,399.68,0.8771
356,2567,car,719.25,320.12,829.49,415.37,0.6835
356,2612,car,588.16,271.88,662.37,352.24,0.6987
356,2887,car,778.83,247.93,827.82,281.05,0.5485
356,3017,bus,699.65,188.31,770.64,245.31,0.7421
356,1481,bus,459.57,170.48,491.29,201.02,0.6912
356,1831,car,668.9,232.59,704.26,260.29,0.2571
356,2856,bus,820.96,217.59,925.63,293.12,0.6
356,3364,bike,35.54,296.03,59.32,322.35,0.5937
356,3535,car,619.85,260.93,668.79,304.83,0.5189
356,3620,car,510.26,177.4,528.82,194.09,0.274
356,3627,bus,925.71,223.55,958.87,287.3,0.2867
356,3353,car,614.96,235.52,652.5,264.58,0.336
357,1,bus,412.72,198.51,492.99,337.96,0.8436
357,76,car,734.29,254.27,785.44,283.99,0.5715
357,1903,car,715.72,264.82,769.99,302.29,0.4475
357,1674,car,795.61,281.44,864.39,322.31,0.8115
357,1936,bus,511.35,217.88,587.62,312.69,0.8646
357,2080,car,828.41,334.4,938.18,399.03,0.8668
357,2567,car,723.02,322.72,836.78,421.05,0.6019
357,2612,car,590.21,273.33,665.36,355.11,0.6225
357,2887,car,778.93,247.95,825.73,280.39,0.4994
357,3017,bus,699.45,188.17,771.66,245.98,0.6712
357,1481,bus,459.53,170.58,491.2,200.96,0.7528
357,1831,car,667.69,231.26,703.46,259.3,0.3535
357,2856,bus,819.36,216.76,925.19,293.16,0.6179
357,3364,bike,32.98,296.38,57.35,322.93,0.6263
357,3535,car,622.26,263.05,670.73,306.57,0.5027
357,3620,car,511.01,178.13,528.74,194.08,0.3438
357,3627,bus,925.04,222.59,958.86,287.48,0.3389
357,3353,car,615.45,237.57,653.46,266.7,0.3677
358,1,bus,412.31,198.94,492.91,338.76,0.835
358,76,car,733.85,254.13,784.79,283.7,0.6456
358,1903,car,716.6,264.13,769.82,301.52,0.414
358,1674,car,794.49,281.36,862.8,321.91,0.797
358,1936,bus,511.07,218.37,589.31,315.99,0.8634
358,2080,car,827.31,333.96,936.55,398.3,0.872
358,2567,car,727.56,327.22,843.67,427.59,0.6192
358,2612,car,589.98,275.11,666.39,358.34,0.5092
358,2887,car,779.08,248.39,823.58,279.9,0.4051
358,3017,bus,699.12,188.89,770.66,245.63,0.7636
358,1481,bus,459.77,171.43,491.26,201.42,0.7722
358,1831,car,667.45,231.66,702.17,258.87,0.3689
358,2856,bus,818.35,217.29,923.62,293.23,0.6861
358,3364,bike,30.27,295.76,56.08,323.68,0.5883
358,3535,car,624.52,264.66,673.16,308.39,0.6571
358,3620,car,511.0,178.02,529.3,194.51,0.2834
358,3353,car,618.25,239.72,654.69,267.61,0.429
359,1,bus,412.3,198.74,493.02,338.66,0.8315
359,76,car,732.65,253.84,783.34,283.08,0.6598
359,1903,car,716.87,263.94,768.65,300.92,0.3439
359,1674,car,793.09,280.35,861.47,320.92,0.7509
359,1936,bus,511.86,219.32,590.6,317.73,0.866
359,2080,car,826.88,333.16,935.48,397.29,0.8613
359,2567,car,731.5,331.3,851.2,434.66,0.6196
359,2612,car,590.19,275.37,668.62,360.81,0.5305
359,2887,car,779.71,248.56,821.66,278.86,0.2839
359,3017,bus,699.42,189.28,771.24,245.9,0.7039
359,1481,bus,459.55,171.57,491.15,201.48,0.7447
359,1831,car,667.23,231.9,701.11,258.46,0.3846
359,2856,bus,818.52,218.27,922.42,293.18,0.6933
359,3364,bike,27.39,294.8,55.32,324.98,0.6842
359,3535,car,626.39,266.06,675.17,309.89,0.6208
359,3620,car,511.36,178.02,529.63,194.56,0.2409
359,3353,car,618.46,240.78,655.72,269.19,0.5344
359,3627,bus,917.21,222.65,960.0,324.15,0.517
360,1,bus,412.27,198.71,493.08,338.76,0.8175
360,76,car,729.2,253.12,782.03,283.55,0.6108
360,1674,car,791.99,279.28,860.78,320.14,0.7315
360,1936,bus,511.55,217.34,593.01,319.56,0.8486
360,2080,car,825.13,332.15,934.04,396.6,0.8565
360,2567,car,737.15,334.89,860.03,440.89,0.7067
360,2612,car,591.88,275.86,672.58,364.08,0.6383
360,3017,bus,698.02,188.83,770.71,245.62,0.7476
360,1481,bus,459.46,171.74,490.81,201.23,0.6814
360,1831,car,666.91,231.27,701.03,258.22,0.3643
360,2856,bus,817.05,217.58,922.6,293.4,0.7452
360,3364,bike,24.38,294.52,53.53,326.12,0.5785
360,3535,car,627.93,267.51,678.63,313.27,0.6706
360,3620,car,511.44,178.12,530.18,195.25,0.2346
360,3353,car,620.06,241.38,657.59,269.99,0.4446
360,3627,bus,916.33,222.3,960.0,331.48,0.5936
361,1,bus,412.06,199.02,492.95,339.14,0.8474
361,76,car,728.36,253.02,780.87,283.28,0.6379
361,1674,car,790.65,279.02,859.67,320.07,0.7297
361,1936,bus,510.84,215.18,595.3,321.71,0.8334
361,2080,car,823.93,331.42,932.87,396.06,0.8535
361,2567,car,742.28,338.49,869.62,448.13,0.6779
361,2612,car,593.82,277.79,675.2,367.07,0.6047
361,3017,bus,697.36,188.67,770.57,245.49,0.7995
361,1481,bus,459.13,172.12,490.85,201.92,0.7462
361,1831,car,665.84,229.71,701.07,257.83,0.3227
361,2856,bus,817.33,218.5,922.84,293.79,0.6636
361,3364,bike,20.71,293.03,52.41,327.6,0.4886
361,3535,car,629.88,270.14,680.35,315.78,0.6507
361,3620,car,511.87,179.08,530.05,195.77,0.28
361,3353,car,619.53,241.8,661.29,273.67,0.3833
361,3627,bus,917.06,223.17,960.0,334.85,0.5205
361,2887,car,776.75,247.26,817.94,277.72,0.2729
362,1,bus,412.12,199.27,492.99,339.51,0.8626
362,76,car,727.96,252.84,779.86,282.91,0.6074
362,1674,car,789.38,278.53,858.43,319.69,0.7221
362,1936,bus,510.58,214.55,596.47,323.66,0.8171
362,2080,car,823.04,331.08,930.75,395.03,0.8431
362,2567,truck,745.95,342.11,878.61,456.35,0.4334
362,2612,car,596.14,280.49,677.41,369.92,0.4849
362,3017,bus,696.87,188.77,770.24,245.3,0.8212
362,1481,bus,458.81,171.95,490.84,202.05,0.7372
362,1831,car,664.98,229.63,699.56,257.26,0.3351
362,2856,bus,816.7,218.34,922.95,293.71,0.6324
362,3364,bike,19.45,296.25,49.27,328.37,0.485
362,3535,car,632.07,272.05,682.68,317.57,0.6288
362,3620,car,512.1,179.52,530.08,196.06,0.2352
362,3353,car,620.1,241.94,664.09,275.56,0.3289
362,3627,bus,917.59,223.6,960.0,335.92,0.6744
362,3687,car,744.9,341.98,879.98,456.41,0.4364
362,3688,car,544.62,187.09,562.45,201.72,0.3414
362,2887,car,775.88,247.21,816.05,277.4,0.2808
362,1903,car,710.11,262.23,762.76,299.86,0.3937
363,1,bus,412.06,199.1,492.88,339.19,0.8584
363,76,car,728.11,252.53,779.24,282.35,0.5327
363,1674,car,788.37,277.75,856.97,318.75,0.7219
363,1936,bus,510.51,214.31,597.35,325.44,0.8145
363,2080,car,821.56,329.83,927.92,392.89,0.8276
363,2567,car,750.54,345.72,886.7,462.99,0.6029
363,2612,car,598.1,283.02,679.49,372.85,0.6853
363,3017,bus,696.26,188.38,770.67,245.35,0.8114
363,1481,bus,458.8,172.03,490.57,201.83,0.7323
363,1831,car,664.62,229.09,698.58,256.26,0.3014
363,2856,bus,815.99,217.35,924.44,294.01,0.4576
363,3364,bike,17.27,297.86,46.68,329.38,0.4086
363,3535,car,633.75,274.17,684.6,319.62,0.5475
363,3353,car,620.2,241.93,665.73,276.79,0.3581
363,3627,bus,917.98,222.52,960.0,335.87,0.7027
363,3688,car,545.26,187.43,562.93,201.92,0.384
363,2887,car,775.31,246.44,814.69,276.39,0.3173
363,1903,car,710.24,260.74,762.16,298.3,0.4257
363,3414,bus,647.12,182.99,697.67,229.46,0.2446
364,1,bus,412.25,199.15,493.0,339.22,0.8537
364,76,car,726.55,252.03,778.08,282.12,0.5025
364,1674,car,787.04,277.24,855.52,318.25,0.7735
364,1936,bus,511.9,218.01,597.4,328.14,0.8401
364,2080,car,820.07,329.24,926.06,392.07,0.8235
364,2567,car,757.32,350.73,897.83,471.47,0.7191
364,2612,car,599.47,284.94,682.82,377.28,0.725
364,3017,bus,696.35,188.93,770.18,244.96,0.7949
364,1481,bus,458.51,172.06,490.51,202.02,0.7898
364,1831,car,663.92,227.52,699.27,256.1,0.2437
364,2856,bus,815.73,218.27,923.65,294.18,0.621
364,3364,bike,15.94,301.77,43.39,330.62,0.3635
364,3535,car,635.69,276.13,687.82,322.58,0.6878
364,3353,car,621.3,244.01,666.68,278.8,0.4862
364,3627,bus,918.86,223.13,960.0,335.71,0.6732
364,3688,car,545.39,187.58,563.45,202.39,0.4288
364,2887,car,774.55,245.95,813.31,275.63,0.3403
364,1903,car,711.94,260.96,762.44,298.28,0.407
364,3620,car,512.0,179.13,531.49,197.26,0.2914
365,1,bus,412.6,199.37,493.2,339.39,0.8589
365,76,car,726.28,251.95,776.69,281.31,0.4918
365,1674,car,786.21,277.03,853.96,317.77,0.7836
365,1936,bus,513.07,219.82,598.24,329.99,0.8678
365,2080,car,819.38,328.7,924.68,391.15,0.8381
365,2567,car,763.77,355.09,909.83,480.21,0.7607
365,2612,car,600.87,286.86,685.83,381.25,0.6795
365,3017,bus,696.24,189.15,769.99,244.57,0.8031
365,1481,bus,458.39,172.4,490.46,202.28,0.7611
365,1831,car,662.63,228.17,697.38,256.32,0.2684
365,2856,bus,815.23,217.54,924.7,294.14,0.7378
365,3364,bike,13.39,301.41,42.38,331.65,0.5393
365,3535,car,637.29,277.8,691.41,325.99,0.6827
365,3353,car,622.88,245.42,667.2,279.33,0.5435
365,3627,bus,919.03,223.95,960.0,335.82,0.6929
365,3688,car,545.32,187.24,564.24,202.73,0.3717
365,2887,car,773.75,245.48,811.92,274.76,0.3553
365,1903,car,713.1,261.4,761.73,298.08,0.4317
365,3620,car,511.82,178.86,532.08,197.9,0.2864
366,1,bus,412.23,199.48,492.58,338.95,0.8722
366,76,car,727.31,252.01,775.86,280.3,0.497
366,1674,car,785.88,276.78,852.25,316.79,0.7733
366,1936,bus,512.9,219.61,599.54,332.39,0.8775
366,2080,car,818.15,327.19,923.05,389.51,0.8271
366,2567,car,769.24,359.77,919.96,488.59,0.5362
366,2612,bus,602.29,288.99,688.67,385.33,0.3591
366,3017,bus,696.53,189.3,769.98,243.98,0.8092
366,1481,bus,458.24,172.13,490.46,202.01,0.7692
366,1831,car,661.53,227.5,696.93,256.41,0.2251
366,2856,bus,815.96,217.74,925.6,294.13,0.6033
366,3364,bike,11.0,300.98,41.06,332.39,0.3657
366,3535,car,639.01,279.24,694.69,328.74,0.688
366,3353,car,624.95,247.43,668.52,280.58,0.5613
366,3627,bus,919.83,224.07,960.0,335.21,0.6769
366,3688,car,545.52,186.93,564.94,202.82,0.377
366,2887,car,772.4,245.08,810.6,274.41,0.4441
366,1903,car,712.39,260.23,760.31,297.31,0.4339
366,3620,car,512.28,178.88,532.57,198.12,0.3299
366,3414,bus,648.55,181.82,694.84,223.85,0.3021
367,1,bus,412.18,199.37,492.41,338.63,0.8763
367,76,car,725.63,251.64,774.03,279.76,0.5587
367,1674,car,785.12,276.16,850.67,315.72,0.7608
367,1936,bus,513.52,220.61,600.59,334.33,0.8687
367,2080,car,816.99,326.06,922.15,388.78,0.8221
367,2567,car,776.2,364.6,932.14,497.34,0.6308
367,2612,car,604.2,290.18,692.2,388.62,0.6503
367,3017,bus,695.75,188.82,770.01,243.69,0.8288
367,1481,bus,458.29,172.23,490.42,201.94,0.7387
367,1831,car,661.91,227.56,696.68,256.2,0.2378
367,2856,bus,817.63,217.8,927.86,294.52,0.4886
367,3364,bike,8.23,301.92,38.1,332.9,0.4071
367,3535,car,641.66,280.81,697.69,330.56,0.7008
367,3353,car,626.04,248.69,670.98,282.83,0.5946
367,3627,bus,920.09,224.38,960.0,335.41,0.6892
367,3688,car,545.91,187.26,565.11,202.92,0.3926
367,2887,car,771.3,244.62,809.5,274.08,0.4399
367,1903,car,713.43,259.47,757.31,294.14,0.3822
367,3620,car,512.7,178.7,533.01,198.06,0.3166
367,3414,bus,644.98,181.08,694.94,226.35,0.2879
368,1,bus,412.56,199.14,492.73,338.4,0.8623
368,76,car,724.45,250.46,773.44,278.95,0.5076
368,1674,car,784.44,275.61,848.79,314.41,0.7798
368,1936,bus,515.1,222.51,601.83,335.82,0.8876
368,2080,car,814.9,326.01,920.08,388.91,0.8289
368,2567,car,781.41,370.64,942.58,507.57,0.7515
368,2612,car,606.29,292.55,694.84,391.69,0.6124
368,3017,bus,696.34,188.58,770.92,243.22,0.7726
368,1481,bus,458.14,171.9,490.45,201.66,0.7936
368,1831,car,660.88,226.0,696.48,255.7,0.2609
368,2856,bus,817.84,217.69,927.83,294.16,0.4798
368,3364,bike,6.12,303.31,35.25,333.09,0.3071
368,3535,car,643.67,282.48,701.43,333.87,0.6832
368,3353,car,627.01,248.76,673.2,283.94,0.5957
368,3627,bus,920.38,223.32,960.0,335.77,0.7068
368,3688,car,546.64,187.68,565.43,202.89,0.4271
368,2887,car,770.11,244.2,807.83,273.31,0.5193
368,1903,car,710.81,258.88,752.24,291.41,0.445
368,3620,car,513.14,178.85,533.37,198.19,0.3172
368,3724,car,702.57,216.07,729.37,242.49,0.3425
369,1,bus,412.78,198.98,492.9,338.22,0.863
369,76,car,723.38,249.83,773.07,278.77,0.5341
369,1674,car,783.43,274.83,848.15,313.91,0.7981
369,1936,bus,514.66,221.81,603.24,337.82,0.8629
369,2080,car,813.87,325.36,918.94,388.52,0.815
369,2567,truck,787.9,375.87,956.09,518.63,0.5899
369,2612,car,608.27,294.34,698.28,395.07,0.7738
369,3017,bus,696.26,188.32,770.76,242.34,0.7544
369,1481,bus,458.14,172.32,490.13,201.58,0.7861
369,1831,car,660.9,224.76,696.48,254.67,0.3153
369,2856,bus,817.3,217.84,927.27,293.96,0.5783
369,3364,bike,3.04,303.44,32.89,333.58,0.5292
369,3535,car,645.56,285.72,702.4,336.04,0.7419
369,3353,car,628.92,250.05,675.59,285.47,0.7227
369,3627,bus,920.03,223.66,960.0,336.05,0.6892
369,3688,car,546.56,187.63,565.74,203.1,0.4823
369,2887,car,767.14,243.56,805.69,273.09,0.5102
369,1903,car,708.96,257.43,750.48,290.02,0.4293
369,3620,car,513.49,179.48,533.54,198.63,0.3025
369,3724,car,702.23,215.88,728.9,242.14,0.414
369,3730,car,787.48,375.86,956.25,518.53,0.5207
370,1,bus,412.77,199.18,492.88,338.42,0.8617
370,76,car,723.14,249.74,772.26,278.37,0.538
370,1674,car,782.08,274.23,847.4,313.66,0.7952
370,1936,bus,514.79,221.13,605.33,340.03,0.8272
370,2080,car,812.66,324.64,916.45,387.21,0.8073
370,2567,truck,790.63,381.39,960.0,529.65,0.5909
370,2612,car,609.29,296.45,701.03,399.34,0.7391
370,3017,bus,697.17,188.6,770.84,241.53,0.6873
370,1481,bus,458.06,172.46,489.93,201.39,0.7521
370,1831,car,662.5,223.19,698.58,252.97,0.3086
370,2856,bus,818.84,217.96,929.15,294.43,0.3912
370,3364,bike,1.07,304.35,30.99,334.35,0.4996
370,3535,car,649.91,288.32,707.65,339.67,0.6596
370,3353,car,629.89,250.99,677.52,287.22,0.7413
370,3627,bus,919.72,223.41,960.0,336.16,0.6826
370,3688,car,547.52,187.81,566.81,203.12,0.5136
370,2887,car,764.45,242.32,804.66,272.84,0.5753
370,1903,car,711.05,256.7,749.34,286.76,0.4362
370,3620,car,514.12,180.45,533.53,198.83,0.3361
370,3724,car,702.72,215.81,729.04,241.71,0.4556
370,3414,bus,641.76,180.86,694.65,229.1,0.2448
371,1,bus,411.98,199.27,492.35,338.45,0.8677
371,76,car,725.37,250.08,773.25,278.44,0.5672
371,1674,car,781.29,273.89,846.12,313.01,0.8201
371,1936,bus,515.01,223.18,605.74,342.5,0.8448
371,2080,car,811.28,323.4,914.87,386.02,0.8248
371,2567,car,793.89,386.15,960.0,537.98,0.5233
371,2612,car,610.05,298.3,704.46,404.53,0.8097
371,3017,bus,698.15,189.11,770.92,241.0,0.6642
371,1481,bus,457.91,172.56,489.78,201.2,0.7643
371,1831,car,662.54,222.29,700.36,252.59,0.3035
371,2856,bus,818.8,218.22,928.64,294.19,0.4381
371,3364,bike,0.53,305.73,29.19,334.39,0.4019
371,3535,car,652.14,290.5,711.71,343.78,0.7737
371,3353,car,630.96,252.59,678.45,288.81,0.7597
371,3627,bus,919.55,223.49,960.0,336.36,0.7358
371,3688,car,547.54,187.91,567.22,203.39,0.5687
371,2887,car,763.01,241.68,803.81,272.46,0.45
371,1903,car,710.89,256.03,749.21,286.38,0.4699
371,3620,car,514.66,181.31,533.69,199.22,0.4068
371,3724,car,702.27,215.74,728.43,241.44,0.4708
371,3414,bus,639.03,180.44,693.37,229.51,0.2481
371,3730,truck,790.83,385.19,960.0,536.13,0.452
372,1,bus,411.74,199.97,492.25,338.98,0.8651
372,76,car,723.59,250.08,771.44,278.59,0.5015
372,1674,car,780.27,273.75,844.06,312.27,0.8183
372,1936,bus,515.13,225.89,605.67,345.14,0.8298
372,2080,car,809.46,322.43,912.81,385.19,0.8271
372,2612,car,612.02,301.96,707.78,409.67,0.8037
372,3017,bus,701.79,190.28,772.49,240.75,0.5798
372,1481,bus,457.11,172.83,490.02,202.22,0.7236
372,2856,bus,817.73,218.57,927.26,294.29,0.5143
372,3535,car,655.1,292.1,716.41,347.03,0.7963
372,3353,car,632.77,254.28,680.07,290.41,0.7233
372,3627,bus,918.93,222.6,960.0,336.46,0.736
372,3688,car,547.12,189.54,566.3,204.63,0.4704
372,2887,car,761.38,241.52,801.35,271.85,0.3722
372,1903,car,710.36,255.95,748.26,286.18,0.4385
372,3620,car,514.76,182.36,533.66,200.05,0.4302
372,3724,car,702.09,216.39,728.12,241.84,0.3881
372,3414,bus,636.42,180.79,691.57,230.06,0.2495
373,1,bus,412.24,200.83,492.64,339.57,0.874
373,76,car,723.26,250.37,771.11,279.26,0.528
373,1674,car,779.1,273.74,842.52,311.99,0.8312
373,1936,bus,514.62,226.47,606.57,347.98,0.8166
373,2080,car,806.65,321.67,910.61,385.06,0.8219
373,2612,car,614.08,304.83,711.26,414.16,0.8526
373,3017,bus,697.62,189.06,770.8,240.92,0.7544
373,1481,bus,456.58,173.18,490.1,202.94,0.7763
373,2856,bus,817.76,219.24,926.3,294.28,0.6205
373,3535,car,655.89,294.9,718.98,351.28,0.8413
373,3353,car,633.86,255.57,682.64,292.89,0.7421
373,3627,bus,919.01,223.25,960.0,336.56,0.7798
373,3688,car,547.37,190.53,566.39,205.44,0.5241
373,2887,car,760.25,241.7,799.17,271.57,0.3759
373,1903,car,709.0,255.59,746.5,285.61,0.457
373,3620,car,514.69,182.73,533.78,200.58,0.4284
373,3724,car,701.25,216.4,727.71,242.25,0.2699
373,3414,bus,635.21,181.34,689.78,229.48,0.2409
373,2567,car,810.3,400.96,960.0,539.64,0.7236
374,1,bus,412.18,201.13,492.49,339.64,0.8697
374,76,car,724.13,250.23,771.27,279.22,0.5251
374,1674,car,777.77,273.79,840.98,311.87,0.8432
374,1936,bus,514.7,229.08,606.64,350.82,0.8434
374,2080,car,805.43,320.71,908.72,383.97,0.8327
374,2612,car,615.99,307.37,715.18,418.9,0.6832
374,3017,bus,696.87,189.86,769.64,240.98,0.6036
374,1481,bus,456.24,173.63,490.01,203.44,0.7845
374,3535,car,658.94,297.37,722.62,354.34,0.8128
374,3353,car,635.35,257.49,684.85,295.43,0.7202
374,3627,bus,918.77,224.02,960.0,336.7,0.7678
374,3688,car,548.22,192.14,565.81,205.85,0.5451
374,2887,car,758.46,241.36,797.31,271.56,0.5159
374,1903,car,707.62,255.04,744.19,284.14,0.4467
374,3620,car,514.96,183.21,534.13,201.13,0.4357
374,3724,car,701.17,216.65,727.6,242.37,0.3499
374,2567,car,818.6,408.25,960.0,540.0,0.8163
374,2255,bus,764.27,208.55,928.8,294.03,0.6882
375,1,bus,412.65,201.85,492.61,339.96,0.8734
375,76,car,721.59,249.66,769.62,279.5,0.5316
375,1674,car,776.45,273.77,839.99,312.07,0.8418
375,1936,bus,514.96,230.5,607.94,353.8,0.8599
375,2080,car,805.27,320.5,906.64,382.86,0.8443
375,2612,car,618.39,310.0,720.48,424.65,0.7426
375,3017,bus,697.8,191.48,769.6,241.5,0.7366
375,1481,bus,455.64,174.25,490.21,204.81,0.562
375,3535,car,662.32,301.14,726.7,358.48,0.8083
375,3353,car,636.87,258.57,687.67,297.6,0.6896
375,3627,bus,918.38,224.46,960.0,336.85,0.8251
375,3688,car,548.44,192.78,566.2,206.66,0.4821
375,2887,car,757.81,241.21,796.38,271.69,0.4458
375,1903,car,707.62,254.59,742.84,282.63,0.4676
375,3620,car,515.01,183.22,534.7,201.77,0.3304
375,2567,car,827.82,416.52,960.0,540.0,0.8945
375,2255,bus,765.98,211.17,927.57,295.31,0.7829
375,3414,bus,634.12,181.65,689.51,230.03,0.3365
376,1,bus,412.64,202.0,492.57,340.23,0.8687
376,76,car,722.23,249.09,770.37,279.67,0.4984
376,1674,car,776.31,273.87,838.79,311.44,0.84
376,1936,bus,515.44,231.2,609.95,356.84,0.8633
376,2080,car,802.94,319.36,904.5,382.05,0.834
376,2612,car,620.21,312.42,725.46,430.72,0.7312
376,3017,bus,697.09,191.51,769.17,241.32,0.675
376,1481,bus,455.7,174.43,490.39,205.05,0.6674
376,3535,car,663.67,303.34,730.88,363.14,0.7874
376,3353,car,638.17,259.32,690.34,299.45,0.6489
376,3627,bus,918.15,225.59,959.9,337.03,0.8141
376,3688,car,549.04,193.37,566.37,206.89,0.5516
376,2887,car,756.85,240.92,794.53,271.23,0.5033
376,1903,car,706.79,254.8,741.24,282.32,0.4875
376,3620,car,515.41,183.57,535.04,202.16,0.3466
376,2567,car,836.95,423.09,960.0,539.16,0.8594
376,2255,bus,765.77,210.94,927.98,295.86,0.7256
376,3792,car,507.65,205.94,531.61,222.27,0.3169
376,3414,bus,634.78,182.23,687.89,227.7,0.2972
377,1,bus,411.98,202.27,491.82,340.15,0.8726
377,76,car,722.68,248.48,770.33,279.48,0.5826
377,1674,car,775.72,273.29,837.48,310.37,0.8262
377,1936,bus,515.54,231.64,611.32,359.35,0.8628
377,2080,car,801.96,318.65,903.01,381.3,0.8206
377,2612,car,621.32,314.44,729.6,436.76,0.8397
377,3017,bus,696.49,191.88,769.2,241.71,0.6464
377,1481,bus,455.58,174.38,490.3,205.02,0.6358
377,3535,car,665.83,305.01,734.85,366.08,0.7528
377,3353,car,639.53,260.39,692.69,301.35,0.723
377,3627,bus,917.92,225.55,959.76,337.23,0.8237
377,3688,car,549.44,193.5,567.04,207.28,0.5537
377,2887,car,756.34,240.63,792.18,269.79,0.4709
377,1903,car,703.53,254.37,739.54,283.08,0.6192
377,3620,car,515.53,183.45,535.69,202.71,0.3334
377,2567,car,847.61,431.58,960.0,537.97,0.8599
377,2255,bus,766.63,211.8,928.92,297.19,0.6592
377,3792,car,507.25,206.18,531.48,222.69,0.3309
378,1,bus,412.05,202.35,491.96,340.27,0.8686
378,76,car,723.35,248.75,769.11,279.12,0.55
378,1674,car,775.17,272.95,836.57,309.84,0.8159
378,1936,bus,514.25,228.57,614.12,362.71,0.8849
378,2080,car,801.13,318.42,899.9,379.64,0.8115
378,2612,car,623.78,317.34,734.0,442.01,0.9078
378,3017,bus,696.14,191.79,770.2,242.22,0.6606
378,1481,bus,455.28,175.16,490.39,206.13,0.5057
378,3535,car,668.74,309.18,738.63,370.51,0.7934
378,3353,car,640.61,261.49,694.57,303.21,0.714
378,3627,bus,917.47,225.43,959.48,337.33,0.8159
378,3688,car,549.69,194.11,567.31,207.9,0.4929
378,2887,car,756.16,240.63,790.98,269.29,0.3616
378,1903,car,702.35,254.16,738.65,283.11,0.5237
378,2567,car,858.77,441.41,960.0,537.79,0.8824
378,2255,bus,768.0,213.34,927.51,296.86,0.6802
378,3792,car,506.56,206.25,531.89,223.52,0.232
378,3414,bus,635.28,182.28,689.39,228.55,0.3141
379,1,bus,412.39,202.43,492.55,340.99,0.8481
379,76,car,725.56,249.55,768.19,278.61,0.5382
379,1674,car,774.03,272.62,835.31,309.38,0.8184
379,1936,bus,515.24,229.48,616.12,365.71,0.8673
379,2080,car,800.92,318.51,896.42,377.48,0.8141
379,2612,car,626.13,319.82,738.93,447.43,0.8568
379,3017,bus,694.87,190.71,771.16,242.48,0.6748
379,1481,bus,455.49,175.57,490.07,205.94,0.5895
379,3535,car,673.05,312.79,744.99,375.66,0.8556
379,3353,car,642.53,263.76,696.13,305.22,0.6283
379,3627,bus,916.78,223.83,959.49,337.52,0.82
379,3688,car,549.75,194.22,567.76,208.33,0.5377
379,2887,car,755.39,240.18,789.67,268.85,0.3521
379,1903,car,701.43,254.1,737.71,283.18,0.5764
379,2567,car,869.68,451.26,960.0,539.24,0.7085
379,2255,bus,767.62,213.96,927.91,298.05,0.5627
379,3792,car,506.44,207.07,532.01,224.55,0.2911
379,3620,car,516.69,185.14,536.15,203.79,0.3125
380,1,bus,412.91,202.56,492.89,341.04,0.8588
380,76,car,725.7,248.51,768.27,278.43,0.5086
380,1674,car,773.0,272.57,833.94,309.1,0.8213
380,1936,bus,514.72,228.47,617.86,368.59,0.8753
380,2080,car,799.9,318.09,894.48,376.34,0.8192
380,2612,car,628.08,324.53,742.21,453.88,0.6714
380,3017,bus,695.28,191.55,770.95,242.53,0.6622
380,1481,bus,455.23,175.72,489.79,205.97,0.601
380,3535,car,675.11,315.38,748.94,379.54,0.8023
380,3353,car,644.04,265.15,699.05,307.87,0.7384
380,3627,bus,916.27,224.34,959.05,337.67,0.7956
380,3688,car,550.26,194.75,568.56,208.93,0.517
380,2887,car,755.13,240.4,788.34,268.62,0.3787
380,1903,car,700.28,253.55,736.77,282.96,0.5832
380,2567,car,880.95,461.35,960.0,539.28,0.7529
380,2255,bus,767.6,214.22,928.24,298.63,0.5508
380,3792,car,506.91,208.4,531.84,225.48,0.3223
380,3620,car,517.26,186.39,536.04,204.34,0.3457
381,1,bus,413.16,202.67,493.08,341.27,0.8488
381,76,car,724.74,248.0,766.51,277.98,0.4596
381,1674,car,771.99,272.19,832.84,308.71,0.8251
381,1936,bus,516.42,233.08,618.12,371.47,0.8619
381,2080,car,799.0,317.74,892.88,375.41,0.839
381,2612,car,630.0,327.47,746.56,459.76,0.5337
381,3017,bus,695.2,192.04,771.1,242.92,0.6169
381,1481,bus,454.99,175.77,490.1,206.47,0.5839
381,3535,car,677.82,317.72,754.51,384.12,0.8304
381,3353,car,645.63,266.58,701.23,309.89,0.6071
381,3627,bus,915.72,225.34,958.42,337.59,0.7704
381,3688,car,550.7,194.47,569.89,209.36,0.4331
381,2887,car,753.94,240.05,786.41,268.24,0.3414
381,1903,car,700.3,253.79,736.47,283.27,0.4273
381,2567,car,892.85,471.76,960.0,540.0,0.7083
381,2255,bus,767.21,213.82,927.8,298.39,0.4772
381,3792,car,506.19,208.17,532.54,226.38,0.314
381,3620,car,517.58,187.39,536.04,204.92,0.3116
382,1,bus,413.42,202.48,493.27,341.26,0.8336
382,76,car,723.01,247.03,763.28,276.11,0.4877
382,1674,car,770.55,271.4,831.66,308.12,0.8174
382,1936,bus,517.36,236.22,618.89,374.62,0.8445
382,2080,car,797.58,317.1,892.44,375.57,0.82
382,2612,car,631.25,328.32,752.53,466.44,0.7611
382,3017,bus,697.82,192.68,771.93,242.3,0.6899
382,1481,bus,454.97,175.57,490.02,206.12,0.6861
382,3535,car,681.7,320.8,760.27,388.41,0.7849
382,3353,car,648.4,268.37,704.03,311.58,0.4914
382,3627,bus,915.25,225.1,958.07,336.65,0.7962
382,3688,car,551.12,194.09,570.99,209.6,0.422
382,2887,car,751.59,239.04,784.32,267.74,0.3972
382,1903,car,696.17,253.5,733.3,283.48,0.4485
382,2567,car,906.12,483.17,960.0,540.0,0.5789
382,3792,car,506.59,208.65,532.39,226.59,0.3981
382,3620,car,517.33,186.8,536.55,205.03,0.3181
382,2856,bus,813.84,219.56,924.03,295.71,0.598
383,1,bus,413.68,202.23,493.31,340.94,0.8414
383,76,car,723.77,246.88,762.11,274.85,0.5357
383,1674,car,769.52,270.57,830.79,307.48,0.7905
383,1936,bus,517.67,237.01,620.76,377.78,0.8294
383,2080,car,796.37,315.77,891.26,374.48,0.7917
383,2612,car,634.3,330.68,759.09,472.79,0.7116
383,3017,bus,697.38,192.05,771.7,241.62,0.6602
383,1481,bus,455.01,175.13,489.91,205.42,0.6783
383,3535,car,686.08,323.85,766.81,393.12,0.8331
383,3353,car,649.95,269.29,707.05,313.66,0.6565
383,3627,bus,914.26,224.33,957.69,336.24,0.8061
383,3688,car,551.34,194.16,570.96,209.48,0.3698
383,2887,car,750.68,237.99,782.13,265.57,0.4425
383,1903,car,693.11,252.21,731.22,282.65,0.3406
383,3792,car,506.48,208.14,532.74,226.55,0.3786
383,3620,car,517.5,187.18,536.47,205.1,0.3346
383,2856,bus,814.58,219.03,925.18,295.62,0.441
384,1,bus,414.07,202.33,493.59,341.23,0.8351
384,76,car,721.75,246.62,759.91,274.4,0.5152
384,1674,car,768.51,270.35,829.12,306.86,0.8263
384,1936,bus,518.77,240.37,622.27,381.66,0.8424
384,2080,car,794.38,315.15,889.51,374.16,0.797
384,2612,car,637.06,335.48,763.39,479.57,0.6738
384,3017,bus,700.43,193.04,773.21,241.59,0.6366
384,1481,bus,454.93,175.0,489.83,205.16,0.4831
384,3535,car,689.18,326.94,772.79,398.41,0.855
384,3353,car,652.01,271.38,708.82,315.51,0.8107
384,3627,bus,913.86,225.16,957.47,336.28,0.8452
384,3688,car,551.67,194.32,571.66,209.93,0.4631
384,2887,car,750.57,237.77,781.31,264.88,0.4304
384,1903,car,691.67,251.08,730.09,281.69,0.4332
384,3792,car,507.08,208.28,533.36,226.85,0.3904
384,3620,car,517.77,187.86,536.45,205.38,0.2763
384,2856,bus,814.06,219.42,924.69,296.0,0.4541
385,1,bus,414.39,202.56,493.75,341.51,0.8523
385,76,car,718.79,246.31,758.1,274.82,0.4148
385,1674,car,767.44,270.35,827.76,306.65,0.8516
385,1936,bus,518.06,241.34,623.72,385.57,0.8581
385,2080,car,793.64,314.88,886.98,372.84,0.8147
385,2612,car,640.18,340.41,768.93,487.32,0.612
385,3017,bus,700.61,193.37,773.52,242.04,0.6445
385,1481,bus,455.13,176.08,489.57,205.66,0.5124
385,3535,car,692.16,330.47,778.78,404.39,0.8607
385,3353,car,653.11,273.4,710.89,318.49,0.7527
385,3627,bus,913.38,225.4,957.44,336.46,0.8563
385,3688,car,551.91,194.56,572.83,210.91,0.4248
385,2887,car,750.75,238.71,780.3,264.95,0.2845
385,1903,car,689.07,250.81,729.3,282.78,0.4377
385,3792,car,506.9,208.03,534.48,227.67,0.5275
385,3620,car,518.82,189.37,536.49,205.71,0.3309
385,2255,bus,766.63,212.2,927.09,297.39,0.6127
386,1,bus,414.33,203.29,493.42,341.88,0.8421
386,76,car,718.18,246.56,757.19,274.9,0.5485
386,1674,car,766.02,270.08,827.16,307.01,0.8467
386,1936,bus,518.78,244.93,624.7,389.68,0.8759
386,2080,car,791.94,314.83,885.32,372.83,0.8344
386,2612,car,643.17,345.2,774.54,495.21,0.7755
386,3017,bus,696.41,192.63,771.74,242.58,0.6002
386,1481,bus,455.08,177.31,489.88,206.97,0.5398
386,3535,car,696.98,335.62,785.11,410.57,0.8697
386,3353,car,655.65,275.78,713.94,321.12,0.8041
386,3627,bus,912.97,226.09,957.34,336.81,0.7839
386,3688,car,551.94,194.94,572.97,211.58,0.385
386,2887,car,749.05,239.16,778.67,265.58,0.4712
386,1903,car,688.04,250.59,727.17,281.19,0.5396
386,3792,car,506.86,209.18,534.55,229.07,0.4604
386,3620,car,518.9,190.42,536.76,206.86,0.2759
386,3920,bus,487.13,226.76,524.43,315.03,0.4151
386,2255,bus,764.73,210.0,928.44,298.0,0.7712
387,1,bus,414.28,203.41,493.35,342.03,0.8593
387,76,car,717.48,246.36,756.55,274.8,0.6159
387,1674,car,766.01,270.31,825.68,306.31,0.8448
387,1936,bus,518.58,245.97,626.15,393.28,0.8781
387,2080,car,791.32,314.3,882.65,370.99,0.8363
387,2612,car,646.07,349.17,781.16,503.5,0.6107
387,3017,bus,694.78,192.14,771.24,242.59,0.5927
387,1481,bus,454.51,177.63,490.4,208.06,0.5317
387,3535,car,700.96,339.52,791.98,416.71,0.8812
387,3353,car,657.88,277.35,717.17,323.31,0.7948
387,3627,bus,912.51,225.78,957.35,336.59,0.7905
387,3688,car,552.08,195.0,573.69,212.28,0.3927
387,2887,car,747.96,239.03,777.01,264.7,0.4412
387,1903,car,687.43,249.24,725.51,278.67,0.5467
387,3792,car,506.89,209.38,534.95,229.72,0.5516
387,3620,car,519.37,191.03,537.14,207.4,0.2517
387,3920,bus,489.83,227.19,522.1,303.35,0.3266
387,2255,bus,763.38,208.51,928.37,298.4,0.795
387,3930,car,406.77,176.55,421.37,186.98,0.3218
388,1,bus,414.15,203.09,493.37,341.97,0.8287
388,76,car,716.26,246.24,755.48,274.77,0.5942
388,1674,car,765.79,270.22,824.62,305.63,0.8405
388,1936,bus,518.83,246.71,628.62,397.24,0.8885
388,2080,car,790.05,313.01,880.16,368.83,0.8268
388,2612,car,648.73,352.43,787.48,511.12,0.7182
388,3017,bus,694.35,192.58,772.26,244.02,0.5045
388,1481,bus,454.66,178.01,489.81,207.62,0.5565
388,3535,car,704.28,342.86,798.85,422.89,0.891
388,3353,car,659.11,278.63,720.2,326.13,0.821
388,3627,bus,912.36,225.93,957.38,336.13,0.783
388,3688,car,552.34,194.7,574.49,212.54,0.4011
388,2887,car,747.9,239.3,776.25,264.02,0.3476
388,1903,car,686.11,248.75,724.9,278.44,0.5316
388,3792,car,506.86,209.16,535.6,230.24,0.6236
388,3620,car,519.59,190.94,537.74,207.68,0.3519
388,3920,bus,490.35,227.19,521.91,301.43,0.3089
388,2255,bus,763.79,207.64,927.34,297.44,0.8183
388,3930,car,406.26,175.69,421.82,186.82,0.3967
389,1,bus,414.21,203.19,493.23,341.88,0.8407
389,76,car,715.47,245.77,754.98,274.54,0.6176
389,1674,car,764.34,269.73,823.24,305.17,0.8344
389,1936,bus,517.89,245.4,631.32,401.5,0.8737
389,2080,car,788.47,311.58,879.56,368.21,0.8321
389,2612,car,652.22,355.63,795.75,519.72,0.5531
389,3017,bus,696.9,193.24,775.46,245.68,0.4835
389,1481,bus,454.63,178.12,489.56,207.35,0.5098
389,3535,car,708.91,346.75,805.94,428.77,0.8595
389,3353,car,660.49,279.79,723.2,328.77,0.8161
389,3627,bus,911.56,223.69,957.67,335.79,0.7743
389,3688,car,552.7,194.47,575.31,212.81,0.3595
389,2887,car,747.18,238.89,775.35,263.39,0.2961
389,1903,car,686.73,248.06,724.11,276.58,0.4906
389,3792,car,506.86,209.19,535.94,230.79,0.5791
389,3620,car,519.44,190.72,538.05,208.01,0.3425
389,3920,bus,490.35,226.84,522.07,301.17,0.3703
389,2255,bus,764.04,207.7,925.43,296.86,0.805
389,3930,car,405.33,174.71,422.15,186.78,0.4408
389,3414,bus,631.21,182.98,687.56,230.57,0.2826
390,1,bus,414.03,202.72,493.13,341.61,0.8475
390,76,car,714.75,244.71,754.29,273.55,0.5786
390,1674,car,763.48,268.73,821.68,303.63,0.817
390,1936,bus,517.86,245.71,632.89,404.65,0.8711
390,2080,car,786.49,309.06,878.68,366.64,0.8331
390,2612,car,655.04,358.18,803.58,528.09,0.71
390,3017,bus,695.29,193.47,776.95,248.53,0.5452
390,1481,bus,454.58,177.48,489.22,206.28,0.5339
390,3535,car,713.82,350.67,814.38,435.55,0.8798
390,3353,car,662.26,280.44,726.67,330.97,0.8186
390,3627,bus,911.27,223.99,957.47,335.13,0.7939
390,3688,car,553.19,194.49,575.87,212.95,0.3832
390,2887,car,746.85,239.28,774.29,263.06,0.2724
390,1903,car,686.78,247.35,724.02,275.84,0.4367
390,3792,car,507.02,209.12,536.0,230.88,0.6085
390,3620,car,519.82,190.86,538.22,208.03,0.3232
390,3920,bus,486.99,226.3,526.08,318.49,0.4037
390,2255,bus,763.55,205.6,925.92,296.12,0.6398
390,3930,car,404.79,174.06,421.87,186.32,0.3618
391,1,bus,414.02,202.46,493.2,341.59,0.8443
391,76,car,714.86,244.5,753.99,273.11,0.57
391,1674,car,763.01,268.32,820.24,302.55,0.8132
391,1936,bus,519.07,249.06,634.18,408.68,0.8838
391,2080,car,785.32,308.58,875.62,365.22,0.8162
391,2612,car,659.5,361.07,813.03,536.27,0.693
391,3017,bus,699.07,194.11,782.2,251.85,0.5563
391,1481,bus,454.5,177.37,489.35,206.18,0.5658
391,3535,car,718.22,355.53,822.19,443.03,0.8962
391,3353,car,665.35,283.8,729.1,333.79,0.8613
391,3627,bus,910.59,223.09,957.42,334.74,0.787
391,3688,car,553.42,195.07,575.66,213.25,0.3869
391,2887,car,747.55,241.55,772.1,262.59,0.3366
391,1903,car,687.21,247.33,723.28,275.02,0.4397
391,3792,car,507.62,210.25,536.13,231.9,0.5574
391,3620,car,519.21,190.45,538.81,208.94,0.326
391,3920,bus,486.28,226.5,527.31,323.89,0.426
391,2255,bus,763.12,205.14,925.31,296.23,0.5586
391,3930,car,404.16,174.2,421.33,186.53,0.4315
391,3977,car,599.65,264.61,636.62,311.33,0.3597
391,3414,bus,630.37,183.87,686.63,230.4,0.2698
392,1,bus,413.86,202.25,493.11,341.64,0.8579
392,76,car,715.69,244.51,753.9,272.59,0.5419
392,1674,car,761.5,267.37,819.67,302.22,0.8017
392,1936,bus,519.31,249.35,636.47,412.53,0.8669
392,2080,car,784.27,307.22,874.29,364.04,0.8344
392,2612,car,664.85,366.01,818.29,539.85,0.7923
392,3017,bus,690.64,193.12,781.09,256.9,0.6298
392,1481,bus,454.22,177.74,489.45,206.7,0.5276
392,3535,car,723.08,360.16,830.48,450.29,0.8919
392,3353,car,667.19,285.28,732.13,336.37,0.8585
392,3627,bus,910.13,223.6,957.17,334.53,0.7903
392,3688,car,553.42,194.65,576.4,213.66,0.2545
392,1903,car,686.16,246.38,723.11,274.76,0.3137
392,3792,car,507.81,210.72,536.2,232.52,0.6305
392,3620,car,518.95,190.37,539.18,209.58,0.2532
392,3920,bus,486.51,225.91,527.37,323.3,0.3169
392,2255,bus,762.1,203.14,927.29,296.79,0.2608
392,3930,car,403.43,174.05,421.12,186.77,0.5258
392,3977,car,600.05,265.65,638.32,314.01,0.2509
392,3414,bus,629.62,183.29,686.45,229.65,0.2387
392,2856,bus,817.81,222.56,923.99,297.42,0.4825
393,1,bus,413.5,202.09,492.55,341.14,0.8478
393,76,car,712.99,243.54,751.98,271.98,0.5061
393,1674,car,759.9,266.59,818.82,301.97,0.7523
393,1936,bus,520.3,251.03,638.57,416.6,0.8683
393,2080,car,782.57,306.02,872.91,363.42,0.8337
393,2612,car,670.88,370.55,822.75,540.0,0.6881
393,3017,bus,687.96,192.65,781.12,259.38,0.6862
393,1481,bus,454.19,177.34,489.54,206.26,0.4872
393,3535,car,726.92,364.88,838.57,458.22,0.9065
393,3353,car,670.03,287.65,734.37,338.29,0.8137
393,3627,bus,909.74,224.32,957.06,334.58,0.7729
393,3688,car,554.61,195.45,576.9,213.9,0.2613
393,1903,car,687.5,246.79,722.03,273.18,0.3129
393,3792,car,507.91,210.45,536.81,232.9,0.6328
393,3920,bus,485.92,225.87,528.27,327.56,0.3667
393,3930,car,403.11,173.57,421.15,186.6,0.4278
393,2856,bus,814.66,221.68,921.15,296.9,0.5074
394,1,bus,413.42,201.79,492.53,340.93,0.8515
394,76,car,713.12,243.54,751.46,271.45,0.6259
394,1674,car,758.95,265.69,818.09,301.3,0.7594
394,1936,bus,516.83,242.17,643.21,420.88,0.8806
394,2080,car,781.34,305.31,871.35,362.88,0.8538
394,2612,car,678.92,375.62,829.65,540.0,0.7176
394,3017,bus,688.26,192.69,780.48,259.72,0.6595
394,1481,bus,454.12,176.79,489.64,205.76,0.5611
394,3535,car,732.86,370.01,847.77,465.63,0.9215
394,3353,car,673.51,289.87,738.59,340.88,0.8045
394,3627,bus,909.55,225.9,956.74,334.3,0.7793
394,3688,car,555.04,195.13,577.89,214.16,0.2485
394,3792,car,508.05,210.7,537.0,233.43,0.635
394,3930,car,402.38,173.55,420.4,186.54,0.4913
394,2856,bus,814.72,222.42,919.63,296.45,0.5057
394,3620,car,519.56,190.96,539.16,209.68,0.3105
394,3977,car,603.96,269.75,641.9,317.49,0.4658
395,1,bus,413.51,201.68,492.56,340.84,0.8533
395,76,car,713.69,243.55,751.61,271.38,0.6234
395,1674,car,758.26,265.31,816.5,300.3,0.7417
395,1936,bus,518.94,247.99,644.23,425.78,0.8387
395,2080,car,780.19,304.8,868.62,361.6,0.8257
395,2612,car,685.63,380.42,834.74,540.0,0.8808
395,3017,bus,687.4,192.58,778.94,259.77,0.71
395,1481,bus,453.99,176.94,489.53,205.82,0.4925
395,3535,car,739.11,375.58,858.0,474.2,0.8981
395,3353,car,675.08,291.9,742.1,344.45,0.8402
395,3627,bus,909.27,227.71,956.38,334.26,0.7869
395,3688,car,555.59,195.77,578.15,214.52,0.3876
395,3792,car,508.42,211.34,537.05,234.03,0.6108
395,3930,car,401.73,173.84,420.04,186.97,0.5144
395,2856,bus,815.88,223.35,919.53,296.62,0.4872
395,3620,car,519.67,190.91,539.76,210.09,0.3339
395,3977,car,605.93,271.58,644.39,319.79,0.6137
396,1,bus,413.21,201.6,492.48,341.3,0.8587
396,76,car,713.31,243.91,750.46,271.25,0.5527
396,1674,car,757.21,264.75,815.3,299.64,0.7698
396,1936,bus,514.6,236.89,649.45,430.95,0.8514
396,2080,car,779.18,305.08,866.41,361.22,0.8193
396,2612,car,693.56,385.85,841.68,540.0,0.8103
396,3017,bus,687.41,192.79,777.81,259.76,0.6639
396,1481,bus,452.97,177.21,490.95,208.14,0.4872
396,3535,car,744.48,381.23,868.4,483.82,0.8891
396,3353,car,677.25,294.11,745.22,347.43,0.8694
396,3627,bus,908.78,226.36,956.93,334.13,0.7752
396,3688,car,555.48,195.95,578.12,214.9,0.3153
396,3792,car,508.25,211.91,537.15,235.1,0.6263
396,3930,car,402.11,174.5,420.08,187.35,0.4751
396,3620,car,519.69,191.0,539.99,210.42,0.3251
396,3977,car,607.03,272.81,646.65,322.21,0.6334
396,2255,bus,766.04,207.6,922.27,296.34,0.4765
397,1,bus,413.53,201.82,492.64,341.41,0.8513
397,76,car,712.73,244.09,749.34,271.0,0.5691
397,1674,car,756.23,264.46,814.4,299.47,0.7994
397,1936,bus,514.18,235.14,652.05,435.79,0.7956
397,2080,car,778.9,304.69,863.19,358.99,0.794
397,2612,car,699.48,392.5,845.95,540.0,0.7192
397,3017,bus,687.55,192.71,777.26,259.79,0.6211
397,1481,bus,453.21,177.85,490.92,208.44,0.5263
397,3535,car,750.99,387.86,879.17,493.7,0.8951
397,3353,car,679.76,296.32,748.76,350.49,0.8358
397,3627,bus,908.4,226.09,957.04,333.72,0.732
397,3688,car,555.94,195.96,579.38,215.59,0.2761
397,3792,car,509.07,213.59,536.26,235.46,0.5919
397,3930,car,402.41,175.32,419.6,187.57,0.4196
397,3620,car,520.51,193.02,539.56,211.02,0.2704
397,3977,car,608.29,275.33,648.28,324.8,0.7039
397,2856,bus,817.1,223.43,921.08,297.02,0.4465
398,1,bus,413.81,202.1,492.74,341.58,0.8505
398,76,car,712.39,243.77,748.98,270.83,0.6068
398,1674,car,755.65,264.33,813.14,298.92,0.8156
398,1936,bus,514.02,233.7,654.76,440.78,0.7293
398,2080,car,778.57,304.34,861.46,357.86,0.816
398,2612,car,705.88,397.24,852.54,540.0,0.6976
398,3017,bus,687.27,192.52,776.54,259.93,0.5827
398,1481,bus,453.37,178.36,490.65,208.44,0.512
398,3535,car,757.01,393.65,891.09,504.28,0.866
398,3353,car,682.15,297.71,753.6,353.93,0.8679
398,3627,bus,908.07,227.15,956.9,333.96,0.7784
398,3688,car,555.73,195.36,580.17,215.92,0.2861
398,3792,car,509.57,214.38,536.24,235.87,0.693
398,3930,car,401.83,175.56,419.19,188.0,0.3721
398,3620,car,520.74,193.93,539.31,211.25,0.2538
398,3977,car,609.7,276.78,650.98,327.52,0.6211
398,2856,bus,816.37,223.1,921.49,297.35,0.4536
399,1,bus,414.21,202.45,492.91,341.72,0.8444
399,76,car,712.05,243.54,748.6,270.75,0.5709
399,1674,car,754.2,264.25,812.07,299.1,0.7879
399,1936,bus,514.76,234.29,657.21,445.72,0.8003
399,2080,car,778.09,304.03,859.94,356.95,0.816
399,2612,car,712.9,401.7,859.9,540.0,0.5925
399,3017,bus,687.86,191.91,775.53,258.81,0.5674
399,1481,bus,452.19,178.7,492.24,211.19,0.4998
399,3535,car,764.55,400.22,903.62,514.88,0.8192
399,3353,car,684.31,300.25,757.44,357.96,0.8452
399,3627,bus,907.52,226.54,957.09,333.98,0.7572
399,3792,car,509.87,214.46,536.85,236.21,0.6586
399,3930,car,401.73,175.76,418.98,188.21,0.3255
399,3620,car,520.86,194.57,539.37,211.58,0.2953
399,3977,car,611.07,278.56,653.04,329.74,0.627
399,2255,bus,767.63,209.95,921.14,296.75,0.3998
400,1,bus,414.27,201.87,493.09,341.56,0.8492
400,76,car,708.91,242.12,746.55,270.17,0.5477
400,1674,car,753.87,263.84,810.85,298.15,0.7919
400,1936,bus,519.85,252.13,653.96,451.25,0.8609
400,2080,car,776.13,302.95,858.57,356.47,0.8322
400,2612,car,718.21,405.31,866.47,540.0,0.5552
400,3017,bus,688.53,192.09,774.76,258.33,0.7176
400,1481,bus,452.53,178.82,491.82,210.69,0.5072
400,3535,car,771.04,405.84,916.83,525.85,0.7718
400,3353,car,687.46,302.36,761.99,361.17,0.8383
400,3627,bus,907.16,226.93,957.05,333.98,0.7652
400,3792,car,510.04,214.68,537.05,236.43,0.6716
400,3930,car,401.65,175.81,419.24,188.64,0.3122
400,3620,car,520.76,194.67,539.62,211.78,0.2601
400,3977,car,613.43,281.33,656.71,333.44,0.5765
400,2255,bus,767.64,207.44,924.05,295.93,0.5582
401,1,bus,414.22,201.56,493.02,341.39,0.8478
401,76,car,705.93,241.19,744.88,270.08,0.6571
401,1674,car,753.11,263.17,809.72,297.25,0.7871
401,1936,bus,521.96,260.05,654.69,457.31,0.8138
401,2080,car,775.35,301.75,857.14,355.11,0.8015
401,2612,car,724.62,413.47,869.22,540.0,0.5646
401,3017,bus,689.79,192.33,774.8,258.13,0.6617
401,1481,bus,452.83,178.58,491.7,210.04,0.4719
401,3535,car,778.07,412.7,928.65,535.91,0.7384
401,3353,car,690.85,305.33,765.31,363.89,0.8311
401,3627,bus,906.48,226.38,957.22,334.28,0.728
401,3792,car,509.79,214.56,537.59,237.03,0.6747
401,3930,car,401.46,176.06,418.74,188.81,0.3434
401,3620,car,521.11,194.9,540.04,211.8,0.3547
401,3977,car,614.89,283.56,659.39,336.72,0.6901
401,2255,bus,769.33,209.61,923.61,296.27,0.6474
401,4088,bike,293.82,219.13,309.63,246.4,0.4392
401,3688,car,558.47,200.5,579.1,217.53,0.3949
402,1,bus,414.35,201.57,493.07,341.46,0.8586
402,76,car,704.37,240.67,743.67,269.72,0.661
402,1674,car,751.48,262.46,807.94,296.46,0.8234
402,1936,bus,518.14,249.09,660.8,463.17,0.8996
402,2080,car,773.06,301.24,854.23,354.22,0.8267
402,2612,car,730.9,420.75,873.13,540.0,0.5842
402,3017,bus,690.8,192.5,774.26,257.47,0.714
402,1481,bus,453.15,178.66,491.52,209.58,0.4796
402,3535,car,790.62,420.29,939.83,540.0,0.691
402,3353,car,693.12,307.38,769.34,367.39,0.861
402,3627,bus,905.55,225.31,957.33,334.53,0.714
402,3792,car,509.71,214.93,537.95,237.83,0.6252
402,3930,car,401.64,176.6,418.38,189.05,0.2665
402,3620,car,521.17,195.58,540.25,212.33,0.5653
402,3977,car,615.98,285.52,661.68,339.81,0.6907
402,2255,bus,769.45,210.26,924.16,296.63,0.7792
402,4103,bus,707.36,419.45,911.01,537.11,0.5938
402,3688,car,559.23,201.58,579.27,217.77,0.4874
403,1,bus,414.51,201.83,493.13,341.84,0.8549
403,76,car,704.23,240.86,743.04,269.46,0.598
403,1674,car,750.22,261.9,806.77,296.07,0.7927
403,1936,bus,521.82,261.18,660.16,469.29,0.8459
403,2080,car,770.77,300.58,851.34,353.08,0.8003
403,2612,bus,747.16,428.05,887.98,538.88,0.396
403,3017,bus,692.14,192.48,773.95,256.38,0.7186
403,1481,bus,452.11,178.56,492.57,211.32,0.4516
403,3535,car,803.47,427.77,948.36,540.0,0.7269
403,3353,car,695.91,309.6,773.96,371.05,0.8582
403,3627,bus,907.41,236.98,955.06,334.62,0.6766
403,3792,car,509.51,215.06,538.53,238.76,0.6724
403,3930,car,401.51,176.69,418.38,189.33,0.3833
403,3620,car,521.38,195.93,540.8,212.8,0.4558
403,3977,car,617.16,287.73,664.2,343.46,0.7246
403,2255,bus,769.59,210.54,924.18,296.42,0.6892
403,4103,car,715.51,427.68,906.2,537.68,0.506
403,3688,car,559.59,203.09,579.14,218.64,0.443
404,1,bus,414.68,202.12,492.84,341.5,0.8641
404,76,car,705.06,241.28,743.37,269.56,0.555
404,1674,car,749.95,261.73,805.6,295.33,0.7721
404,1936,bus,524.4,267.8,662.16,475.3,0.8715
404,2080,car,768.71,299.74,848.56,351.63,0.813
404,2612,car,746.86,435.66,884.65,539.43,0.4059
404,3017,bus,692.5,192.39,773.85,256.06,0.6212
404,1481,bus,450.4,178.71,494.21,214.67,0.5094
404,3535,car,810.72,434.46,950.22,540.0,0.4836
404,3353,car,698.73,312.01,778.58,374.95,0.8466
404,3627,bus,909.14,247.58,953.15,334.34,0.758
404,3792,car,509.53,215.37,538.85,239.45,0.6616
404,3930,car,401.18,176.8,418.13,189.65,0.4034
404,3620,car,521.12,195.91,541.26,213.29,0.4018
404,3977,car,618.39,289.36,666.72,346.36,0.7413
404,2255,bus,767.62,210.0,920.86,295.07,0.4635
404,4103,bus,743.0,434.81,922.47,537.21,0.621
404,3688,car,560.11,204.21,579.15,219.09,0.474
405,1,bus,414.43,201.6,492.74,341.28,0.861
405,76,car,703.8,240.96,742.22,269.24,0.6016
405,1674,car,748.86,260.81,805.39,295.05,0.7934
405,1936,bus,523.71,265.31,667.37,481.76,0.8876
405,2080,car,766.2,298.8,847.75,351.85,0.8568
405,2612,car,751.17,443.18,884.37,538.66,0.451
405,3017,bus,692.9,192.09,773.93,255.59,0.7321
405,1481,bus,447.32,178.84,497.23,220.93,0.4201
405,3535,car,821.93,443.19,952.13,540.0,0.7032
405,3353,car,701.5,315.24,782.89,379.58,0.8554
405,3627,bus,909.14,251.72,952.47,333.98,0.8237
405,3792,car,509.88,215.7,538.82,239.54,0.7064
405,3930,car,401.17,177.03,417.81,189.75,0.3912
405,3620,car,521.2,195.87,541.86,213.63,0.4234
405,3977,car,619.81,291.57,669.17,349.48,0.774
405,2255,bus,768.52,208.46,923.55,294.27,0.5411
405,4103,bus,755.97,442.23,925.18,537.22,0.3694
405,3688,car,560.6,204.73,579.54,219.17,0.5398
406,1,bus,414.2,201.27,492.61,341.15,0.8693
406,76,car,702.76,240.44,741.55,268.89,0.6303
406,1674,car,747.45,260.45,804.4,295.06,0.7959
406,1936,bus,520.18,256.13,672.7,487.62,0.9169
406,2080,car,764.88,298.18,846.94,351.7,0.8648
406,2612,bus,770.01,449.66,903.49,537.56,0.4597
406,3017,bus,693.58,192.24,773.44,254.77,0.6458
406,1481,bus,444.59,178.82,499.97,227.12,0.37
406,3353,car,704.98,318.19,788.16,383.85,0.8332
406,3627,bus,908.13,252.36,952.57,333.97,0.7877
406,3792,car,510.33,216.49,538.86,239.99,0.6919
406,3930,car,401.07,177.17,417.68,189.94,0.4155
406,3620,car,521.66,196.19,542.51,214.04,0.4691
406,3977,car,621.4,294.16,671.56,352.68,0.765
406,2255,bus,768.84,208.86,924.04,294.47,0.6521
406,4103,car,764.57,450.15,924.93,538.22,0.5403
406,3688,car,560.43,203.01,582.05,219.51,0.5091
406,4156,car,908.25,383.8,960.0,433.8,0.4867
407,1,bus,414.34,201.46,492.66,341.21,0.8716
407,76,car,702.44,240.46,740.78,268.42,0.5841
407,1674,car,746.94,260.04,803.02,294.22,0.7765
407,1936,bus,521.05,260.89,674.48,494.69,0.8316
407,2080,car,765.05,297.68,844.96,349.83,0.8768
407,2612,bus,781.89,459.41,910.7,537.21,0.3817
407,3017,bus,697.98,193.05,773.25,251.92,0.5056
407,1481,bus,444.34,179.07,500.46,229.46,0.3914
407,3353,car,709.03,321.23,793.75,387.83,0.8524
407,3627,bus,907.32,252.69,952.97,334.05,0.84
407,3792,car,510.95,217.24,539.32,240.6,0.6812
407,3930,car,400.3,177.05,417.33,190.23,0.2703
407,3620,car,521.8,196.37,543.02,214.51,0.3623
407,3977,car,623.53,296.84,673.78,354.83,0.7806
407,4103,car,774.85,459.8,922.37,538.37,0.5834
407,3688,car,561.77,204.4,582.43,219.93,0.4486
407,4156,car,905.84,383.14,958.56,433.84,0.4936
407,2856,bus,816.43,221.45,924.13,296.39,0.4359
408,1,bus,414.44,201.61,492.78,341.45,0.8608
408,76,car,702.95,240.41,739.55,266.83,0.5526
408,1674,car,745.65,259.56,802.02,294.03,0.7807
408,1936,bus,521.41,264.64,676.8,502.32,0.8539
408,2080,car,764.66,296.63,843.6,348.28,0.8841
408,2612,car,788.61,469.39,914.38,539.34,0.5013
408,3017,bus,696.15,192.58,772.34,252.02,0.6042
408,1481,bus,444.64,179.15,500.34,230.54,0.4256
408,3353,car,712.76,323.83,799.3,391.88,0.8557
408,3627,bus,906.53,252.42,953.58,334.17,0.8535
408,3792,car,511.07,217.75,539.5,241.14,0.7074
408,3930,car,399.83,176.59,417.51,190.39,0.2745
408,3620,car,522.3,196.97,543.42,215.02,0.3781
408,3977,car,625.16,298.32,677.2,357.84,0.6992
408,4103,bus,784.74,467.68,920.51,537.29,0.5659
408,3688,car,561.27,204.24,582.59,220.19,0.533
408,4156,car,903.99,382.87,957.15,433.84,0.5594
408,2856,bus,814.73,221.85,922.43,296.23,0.5002
409,1,bus,414.35,201.77,492.69,341.51,0.867
409,76,car,702.47,240.1,739.0,266.21,0.5062
409,1674,car,745.31,259.27,801.41,293.56,0.7801
409,1936,bus,523.05,270.81,679.16,509.75,0.8619
409,2080,car,764.12,296.12,841.73,347.03,0.8739
409,2612,car,796.53,477.86,917.29,539.91,0.423
409,3017,bus,697.47,192.19,769.4,247.58,0.5932
409,1481,bus,445.47,179.67,499.84,231.0,0.4331
409,3353,car,716.25,327.39,804.24,396.63,0.8794
409,3627,bus,905.59,252.1,954.13,334.57,0.8282
409,3792,car,511.06,218.01,539.84,241.74,0.7321
409,3620,car,522.65,197.66,543.84,215.82,0.4813
409,3977,car,626.89,300.57,680.98,362.13,0.7735
409,4103,bus,796.93,478.74,916.27,536.69,0.4209
409,3688,car,561.12,204.76,582.69,220.84,0.5801
409,4156,car,902.77,381.97,957.47,434.32,0.6305
409,2255,bus,766.44,207.52,926.35,295.82,0.6835
410,1,bus,413.83,201.25,492.58,341.63,0.8655
410,76,car,703.36,240.91,738.87,266.18,0.4357
410,1674,car,744.89,259.12,799.77,292.72,0.784
410,1936,bus,523.64,275.59,681.99,518.2,0.8621
410,2080,car,762.85,295.46,839.26,345.58,0.8429
410,2612,car,805.79,488.14,916.64,540.0,0.5783
410,3017,bus,698.13,192.04,768.27,245.37,0.6101
410,1481,bus,445.86,179.94,499.62,231.87,0.4285
410,3353,car,719.08,330.08,810.37,402.02,0.8713
410,3627,bus,903.98,249.64,955.0,334.88,0.7449
410,3792,car,511.15,218.18,540.05,242.07,0.7459
410,3620,car,523.23,198.25,544.7,216.77,0.4388
410,3977,car,628.94,303.45,683.82,365.41,0.698
410,3688,car,561.47,205.15,583.18,221.23,0.5824
410,4156,car,902.16,380.99,958.05,434.36,0.6715
410,4212,bus,522.0,246.36,611.4,342.84,0.3492
410,2255,bus,765.93,206.87,925.66,295.3,0.6063
411,1,bus,414.19,201.84,492.65,341.86,0.875
411,76,car,701.99,240.17,738.36,265.9,0.5025
411,1674,car,744.24,259.16,797.81,291.91,0.797
411,1936,bus,517.53,260.3,689.44,526.54,0.9054
411,2080,car,761.1,295.68,836.65,345.21,0.8322
411,3017,bus,697.36,191.86,768.31,245.28,0.6682
411,1481,bus,446.26,180.12,499.17,232.35,0.523
411,3353,car,722.25,333.5,816.21,407.67,0.8915
411,3627,bus,903.39,249.93,955.08,334.7,0.6795
411,3792,car,511.02,218.93,540.17,243.13,0.7635
411,3620,car,523.55,198.67,545.01,217.32,0.436
411,3977,car,631.25,306.64,686.5,368.45,0.7421
411,3688,car,561.72,205.26,583.84,221.64,0.5243
411,4156,car,900.59,379.0,956.56,432.05,0.6406
411,2255,bus,764.16,207.21,922.57,295.37,0.6799
412,1,bus,414.21,201.78,492.8,341.98,0.8748
412,76,car,699.84,238.32,738.42,265.67,0.5622
412,1674,car,743.64,259.05,796.35,291.26,0.8183
412,1936,bus,516.56,255.27,694.88,533.41,0.9068
412,2080,car,759.62,295.32,834.78,344.55,0.7845
412,3017,bus,697.62,192.25,768.93,245.35,0.6669
412,1481,bus,446.85,180.11,498.43,232.03,0.4314
412,3353,car,727.06,337.17,822.72,412.58,0.888
412,3627,bus,902.34,249.56,955.67,335.76,0.7573
412,3792,car,511.19,219.51,540.51,243.96,0.7637
412,3620,car,523.75,198.8,545.24,217.64,0.3944
412,3977,car,632.86,308.46,690.65,372.83,0.6797
412,3688,car,561.93,204.97,584.94,221.98,0.5801
412,4156,car,899.22,377.71,957.08,432.3,0.7637
412,2255,bus,764.12,207.71,921.46,295.26,0.7135
412,2612,car,821.74,508.78,897.98,540.0,0.474
413,1,bus,413.92,201.76,492.55,341.95,0.8674
413,76,car,698.11,237.48,737.39,265.25,0.5067
413,1674,car,742.84,258.93,794.87,290.68,0.7974
413,1936,bus,517.65,255.34,698.13,537.96,0.8911
413,2080,car,758.01,294.7,833.45,344.07,0.7587
413,3017,bus,697.14,191.85,768.75,244.69,0.6936
413,1481,bus,446.96,180.19,498.22,232.82,0.4704
413,3353,car,731.26,340.45,829.39,417.53,0.8907
413,3627,bus,902.09,251.26,955.61,336.34,0.8144
413,3792,car,511.23,219.64,541.11,244.71,0.7609
413,3620,car,524.06,198.85,545.55,217.77,0.395
413,3977,car,634.61,311.62,694.12,377.51,0.7461
413,3688,car,562.43,204.96,586.26,222.65,0.5554
413,4156,car,896.78,376.12,956.85,432.43,0.6989
413,2255,bus,762.47,206.26,922.83,295.73,0.7935
414,1,bus,413.4,201.38,492.47,342.21,0.8719
414,76,car,697.42,238.08,736.12,265.29,0.5493
414,1674,car,742.52,259.02,793.77,290.22,0.781
414,1936,bus,516.62,251.82,699.4,539.37,0.9228
414,2080,car,757.4,294.53,832.57,343.86,0.7479
414,3017,bus,696.84,192.15,768.99,244.91,0.7191
414,1481,bus,447.1,180.59,498.03,233.86,0.3968
414,3353,car,734.74,342.4,837.0,423.13,0.9056
414,3627,bus,901.81,252.37,955.74,336.79,0.808
414,3792,car,511.66,220.58,541.18,245.41,0.757
414,3620,car,524.15,199.12,546.36,218.82,0.3669
414,3977,car,636.98,314.88,697.59,381.44,0.7618
414,3688,car,562.68,205.13,587.01,223.23,0.5813
414,4156,car,895.11,375.08,955.9,431.49,0.6323
414,2255,bus,763.85,206.97,923.84,296.14,0.8145
415,1,bus,413.39,201.54,492.5,342.29,0.8705
415,76,car,697.0,238.13,735.37,265.1,0.5117
415,1674,car,741.54,258.87,792.77,290.01,0.7981
415,1936,bus,518.2,253.11,699.87,538.98,0.9116
415,2080,car,756.24,294.25,830.39,342.97,0.7298
415,3017,bus,697.09,192.58,768.67,244.32,0.6942
415,1481,bus,447.37,180.95,497.78,234.54,0.4299
415,3353,car,737.85,346.41,843.34,430.07,0.898
415,3627,bus,901.21,252.72,955.85,337.0,0.8392
415,3792,car,512.08,221.41,541.63,246.26,0.8158
415,3620,car,524.87,199.36,548.01,219.89,0.3497
415,3977,car,639.09,318.19,701.27,385.83,0.7831
415,3688,car,563.39,205.81,587.81,223.92,0.5849
415,4156,car,893.0,373.61,956.05,431.6,0.6984
415,2255,bus,764.14,206.25,925.42,296.04,0.8521
416,1,bus,413.05,201.6,492.42,342.39,0.8723
416,76,car,696.57,239.09,733.83,265.1,0.4392
416,1674,car,740.41,258.82,791.64,289.9,0.8102
416,1936,bus,520.8,252.85,702.32,538.37,0.9373
416,2080,car,755.77,293.49,828.46,341.34,0.6964
416,3017,bus,697.3,192.6,770.0,244.7,0.7051
416,1481,bus,447.79,181.19,497.65,234.99,0.4406
416,3353,car,742.96,351.27,850.23,436.3,0.8719
416,3627,bus,900.68,252.57,956.14,337.01,0.8448
416,3792,car,512.05,222.06,542.02,247.26,0.8368
416,3620,car,525.07,200.14,548.55,220.89,0.4357
416,3977,car,640.94,321.1,705.69,390.96,0.8229
416,3688,car,563.49,205.98,588.42,224.5,0.5803
416,4156,car,891.02,372.98,955.96,432.18,0.7029
416,2255,bus,764.44,207.24,924.42,296.18,0.8166
416,4286,car,502.59,185.55,518.93,198.93,0.3876
416,4287,bus,451.51,181.22,492.9,208.34,0.3911
416,4288,bus,296.96,209.0,403.05,342.46,0.3656
417,1,bus,413.25,201.91,492.49,342.21,0.8756
417,76,car,696.01,237.4,734.22,264.14,0.2623
417,1674,car,739.42,258.17,790.88,289.39,0.8235
417,1936,bus,522.35,253.09,704.39,538.57,0.9398
417,2080,car,755.97,292.53,826.75,339.21,0.5894
417,3017,bus,696.09,192.58,769.68,244.94,0.7063
417,1481,bus,448.11,181.27,497.4,235.24,0.4167
417,3353,car,747.87,355.78,856.82,442.16,0.8328
417,3627,bus,900.04,252.14,956.48,337.1,0.8217
417,3792,car,512.23,222.44,542.47,247.86,0.8385
417,3620,car,524.98,200.51,548.66,221.44,0.3873
417,3977,car,643.51,324.27,709.86,395.27,0.7905
417,3688,car,563.71,206.06,589.34,225.21,0.5737
417,4156,car,889.47,372.25,955.65,431.98,0.7277
417,2255,bus,766.05,209.89,922.23,296.37,0.8107
417,4286,car,502.94,185.93,519.09,199.13,0.3565
417,4287,bus,451.91,181.28,492.77,208.07,0.3878
417,4288,bus,298.65,209.34,400.73,337.51,0.2482
417,3930,car,399.33,180.87,414.8,192.77,0.327
418,1,bus,412.89,201.31,492.47,341.87,0.8769
418,76,car,696.06,237.09,733.55,263.32,0.4876
418,1674,car,738.36,257.46,789.79,288.69,0.8243
418,1936,bus,524.05,253.92,705.54,537.98,0.9481
418,2080,car,753.34,291.05,824.6,338.03,0.5955
418,3017,bus,696.59,192.2,770.44,244.28,0.7364
418,1481,bus,448.28,180.94,496.72,234.69,0.3612
418,3353,car,751.64,358.71,865.9,449.38,0.808
418,3627,bus,899.46,251.62,956.7,336.86,0.8339
418,3792,car,512.42,222.64,542.92,248.29,0.8283
418,3620,car,525.19,200.63,549.03,221.65,0.4074
418,3977,car,645.27,326.98,713.83,399.75,0.8084
418,3688,car,564.4,205.82,590.54,225.54,0.5213
418,4156,car,887.73,370.91,955.77,431.7,0.7559
418,2255,bus,768.31,211.44,921.44,295.61,0.8023
418,4286,car,503.27,186.55,518.77,199.21,0.3249
418,4287,bus,452.32,181.01,491.8,206.88,0.3672
418,4288,bus,294.79,210.08,403.83,346.99,0.3801
418,4305,car,666.33,237.69,693.92,259.84,0.347
419,1,bus,412.96,201.75,492.35,341.78,0.8703
419,76,car,696.42,237.74,732.85,263.19,0.4816
419,1674,car,737.53,256.88,789.32,288.35,0.8091
419,1936,bus,526.14,257.06,706.63,538.12,0.9495
419,2080,car,752.23,290.2,823.29,337.18,0.5708
419,3017,bus,696.56,192.33,770.81,244.27,0.7245
419,1481,bus,448.46,180.92,496.32,234.72,0.3472
419,3353,car,757.25,363.56,875.02,456.84,0.8237
419,3627,bus,898.96,251.49,956.85,336.82,0.8313
419,3792,car,512.66,223.36,543.04,248.85,0.7293
419,3620,car,525.52,200.95,549.52,221.97,0.5186
419,3977,car,647.24,329.84,718.64,405.32,0.7954
419,3688,car,565.29,206.79,590.97,226.34,0.3858
419,4156,car,886.7,370.01,955.57,430.84,0.7635
419,2255,bus,769.22,212.87,921.0,295.69,0.7199
419,4286,car,503.68,186.7,519.56,199.61,0.2552
419,4287,bus,452.68,181.03,491.29,206.29,0.3554
419,4288,bus,295.18,210.01,404.43,347.01,0.5558
419,4305,car,667.02,238.25,693.6,259.58,0.2574
420,1,bus,413.15,202.03,492.45,341.67,0.8737
420,76,car,697.36,237.61,733.44,263.09,0.4224
420,1674,car,737.07,256.58,788.69,287.95,0.8084
420,1936,bus,535.9,281.83,704.8,537.73,0.7737
420,2080,car,750.84,290.19,821.88,337.26,0.6443
420,3017,bus,696.22,192.93,771.09,244.98,0.7193
420,1481,bus,448.87,181.33,496.08,235.0,0.403
420,3353,car,762.24,367.66,882.96,463.49,0.833
420,3627,bus,898.65,251.82,956.97,336.96,0.8351
420,3792,car,512.51,224.01,543.47,250.01,0.7699
420,3620,car,525.44,201.11,550.13,222.66,0.6037
420,3977,car,650.29,333.68,723.4,410.37,0.8189
420,3688,car,564.71,205.88,591.92,226.98,0.2809
420,4156,car,884.72,368.9,955.23,430.41,0.7652
420,2255,bus,768.52,213.93,919.59,296.0,0.7618
420,4287,bus,452.28,181.16,491.97,207.14,0.2612
420,4288,bus,298.27,209.64,402.47,339.69,0.2524
420,4212,bus,538.32,259.76,616.19,340.96,0.3575
420,3930,car,398.01,180.65,414.69,193.3,0.3729
421,1,bus,413.14,202.47,492.35,341.74,0.8825
421,76,car,698.74,237.93,733.58,262.84,0.3927
421,1674,car,736.01,256.08,787.84,287.64,0.7359
421,1936,bus,532.63,267.15,712.78,537.2,0.9445
421,2080,car,752.25,289.85,820.33,335.12,0.4329
421,3017,bus,695.07,193.1,771.59,246.13,0.7243
421,1481,bus,449.1,181.55,495.58,234.88,0.4478
421,3353,car,767.56,372.14,891.62,470.6,0.7793
421,3627,bus,898.38,252.44,956.9,336.97,0.8418
421,3792,car,512.7,224.64,543.9,250.86,0.7773
421,3620,car,525.57,201.55,550.61,223.32,0.5792
421,3977,car,652.75,337.1,727.85,415.35,0.817
421,3688,car,565.88,207.07,592.27,227.68,0.3068
421,4156,car,882.83,368.23,954.61,429.93,0.756
421,2255,bus,769.56,215.26,918.48,295.81,0.4229
421,4287,bus,452.32,181.29,491.32,206.77,0.2852
421,4288,bus,298.0,209.98,403.11,340.8,0.2642
421,3930,car,397.89,181.25,414.34,193.57,0.2643
422,1,bus,413.5,202.52,492.73,341.71,0.8877
422,76,car,696.12,236.78,732.17,262.41,0.3296
422,1674,car,734.41,255.25,787.38,287.68,0.7955
422,1936,bus,533.04,262.85,718.53,537.01,0.9417
422,2080,car,748.32,288.58,817.43,334.45,0.4946
422,3017,bus,694.15,193.19,772.3,247.23,0.707
422,1481,bus,449.16,181.46,495.59,235.22,0.4673
422,3353,car,772.9,376.92,901.75,479.21,0.8513
422,3627,bus,897.97,252.48,957.01,336.97,0.8375
422,3792,car,513.47,225.96,544.0,251.52,0.8016
422,3620,car,525.83,202.47,550.87,224.0,0.6354
422,3977,car,654.82,341.7,732.19,421.88,0.8486
422,3688,car,565.68,206.13,593.49,228.21,0.3074
422,4156,car,880.6,366.3,955.01,429.59,0.7719
422,2255,bus,767.43,213.15,919.81,295.71,0.6509
422,4287,bus,451.28,181.2,492.63,208.29,0.2862
422,4288,bus,295.08,210.76,404.71,347.38,0.3971
422,3930,car,397.17,180.94,414.54,193.95,0.2889
422,4347,bike,272.81,230.32,290.25,259.28,0.4093
422,4286,car,503.72,185.05,522.79,200.49,0.3299
423,1,bus,413.41,201.65,492.94,341.11,0.8819
423,76,car,697.3,236.32,732.44,261.42,0.3082
423,1674,car,733.52,254.4,786.31,286.86,0.7547
423,1936,bus,535.31,262.49,724.18,536.98,0.9421
423,2080,car,746.95,287.78,815.38,333.04,0.4873
423,3017,bus,693.59,192.77,772.24,246.95,0.6273
423,1481,bus,449.67,181.41,495.22,234.47,0.4104
423,3353,car,778.98,381.97,911.17,486.91,0.8225
423,3627,bus,897.46,252.17,957.08,336.69,0.8156
423,3792,car,513.99,226.45,544.48,251.86,0.8002
423,3620,car,526.12,202.44,551.68,224.24,0.6258
423,3977,car,657.54,345.04,737.28,427.35,0.8617
423,3688,car,566.63,206.89,593.7,228.53,0.3529
423,4156,car,878.66,364.25,955.52,429.02,0.7852
423,2255,bus,767.46,211.67,921.96,295.37,0.6031
423,4287,bus,452.0,181.17,491.64,207.07,0.2427
423,4288,bus,293.84,210.93,404.74,349.18,0.4428
423,4347,bike,271.62,229.96,289.28,259.23,0.3969
423,4286,car,504.36,185.11,523.23,200.32,0.3075
424,1,bus,413.31,201.31,493.1,341.0,0.8792
424,1674,car,732.88,253.52,785.52,286.0,0.7127
424,1936,bus,536.2,263.09,727.74,536.72,0.9405
424,2080,car,746.79,286.74,813.87,331.1,0.5997
424,3017,bus,692.92,192.64,772.33,247.21,0.5419
424,1481,bus,449.66,181.28,495.26,234.85,0.4057
424,3353,car,786.06,387.63,921.96,495.28,0.8483
424,3627,bus,896.96,252.03,957.11,336.53,0.81
424,3792,car,514.23,227.18,544.59,252.37,0.7897
424,3620,car,526.27,202.44,552.41,224.57,0.5656
424,3977,car,660.03,348.94,742.58,433.71,0.8398
424,3688,car,567.99,208.88,592.97,228.74,0.5318
424,4156,car,876.83,362.66,954.75,427.41,0.7602
424,2255,bus,767.34,210.69,923.2,295.11,0.6559
424,4287,bus,451.71,181.31,492.28,207.87,0.3587
424,4288,bus,292.47,210.61,406.56,353.24,0.2631
424,4347,bike,270.58,229.69,288.6,259.55,0.4369
424,4286,car,504.6,185.1,523.44,200.2,0.3836
424,4367,truck,1.6,382.92,300.88,535.1,0.3715
424,2856,bus,819.96,224.53,921.97,296.39,0.3635
425,1,bus,412.91,200.13,493.31,340.92,0.879
425,1674,car,731.54,253.12,783.85,285.57,0.7814
425,1936,bus,537.8,263.81,731.45,536.1,0.9456
425,2080,car,746.14,286.0,811.9,329.38,0.6125
425,3017,bus,692.91,191.77,773.29,246.95,0.7048
425,1481,bus,449.99,181.03,494.85,234.07,0.3003
425,3353,car,791.78,390.9,936.15,505.13,0.8555
425,3627,bus,896.75,252.02,956.78,335.49,0.8235
425,3792,car,514.53,227.58,544.96,252.69,0.7722
425,3620,car,526.71,202.45,553.11,224.59,0.5986
425,3977,car,662.99,352.61,748.21,439.61,0.8819
425,3688,car,569.33,210.53,593.07,229.15,0.6582
425,4156,car,876.45,361.28,953.94,424.66,0.8268
425,2255,bus,769.36,211.56,923.37,294.71,0.6448
425,4287,bus,453.36,181.16,490.6,205.31,0.3014
425,4288,bus,291.66,211.44,407.75,357.56,0.3581
425,4347,bike,269.72,229.95,287.59,259.47,0.467
425,4286,car,504.55,184.92,523.52,200.12,0.2637
425,4367,truck,0.0,381.75,302.26,535.56,0.2643
425,2856,bus,826.87,229.4,922.42,295.57,0.3298
425,76,car,694.65,236.3,729.14,260.54,0.6283
426,1,bus,412.78,199.23,493.57,340.7,0.8726
426,1674,car,730.75,252.81,782.66,285.12,0.782
426,1936,bus,538.48,264.66,733.87,535.51,0.9468
426,2080,car,743.95,285.07,809.84,328.35,0.6985
426,3017,bus,692.85,191.28,773.78,246.86,0.7631
426,1481,bus,450.09,180.98,494.92,234.33,0.3033
426,3353,car,796.9,395.72,946.39,514.19,0.8734
426,3627,bus,896.36,251.31,957.17,335.13,0.8259
426,3792,car,514.77,228.48,545.02,253.19,0.8058
426,3620,car,527.0,202.41,553.96,224.78,0.5697
426,3977,car,665.7,356.45,753.63,445.65,0.8941
426,3688,car,570.51,212.35,593.0,229.66,0.559
426,4156,car,874.31,359.65,953.41,423.22,0.8223
426,2255,bus,769.25,211.14,923.89,294.47,0.8011
426,4287,bus,453.89,181.09,490.12,204.37,0.3118
426,4288,bus,292.62,212.15,406.14,355.31,0.3862
426,4347,bike,268.96,229.92,286.96,259.56,0.4313
426,4286,car,504.55,184.62,523.75,200.01,0.3028
426,4367,truck,0.0,381.1,302.76,535.4,0.2692
426,4388,bus,737.09,202.26,772.68,246.27,0.3492
426,4389,bus,582.87,180.08,615.29,210.9,0.3489
426,76,car,693.54,236.23,728.17,260.25,0.6737
427,1,bus,412.73,200.4,493.41,341.28,0.8839
427,1674,car,730.28,253.04,781.43,284.93,0.777
427,1936,bus,539.3,266.59,736.51,535.96,0.9335
427,2080,car,742.33,284.85,808.65,328.3,0.68
427,3017,bus,694.02,191.88,773.26,246.28,0.7159
427,1481,bus,450.32,181.24,495.01,234.68,0.3498
427,3353,car,803.13,401.92,958.43,525.1,0.8974
427,3627,bus,896.09,251.97,957.11,335.37,0.8205
427,3792,car,515.13,229.87,545.46,254.49,0.8465
427,3620,car,526.79,203.27,553.91,225.52,0.6179
427,3977,car,667.58,360.44,760.02,453.87,0.9035
427,3688,car,570.87,213.21,594.05,230.95,0.583
427,4156,car,872.33,358.51,953.56,422.81,0.8274
427,2255,bus,767.64,210.09,924.77,294.77,0.8009
427,4287,bus,453.06,181.4,491.3,205.9,0.3543
427,4347,bike,268.14,231.14,286.05,260.49,0.3356
427,4286,car,504.45,184.39,524.38,200.36,0.3846
427,4367,truck,0.0,381.54,302.9,536.02,0.3525
427,76,car,693.16,236.4,728.04,260.32,0.6345
428,1,bus,413.02,201.33,493.53,341.59,0.8833
428,1674,car,730.05,252.74,780.32,284.15,0.7611
428,1936,bus,540.41,268.53,739.85,536.17,0.9344
428,2080,car,739.89,284.14,808.13,329.03,0.6272
428,3017,bus,694.13,192.44,772.61,246.12,0.7286
428,1481,bus,450.34,181.49,494.9,235.01,0.3344
428,3353,car,808.55,408.75,960.0,533.23,0.9016
428,3627,bus,895.82,252.15,957.1,335.22,0.8094
428,3792,car,514.99,230.28,546.41,255.73,0.8534
428,3620,car,527.32,204.28,554.32,226.25,0.573
428,3977,car,670.72,366.55,765.2,461.2,0.8902
428,3688,car,571.41,213.7,595.01,231.75,0.4225
428,4156,car,870.84,357.76,952.63,421.24,0.8331
428,2255,bus,765.52,209.4,924.36,295.26,0.8051
428,4287,bus,452.57,181.73,491.83,206.83,0.297
428,4286,car,504.05,184.33,524.53,200.79,0.3037
428,4367,truck,0.0,381.86,302.33,535.95,0.3211
428,76,car,692.81,236.61,727.43,260.05,0.532
429,1,bus,412.59,200.92,493.54,341.63,0.8793
429,1674,car,729.18,252.07,779.31,283.51,0.7799
429,1936,bus,541.07,269.87,743.08,536.53,0.9388
429,2080,car,738.99,283.18,807.13,328.16,0.5537
429,3017,bus,693.15,192.2,772.62,246.42,0.7269
429,1481,bus,450.39,181.43,494.97,235.23,0.3294
429,3353,car,814.07,415.14,960.0,538.86,0.8853
429,3627,bus,895.47,252.01,957.23,335.09,0.8184
429,3792,car,515.28,230.92,546.85,256.46,0.8294
429,3620,car,527.49,204.49,554.89,226.6,0.5808
429,3977,car,673.97,370.76,772.2,468.69,0.8953
429,3688,car,571.56,213.06,596.18,232.0,0.4711
429,4156,car,870.25,356.31,952.53,419.0,0.8286
429,2255,bus,766.52,210.12,924.25,295.36,0.79
429,4287,bus,454.0,181.63,490.53,204.63,0.405
429,4286,car,503.6,184.21,524.51,201.12,0.3646
429,4367,truck,0.32,381.93,301.9,535.54,0.2396
429,76,car,691.93,236.04,726.89,259.54,0.5824
429,4388,bus,734.99,201.11,771.53,246.2,0.306
430,1,bus,412.87,201.16,493.59,341.35,0.8856
430,1674,car,728.27,251.96,777.49,282.79,0.788
430,1936,bus,540.46,271.16,744.55,536.98,0.8783
430,2080,car,738.14,282.45,805.27,326.88,0.6104
430,3017,bus,692.86,192.18,772.23,246.26,0.7728
430,1481,bus,450.67,181.73,494.76,235.04,0.3672
430,3353,car,821.14,421.76,960.0,540.0,0.8755
430,3627,bus,895.14,251.65,957.74,335.33,0.8295
430,3792,car,515.35,231.13,547.48,257.16,0.8635
430,3620,car,528.35,205.2,555.75,227.25,0.529
430,3977,car,677.5,376.13,778.88,476.56,0.8765
430,3688,car,571.95,213.33,596.99,232.51,0.5573
430,4156,car,868.92,354.97,952.43,417.43,0.8602
430,2255,bus,767.21,211.49,923.01,295.59,0.811
430,4286,car,503.77,184.61,524.61,201.48,0.3803
430,76,car,691.62,235.96,726.43,259.15,0.5095
430,4388,bus,734.5,201.0,771.1,246.03,0.2549
430,4389,bus,582.68,181.61,613.74,211.18,0.2814
431,1,bus,413.23,201.65,493.81,341.56,0.8872
431,1674,car,727.69,252.09,776.2,282.4,0.7613
431,1936,bus,539.78,273.38,744.96,537.27,0.9179
431,2080,car,737.64,282.0,803.58,325.8,0.6088
431,3017,bus,693.18,192.39,771.83,245.84,0.7891
431,1481,bus,450.6,182.13,495.25,236.33,0.3693
431,3353,car,828.74,427.2,960.0,540.0,0.8469
431,3627,bus,894.61,251.91,957.52,335.39,0.8255
431,3792,car,515.45,232.02,548.22,258.63,0.8595
431,3620,car,528.5,205.69,556.89,228.46,0.6257
431,3977,car,680.54,381.58,785.43,484.94,0.8696
431,3688,car,572.4,213.71,597.7,233.13,0.5996
431,4156,car,867.12,354.15,952.56,416.96,0.8409
431,2255,bus,765.55,211.29,921.7,295.75,0.7369
431,4286,car,503.55,184.77,524.85,202.18,0.3669
431,76,car,691.12,236.4,725.33,258.97,0.6214
431,4389,bus,581.29,179.22,614.41,210.93,0.257
431,2856,bus,829.88,229.51,922.96,294.65,0.2273
432,1,bus,412.7,201.59,493.5,341.68,0.8849
432,1674,car,727.06,251.79,775.62,282.06,0.7944
432,1936,bus,538.97,275.52,744.52,536.9,0.9359
432,2080,car,738.59,281.64,802.92,324.83,0.6086
432,3017,bus,693.2,192.57,771.39,245.5,0.8202
432,1481,bus,450.58,182.44,495.03,236.65,0.3308
432,3353,car,838.17,434.67,960.0,540.0,0.8606
432,3627,bus,894.16,251.61,957.77,335.58,0.8387
432,3792,car,515.5,232.54,548.77,259.64,0.8752
432,3620,car,528.07,205.83,557.57,229.54,0.6112
432,3977,car,684.91,386.82,793.83,493.49,0.8828
432,3688,car,573.15,214.18,599.04,234.15,0.6976
432,4156,car,864.65,353.0,952.98,416.95,0.8506
432,2255,bus,766.24,211.12,923.0,295.86,0.8043
432,4286,car,503.9,185.18,525.01,202.57,0.304
432,76,car,691.14,236.38,725.04,258.43,0.3613
432,4462,bus,646.35,187.19,675.46,218.15,0.4483
433,1,bus,412.23,201.44,493.63,342.28,0.8756
433,1674,car,726.57,251.92,774.78,281.88,0.7871
433,1936,bus,538.14,277.78,744.69,537.43,0.9265
433,2080,car,737.27,281.38,800.51,324.03,0.6869
433,3017,bus,692.57,192.55,771.62,245.94,0.8338
433,1481,bus,450.31,182.63,495.78,238.37,0.358
433,3353,car,848.94,444.54,960.0,540.0,0.8935
433,3627,bus,893.76,251.92,957.71,335.8,0.8356
433,3792,car,516.21,233.82,548.88,260.42,0.8421
433,3620,car,528.94,206.69,558.49,230.51,0.6849
433,3977,car,689.61,392.57,803.75,503.28,0.8763
433,3688,car,573.26,214.59,599.94,235.33,0.7451
433,4156,car,862.46,352.69,953.08,417.31,0.834
433,2255,bus,765.63,211.67,921.9,296.2,0.7922
433,4286,car,504.31,185.43,525.64,203.15,0.2926
433,4462,bus,647.1,188.14,675.07,217.87,0.4311
433,4472,bus,611.49,180.33,642.66,211.55,0.4784
433,4367,truck,0.3,382.83,300.5,535.81,0.2456
434,1,bus,411.79,201.96,493.46,342.95,0.8706
434,1674,car,725.7,252.08,773.69,281.74,0.7989
434,1936,bus,537.69,280.39,744.39,536.92,0.9351
434,2080,car,735.77,281.66,798.17,323.69,0.6878
434,3017,bus,692.13,192.88,772.94,247.36,0.8228
434,1481,bus,450.13,183.07,496.2,239.98,0.3688
434,3353,car,859.61,453.56,960.0,540.0,0.8726
434,3627,bus,893.55,252.14,957.72,335.78,0.8522
434,3792,car,516.07,235.04,549.31,262.21,0.8216
434,3620,car,529.95,207.96,559.21,231.51,0.7388
434,3977,car,693.29,398.75,811.25,512.46,0.8709
434,3688,car,573.54,215.96,600.38,236.89,0.7781
434,4156,car,859.26,352.31,953.41,418.56,0.8552
434,2255,bus,766.63,212.62,922.84,296.91,0.7903
434,4286,car,504.82,186.6,525.82,204.06,0.2876
434,4462,bus,645.1,187.07,673.95,217.64,0.4778
434,4472,bus,612.67,180.52,641.73,209.61,0.3057
434,4484,bike,257.83,239.44,278.41,268.45,0.4268
434,4367,truck,0.87,383.37,299.85,535.74,0.2102
434,3930,car,392.39,184.72,411.39,199.3,0.4143
434,76,car,689.73,236.59,724.81,259.22,0.338
435,1,bus,411.89,201.4,493.76,342.59,0.8851
435,1674,car,725.58,251.76,772.85,280.88,0.872
435,1936,bus,537.35,282.27,745.09,537.45,0.9318
435,2080,car,735.34,280.2,798.45,323.11,0.6987
435,3017,bus,692.38,192.59,772.6,246.65,0.8107
435,1481,bus,450.45,182.35,496.05,238.96,0.3786
435,3353,car,870.12,462.06,960.0,540.0,0.8623
435,3627,bus,893.5,251.95,957.38,334.48,0.8579
435,3792,car,516.15,235.36,549.9,263.08,0.7992
435,3620,car,530.05,207.82,559.79,231.77,0.691
435,3977,car,695.91,401.1,822.01,522.75,0.8843
435,3688,car,574.09,216.31,600.78,237.14,0.7808
435,4156,car,855.31,350.79,956.21,421.57,0.8234
435,2255,bus,766.73,212.87,922.05,296.6,0.8006
435,4286,car,504.5,186.15,526.14,204.26,0.379
435,4462,bus,646.44,188.97,674.45,218.58,0.34
435,4472,bus,615.28,179.53,642.4,206.65,0.2951
435,4484,bike,256.7,239.99,277.02,268.63,0.3226
435,4498,car,590.86,272.39,631.45,305.59,0.4241
435,3930,car,392.44,184.74,411.02,199.19,0.5167
435,76,car,688.71,235.74,724.33,258.62,0.2583
436,1,bus,412.22,201.02,494.08,342.03,0.8896
436,1674,car,724.88,250.98,771.84,279.77,0.8199
436,1936,bus,536.9,283.36,745.87,537.74,0.9319
436,2080,car,733.51,279.15,796.48,322.1,0.6932
436,3017,bus,692.74,192.44,773.13,246.58,0.7956
436,1481,bus,451.13,182.29,495.64,237.64,0.4244
436,3353,car,879.8,468.21,960.0,540.0,0.7313
436,3627,bus,893.61,251.88,957.0,332.92,0.8498
436,3792,car,516.32,235.39,550.47,263.55,0.7834
436,3620,car,530.46,208.01,560.19,232.08,0.6494
436,3977,car,698.21,402.48,833.68,533.69,0.8741
436,3688,car,574.72,216.2,601.54,237.08,0.7467
436,4156,car,855.35,349.64,954.68,418.43,0.8488
436,2255,bus,767.9,212.46,923.29,296.05,0.8417
436,4286,car,504.56,185.66,526.48,204.05,0.3928
436,4462,bus,642.8,185.45,674.02,218.29,0.3828
436,4472,bus,615.55,179.07,641.59,205.08,0.2405
436,4484,bike,255.68,240.65,275.52,268.57,0.4841
436,4498,car,595.62,273.09,628.4,299.57,0.47
436,3930,car,392.35,184.99,410.22,198.88,0.4913
436,4507,car,651.21,229.23,675.79,249.42,0.3653
437,1,bus,412.51,200.69,494.45,341.92,0.8849
437,1674,car,724.07,250.06,770.9,278.61,0.8094
437,1936,bus,536.75,285.27,745.86,537.56,0.9293
437,2080,car,731.18,278.26,794.41,321.51,0.6899
437,3017,bus,692.88,192.25,773.49,246.58,0.8407
437,1481,bus,451.29,182.66,495.48,237.55,0.3591
437,3353,car,891.53,477.07,960.0,540.0,0.6651
437,3627,bus,893.6,251.88,956.72,331.64,0.8318
437,3792,car,516.4,235.43,551.33,264.39,0.7622
437,3620,car,531.56,208.19,561.16,232.34,0.6197
437,3977,car,705.85,409.93,840.73,539.79,0.8503
437,3688,car,575.03,215.96,602.31,237.14,0.7373
437,4156,car,854.19,347.33,954.19,415.74,0.8674
437,2255,bus,768.9,211.89,924.87,295.53,0.844
437,4286,car,504.53,185.47,526.6,204.07,0.3168
437,4462,bus,643.1,185.58,673.9,217.88,0.4818
437,4484,bike,254.62,240.09,275.1,268.94,0.4171
437,4498,car,598.33,275.5,627.94,298.98,0.4225
437,3930,car,392.24,185.2,409.73,198.72,0.4729
437,4507,car,650.01,229.25,675.35,250.04,0.342
437,76,car,686.47,232.74,724.83,257.59,0.4188
438,1,bus,412.65,201.0,494.53,342.21,0.8851
438,1674,car,723.73,250.2,770.36,278.48,0.8058
438,1936,bus,536.7,287.25,745.93,537.3,0.9282
438,2080,car,730.2,277.74,792.3,320.36,0.584
438,3017,bus,692.45,192.04,773.48,246.68,0.8163
438,1481,bus,451.21,182.29,495.48,237.41,0.3989
438,3353,car,903.67,486.88,960.0,540.0,0.605
438,3627,bus,893.66,251.96,956.41,330.29,0.8378
438,3792,car,516.46,235.92,551.86,265.34,0.7676
438,3620,car,531.83,208.53,561.53,232.91,0.6611
438,3977,car,717.81,420.77,845.61,540.0,0.8567
438,3688,car,575.07,215.86,603.27,237.78,0.7577
438,4156,car,852.78,346.0,954.1,414.56,0.8594
438,2255,bus,768.42,210.96,926.24,295.48,0.8302
438,4286,car,504.62,185.29,527.03,204.29,0.4233
438,4462,bus,642.05,184.19,673.8,217.41,0.4387
438,4484,bike,253.5,240.76,273.79,269.34,0.3732
438,3930,car,391.93,185.47,409.09,198.7,0.5007
438,4507,car,649.6,229.18,674.67,249.73,0.3599
438,4530,car,631.71,211.23,652.25,233.63,0.3428
438,76,car,686.2,232.14,724.67,257.36,0.5249
439,1,bus,412.89,201.6,494.39,342.28,0.89
439,1674,car,722.95,250.07,769.77,278.41,0.7791
439,1936,bus,536.73,289.34,745.95,537.31,0.9318
439,2080,car,731.67,277.58,790.71,318.39,0.6473
439,3017,bus,692.4,191.96,773.73,246.84,0.7759
439,1481,bus,451.15,182.34,495.5,237.72,0.4217
439,3353,car,917.68,499.95,960.0,540.0,0.3929
439,3627,bus,893.76,251.94,956.1,328.73,0.8248
439,3792,car,517.0,236.52,552.37,265.93,0.7719
439,3620,car,532.12,208.42,562.22,233.39,0.6504
439,3977,car,726.41,429.14,849.84,540.0,0.8931
439,3688,car,575.04,215.06,604.99,238.59,0.7133
439,4156,car,849.95,344.49,954.73,414.83,0.8404
439,2255,bus,767.31,210.18,926.82,295.58,0.8267
439,4286,car,504.65,185.62,526.98,204.65,0.4415
439,4462,bus,642.93,185.19,673.87,217.48,0.4084
439,3930,car,391.52,185.73,408.73,198.93,0.4813
439,4507,car,647.75,227.76,674.16,249.47,0.3712
439,4530,car,631.6,211.44,651.25,232.84,0.2651
439,76,car,685.63,231.43,724.49,257.21,0.3684
439,4545,car,590.83,277.17,645.55,326.18,0.5069
439,4288,bus,298.17,212.76,401.91,341.51,0.3192
440,1,bus,412.42,200.75,494.15,341.81,0.8807
440,1674,car,722.66,249.46,769.37,277.7,0.7888
440,1936,bus,536.9,291.75,745.93,537.5,0.9216
440,2080,car,732.33,277.12,788.24,315.76,0.6656
440,3017,bus,692.1,191.84,773.73,246.93,0.7857
440,1481,bus,450.95,182.78,495.81,238.92,0.3374
440,3627,bus,893.5,251.82,956.09,327.95,0.8291
440,3792,car,517.47,237.72,552.58,266.8,0.7511
440,3620,car,531.72,208.62,562.66,234.54,0.6448
440,3977,car,733.61,436.88,852.73,540.0,0.8836
440,3688,car,576.18,215.75,605.87,239.24,0.709
440,4156,car,846.0,343.44,952.48,414.15,0.8563
440,2255,bus,765.39,209.69,925.19,295.55,0.8404
440,4286,car,505.2,186.57,526.77,205.06,0.3943
440,4462,bus,642.65,185.68,673.21,217.39,0.3513
440,3930,car,391.24,186.02,408.44,199.18,0.5247
440,4507,car,646.6,226.85,673.94,249.41,0.374
440,4530,car,630.96,211.21,651.23,233.27,0.3312
440,76,car,685.37,231.36,723.64,257.0,0.541
440,4545,car,591.83,278.66,648.44,329.41,0.611
440,4288,bus,297.43,212.35,403.22,342.31,0.4891
441,1,bus,412.33,200.35,494.2,341.74,0.8794
441,1674,car,721.78,248.61,768.24,276.6,0.6985
441,1936,bus,537.21,295.18,745.17,537.7,0.9277
441,2080,car,729.54,275.86,786.55,315.18,0.6304
441,3017,bus,692.43,191.76,773.68,246.54,0.8088
441,1481,bus,450.99,182.8,495.86,239.01,0.3658
441,3627,bus,893.21,251.35,955.55,326.1,0.7953
441,3792,car,517.31,238.13,553.09,267.71,0.7844
441,3620,car,531.86,208.82,563.17,235.25,0.6591
441,3977,car,741.77,444.49,857.01,540.0,0.8607
441,3688,car,577.5,216.46,606.58,239.55,0.7138
441,4156,car,842.63,342.49,950.61,413.76,0.8566
441,2255,bus,766.36,210.18,925.24,295.56,0.8431
441,4286,car,505.75,187.79,526.12,205.21,0.3966
441,4462,bus,643.31,185.41,673.68,216.9,0.3989
441,3930,car,390.73,186.3,407.74,199.26,0.4429
441,4507,car,645.7,226.83,673.29,249.64,0.3858
441,4530,car,630.09,210.32,651.43,233.6,0.3341
441,76,car,686.76,231.76,723.6,256.87,0.5123
441,4545,car,592.69,280.55,650.22,332.13,0.6784
441,4288,bus,297.77,212.99,402.62,340.21,0.5253
442,1,bus,412.22,199.87,494.08,341.35,0.8732
442,1674,car,721.16,247.98,766.88,275.43,0.693
442,1936,bus,536.66,296.81,744.78,537.78,0.9277
442,2080,car,724.45,273.71,785.81,316.14,0.6618
442,3017,bus,692.33,191.57,773.88,246.6,0.8175
442,1481,bus,450.77,182.91,496.13,239.89,0.328
442,3627,bus,893.84,251.08,955.68,324.17,0.7378
442,3792,car,517.6,238.77,554.1,268.88,0.7926
442,3620,car,531.88,208.88,563.9,236.1,0.6937
442,3977,car,748.54,452.03,858.98,540.0,0.8443
442,3688,car,578.18,216.8,607.16,239.87,0.6878
442,4156,car,839.42,341.17,948.37,412.73,0.8523
442,2255,bus,767.63,210.93,924.83,295.46,0.8458
442,4286,car,505.75,187.46,526.42,205.22,0.361
442,4462,bus,641.98,184.47,672.89,216.16,0.4031
442,3930,car,390.25,186.38,407.38,199.36,0.4708
442,4507,car,644.59,225.99,672.64,249.3,0.3343
442,4530,car,629.49,209.94,651.17,233.62,0.3336
442,76,car,687.7,231.89,723.45,256.71,0.5312
442,4545,car,594.81,282.05,652.76,334.07,0.6092
442,4288,bus,297.18,215.48,401.58,340.71,0.4903
442,4484,bike,247.11,239.69,269.81,271.74,0.3528
443,1,bus,412.2,200.2,494.06,341.79,0.874
443,1674,car,720.7,247.82,765.86,274.87,0.6941
443,1936,bus,536.8,298.9,744.28,537.22,0.9216
443,2080,car,722.42,272.94,784.75,316.18,0.5923
443,3017,bus,692.57,191.78,773.57,246.39,0.8226
443,1481,bus,450.68,182.96,495.95,240.0,0.2847
443,3627,bus,893.53,250.69,955.39,322.68,0.66
443,3792,car,517.81,239.68,554.67,270.03,0.8371
443,3620,car,532.5,209.13,564.55,236.62,0.7635
443,3977,car,755.46,459.9,861.02,540.0,0.8523
443,3688,car,578.62,216.81,608.1,240.51,0.6606
443,4156,car,836.74,340.4,945.93,411.84,0.8348
443,2255,bus,767.49,210.14,925.91,295.41,0.8566
443,4286,car,506.39,188.15,526.45,205.3,0.4582
443,4462,bus,641.69,184.19,673.15,216.06,0.3857
443,3930,car,390.03,186.53,407.11,199.38,0.5561
443,4507,car,644.02,225.76,671.36,248.49,0.3952
443,4530,car,629.13,209.09,651.49,233.63,0.2875
443,76,car,688.19,232.09,722.69,256.42,0.5397
443,4545,car,596.43,283.84,655.7,337.01,0.6943
443,4288,bus,297.54,214.36,401.92,338.26,0.4393
443,4484,bike,245.94,240.82,268.57,272.84,0.449
444,1,bus,412.1,200.26,494.13,342.02,0.8776
444,1674,car,720.05,248.53,764.77,275.19,0.6394
444,1936,bus,536.76,300.76,743.91,536.88,0.9281
444,2080,car,719.07,272.36,783.87,317.56,0.607
444,3017,bus,692.74,191.84,773.69,246.43,0.8308
444,1481,bus,450.41,183.3,496.27,241.28,0.3503
444,3627,bus,893.27,250.96,955.7,322.63,0.7619
444,3792,car,517.73,240.2,555.3,271.16,0.8532
444,3620,car,533.48,210.07,564.99,237.24,0.7326
444,3977,car,764.24,469.18,862.9,540.0,0.803
444,3688,car,579.41,218.17,608.7,241.76,0.7494
444,4156,car,834.41,339.56,943.4,410.62,0.8281
444,2255,bus,768.19,211.29,924.88,295.58,0.8393
444,4286,car,506.39,188.79,526.53,206.01,0.4158
444,4462,bus,642.11,185.15,673.49,216.87,0.4034
444,3930,car,389.41,186.4,407.23,199.73,0.4434
444,4507,car,644.12,225.56,671.57,248.53,0.4367
444,4530,car,628.95,209.79,650.89,233.98,0.3176
444,76,car,685.41,231.55,720.25,255.91,0.5492
444,4545,car,598.27,286.69,658.28,340.25,0.6852
444,4288,bus,296.29,213.19,403.66,339.98,0.4841
444,4484,bike,244.72,242.08,266.81,273.21,0.5479
445,1,bus,412.49,200.86,494.46,342.44,0.8753
445,1674,car,718.71,247.68,764.9,275.21,0.6082
445,1936,bus,536.98,302.73,744.29,537.21,0.9302
445,2080,car,717.21,271.86,782.88,318.0,0.5731
445,3017,bus,692.3,191.92,773.15,246.47,0.854
445,1481,bus,450.55,183.36,496.45,241.46,0.3964
445,3627,bus,893.93,251.16,954.87,319.77,0.7946
445,3792,car,518.09,241.51,555.38,272.17,0.851
445,3620,car,534.06,211.32,565.22,238.34,0.7234
445,3977,car,772.62,478.19,864.51,540.0,0.7694
445,3688,car,579.9,218.73,609.36,242.48,0.7346
445,4156,car,832.7,338.82,940.97,409.24,0.7984
445,2255,bus,767.58,210.76,925.31,295.64,0.8196
445,4286,car,506.61,189.33,526.8,206.52,0.4027
445,4462,bus,642.41,185.84,673.25,216.9,0.3786
445,3930,car,388.97,186.54,407.58,200.51,0.5055
445,4507,car,643.98,225.25,671.9,248.81,0.3838
445,4530,car,628.32,210.22,649.87,234.03,0.288
445,76,car,684.04,230.95,719.47,255.61,0.4998
445,4545,car,600.25,288.9,659.51,341.38,0.6823
445,4288,bus,295.64,212.32,405.02,341.02,0.2355
445,4484,bike,243.28,242.11,265.64,273.59,0.4009
445,4599,truck,914.44,278.6,958.79,371.42,0.3728
446,1,bus,412.43,201.18,494.39,342.76,0.872
446,1674,car,718.76,247.19,764.31,274.22,0.5554
446,1936,bus,537.23,304.31,744.4,536.69,0.9349
446,2080,car,716.1,271.68,781.94,318.36,0.5454
446,3017,bus,692.38,191.96,772.86,246.23,0.8346
446,1481,bus,450.72,183.76,496.41,241.67,0.3641
446,3627,bus,894.03,251.57,953.86,317.38,0.729
446,3792,car,518.18,242.47,555.77,273.43,0.8113
446,3620,car,534.57,211.77,565.64,238.82,0.7182
446,3977,car,782.2,486.49,867.75,540.0,0.7733
446,3688,car,581.16,220.12,610.3,243.61,0.7388
446,4156,car,831.61,338.12,938.49,407.53,0.7868
446,2255,bus,767.26,211.32,923.97,295.65,0.8385
446,4286,car,506.67,189.64,527.23,207.08,0.4536
446,4462,bus,642.4,187.01,672.53,217.16,0.3104
446,3930,car,388.33,187.11,406.8,200.93,0.5747
446,4507,car,642.94,224.44,671.63,248.91,0.3384
446,4530,car,627.87,210.89,648.73,233.96,0.2931
446,76,car,683.89,231.18,718.97,255.5,0.5041
446,4545,car,600.04,290.91,661.2,344.75,0.7433
446,4288,bus,293.85,211.11,407.14,345.09,0.4177
446,4484,bike,242.16,243.87,264.37,275.05,0.5193
446,4599,bus,912.5,276.29,958.36,372.13,0.4506
447,1,bus,413.34,201.38,494.92,342.5,0.8729
447,1674,car,717.83,246.41,763.45,273.44,0.5294
447,1936,bus,538.0,307.66,743.76,536.34,0.925
447,2080,car,718.52,270.78,778.92,313.82,0.5496
447,3017,bus,691.73,191.76,772.44,246.25,0.8451
447,1481,bus,450.86,183.84,496.25,241.43,0.3857
447,3627,bus,894.11,251.48,953.33,315.03,0.6827
447,3792,car,518.11,242.76,556.49,274.47,0.7776
447,3620,car,535.59,212.73,566.14,239.33,0.7381
447,3977,car,793.93,496.78,869.63,540.0,0.6269
447,3688,car,582.23,220.6,612.09,244.83,0.7246
447,4156,car,829.29,336.15,936.61,405.9,0.8273
447,2255,bus,768.53,211.92,924.77,295.78,0.815
447,4286,car,507.01,189.9,527.73,207.39,0.4837
447,4462,bus,641.92,186.64,672.42,217.24,0.2244
447,3930,car,388.11,187.42,406.57,201.12,0.5375
447,4507,car,642.7,225.13,670.59,249.07,0.3854
447,4530,car,627.98,212.37,647.37,233.8,0.2706
447,76,car,682.72,228.97,719.52,254.53,0.3962
447,4545,car,599.93,292.48,663.25,348.08,0.7296
447,4288,bus,293.41,211.59,407.37,346.36,0.3461
447,4484,bike,240.86,245.78,262.94,276.63,0.3974
447,4599,bus,910.4,274.91,956.72,371.29,0.5675
448,1,bus,413.46,200.83,495.21,342.52,0.8795
448,1674,car,716.97,246.08,762.33,272.89,0.5279
448,1936,bus,538.5,311.73,742.96,536.78,0.9179
448,2080,car,721.29,271.37,775.83,310.13,0.5558
448,3017,bus,691.63,191.75,772.26,246.14,0.8308
448,1481,bus,450.86,183.74,496.4,241.69,0.3014
448,3627,bus,893.91,251.43,953.28,313.71,0.6811
448,3792,car,518.26,243.23,557.49,275.81,0.7542
448,3620,car,536.5,213.51,566.63,239.72,0.7667
448,3977,car,801.52,506.65,867.0,540.0,0.5217
448,3688,car,583.14,221.06,613.12,245.51,0.7603
448,4156,car,828.09,334.68,934.21,403.78,0.8195
448,2255,bus,768.58,211.87,924.95,295.62,0.8245
448,4286,car,507.29,190.27,528.09,207.76,0.4776
448,3930,car,387.12,187.32,405.93,201.3,0.4034
448,4507,car,642.38,224.64,669.59,248.25,0.3282
448,4530,car,627.39,212.05,646.8,233.51,0.2845
448,76,car,683.53,229.67,718.95,254.24,0.2868
448,4545,car,600.47,293.61,665.76,350.93,0.7664
448,4288,bus,292.23,211.0,409.13,349.81,0.4691
448,4484,bike,239.46,246.44,262.16,278.13,0.4048
448,4599,bus,908.49,273.04,955.38,369.89,0.5436
449,1,bus,413.77,200.41,495.49,342.49,0.8796
449,1674,car,716.51,245.76,761.97,272.63,0.5425
449,1936,bus,538.05,314.65,742.12,537.21,0.9299
449,2080,car,723.78,272.2,774.74,308.52,0.5728
449,3017,bus,691.98,191.86,771.7,245.55,0.8205
449,1481,bus,451.12,183.62,496.01,240.75,0.3312
449,3627,bus,894.54,251.2,952.88,310.92,0.2775
449,3792,car,518.6,244.28,558.05,277.17,0.7523
449,3620,car,536.32,213.57,567.47,240.7,0.7474
449,3688,car,583.45,220.33,614.8,246.21,0.6799
449,4156,car,826.15,333.56,931.45,402.36,0.8327
449,2255,bus,767.76,211.44,924.97,295.63,0.8103
449,4286,car,507.13,190.11,528.17,207.84,0.4363
449,3930,car,386.52,187.05,406.36,201.94,0.3172
449,4507,car,641.74,224.21,668.73,247.81,0.2402
449,4530,car,627.78,213.96,645.69,233.56,0.244
449,76,car,684.83,230.62,718.78,254.14,0.3237
449,4545,car,602.54,296.0,668.41,353.74,0.7831
449,4288,bus,292.02,211.32,409.9,352.16,0.5293
449,4484,bike,238.12,249.74,259.87,280.04,0.3439
449,4599,bus,898.32,256.28,953.2,368.33,0.6535
449,4462,bus,640.85,185.98,672.23,217.85,0.2589
450,1,bus,413.9,200.09,495.38,342.17,0.8757
450,1674,car,715.95,245.73,761.0,272.29,0.5248
450,1936,bus,538.21,317.71,741.93,537.73,0.9195
450,2080,car,727.72,273.01,775.39,307.51,0.6
450,3017,bus,692.82,191.88,772.01,245.13,0.775
450,1481,bus,451.37,183.56,495.59,239.85,0.2543
450,3792,car,518.99,245.12,558.57,278.25,0.7453
450,3620,car,536.09,213.71,568.19,241.66,0.759
450,3688,car,583.95,220.75,615.59,247.07,0.7051
450,4156,car,823.99,332.66,928.82,401.3,0.8482
450,2255,bus,766.8,211.04,925.0,295.92,0.8065
450,4286,car,507.13,189.65,529.03,208.2,0.488
450,3930,car,386.41,187.74,405.78,202.3,0.2557
450,4507,car,641.1,223.61,668.47,247.82,0.3197
450,4530,car,627.46,213.29,645.91,233.52,0.2515
450,76,car,685.26,231.15,718.31,253.99,0.4756
450,4545,car,603.85,297.53,670.72,356.22,0.8185
450,4288,bus,293.28,211.95,408.14,349.21,0.5058
450,4484,bike,237.68,253.93,257.51,281.2,0.43
450,4599,bus,894.51,250.93,952.42,367.52,0.804
451,1,bus,414.2,201.09,495.19,342.83,0.8808
451,1674,car,715.86,245.56,759.68,271.29,0.5261
451,1936,bus,538.14,320.29,741.97,538.33,0.916
451,2080,car,728.01,272.9,774.55,306.98,0.5682
451,3017,bus,692.71,192.11,771.91,245.3,0.8284
451,1481,bus,451.32,183.7,495.56,240.09,0.2929
451,3792,car,518.62,246.33,558.98,280.26,0.7634
451,3620,car,537.01,214.99,569.76,243.43,0.7326
451,3688,car,584.87,221.95,615.94,247.87,0.6723
451,4156,car,821.74,332.04,926.81,401.17,0.8264
451,2255,bus,767.55,212.64,923.61,296.27,0.7893
451,4286,car,506.75,189.93,529.21,209.18,0.4118
451,3930,car,385.96,187.77,406.01,202.9,0.3635
451,4507,car,640.86,223.3,668.19,247.75,0.2941
451,4530,car,626.95,212.61,645.66,233.13,0.2286
451,76,car,684.18,231.85,717.18,254.47,0.4881
451,4545,car,604.79,299.52,674.02,360.56,0.8267
451,4288,bus,298.07,211.85,403.74,336.6,0.3642
451,4484,bike,236.26,254.2,256.8,282.28,0.4587
451,4599,bus,893.53,249.09,953.3,368.03,0.8278
452,1,bus,414.18,201.25,494.95,342.99,0.8779
452,1674,car,714.73,245.16,759.05,271.16,0.5375
452,1936,bus,538.27,323.2,741.52,538.31,0.8968
452,2080,car,729.39,273.28,773.88,306.46,0.5986
452,3017,bus,692.93,192.3,771.86,245.21,0.8179
452,1481,bus,451.57,183.69,495.21,239.28,0.288
452,3792,car,518.48,247.17,559.59,281.92,0.7785
452,3620,car,538.68,216.63,571.43,244.79,0.7644
452,3688,car,585.85,223.23,615.75,248.04,0.7202
452,4156,car,819.52,330.84,924.28,400.08,0.8115
452,2255,bus,766.91,211.98,923.88,296.14,0.7769
452,4286,car,506.47,189.68,529.56,209.76,0.3803
452,3930,car,385.18,187.89,405.54,203.37,0.4107
452,4507,car,640.44,223.03,667.13,247.03,0.2352
452,4530,car,626.69,212.34,645.5,232.96,0.2285
452,76,car,683.54,232.46,716.26,254.69,0.4572
452,4545,car,606.93,301.68,676.57,363.05,0.7934
452,4288,bus,298.24,214.16,402.31,336.25,0.46
452,4484,bike,234.62,253.92,255.95,282.94,0.5115
452,4599,bus,893.3,248.97,953.79,367.87,0.8407
452,4636,bus,452.34,184.02,493.17,207.84,0.3119
453,1,bus,414.13,200.5,495.15,343.05,0.8751
453,1674,car,714.15,244.51,758.41,270.42,0.5731
453,1936,bus,538.3,325.11,741.69,538.22,0.9104
453,2080,car,728.94,272.38,772.73,305.77,0.5525
453,3017,bus,693.0,191.86,772.11,244.91,0.8329
453,1481,bus,451.44,183.75,495.32,239.69,0.231
453,3792,car,518.59,247.91,560.16,283.27,0.7799
453,3620,car,538.96,216.75,572.61,245.39,0.755
453,3688,car,586.99,223.87,616.96,248.52,0.7174
453,4156,car,818.21,329.19,920.36,396.72,0.8115
453,2255,bus,768.2,212.57,923.88,295.95,0.8242
453,4286,car,506.68,189.78,529.69,210.03,0.4284
453,3930,car,384.95,187.91,405.29,203.45,0.3299
453,4507,car,640.5,222.88,666.36,246.11,0.283
453,76,car,683.04,231.9,715.76,253.89,0.4798
453,4545,car,608.56,303.18,679.5,365.79,0.8171
453,4288,bus,296.66,213.17,403.89,338.82,0.4528
453,4484,bike,233.11,254.05,254.73,283.1,0.4626
453,4599,bus,892.2,248.92,953.52,367.69,0.8587
453,4636,bus,453.14,184.02,492.15,206.74,0.2355
454,1,bus,414.12,200.82,494.78,342.97,0.8792
454,1674,car,713.64,244.57,757.94,270.49,0.5278
454,1936,bus,538.73,327.78,741.43,537.93,0.87
454,2080,car,728.8,271.97,770.9,304.67,0.5891
454,3017,bus,693.43,192.0,771.99,244.59,0.8019
454,1481,bus,452.93,183.48,494.5,236.11,0.2908
454,3792,car,519.0,248.84,560.76,284.51,0.7843
454,3620,car,539.36,216.77,573.71,245.86,0.7113
454,3688,car,587.85,224.73,618.0,249.3,0.7278
454,4156,car,816.76,328.17,917.95,395.15,0.8303
454,2255,bus,767.88,213.07,922.82,296.03,0.8207
454,4286,car,506.68,189.65,529.94,210.44,0.4032
454,3930,car,384.42,187.94,405.18,203.81,0.3818
454,4507,car,639.88,223.23,665.56,246.23,0.3344
454,76,car,680.51,229.49,716.13,253.49,0.4621
454,4545,car,610.27,305.59,682.01,368.88,0.8395
454,4288,bus,295.1,213.09,405.4,342.53,0.5473
454,4484,bike,232.24,255.83,253.08,283.35,0.4499
454,4599,bus,891.25,249.5,953.25,367.67,0.8414
454,4636,bus,452.85,183.79,493.58,207.49,0.302
455,1,bus,413.64,201.25,494.4,343.47,0.8713
455,1674,car,713.68,244.65,756.67,269.64,0.6149
455,1936,bus,539.65,331.84,740.48,537.48,0.8777
455,2080,car,726.61,270.62,769.53,304.61,0.5956
455,3017,bus,692.78,192.25,771.74,244.97,0.8047
455,3792,car,519.11,250.36,561.03,286.34,0.7665
455,3620,car,539.47,217.41,574.76,247.18,0.6644
455,3688,car,588.57,225.72,619.32,250.72,0.7139
455,4156,car,815.05,327.58,915.55,394.33,0.8329
455,2255,bus,767.28,212.35,924.03,296.31,0.832
455,4286,car,506.97,190.06,530.08,210.98,0.4656
455,3930,car,384.52,188.77,404.7,204.12,0.4865
455,4507,car,640.51,223.43,664.37,244.7,0.2786
455,76,car,679.85,228.39,716.8,253.55,0.4383
455,4545,car,611.98,308.97,685.0,373.42,0.8278
455,4288,bus,294.99,213.99,405.9,344.34,0.2783
455,4484,bike,230.43,256.56,251.91,284.58,0.3121
455,4599,bus,890.09,250.4,952.67,367.44,0.8405
455,4636,bus,453.25,184.0,493.43,207.34,0.2643
456,1,bus,413.14,200.52,494.36,343.44,0.8759
456,1674,car,713.38,244.23,757.12,269.57,0.5934
456,1936,bus,539.99,335.51,739.5,537.05,0.8816
456,2080,car,721.17,269.18,765.3,303.92,0.5363
456,3017,bus,692.77,192.21,772.16,245.13,0.806
456,3792,car,519.7,251.58,561.57,287.68,0.7543
456,3620,car,539.7,217.79,575.99,248.5,0.6719
456,3688,car,589.37,226.5,620.66,251.99,0.6974
456,4156,car,813.86,326.61,913.24,392.79,0.8189
456,2255,bus,767.96,213.29,923.84,296.64,0.838
456,4286,car,507.29,190.02,530.8,211.45,0.4355
456,3930,car,384.51,189.42,404.16,204.28,0.4861
456,4507,car,639.82,222.99,663.93,244.36,0.3684
456,76,car,677.86,226.33,717.2,253.39,0.3072
456,4545,car,614.16,311.38,688.04,376.6,0.8621
456,4288,bus,298.08,217.53,401.6,338.12,0.2502
456,4484,bike,228.93,256.18,251.02,284.76,0.266
456,4599,bus,888.07,250.53,951.75,366.96,0.8613
457,1,bus,412.93,201.14,493.95,343.39,0.8756
457,1674,car,713.65,244.43,756.61,269.1,0.4295
457,1936,bus,540.12,338.52,739.23,537.04,0.8919
457,2080,car,722.28,269.17,765.26,303.48,0.5907
457,3017,bus,692.23,192.15,772.52,245.66,0.8481
457,3792,car,520.21,252.91,562.4,289.5,0.7675
457,3620,car,540.33,218.43,576.61,249.25,0.7056
457,3688,car,590.49,227.42,622.15,253.16,0.7647
457,4156,car,812.8,325.86,910.37,390.97,0.8026
457,2255,bus,770.12,215.29,922.94,296.57,0.8387
457,4286,car,507.82,191.0,530.69,211.89,0.4426
457,3930,car,384.13,189.64,403.89,204.56,0.4847
457,4507,car,638.89,223.07,663.51,244.81,0.3232
457,76,car,678.9,228.3,715.38,253.29,0.3589
457,4545,car,616.11,314.06,690.88,380.14,0.8174
457,4288,bus,297.48,218.51,401.73,339.85,0.3035
457,4599,bus,886.02,250.76,951.4,367.61,0.8606
457,4636,bus,454.04,184.31,492.8,206.7,0.2543
458,1,bus,412.41,199.73,494.39,343.77,0.8773
458,1674,car,712.61,243.94,756.61,269.06,0.3783
458,1936,bus,539.55,341.76,737.68,536.5,0.881
458,2080,car,720.87,268.28,763.93,303.03,0.5181
458,3017,bus,692.58,192.45,773.04,246.05,0.8053
458,3792,car,521.04,254.03,563.66,291.16,0.7687
458,3620,car,541.5,219.75,576.82,249.79,0.7349
458,3688,car,590.98,227.9,623.12,254.0,0.7645
458,4156,car,810.04,324.84,908.43,390.62,0.7599
458,2255,bus,771.04,215.9,923.41,296.51,0.8383
458,4286,car,508.95,192.78,530.55,212.36,0.4538
458,3930,car,383.84,190.4,403.07,204.95,0.3993
458,4507,car,638.64,223.23,662.83,244.44,0.3353
458,76,car,679.88,229.62,714.45,253.2,0.2885
458,4545,car,618.4,317.36,693.35,383.46,0.8212
458,4288,bus,295.99,214.34,404.19,340.49,0.3064
458,4599,bus,884.27,252.42,950.66,367.9,0.8601
459,1,bus,413.04,200.85,494.27,343.6,0.8819
459,1674,car,711.29,243.3,756.26,268.82,0.4078
459,1936,bus,538.12,344.91,734.51,535.85,0.8861
459,2080,car,721.19,267.83,762.42,301.51,0.4266
459,3017,bus,692.97,192.1,773.66,245.92,0.8094
459,3792,car,521.35,254.48,564.53,292.32,0.7486
459,3620,car,542.36,220.0,577.54,250.09,0.7268
459,3688,car,591.27,228.09,624.25,254.88,0.7266
459,4156,car,807.94,323.62,905.74,389.06,0.8462
459,2255,bus,770.25,215.62,922.92,296.18,0.8266
459,4286,car,508.63,192.08,531.04,212.46,0.4249
459,3930,car,383.04,189.86,402.73,204.81,0.4413
459,4507,car,637.63,222.62,662.87,244.82,0.2894
459,76,car,679.4,229.49,713.74,252.81,0.2775
459,4545,car,620.26,319.91,697.02,387.63,0.798
459,4599,bus,882.01,251.69,950.7,368.33,0.8654
459,4484,bike,222.01,257.91,246.36,289.43,0.3555
460,1,bus,412.92,199.79,494.47,343.28,0.8806
460,1674,car,710.03,243.07,755.17,268.67,0.3473
460,1936,bus,539.73,348.78,735.61,536.4,0.902
460,2080,car,710.84,265.78,757.71,303.57,0.453
460,3017,bus,693.14,192.13,773.83,245.93,0.7978
460,3792,car,521.88,255.59,565.21,293.78,0.7662
460,3620,car,542.64,220.77,578.48,251.53,0.7072
460,3688,car,591.81,229.08,625.38,256.38,0.7617
460,4156,car,805.03,322.48,902.07,387.39,0.8609
460,2255,bus,769.92,214.86,924.03,295.9,0.829
460,4286,car,509.39,193.56,531.06,213.17,0.5541
460,3930,car,382.72,189.98,402.35,204.98,0.4072
460,4507,car,637.47,222.96,662.05,244.54,0.2341
460,76,car,674.94,224.11,716.25,252.82,0.2848
460,4545,car,623.01,322.94,700.06,390.72,0.8425
460,4599,bus,879.8,251.78,950.29,368.39,0.8772
460,4685,car,551.65,198.08,572.04,211.99,0.4204
460,4484,bike,220.23,259.74,245.06,291.8,0.4217
460,4288,bus,297.69,223.09,398.01,339.5,0.3109
461,1,bus,413.53,199.84,495.0,343.38,0.8809
461,1674,car,707.99,242.51,755.35,269.59,0.3505
461,1936,bus,540.38,352.63,735.58,536.95,0.9191
461,2080,car,706.03,264.91,755.27,304.18,0.4224
461,3017,bus,693.37,192.48,773.64,245.97,0.7794
461,3792,car,522.11,256.62,565.88,295.49,0.7806
461,3620,car,543.25,221.75,579.11,252.58,0.7634
461,3688,car,592.22,229.99,625.98,257.4,0.8055
461,4156,car,804.35,321.54,899.6,385.3,0.8506
461,2255,bus,768.11,213.91,924.07,295.93,0.8358
461,4286,car,508.99,193.23,531.58,213.84,0.4809
461,3930,car,382.7,190.47,402.03,205.33,0.3796
461,4545,car,624.22,325.24,704.19,395.64,0.8846
461,4599,bus,877.23,251.61,949.83,368.32,0.8831
461,4685,car,551.23,197.14,573.34,212.25,0.3964
461,4484,bike,219.34,261.65,243.45,292.47,0.4593
462,1,bus,413.84,201.29,494.77,343.81,0.8815
462,1674,car,707.08,242.42,754.64,269.65,0.3303
462,1936,bus,541.78,357.2,734.94,536.77,0.9206
462,2080,car,703.62,263.95,754.5,304.4,0.5861
462,3017,bus,693.12,192.86,774.22,246.88,0.7338
462,3792,car,522.43,258.23,566.39,297.4,0.7932
462,3620,car,543.16,222.63,580.45,255.05,0.7153
462,3688,car,593.49,231.49,627.25,258.86,0.8075
462,4156,car,803.35,320.83,896.47,383.2,0.8189
462,2255,bus,768.15,214.48,923.96,296.36,0.8131
462,4286,car,509.32,194.87,530.94,214.58,0.4911
462,3930,car,382.13,191.06,402.3,206.69,0.3447
462,4545,car,625.93,328.3,707.99,400.59,0.8759
462,4599,bus,875.07,252.06,949.6,368.51,0.8613
462,4685,car,550.38,196.5,574.51,213.08,0.3446
462,4484,bike,218.0,263.89,241.71,293.89,0.4614
462,4367,truck,1.09,383.58,299.44,535.66,0.2433
463,1,bus,414.37,203.23,494.43,344.27,0.8917
463,1674,car,708.08,242.73,753.61,268.71,0.3665
463,1936,bus,543.78,362.55,734.88,536.99,0.9316
463,2080,car,703.13,262.14,753.7,302.32,0.5475
463,3017,bus,694.31,193.85,774.91,247.5,0.5897
463,3792,car,522.91,259.16,567.49,299.09,0.7612
463,3620,car,542.94,223.33,581.01,256.7,0.6891
463,3688,car,594.65,233.17,627.76,259.8,0.7756
463,4156,car,802.26,320.4,893.78,381.69,0.7969
463,2255,bus,767.94,215.19,924.52,297.44,0.5629
463,4286,car,509.77,195.35,531.87,215.46,0.4707
463,3930,car,381.38,191.35,402.26,207.71,0.3031
463,4545,car,627.9,331.24,711.17,404.5,0.8558
463,4599,bus,872.57,252.35,949.56,369.61,0.6306
463,4685,car,550.07,195.61,576.72,214.06,0.3153
463,4484,bike,217.03,265.16,240.5,294.54,0.4059
464,1,bus,414.42,202.92,494.62,344.18,0.8748
464,1674,car,706.49,242.16,752.92,268.77,0.357
464,1936,bus,545.23,366.71,735.54,537.23,0.9073
464,2080,car,703.82,262.22,750.79,299.17,0.5581
464,3017,bus,692.9,192.95,774.52,247.42,0.6806
464,3792,car,522.87,259.75,568.65,300.93,0.7745
464,3620,car,543.64,223.78,581.73,257.44,0.6404
464,3688,car,595.81,233.81,629.15,260.48,0.7432
464,4156,car,800.44,318.95,891.7,380.13,0.7734
464,2255,bus,767.87,214.51,922.79,295.85,0.6284
464,4286,car,510.18,195.8,532.04,215.72,0.4539
464,3930,car,381.29,192.33,401.51,208.2,0.3895
464,4545,car,630.19,334.4,715.4,409.36,0.8426
464,4599,bus,870.47,251.89,949.53,369.23,0.8413
464,4685,car,550.26,195.07,578.01,214.44,0.3189
464,4484,bike,215.1,267.25,238.13,295.65,0.3274
465,1,bus,414.44,202.52,494.65,343.95,0.8929
465,1674,car,705.41,242.06,751.89,268.76,0.2901
465,1936,bus,545.62,370.22,735.72,537.44,0.9153
465,2080,car,704.35,261.99,749.5,297.28,0.4781
465,3017,bus,692.06,192.08,774.12,247.04,0.7199
465,3792,car,522.99,260.44,569.33,302.3,0.7509
465,3620,car,544.28,223.99,582.42,257.89,0.6224
465,3688,car,596.52,234.1,630.53,261.15,0.7303
465,4156,car,798.08,317.23,890.0,379.08,0.7872
465,2255,bus,768.17,214.02,921.27,294.26,0.4472
465,4286,car,510.64,195.56,533.2,216.09,0.449
465,3930,car,380.66,192.57,400.51,208.3,0.3519
465,4545,car,632.2,337.05,720.1,414.46,0.8611
465,4599,bus,867.44,250.76,949.42,369.41,0.735
465,4685,car,550.01,194.29,578.58,214.48,0.3006
465,4484,bike,213.12,267.51,236.42,296.07,0.2575
466,1,bus,414.49,202.15,494.5,343.11,0.8903
466,1674,car,704.94,241.8,751.15,268.37,0.3066
466,1936,bus,546.32,374.29,735.3,537.35,0.902
466,2080,car,703.67,260.82,748.21,295.34,0.4952
466,3017,bus,701.16,193.16,778.41,246.12,0.55
466,3792,car,523.47,261.18,569.93,303.3,0.7657
466,3620,car,545.16,224.27,583.48,258.56,0.6181
466,3688,car,597.1,234.45,631.79,261.9,0.6871
466,4156,car,794.87,315.09,887.75,377.74,0.7445
466,2255,bus,767.32,212.29,922.58,293.66,0.6771
466,4286,car,510.95,195.0,534.18,216.1,0.4207
466,3930,car,379.53,191.5,399.96,207.89,0.3345
466,4545,car,634.36,340.26,723.29,418.6,0.8754
466,4599,bus,865.39,250.44,949.5,369.2,0.8751
466,4484,bike,211.43,267.71,234.72,296.05,0.2455
466,4636,bus,451.79,184.7,494.19,209.24,0.3178
466,4288,bus,294.59,211.72,410.97,347.45,0.3654
467,1,bus,414.21,202.16,494.28,343.04,0.8902
467,1674,car,703.78,241.63,751.18,269.09,0.3678
467,1936,bus,547.54,379.46,734.29,537.33,0.8401
467,2080,car,705.8,260.26,748.81,293.8,0.4931
467,3017,bus,695.63,191.93,774.51,246.07,0.6772
467,3792,car,524.08,262.3,570.53,304.47,0.7552
467,3620,car,546.32,225.33,584.09,259.19,0.6924
467,3688,car,597.59,235.13,633.48,263.41,0.6653
467,4156,car,792.52,313.55,885.63,376.65,0.6795
467,2255,bus,766.91,212.47,920.5,292.95,0.3572
467,4286,car,511.48,196.02,534.54,216.85,0.4583
467,3930,car,379.06,191.52,399.47,208.01,0.2511
467,4545,car,636.92,343.52,727.78,423.62,0.8922
467,4599,bus,863.3,250.69,949.36,369.2,0.7633
467,4484,bike,209.46,267.79,233.09,296.29,0.2956
467,4636,bus,452.0,184.68,493.9,208.89,0.2638
468,1,bus,414.1,202.2,494.62,343.76,0.8739
468,1674,car,702.86,241.67,750.69,269.61,0.4039
468,1936,bus,548.81,384.88,733.13,537.31,0.8509
468,2080,car,707.73,260.34,748.29,292.35,0.4686
468,3017,bus,693.41,192.06,773.51,247.12,0.641
468,3792,car,524.88,264.92,570.99,306.77,0.7546
468,3620,car,547.22,227.14,585.07,260.94,0.725
468,3688,car,597.44,235.25,635.77,265.59,0.4821
468,4156,car,791.82,312.91,884.61,375.95,0.6267
468,2255,bus,770.6,213.95,916.99,289.94,0.2317
468,4286,car,511.11,195.6,535.29,217.38,0.4287
468,4545,car,639.24,347.54,732.23,429.67,0.8559
468,4599,bus,861.04,251.45,948.82,369.19,0.7111
468,4484,bike,207.96,268.84,231.32,296.69,0.3958
468,4288,bus,294.33,217.54,406.97,349.74,0.2699
469,1,bus,414.08,202.7,494.57,344.12,0.8783
469,1674,car,702.17,241.82,750.29,270.23,0.4263
469,1936,bus,549.84,389.77,732.32,537.21,0.784
469,2080,car,709.52,260.87,747.32,291.02,0.4571
469,3017,bus,694.67,193.65,773.13,247.42,0.5353
469,3792,car,525.26,266.88,571.8,309.14,0.7688
469,3620,car,548.04,228.42,586.12,262.38,0.717
469,3688,car,597.9,236.22,636.87,267.11,0.5534
469,4156,car,789.79,312.03,881.57,374.45,0.7315
469,2255,bus,771.87,214.98,916.67,289.53,0.5105
469,4286,car,511.26,194.69,537.14,217.94,0.4068
469,4545,car,641.46,351.4,736.82,435.65,0.8619
469,4599,bus,858.87,252.16,948.46,369.16,0.8886
469,4484,bike,206.36,270.02,229.86,297.71,0.3314
469,3930,car,378.03,192.76,398.7,209.58,0.2744
470,1,bus,413.91,202.96,494.45,344.41,0.8773
470,1674,car,702.59,241.74,749.3,269.45,0.4436
470,1936,bus,550.46,394.56,731.38,537.37,0.8588
470,2080,car,709.61,260.98,745.43,289.82,0.4517
470,3017,bus,701.26,194.78,776.92,247.41,0.5434
470,3792,car,525.25,267.96,572.48,310.93,0.7504
470,3620,car,548.32,229.0,587.0,263.55,0.6595
470,3688,car,598.95,236.87,638.71,268.48,0.5649
470,4156,car,788.25,311.18,878.77,373.03,0.7782
470,2255,bus,772.95,215.36,915.87,288.22,0.5969
470,4286,car,511.54,195.02,537.41,218.19,0.43
470,4545,car,643.93,355.4,742.09,442.12,0.8759
470,4599,bus,856.14,252.69,948.25,369.85,0.8962
470,4484,bike,203.51,270.14,228.82,299.67,0.3336
470,4770,truck,533.38,394.88,748.98,538.03,0.4974
470,3930,car,378.51,193.84,398.3,209.94,0.3729
471,1,bus,413.3,202.16,494.46,344.67,0.8649
471,1674,car,702.89,241.69,748.83,269.06,0.4011
471,1936,truck,552.15,400.57,730.55,537.69,0.5011
471,2080,car,709.34,260.69,743.94,288.58,0.3855
471,3017,bus,696.14,193.34,774.04,247.53,0.6393
471,3792,car,525.5,268.84,573.61,312.64,0.7614
471,3620,car,549.43,229.94,588.06,264.48,0.6314
471,3688,car,601.11,238.8,639.61,269.51,0.543
471,4156,car,786.89,309.95,876.29,371.31,0.7206
471,2255,bus,762.17,215.18,899.06,286.14,0.508
471,4286,car,511.6,195.29,537.51,218.43,0.4322
471,4545,car,646.54,359.05,747.31,448.21,0.87
471,4599,bus,853.37,253.18,949.12,372.38,0.8858
471,4484,bike,201.24,269.89,227.49,300.35,0.3401
471,4770,bus,535.89,399.13,745.2,537.94,0.8306
471,3930,car,377.95,194.06,397.93,210.34,0.3087
472,1,bus,413.18,202.39,494.22,344.52,0.879
472,1674,car,702.94,241.48,748.26,268.58,0.4068
472,1936,truck,553.05,406.62,728.52,537.57,0.6447
472,2080,car,708.88,260.27,742.96,287.93,0.3624
472,3017,bus,695.6,193.98,772.75,247.43,0.5264
472,3792,car,525.59,269.99,574.29,314.34,0.7799
472,3620,car,549.24,231.07,589.03,266.69,0.657
472,3688,car,602.55,240.08,641.07,270.82,0.6423
472,4156,car,784.45,309.23,873.09,370.21,0.6015
472,2255,bus,769.79,215.3,907.43,285.85,0.5278
472,4286,car,512.08,197.88,536.55,219.59,0.3522
472,4545,car,649.34,363.12,752.37,454.37,0.812
472,4599,bus,851.57,253.4,949.99,373.6,0.8802
472,4770,bus,540.08,405.28,739.62,537.13,0.7495
472,3930,car,377.26,194.21,396.89,210.23,0.265
473,1,bus,413.47,203.02,494.02,344.33,0.8715
473,1674,car,701.8,241.2,747.39,268.63,0.4363
473,1936,bus,554.39,412.86,726.04,536.86,0.4966
473,3017,bus,695.91,194.39,772.39,247.25,0.5061
473,3792,car,525.82,271.15,575.38,316.33,0.796
473,3620,car,549.75,231.83,590.49,268.44,0.6197
473,3688,car,603.82,241.05,642.29,271.73,0.695
473,4156,car,782.91,307.33,871.36,368.44,0.695
473,2255,bus,773.58,215.28,913.05,285.82,0.5749
473,4286,car,512.22,198.16,536.66,219.84,0.3408
473,4545,car,652.01,367.03,757.99,461.09,0.8224
473,4599,bus,848.87,252.93,950.61,375.03,0.8951
473,4770,truck,544.55,412.79,734.45,537.45,0.6305
473,3930,car,376.17,194.38,396.01,210.67,0.2617
473,4288,bus,297.36,214.29,407.23,342.89,0.236
473,4484,bike,196.5,272.02,224.36,304.46,0.4107
474,1,bus,413.25,202.07,494.17,344.02,0.8805
474,1674,car,701.31,240.95,746.22,268.09,0.4811
474,1936,truck,556.26,420.3,725.07,538.16,0.6022
474,3017,bus,694.03,192.97,772.48,247.2,0.6851
474,3792,car,526.13,271.86,576.42,317.77,0.827
474,3620,car,550.56,232.33,591.78,269.63,0.6529
474,3688,car,605.68,241.95,643.85,272.29,0.75
474,4156,car,781.68,306.14,870.01,367.5,0.7559
474,2255,bus,775.0,215.44,913.58,284.59,0.593
474,4286,car,512.26,196.51,538.25,219.59,0.4053
474,4545,car,655.2,371.07,763.89,467.65,0.8498
474,4599,bus,847.23,252.66,950.25,373.83,0.8961
474,4770,bus,549.93,419.67,730.47,536.9,0.6506
474,3930,car,375.76,194.53,395.41,210.67,0.2866
474,4484,bike,194.45,272.97,222.87,306.07,0.4137
474,2080,car,706.31,258.42,741.77,287.6,0.3143
475,1,bus,413.38,201.94,494.19,343.64,0.8785
475,1674,car,700.83,240.64,745.62,267.8,0.4454
475,1936,bus,556.77,425.69,723.79,538.66,0.3308
475,3017,bus,693.45,192.33,772.27,246.77,0.7101
475,3792,car,526.6,273.32,577.03,319.45,0.8327
475,3620,car,550.92,232.75,592.34,270.47,0.6553
475,3688,car,606.84,242.69,645.46,273.24,0.7324
475,4156,car,781.15,306.34,866.3,365.4,0.7829
475,2255,bus,775.25,213.95,915.83,283.25,0.641
475,4286,car,513.39,199.19,537.21,220.23,0.4152
475,4545,car,658.04,375.53,770.23,475.48,0.8742
475,4599,bus,845.39,252.1,950.11,372.87,0.89
475,4770,truck,554.92,426.11,727.84,536.65,0.5846
475,4484,bike,192.83,274.57,221.13,307.5,0.4603
475,4820,car,556.44,203.57,576.29,217.65,0.4101
475,2080,car,705.61,257.94,740.61,287.02,0.465
475,4636,bus,451.78,186.11,496.95,212.2,0.2611
476,1,bus,413.34,202.1,494.02,343.52,0.8721
476,1674,car,700.45,240.36,744.78,267.36,0.4222
476,3017,bus,693.39,192.28,771.75,246.34,0.729
476,3792,car,527.08,274.78,577.81,321.22,0.8428
476,3620,car,551.99,233.22,593.51,271.09,0.5894
476,3688,car,608.31,243.72,646.95,274.04,0.6966
476,4156,car,780.32,305.77,862.65,362.64,0.7709
476,2255,bus,769.61,214.43,906.07,281.73,0.5227
476,4286,car,514.35,201.2,536.59,220.67,0.3868
476,4545,car,661.4,379.85,776.23,482.24,0.8631
476,4599,bus,843.27,251.19,949.87,371.73,0.8846
476,4484,bike,191.22,276.49,219.0,308.8,0.3971
476,4820,car,555.99,203.41,576.31,217.83,0.4108
476,2080,car,704.27,256.65,739.58,286.29,0.3329
476,3930,car,374.92,195.13,394.17,210.97,0.2396
477,1,bus,412.61,201.4,493.77,343.38,0.8662
477,1674,car,699.91,239.74,744.52,267.05,0.3466
477,3017,bus,693.64,192.3,771.81,246.09,0.6672
477,3792,car,527.26,276.19,578.75,323.39,0.8311
477,3620,car,552.55,233.81,594.78,272.33,0.6141
477,3688,car,609.6,244.53,648.97,275.37,0.6333
477,4156,car,779.25,305.12,859.78,360.54,0.7667
477,2255,bus,768.28,214.25,901.64,279.94,0.5075
477,4286,car,513.83,199.76,537.89,220.98,0.3537
477,4545,car,664.96,384.65,782.63,489.67,0.8545
477,4599,bus,841.62,250.88,949.32,370.12,0.8888
477,4484,bike,188.59,277.24,216.49,309.43,0.3506
477,4820,car,555.18,202.2,577.54,218.1,0.4403
477,2080,car,700.63,255.36,737.19,286.01,0.3758
477,1936,truck,562.99,438.98,719.75,539.73,0.6512
478,1,bus,412.49,201.6,493.53,343.03,0.8678
478,1674,car,699.55,239.63,744.16,267.13,0.3473
478,3017,bus,693.93,192.74,771.64,245.99,0.6916
478,3792,car,527.56,277.66,579.82,325.6,0.8213
478,3620,car,553.69,234.72,596.42,273.54,0.5915
478,3688,car,610.23,245.22,650.83,276.97,0.6903
478,4156,car,777.52,304.45,857.7,359.53,0.7255
478,2255,bus,771.37,214.95,902.06,278.64,0.5194
478,4286,car,513.79,199.32,538.81,221.55,0.4303
478,4545,car,668.66,389.73,789.36,497.63,0.8524
478,4599,bus,839.79,250.42,949.95,370.25,0.8666
478,4484,bike,186.2,280.33,213.2,311.3,0.4396
478,4820,car,556.11,202.87,577.65,218.23,0.3542
478,2080,car,700.68,255.71,736.07,285.53,0.3313
478,1936,truck,566.08,446.9,719.15,540.0,0.7295
479,1,bus,412.96,202.88,493.75,343.7,0.875
479,1674,car,699.75,240.45,743.39,267.48,0.435
479,3017,bus,695.78,194.47,772.34,246.85,0.529
479,3792,car,527.93,279.11,581.43,328.36,0.8117
479,3620,car,554.01,236.5,597.12,275.31,0.6304
479,3688,car,611.03,246.62,652.64,279.18,0.665
479,4156,car,776.35,303.6,856.15,358.39,0.7773
479,2255,bus,773.31,214.25,908.55,279.4,0.5617
479,4286,car,513.83,199.25,539.69,222.48,0.3732
479,4545,car,671.42,395.02,796.71,507.26,0.8428
479,4599,bus,837.21,250.24,950.06,370.86,0.8759
479,4484,bike,184.98,282.16,210.79,311.33,0.2975
479,4820,car,556.81,204.66,577.93,219.76,0.3359
479,1936,truck,568.55,453.74,718.83,540.0,0.5854
479,4288,bus,290.11,210.87,413.16,358.91,0.3776
480,1,bus,413.1,203.2,493.8,343.82,0.8759
480,1674,car,700.2,240.77,742.86,267.32,0.3679
480,3017,bus,695.51,194.5,772.36,247.01,0.6188
480,3792,car,528.79,280.78,582.72,330.49,0.8215
480,3620,car,556.05,238.14,599.43,277.21,0.64
480,3688,car,612.11,247.72,654.46,280.89,0.7151
480,4156,car,774.4,302.33,854.41,357.25,0.7937
480,2255,bus,773.05,212.45,911.48,278.53,0.5618
480,4286,car,514.78,200.31,540.17,223.19,0.358
480,4545,car,677.41,400.35,806.92,515.78,0.8592
480,4599,bus,835.04,249.63,950.28,370.76,0.8568
480,4820,car,556.66,204.87,578.41,220.51,0.413
480,1936,truck,572.84,462.29,716.75,540.0,0.4968
480,4871,car,670.3,224.76,701.88,249.26,0.3371
480,4288,bus,291.89,209.72,412.76,357.36,0.3877
480,2080,car,695.97,254.28,732.41,284.94,0.2717
481,1,bus,412.58,201.32,494.19,343.74,0.8788
481,1674,car,700.73,240.99,742.43,267.06,0.3416
481,3017,bus,695.76,194.78,772.47,247.18,0.5688
481,3792,car,529.25,282.37,583.67,332.71,0.8373
481,3620,car,557.42,239.34,601.81,279.4,0.6271
481,3688,car,613.51,248.88,656.14,282.3,0.7457
481,4156,car,771.96,301.53,851.67,356.11,0.7627
481,2255,bus,774.07,213.7,910.59,278.06,0.5381
481,4286,car,515.2,200.61,540.78,223.74,0.3457
481,4545,car,679.26,403.43,814.6,524.37,0.8684
481,4599,bus,832.91,249.1,950.1,370.18,0.8654
481,4820,car,556.42,205.0,578.5,220.98,0.3609
481,1936,truck,576.61,471.18,713.71,540.0,0.4954
481,4871,car,670.28,224.75,701.58,248.99,0.312
481,4288,bus,291.83,208.92,413.25,359.41,0.2781
481,4484,bike,179.42,283.56,207.78,315.29,0.3269
482,1,bus,412.46,200.84,494.16,343.4,0.8826
482,1674,car,700.62,241.28,742.28,267.46,0.3251
482,3017,bus,694.75,193.57,772.43,246.47,0.7105
482,3792,car,529.97,283.99,585.14,335.17,0.8368
482,3620,car,558.24,240.43,603.15,281.03,0.6444
482,3688,car,615.12,249.9,658.2,283.59,0.782
482,4156,car,769.91,300.47,849.3,354.91,0.7736
482,2255,bus,775.66,214.67,912.39,278.13,0.5348
482,4286,car,515.62,201.22,540.86,224.05,0.3033
482,4545,car,679.62,403.98,824.89,535.04,0.8203
482,4599,bus,831.03,248.07,950.56,369.69,0.8586
482,4820,car,557.09,205.24,578.97,221.14,0.342
482,4871,car,669.74,224.1,701.03,248.29,0.3819
482,4288,bus,293.64,212.89,408.9,356.73,0.3049
482,4484,bike,176.3,283.86,206.35,317.3,0.4862
482,2080,car,696.95,254.98,729.6,282.64,0.2834
483,1,bus,412.67,200.75,494.03,342.8,0.8829
483,1674,car,700.61,240.78,741.37,266.49,0.2584
483,3017,bus,694.08,193.08,771.64,245.71,0.7026
483,3792,car,530.6,285.21,586.97,337.48,0.8104
483,3620,car,558.8,240.95,604.21,282.0,0.6787
483,3688,car,616.21,250.42,660.14,284.79,0.7979
483,4156,car,767.05,298.99,847.08,353.9,0.8024
483,2255,bus,772.67,211.21,916.37,277.5,0.5578
483,4286,car,516.57,200.88,542.1,224.01,0.3974
483,4545,car,687.05,411.12,830.25,539.97,0.8152
483,4599,bus,828.93,246.24,951.31,369.11,0.8784
483,4820,car,557.23,204.72,579.64,221.03,0.2593
483,4871,car,669.42,224.52,699.9,247.99,0.4253
483,4288,bus,293.3,222.97,398.06,354.99,0.3123
483,4484,bike,173.65,283.76,205.06,318.89,0.5121
483,2080,car,697.04,253.27,728.06,279.55,0.3934
484,1,bus,412.67,200.04,494.27,342.71,0.8771
484,1674,car,697.53,240.0,740.96,267.68,0.3155
484,3017,bus,692.97,192.14,771.83,245.66,0.7384
484,3792,car,530.87,286.87,588.49,340.31,0.8049
484,3620,car,559.73,241.8,605.43,283.01,0.7306
484,3688,car,617.27,251.1,661.47,285.76,0.7738
484,4156,car,765.84,298.47,845.55,353.19,0.7533
484,2255,bus,761.65,212.39,898.0,276.61,0.5697
484,4286,car,517.06,200.35,543.15,224.11,0.3088
484,4545,car,697.49,421.07,832.99,540.0,0.8594
484,4599,bus,827.42,246.13,951.12,368.51,0.8864
484,4820,car,558.59,206.22,579.33,221.25,0.264
484,4871,car,669.02,224.71,699.39,248.0,0.4163
484,4288,bus,294.86,223.86,398.31,354.63,0.3925
484,4484,bike,171.24,284.47,203.16,320.15,0.498
484,2080,car,698.01,252.88,725.81,276.16,0.2988
485,1,bus,413.09,200.75,494.24,342.85,0.8777
485,1674,car,698.07,239.69,739.66,266.31,0.2991
485,3017,bus,692.76,191.87,771.89,245.55,0.6993
485,3792,car,530.87,288.24,589.69,342.89,0.8088
485,3620,car,560.05,242.91,606.7,284.93,0.7338
485,3688,car,617.56,251.89,662.83,287.53,0.7649
485,4156,car,764.5,297.65,843.47,351.94,0.7572
485,2255,bus,767.22,212.75,902.87,276.26,0.4301
485,4286,car,517.33,200.41,543.61,224.5,0.3554
485,4545,car,706.26,428.72,836.35,540.0,0.8957
485,4599,bus,825.95,245.62,951.3,367.96,0.8842
485,4871,car,669.17,225.23,699.24,248.19,0.3593
485,4288,bus,297.26,219.62,403.79,353.85,0.3002
485,4484,bike,169.03,284.87,201.64,321.4,0.4356
485,2080,car,694.93,252.11,723.68,275.75,0.3168
486,1,bus,413.27,201.6,494.32,343.47,0.8801
486,1674,car,697.08,239.15,738.81,265.98,0.3588
486,3017,bus,692.89,192.2,772.86,246.45,0.6647
486,3792,car,531.59,290.7,590.76,345.88,0.77
486,3620,car,560.73,244.22,607.71,286.45,0.7062
486,3688,car,619.51,254.03,664.65,289.44,0.7443
486,4156,car,764.02,297.1,841.49,350.46,0.7409
486,2255,bus,774.83,215.03,907.52,276.0,0.4893
486,4286,car,517.42,200.77,544.42,225.68,0.3325
486,4545,car,713.94,435.71,839.24,540.0,0.8889
486,4599,bus,824.2,245.93,950.67,367.47,0.892
486,4871,car,669.06,225.84,698.86,248.46,0.3605
486,4288,bus,297.87,218.22,401.36,348.19,0.4048
486,4484,bike,167.6,286.47,198.7,321.24,0.3619
486,2080,car,693.09,251.81,722.16,275.36,0.3817
486,3930,car,369.86,198.04,390.31,214.85,0.2566
486,4820,car,559.94,207.28,581.03,222.63,0.3501
487,1,bus,413.36,201.78,494.29,343.41,0.8812
487,1674,car,695.86,238.9,737.69,265.89,0.4769
487,3017,bus,693.08,192.22,773.01,246.44,0.7535
487,3792,car,531.97,292.22,592.08,348.52,0.8085
487,3620,car,561.75,245.7,608.63,287.74,0.742
487,3688,car,621.25,255.15,667.65,291.45,0.7202
487,4156,car,762.4,296.02,840.07,349.61,0.7102
487,2255,bus,774.33,214.78,907.4,275.24,0.5098
487,4286,car,517.53,200.61,545.05,226.18,0.3245
487,4545,car,721.9,442.91,841.91,540.0,0.8611
487,4599,bus,821.94,245.6,950.53,367.35,0.8924
487,4871,car,668.5,225.51,698.95,248.54,0.3599
487,4288,bus,298.28,221.63,398.0,346.49,0.5355
487,4484,bike,166.07,286.94,197.01,321.63,0.2815
487,2080,car,692.27,251.36,721.21,274.44,0.3964
487,4820,car,560.56,207.66,581.67,223.07,0.3881
488,1,bus,414.09,202.75,494.28,343.15,0.8861
488,1674,car,699.51,239.23,739.31,265.44,0.4648
488,3017,bus,692.81,192.23,772.48,246.29,0.7178
488,3792,car,532.14,293.6,593.57,351.46,0.8402
488,3620,car,562.49,247.17,610.63,290.32,0.7134
488,3688,car,622.62,256.25,669.46,292.77,0.7356
488,4156,car,760.26,294.93,836.88,347.83,0.7614
488,2255,bus,775.16,213.68,911.35,274.77,0.3306
488,4286,car,517.95,201.12,545.26,226.58,0.3743
488,4545,car,729.11,449.94,844.63,540.0,0.8554
488,4599,bus,820.49,244.78,950.03,365.48,0.8959
488,4871,car,668.09,225.08,699.05,248.44,0.3778
488,4288,bus,296.94,221.73,398.65,349.2,0.4386
488,4484,bike,162.95,289.49,193.68,323.54,0.2954
488,2080,car,692.94,251.53,721.5,274.27,0.4329
488,4820,car,560.44,207.31,582.46,223.49,0.3502
489,1,bus,414.31,202.86,494.23,342.95,0.8843
489,1674,car,699.55,238.73,738.67,264.79,0.4222
489,3017,bus,692.59,192.14,772.1,246.09,0.7754
489,3792,car,533.69,296.18,594.98,354.1,0.8419
489,3620,car,563.03,248.16,612.56,292.62,0.6604
489,3688,car,624.02,257.44,672.16,295.01,0.78
489,4156,car,758.89,293.8,834.4,345.86,0.7699
489,2255,bus,762.77,213.51,895.11,273.96,0.4399
489,4286,bus,517.98,200.25,546.31,226.93,0.3338
489,4545,car,735.76,456.65,846.25,540.0,0.8493
489,4599,bus,819.14,244.41,949.75,364.16,0.8966
489,4288,bus,295.8,222.79,395.85,348.51,0.512
489,4484,bike,157.94,289.74,192.63,328.43,0.4479
489,2080,car,692.85,251.58,720.56,273.5,0.3884
490,1,bus,414.46,203.07,494.22,342.89,0.8861
490,1674,car,697.25,238.25,736.06,263.97,0.4447
490,3017,bus,692.76,192.12,771.88,245.79,0.7598
490,3792,car,533.27,297.36,596.64,357.49,0.8638
490,3620,car,564.04,249.09,614.11,294.05,0.7897
490,3688,car,625.41,258.19,674.48,296.58,0.8036
490,4156,car,757.58,293.03,832.78,344.97,0.7518
490,4286,car,519.27,201.17,546.97,227.43,0.386
490,4545,car,743.62,464.1,849.24,540.0,0.8421
490,4599,bus,817.75,243.24,949.03,361.49,0.8607
490,4288,bus,294.51,223.72,395.48,351.18,0.6144
490,4484,bike,155.79,292.76,189.7,330.46,0.4506
490,2080,car,692.27,251.64,719.25,272.81,0.4138
490,4820,car,561.54,208.42,583.28,224.35,0.2155
491,1,bus,414.2,202.5,494.35,343.16,0.8864
491,1674,car,695.38,238.04,734.93,264.09,0.4897
491,3017,bus,692.59,192.11,771.91,245.98,0.7371
491,3792,car,533.5,299.23,598.16,360.84,0.8464
491,3620,car,564.62,249.94,616.73,296.97,0.8001
491,3688,car,626.83,259.37,676.69,298.48,0.7904
491,4156,car,756.46,292.43,830.87,343.89,0.7428
491,4286,car,519.76,201.79,547.7,228.41,0.3814
491,4545,car,751.18,472.92,849.91,540.0,0.7699
491,4599,bus,815.78,242.05,949.01,360.09,0.8781
491,4288,bus,293.53,223.76,395.79,353.98,0.4758
491,4484,bike,152.47,294.4,186.97,332.7,0.4888
491,2080,car,691.11,251.18,718.55,272.61,0.4403
491,4992,bus,599.39,174.39,633.64,198.31,0.385
491,4996,bus,767.73,214.82,821.45,271.24,0.3268
491,4820,car,561.96,208.77,583.89,224.73,0.3053
491,3930,car,368.34,199.08,386.75,213.7,0.2586
491,4871,car,668.16,224.84,698.67,247.85,0.2963
492,1,bus,414.0,203.54,493.92,343.77,0.8907
492,1674,car,694.65,237.88,734.75,264.32,0.5134
492,3017,bus,698.45,194.51,774.68,246.81,0.6021
492,3792,car,534.31,301.83,600.04,364.73,0.8726
492,3620,car,565.63,251.65,618.64,299.59,0.8166
492,3688,car,628.32,261.37,678.72,300.95,0.8105
492,4156,car,755.48,291.8,828.78,342.48,0.7848
492,4286,car,520.68,203.29,547.97,229.33,0.4847
492,4545,car,760.55,482.15,851.45,540.0,0.7869
492,4599,bus,814.06,242.06,948.55,359.14,0.8709
492,4288,bus,295.16,219.98,399.36,352.68,0.6033
492,4484,bike,149.74,295.26,184.56,333.86,0.5362
492,2080,car,690.41,250.56,718.1,272.05,0.4851
492,4992,bus,598.55,174.34,632.38,197.99,0.317
492,4996,bus,766.52,212.57,822.19,271.05,0.3918
492,4820,car,561.66,207.01,587.33,225.97,0.4993
492,4871,car,668.21,226.02,697.69,248.05,0.3745
493,1,bus,413.7,203.34,493.79,343.92,0.8976
493,1674,car,692.84,237.26,733.23,263.78,0.4762
493,3017,bus,699.54,195.45,774.05,246.83,0.619
493,3792,car,535.47,304.86,600.88,367.52,0.8929
493,3620,car,567.44,253.47,620.03,300.93,0.8202
493,3688,car,629.68,262.36,681.06,302.73,0.8058
493,4156,car,753.35,290.27,826.62,341.05,0.8073
493,4286,car,521.66,203.61,549.05,229.65,0.451
493,4545,car,770.08,491.55,851.76,540.0,0.7469
493,4599,bus,813.03,242.0,947.13,356.39,0.8814
493,4288,bus,294.66,219.91,396.89,350.77,0.3007
493,4484,bike,146.9,295.72,182.69,335.42,0.5509
493,2080,car,688.89,249.9,717.67,272.28,0.498
493,4992,bus,598.83,174.73,631.7,197.73,0.3483
493,4996,bus,768.78,213.58,822.72,270.06,0.4992
493,4820,car,562.19,207.62,587.82,226.74,0.4828
493,4871,car,668.01,225.86,697.76,248.1,0.2421
493,5019,car,499.15,183.77,513.41,193.76,0.321
494,1,bus,413.51,201.82,494.0,343.12,0.8852
494,1674,car,691.01,236.48,731.78,263.08,0.4074
494,3017,bus,694.6,193.91,770.84,246.23,0.6444
494,3792,car,535.88,306.53,602.38,370.22,0.8957
494,3620,car,568.23,254.21,622.24,303.13,0.8049
494,3688,car,631.58,263.63,684.27,305.16,0.7764
494,4156,car,752.1,289.5,824.08,339.48,0.8329
494,4286,car,523.3,204.46,549.77,229.73,0.5136
494,4545,car,778.41,499.25,853.37,539.98,0.6384
494,4599,bus,811.18,240.19,946.9,353.76,0.8746
494,4288,bus,296.79,221.94,392.41,343.89,0.3649
494,4484,bike,144.16,295.69,180.82,336.43,0.512
494,2080,car,688.0,249.99,716.28,271.99,0.4338
494,4992,bus,600.03,175.46,631.84,197.74,0.2874
494,4820,car,562.85,208.04,587.96,226.91,0.4797
494,4871,car,666.35,224.95,696.23,247.12,0.2931
494,2255,bus,760.27,212.51,882.54,269.18,0.3845
495,1,bus,413.64,201.63,493.98,342.73,0.8876
495,1674,car,689.91,236.12,730.46,262.36,0.4574
495,3017,bus,693.74,193.69,770.18,245.84,0.6786
495,3792,car,536.28,308.23,604.54,373.73,0.8848
495,3620,car,568.78,254.82,624.28,305.29,0.8108
495,3688,car,633.0,264.78,686.45,307.02,0.8259
495,4156,car,750.85,288.36,822.46,338.11,0.8017
495,4286,car,524.68,205.06,550.58,229.76,0.5123
495,4545,car,788.41,510.09,850.57,540.0,0.4665
495,4599,bus,810.27,239.17,946.77,351.23,0.8812
495,4288,bus,297.66,220.62,392.54,341.1,0.2854
495,4484,bike,141.42,296.56,178.49,337.7,0.4798
495,2080,car,686.1,248.93,715.95,272.35,0.4614
495,4992,bus,599.67,174.64,632.15,197.46,0.3048
495,4820,car,563.18,207.54,588.78,227.06,0.4483
495,4871,car,665.04,223.78,695.93,246.69,0.2524
495,4996,bus,769.31,212.05,824.35,269.41,0.5202
496,1,bus,414.07,202.5,493.88,342.66,0.8906
496,1674,car,692.78,236.59,731.72,261.96,0.485
496,3017,bus,695.59,194.16,770.98,245.58,0.6301
496,3792,car,536.86,310.57,606.78,377.87,0.8727
496,3620,car,569.99,255.96,625.84,306.73,0.8234
496,3688,car,635.19,266.03,689.01,308.71,0.825
496,4156,car,750.51,287.58,820.35,336.01,0.8423
496,4286,car,525.83,207.35,550.08,230.3,0.4537
496,4599,bus,807.26,236.07,948.94,350.8,0.8619
496,4288,bus,297.94,220.53,391.99,339.46,0.36
496,4484,bike,136.76,297.52,176.25,341.72,0.4404
496,2080,car,684.99,247.81,715.57,272.09,0.4041
496,4992,bus,600.83,174.79,632.03,196.8,0.2855
496,4820,car,564.05,208.0,588.84,227.04,0.504
496,4871,car,663.99,222.76,695.53,246.08,0.2654
496,5019,car,499.73,184.28,514.04,194.27,0.265
496,2255,bus,759.41,212.48,881.87,270.21,0.3599
497,1,bus,413.93,203.19,493.48,342.72,0.8949
497,1674,car,695.55,236.89,732.97,261.76,0.5249
497,3017,bus,693.92,193.69,770.22,245.45,0.788
497,3792,car,537.09,312.94,608.64,381.9,0.8644
497,3620,car,571.46,257.81,627.69,308.9,0.8354
497,3688,car,637.63,268.86,690.8,310.86,0.7882
497,4156,car,749.4,287.24,817.55,334.24,0.8065
497,4286,car,524.97,206.26,551.67,231.8,0.4355
497,4599,bus,805.88,236.25,949.26,350.78,0.8748
497,4288,bus,298.77,225.7,387.13,336.87,0.514
497,4484,bike,133.76,298.78,173.81,343.84,0.5052
497,2080,car,684.35,247.53,714.93,272.09,0.4082
497,4820,car,564.71,208.81,588.67,227.31,0.4752
497,4871,car,663.65,222.58,695.36,246.01,0.3034
497,5019,car,499.8,184.49,513.96,194.38,0.2257
497,4996,bus,771.17,213.71,825.16,269.31,0.4286
498,1,bus,413.41,203.14,493.12,342.7,0.8853
498,1674,car,698.0,236.76,733.94,261.33,0.5646
498,3017,bus,696.77,194.09,771.93,245.13,0.6426
498,3792,car,538.05,315.9,610.15,385.46,0.8856
498,3620,car,571.91,259.2,630.25,312.22,0.8313
498,3688,car,639.34,269.99,693.95,313.02,0.8201
498,4156,car,747.58,286.52,816.26,333.87,0.8
498,4286,car,527.84,210.03,551.71,232.8,0.3973
498,4599,bus,805.21,235.11,951.02,350.34,0.8801
498,4288,bus,298.99,224.6,390.19,338.61,0.263
498,4484,bike,130.06,300.5,170.55,345.98,0.427
498,2080,car,683.17,247.12,713.48,271.47,0.4146
498,4820,car,565.42,209.17,589.23,227.69,0.433
498,4871,car,663.17,222.18,694.14,244.88,0.3376
498,4996,bus,771.92,214.0,825.67,268.5,0.5166
499,1,bus,413.37,203.18,493.05,342.49,0.8906
499,1674,car,697.84,236.15,733.23,260.82,0.5971
499,3017,bus,693.87,193.08,770.18,244.62,0.7063
499,3792,car,538.75,318.89,611.92,389.57,0.9112
499,3620,car,573.52,260.21,632.93,314.19,0.8641
499,3688,car,641.37,271.75,696.97,315.56,0.8263
499,4156,car,745.92,285.57,814.42,332.75,0.8187
499,4286,car,527.88,211.22,551.6,233.64,0.3816
499,4599,bus,804.1,233.8,951.24,348.73,0.8862
499,4288,bus,300.08,222.53,390.6,334.73,0.2724
499,4484,bike,124.87,300.59,167.81,348.93,0.5194
499,2080,car,684.45,245.59,709.85,265.5,0.3979
499,4820,car,566.77,210.21,589.45,227.86,0.5153
499,4871,car,663.04,222.09,693.82,244.54,0.2714
499,4996,bus,769.92,213.08,824.34,267.92,0.364
499,5092,bike,103.02,262.43,122.54,291.16,0.3781
500,1,bus,413.67,202.53,493.32,341.9,0.8879
500,1674,car,698.01,235.81,732.41,260.17,0.5652
500,3017,bus,701.94,193.92,775.38,244.45,0.6463
500,3792,car,539.9,321.35,613.86,392.93,0.9127
500,3620,car,573.61,260.69,635.37,316.97,0.8697
500,3688,car,643.24,272.73,700.33,317.76,0.8277
500,4156,car,743.54,284.0,812.5,331.53,0.8201
500,4286,car,526.44,208.78,552.88,233.87,0.4152
500,4599,bus,801.23,231.8,951.47,347.85,0.8646
500,4288,bus,298.09,222.72,389.27,335.88,0.4734
500,4484,bike,121.67,300.41,164.98,349.15,0.4982
500,2080,car,683.41,243.96,708.29,263.2,0.3858
500,4820,car,567.02,209.23,590.76,227.9,0.6097
500,4871,car,662.74,221.87,693.23,243.9,0.3676
500,4996,bus,771.77,213.88,824.46,265.98,0.2521
500,5092,bike,102.85,265.91,120.12,291.24,0.3997
500,5120,car,884.53,381.9,959.61,478.31,0.3549
501,1,bus,413.43,201.36,493.5,341.62,0.8856
501,1674,car,696.76,235.19,731.31,259.9,0.5212
501,3017,bus,707.22,194.51,778.13,244.32,0.6094
501,3792,car,540.65,323.37,616.44,396.96,0.9122
501,3620,car,574.51,262.3,637.1,319.45,0.7986
501,3688,car,645.36,274.48,702.9,319.85,0.8378
501,4156,car,742.66,282.82,810.96,329.85,0.7909
501,4286,car,526.8,209.78,553.36,234.72,0.4413
501,4599,bus,800.64,231.49,949.54,344.71,0.8745
501,4288,bus,296.87,222.36,392.25,340.8,0.4806
501,4484,bike,119.2,303.66,161.72,351.49,0.5684
501,2080,car,681.29,242.52,708.22,263.36,0.3769
501,4820,car,567.22,209.37,591.33,228.46,0.6077
501,4871,car,662.49,221.82,692.99,243.68,0.3645
501,4996,bus,772.13,213.68,824.85,264.93,0.2602
501,5092,bike,99.66,266.06,117.95,292.98,0.3716
501,5120,car,881.5,379.28,957.77,477.09,0.4167
502,1,bus,413.47,201.08,493.41,341.29,0.8843
502,1674,car,696.09,234.72,730.28,259.37,0.5236
502,3017,bus,698.59,193.01,772.0,244.06,0.6339
502,3792,car,540.81,325.36,618.7,401.42,0.8873
502,3620,car,576.13,264.23,639.48,322.19,0.7687
502,3688,car,647.39,275.84,705.83,321.9,0.8468
502,4156,car,742.38,282.59,808.59,328.16,0.7768
502,4286,car,526.57,209.28,554.16,235.07,0.5699
502,4599,bus,799.93,231.79,947.92,342.34,0.8904
502,4288,bus,296.5,222.35,391.98,341.09,0.3314
502,4484,bike,117.88,304.63,158.17,349.7,0.5005
502,2080,car,680.14,241.66,707.37,262.74,0.4216
502,4820,car,567.04,209.14,592.13,229.16,0.571
502,4871,car,662.44,221.49,692.76,242.98,0.3105
502,4996,bus,773.31,215.35,824.94,264.3,0.2829
502,5092,bike,97.24,264.34,117.29,294.09,0.4213
502,5120,car,884.38,377.24,952.34,463.72,0.4513
503,1,bus,413.76,201.39,493.56,341.61,0.8836
503,1674,car,695.65,233.99,730.04,259.04,0.5365
503,3017,bus,695.39,192.98,769.95,244.36,0.6386
503,3792,car,541.58,328.36,621.89,407.24,0.8706
503,3620,car,578.19,265.58,642.1,324.25,0.8028
503,3688,car,648.76,277.06,708.97,324.62,0.8485
503,4156,car,741.0,281.5,807.05,327.09,0.7935
503,4286,car,527.35,209.98,554.95,235.55,0.5489
503,4599,bus,799.6,232.65,946.6,340.3,0.8867
503,4288,bus,294.14,221.89,392.93,345.28,0.2907
503,4484,bike,114.01,305.49,156.07,352.53,0.2895
503,2080,car,678.95,241.14,706.8,262.73,0.3746
503,4820,car,567.01,209.06,592.86,229.89,0.5858
503,4871,car,662.3,221.46,692.42,242.69,0.2588
503,4996,bus,772.35,211.86,826.36,262.22,0.4974
503,5092,bike,95.11,260.44,117.9,294.7,0.3049
503,5120,car,887.11,374.96,946.59,449.26,0.3711
504,1,bus,413.93,201.91,493.52,341.85,0.8838
504,1674,car,696.01,233.69,730.37,259.08,0.5569
504,3017,bus,696.76,193.58,770.94,244.54,0.5709
504,3792,car,543.0,331.63,624.07,411.44,0.8693
504,3620,car,579.89,268.4,644.37,327.47,0.8188
504,3688,car,650.06,278.42,712.26,327.72,0.8311
504,4156,car,739.87,280.56,805.39,325.93,0.7581
504,4286,car,528.01,210.33,556.0,236.04,0.5321
504,4599,bus,797.0,229.93,948.64,339.53,0.8715
504,4288,bus,295.95,221.05,396.6,346.74,0.3676
504,4484,bike,109.53,307.2,153.76,356.95,0.4345
504,2080,car,678.89,241.02,705.83,261.88,0.3137
504,4820,car,567.94,209.77,594.06,230.78,0.6084
504,4871,car,662.94,221.67,692.75,242.56,0.2979
504,4996,bus,771.91,211.72,826.63,261.9,0.4161
504,5092,bike,94.13,261.16,116.46,295.0,0.3366
504,5120,car,887.79,373.07,944.74,442.49,0.5941
505,1,bus,413.72,201.44,493.44,341.65,0.8808
505,1674,car,696.72,233.86,730.18,258.87,0.4881
505,3017,bus,702.09,194.21,774.43,244.55,0.601
505,3792,car,544.13,335.22,625.9,415.89,0.8583
505,3620,car,582.09,270.4,647.39,330.44,0.8434
505,3688,car,652.81,280.65,716.03,330.69,0.8181
505,4156,car,738.32,279.26,803.65,324.52,0.7593
505,4286,car,528.5,210.28,557.08,236.45,0.4388
505,4599,bus,796.35,230.14,948.63,338.56,0.8808
505,4288,bus,296.93,219.44,398.3,345.64,0.2992
505,4484,bike,106.23,309.44,149.83,358.37,0.462
505,2080,car,678.5,240.45,704.96,260.94,0.3424
505,4820,car,568.98,210.3,595.17,231.4,0.593
505,4871,car,660.04,220.17,691.38,242.05,0.318
505,4996,bus,771.46,211.5,826.49,261.15,0.4504
505,5120,car,884.77,371.39,944.17,441.87,0.5573
506,1,bus,413.45,201.91,493.11,341.95,0.8865
506,1674,car,697.08,233.83,729.88,258.7,0.45
506,3017,bus,696.8,192.89,771.14,244.21,0.6405
506,3792,car,544.93,338.8,628.28,421.18,0.8704
506,3620,car,583.72,272.59,650.01,333.64,0.8406
506,3688,car,655.59,282.76,719.46,333.42,0.8693
506,4156,car,736.4,278.26,802.32,324.15,0.8014
506,4286,car,528.14,209.4,558.24,236.98,0.4424
506,4599,bus,794.44,230.21,947.9,337.77,0.8754
506,4288,bus,298.79,222.57,392.39,337.84,0.3277
506,4484,bike,105.12,312.35,144.81,356.21,0.34
506,2080,car,677.8,240.68,702.86,259.88,0.3
506,4820,car,570.07,211.82,595.0,231.94,0.5591
506,4871,car,659.98,220.43,691.04,241.95,0.274
506,4996,bus,770.15,212.62,824.02,260.75,0.369
506,5120,car,881.56,369.45,943.46,440.63,0.5468
506,5201,car,354.94,204.12,379.0,224.43,0.3519
507,1,bus,413.26,201.73,492.81,341.53,0.894
507,1674,car,697.72,233.99,728.69,257.78,0.473
507,3017,bus,694.66,191.71,770.56,243.8,0.6798
507,3792,car,546.42,342.19,631.15,426.21,0.8797
507,3620,car,586.17,274.15,653.27,336.04,0.8605
507,3688,car,657.97,285.14,722.13,336.02,0.8538
507,4156,car,734.47,277.19,800.35,323.24,0.8057
507,4286,car,527.89,208.43,559.48,237.51,0.3869
507,4599,bus,791.76,230.64,945.16,336.26,0.8689
507,2080,car,676.38,239.63,701.83,258.98,0.3247
507,4820,car,569.95,211.54,595.67,232.36,0.4825
507,4871,car,659.98,220.94,690.62,241.9,0.2631
507,5120,car,877.92,366.8,942.92,439.03,0.6998
507,5201,car,354.56,204.91,377.86,224.57,0.3808
508,1,bus,413.11,201.22,492.84,341.34,0.8863
508,1674,car,697.34,233.94,727.26,257.25,0.4488
508,3017,bus,702.36,193.43,774.19,243.39,0.557
508,3792,car,547.11,345.08,635.37,432.93,0.8641
508,3620,car,588.28,275.56,657.02,338.93,0.8644
508,3688,car,660.21,286.85,725.75,338.91,0.8436
508,4156,car,733.11,276.27,797.17,320.95,0.7948
508,4286,car,527.96,208.0,560.66,238.21,0.347
508,4599,bus,790.28,230.73,943.19,334.07,0.8834
508,2080,car,675.42,239.15,701.24,258.73,0.4035
508,4820,car,570.93,212.15,596.12,232.54,0.4623
508,5120,car,876.53,364.16,942.53,434.76,0.7775
508,4288,bus,304.23,220.09,396.45,331.66,0.3616
508,4484,bike,94.35,315.62,139.21,365.1,0.4798
509,1,bus,413.17,201.65,492.73,341.4,0.8809
509,1674,car,695.74,233.71,726.12,257.43,0.3659
509,3017,bus,699.4,193.49,772.05,243.76,0.5467
509,3792,car,547.84,348.91,637.37,438.32,0.8779
509,3620,car,589.7,277.49,659.66,342.03,0.8617
509,3688,car,662.63,288.2,730.44,342.11,0.8501
509,4156,car,731.57,275.93,795.28,320.5,0.8109
509,4286,car,528.36,208.7,561.38,239.42,0.348
509,4599,bus,787.44,230.48,940.77,332.66,0.8693
509,2080,car,673.9,237.73,701.6,258.86,0.2993
509,4820,car,570.91,210.87,598.46,233.55,0.4996
509,5120,car,874.05,362.09,943.22,433.49,0.7294
509,5242,bus,452.05,184.9,510.74,238.21,0.3468
509,4288,bus,307.81,220.86,398.87,330.36,0.4319
509,4484,bike,89.97,316.48,135.51,366.29,0.3651
509,5201,car,353.51,205.32,376.56,224.67,0.3222
510,1,bus,413.47,201.66,492.92,341.43,0.8779
510,1674,car,689.81,233.12,721.87,257.52,0.3726
510,3017,bus,699.68,193.94,771.83,243.89,0.4766
510,3792,car,548.84,353.0,640.23,444.48,0.889
510,3620,car,591.34,280.38,662.16,345.78,0.868
510,3688,car,665.33,290.92,733.49,345.11,0.8336
510,4156,car,730.02,275.33,793.09,319.51,0.7599
510,4286,car,529.68,210.31,561.94,240.29,0.4041
510,4599,bus,783.54,229.69,937.99,331.58,0.8449
510,2080,car,672.72,237.1,700.94,258.79,0.3102
510,4820,car,571.77,211.11,599.96,234.71,0.4626
510,5120,car,871.38,360.41,942.25,430.56,0.671
510,5242,bus,451.66,184.8,510.66,238.39,0.3068
510,4288,bus,304.24,218.17,398.42,329.83,0.2568
510,4484,bike,84.72,319.0,132.83,371.75,0.3862
510,5201,car,352.05,206.82,376.47,227.23,0.3934
511,1,bus,413.63,201.31,493.06,341.28,0.8769
511,1674,car,687.36,232.85,720.39,257.43,0.4169
511,3017,bus,701.36,194.27,772.61,243.73,0.487
511,3792,car,549.09,356.47,643.29,451.31,0.8403
511,3620,car,592.84,282.63,665.44,349.81,0.8156
511,3688,car,668.29,293.6,737.02,348.19,0.8482
511,4156,car,729.09,274.31,792.74,319.03,0.7555
511,4286,car,530.58,211.11,562.85,241.08,0.3987
511,4599,bus,782.4,228.53,934.32,327.73,0.8662
511,2080,car,671.89,236.66,700.54,258.84,0.3321
511,4820,car,572.47,210.89,600.92,235.05,0.4479
511,5120,car,868.62,358.9,940.99,427.31,0.6937
511,5242,bus,452.25,184.4,511.42,238.12,0.2939
511,4288,bus,302.49,218.08,398.13,330.14,0.5067
511,4484,bike,81.81,321.33,128.57,372.01,0.3565
511,5201,car,350.85,206.84,375.78,227.58,0.4199
511,5275,bus,873.0,236.86,958.38,334.07,0.4696
511,5277,bus,491.15,197.8,512.11,235.82,0.3401
512,1,bus,414.17,201.22,493.35,341.16,0.8803
512,1674,car,685.95,233.21,719.34,257.45,0.4287
512,3017,bus,698.94,193.82,771.2,243.71,0.5034
512,3792,car,549.99,360.46,646.66,458.28,0.8535
512,3620,car,594.59,284.89,669.2,353.95,0.8477
512,3688,car,671.39,296.11,741.55,351.82,0.86
512,4156,car,728.2,273.23,791.38,317.67,0.7359
512,4286,car,531.69,212.48,563.29,241.74,0.4824
512,4599,bus,779.21,224.7,934.06,325.39,0.8719
512,2080,car,671.2,236.15,700.32,258.89,0.3214
512,4820,car,573.04,211.02,601.44,235.5,0.5424
512,5120,car,866.06,357.39,941.13,425.3,0.7499
512,5242,bus,451.58,184.04,512.17,239.08,0.2599
512,4288,bus,299.15,216.13,402.85,337.82,0.2776
512,4484,bike,81.33,324.34,122.8,368.21,0.3121
512,5201,car,348.61,206.69,374.78,228.48,0.4219
512,5275,bus,873.58,239.14,958.0,335.17,0.5715
512,5277,bus,491.6,198.64,512.18,235.93,0.3288
513,1,bus,414.56,201.6,493.42,341.18,0.8787
513,1674,car,688.42,233.08,720.79,256.56,0.4293
513,3017,bus,701.85,194.47,773.06,243.91,0.4963
513,3792,car,552.35,366.12,649.93,465.06,0.8921
513,3620,car,596.46,287.52,672.49,357.99,0.8661
513,3688,car,673.89,298.1,746.32,355.73,0.8596
513,4156,car,727.22,273.14,788.95,316.72,0.7821
513,4286,car,531.77,213.13,563.65,242.58,0.5337
513,4599,bus,775.77,221.88,933.76,324.54,0.8898
513,2080,car,670.55,236.56,699.62,259.33,0.3211
513,4820,car,574.24,212.48,601.2,235.8,0.6684
513,5120,car,862.44,355.26,940.83,423.12,0.819
513,5242,bus,449.15,184.1,510.29,239.96,0.2481
513,4288,bus,298.47,219.03,400.87,338.62,0.3761
513,5201,car,346.99,206.18,374.17,228.88,0.4769
513,5275,bus,890.79,245.1,960.0,335.92,0.4514
513,5277,bus,491.93,199.55,512.43,236.61,0.2551
514,1,bus,414.72,201.66,493.53,341.18,0.8867
514,1674,car,686.76,232.66,719.89,256.39,0.4045
514,3017,bus,698.79,194.32,771.57,244.61,0.5125
514,3792,car,553.17,370.51,653.93,473.12,0.8621
514,3620,car,598.26,289.67,676.81,362.7,0.8658
514,3688,car,676.5,300.35,750.84,359.61,0.8574
514,4156,car,724.98,272.48,786.6,316.01,0.769
514,4286,car,531.0,212.35,565.04,243.99,0.6161
514,4599,bus,773.29,221.27,931.87,324.32,0.8906
514,2080,car,669.79,236.06,699.08,259.1,0.2485
514,4820,car,575.33,214.13,601.45,236.59,0.6543
514,5120,car,858.61,353.74,940.36,421.41,0.7921
514,5242,bus,449.17,184.57,510.35,240.64,0.2472
514,4288,bus,295.82,219.31,401.58,343.04,0.5219
514,5201,car,346.03,206.73,373.73,229.85,0.2973
514,5275,bus,894.72,247.13,960.0,336.09,0.4997
515,1,bus,414.49,202.03,493.49,341.73,0.8908
515,1674,car,686.47,232.08,720.33,256.32,0.4583
515,3017,bus,696.6,193.65,771.2,244.92,0.5652
515,3792,car,553.7,374.33,658.52,481.75,0.8692
515,3620,car,600.55,292.5,680.51,366.92,0.8626
515,3688,car,679.73,303.87,755.0,363.68,0.8773
515,4156,car,723.8,272.19,785.33,315.82,0.773
515,4286,car,531.96,213.38,566.14,245.2,0.6956
515,4599,bus,769.98,219.83,929.77,323.64,0.8915
515,2080,car,667.98,235.08,698.37,258.99,0.2298
515,4820,car,575.62,214.55,602.42,237.61,0.7093
515,5120,car,855.18,351.95,941.32,420.54,0.7493
515,5242,bus,449.55,184.72,510.32,240.6,0.2239
515,4288,bus,294.67,220.26,401.7,345.57,0.5543
515,5201,car,345.37,208.31,372.13,230.53,0.3746
515,5275,bus,898.87,247.8,960.0,336.23,0.6071
516,1,bus,414.26,202.46,493.22,342.0,0.8851
516,1674,car,686.37,232.32,719.86,256.23,0.4277
516,3017,bus,694.65,192.98,770.57,244.98,0.6527
516,3792,car,554.96,379.4,661.68,489.3,0.8566
516,3620,car,602.97,295.52,683.87,370.78,0.8676
516,3688,car,682.68,306.07,759.23,366.81,0.8826
516,4156,car,722.19,271.47,783.74,315.19,0.7655
516,4286,car,532.93,214.07,567.54,246.26,0.6527
516,4599,bus,766.41,217.92,927.74,322.99,0.8858
516,2080,car,666.98,234.75,697.96,259.16,0.2416
516,4820,car,576.59,216.12,602.49,238.22,0.7016
516,5120,car,850.04,350.1,941.34,420.08,0.8137
516,5242,bus,448.0,184.88,509.19,241.64,0.2536
516,4288,bus,293.68,219.08,402.96,347.2,0.51
516,5201,car,345.01,208.54,371.11,230.09,0.3631
516,5275,bus,901.35,249.2,960.0,336.78,0.6704
517,1,bus,414.05,202.11,492.98,341.61,0.8754
517,1674,car,686.47,231.98,719.92,255.85,0.3972
517,3017,bus,702.07,193.9,775.16,244.7,0.5088
517,3792,car,556.76,384.28,666.15,497.46,0.8272
517,3620,car,605.1,297.51,687.9,374.6,0.8607
517,3688,car,686.19,308.48,764.54,370.66,0.8464
517,4156,car,720.91,270.46,781.94,313.95,0.7706
517,4286,car,534.03,215.09,568.34,246.92,0.6769
517,4599,bus,766.25,217.79,924.85,321.11,0.884
517,4820,car,577.65,216.8,603.33,238.57,0.6422
517,5120,car,848.03,347.95,941.34,416.82,0.8142
517,4288,bus,292.15,215.61,405.29,348.76,0.5193
517,5201,car,344.12,209.14,369.57,230.01,0.3092
517,5275,bus,901.31,249.43,960.0,336.09,0.6536
517,5356,bike,70.66,275.01,92.96,303.41,0.485
517,5277,bus,492.56,200.6,512.74,236.84,0.259
518,1,bus,414.09,201.86,493.03,341.43,0.8783
518,1674,car,686.33,231.57,720.55,256.23,0.3985
518,3017,bus,706.23,194.55,777.02,244.57,0.5164
518,3792,car,557.83,389.39,671.15,507.31,0.8038
518,3620,car,606.52,299.2,693.42,380.44,0.8437
518,3688,car,688.36,310.51,769.49,375.04,0.8397
518,4156,car,720.08,269.36,780.37,312.36,0.7457
518,4286,car,534.79,215.82,569.34,247.79,0.6616
518,4599,bus,765.15,217.33,922.64,320.14,0.8834
518,4820,car,578.81,217.49,604.62,239.22,0.5683
518,5120,car,846.57,346.59,938.3,411.71,0.8355
518,4288,bus,290.64,216.25,406.28,353.27,0.4036
518,5201,car,343.58,209.93,368.33,230.02,0.2515
518,5275,bus,899.52,249.07,960.0,336.44,0.7006
518,5356,bike,70.52,278.32,90.27,303.44,0.4439
518,5277,bus,492.66,200.66,512.94,236.92,0.2769
519,1,bus,413.1,201.31,492.42,341.4,0.8817
519,1674,car,686.58,231.55,719.87,255.62,0.4092
519,3017,bus,701.07,193.71,773.57,244.58,0.5016
519,3792,car,559.94,393.51,677.57,516.29,0.8103
519,3620,car,608.77,301.25,697.74,384.62,0.8136
519,3688,car,691.32,311.85,776.26,379.68,0.8738
519,4156,car,718.25,268.01,779.36,311.89,0.7629
519,4286,car,535.59,216.54,570.06,248.25,0.6353
519,4599,bus,763.59,217.15,919.88,319.46,0.864
519,4820,car,579.56,217.3,606.24,239.79,0.5887
519,5120,car,843.23,344.66,936.79,409.17,0.8588
519,4288,bus,291.19,216.7,407.41,355.16,0.5922
519,5201,car,342.51,210.34,367.12,230.14,0.3331
519,5275,bus,899.47,248.88,960.0,335.95,0.6141
519,5356,bike,68.24,280.97,88.04,306.04,0.4315
519,5277,bus,492.56,200.26,513.23,237.0,0.3002
520,1,bus,413.09,201.19,492.62,341.49,0.8846
520,1674,car,686.78,231.6,719.57,255.45,0.3695
520,3017,bus,706.31,194.43,776.66,244.65,0.4514
520,3792,car,560.85,397.86,683.74,526.86,0.7782
520,3620,car,611.68,304.74,702.19,389.9,0.8552
520,3688,car,694.77,315.53,781.12,384.56,0.859
520,4156,car,717.58,267.19,777.4,310.23,0.7309
520,4286,car,535.6,216.84,571.0,249.36,0.6392
520,4599,bus,761.53,217.44,916.87,319.39,0.8625
520,4820,car,580.02,217.56,607.4,240.67,0.5434
520,5120,car,839.72,343.14,935.09,407.22,0.8768
520,4288,bus,291.55,216.78,407.19,355.39,0.6209
520,5201,car,339.55,211.76,366.14,233.11,0.3029
520,5275,bus,901.23,249.69,960.0,335.64,0.7475
520,5356,bike,67.38,282.92,85.86,306.24,0.2581
520,5277,bus,492.47,200.08,513.45,237.33,0.2564
521,1,bus,412.49,201.13,492.57,342.1,0.8902
521,1674,car,686.16,231.4,719.36,255.75,0.3227
521,3017,bus,699.14,193.58,771.49,244.72,0.4588
521,3792,car,562.6,404.1,687.8,536.21,0.8188
521,3620,car,614.73,308.66,706.13,394.65,0.817
521,3688,car,699.09,319.99,785.85,389.22,0.8587
521,4156,car,716.5,266.8,776.28,309.97,0.6626
521,4286,car,536.18,217.7,572.27,250.87,0.4721
521,4599,bus,759.95,217.49,913.65,318.58,0.8495
521,4820,car,581.01,218.69,608.39,241.85,0.5398
521,5120,car,835.81,342.27,933.65,406.82,0.8548
521,4288,bus,292.13,219.15,406.16,356.35,0.5876
521,5201,car,338.15,212.17,366.49,234.9,0.4809
521,5275,bus,901.55,250.47,960.0,335.83,0.7541
521,5356,bike,67.15,284.68,83.76,305.52,0.2401
522,1,bus,412.75,201.13,492.93,342.31,0.8908
522,1674,car,686.14,231.67,718.49,255.5,0.3481
522,3017,bus,696.43,193.24,769.87,244.66,0.438
522,3792,car,567.26,410.52,690.85,540.0,0.8385
522,3620,car,617.39,312.13,710.85,400.06,0.8369
522,3688,car,703.49,323.01,791.98,393.63,0.8662
522,4156,car,716.47,266.31,774.9,308.6,0.6774
522,4286,car,536.78,218.78,573.31,252.35,0.5819
522,4599,bus,759.9,217.96,910.56,317.11,0.8464
522,4820,car,582.14,219.16,610.26,243.0,0.5394
522,5120,car,833.46,341.4,931.12,404.71,0.8466
522,4288,bus,292.97,220.58,405.08,355.9,0.5506
522,5201,car,336.9,212.83,365.68,235.87,0.5528
522,5275,bus,900.71,250.76,960.0,335.9,0.7663
522,5356,bike,61.97,285.09,80.8,308.59,0.3889
522,5423,car,492.65,221.32,518.71,238.96,0.4156
522,4484,truck,31.43,323.16,85.45,379.6,0.4906
523,1,bus,412.81,201.21,492.63,341.68,0.883
523,1674,car,686.22,230.87,718.19,254.59,0.4293
523,3017,bus,704.34,194.23,774.6,244.24,0.5332
523,3792,car,572.55,416.17,693.08,540.0,0.8266
523,3620,car,619.98,315.19,716.82,406.51,0.7901
523,3688,car,707.7,326.12,798.05,398.01,0.8685
523,4156,car,715.79,266.09,772.7,307.14,0.6687
523,4286,car,537.65,219.43,574.34,253.11,0.5974
523,4599,bus,758.81,217.6,907.99,315.95,0.8542
523,4820,car,583.15,219.32,611.25,243.07,0.6275
523,5120,car,829.62,339.16,928.12,402.09,0.8552
523,4288,bus,293.03,219.82,404.57,354.46,0.6316
523,5201,car,335.75,213.0,364.65,236.12,0.5867
523,5275,bus,899.44,249.51,960.0,335.38,0.7068
523,5356,bike,59.39,286.59,77.71,309.29,0.2884
523,5423,car,492.47,220.15,519.89,238.74,0.3732
523,4484,truck,26.75,323.59,81.68,380.56,0.2877
524,1,bus,413.2,200.41,493.24,341.35,0.8809
524,1674,car,686.2,230.46,717.97,254.28,0.3804
524,3017,bus,699.38,192.89,771.48,243.76,0.6382
524,3792,car,578.13,421.71,695.69,540.0,0.7976
524,3620,car,622.73,318.76,722.49,413.0,0.7736
524,3688,car,710.79,329.61,804.11,403.77,0.886
524,4156,car,713.92,265.3,771.28,306.79,0.6574
524,4286,car,538.86,220.33,575.51,254.01,0.5153
524,4599,bus,756.43,216.6,906.58,316.04,0.8536
524,4820,car,583.74,219.27,613.18,244.34,0.6115
524,5120,car,826.64,337.53,924.58,399.23,0.8596
524,4288,bus,294.15,220.52,403.32,351.89,0.4387
524,5201,car,334.82,213.48,364.01,236.78,0.597
524,5275,bus,894.21,246.41,960.0,334.66,0.6459
524,5423,car,492.92,220.47,520.5,239.2,0.4663
524,4484,truck,21.05,325.8,77.24,383.75,0.4544
525,1,bus,413.29,200.31,493.25,341.15,0.8848
525,1674,car,685.51,230.42,716.65,253.81,0.4019
525,3017,bus,697.68,193.24,769.3,243.29,0.6206
525,3792,car,584.07,429.69,696.48,540.0,0.8616
525,3620,car,625.56,322.29,727.94,419.11,0.7851
525,3688,car,715.46,332.87,811.23,408.94,0.8757
525,4156,car,711.64,264.45,769.38,306.4,0.6272
525,4286,car,539.16,220.93,576.15,254.9,0.5754
525,4599,bus,755.53,216.78,903.64,315.13,0.851
525,4820,car,584.01,219.4,614.13,245.26,0.6844
525,5120,car,822.19,335.4,922.81,398.15,0.8843
525,4288,bus,294.39,221.41,402.83,351.66,0.4917
525,5201,car,333.82,213.94,362.58,236.73,0.5219
525,5275,bus,888.51,244.93,956.7,334.74,0.7385
525,5423,car,492.57,219.99,521.9,240.0,0.6028
526,1,bus,413.69,200.72,493.35,341.26,0.8863
526,1674,car,685.72,229.89,716.67,253.39,0.3786
526,3017,bus,698.34,193.35,769.7,242.9,0.684
526,3792,car,588.78,436.52,697.41,540.0,0.8525
526,3620,car,628.88,325.34,734.4,425.3,0.6808
526,3688,car,719.21,336.16,818.17,414.71,0.8966
526,4156,car,710.1,263.54,768.28,306.04,0.7163
526,4286,car,539.66,221.73,577.0,256.09,0.4927
526,4599,bus,755.39,217.39,900.04,313.51,0.8524
526,4820,car,584.55,219.23,615.08,245.77,0.5672
526,5120,car,818.94,334.03,919.53,395.95,0.9089
526,4288,bus,295.21,221.52,402.97,350.62,0.3705
526,5201,car,332.67,214.2,361.67,237.06,0.5338
526,5275,bus,886.81,244.45,956.09,334.8,0.7979
526,5423,car,492.71,220.1,522.55,240.57,0.5577
526,5469,car,406.42,186.3,421.95,200.65,0.3603
527,1,bus,413.66,200.7,493.27,341.23,0.8801
527,1674,car,685.67,230.07,715.58,252.83,0.3603
527,3017,bus,697.08,192.89,769.75,242.87,0.6631
527,3792,car,592.57,443.41,696.58,540.0,0.8185
527,3620,car,631.86,328.85,741.1,432.55,0.771
527,3688,car,724.14,339.93,826.26,420.93,0.8812
527,4156,car,708.5,262.74,767.05,305.77,0.7173
527,4286,car,540.26,222.85,577.83,257.38,0.4228
527,4599,bus,755.43,218.46,896.48,312.07,0.8451
527,4820,car,585.46,220.55,615.02,246.34,0.7179
527,5120,car,815.17,332.14,916.98,394.34,0.9086
527,4288,bus,293.88,221.71,403.22,352.66,0.2492
527,5201,car,331.73,214.27,361.35,237.64,0.5413
527,5275,bus,886.25,244.58,956.06,334.77,0.7935
527,5423,car,492.18,218.98,524.15,241.11,0.6171
527,5469,car,406.32,186.71,421.65,200.85,0.3561
527,4484,truck,3.07,330.55,63.15,392.0,0.4268
528,1,bus,413.89,201.21,493.35,341.49,0.8796
528,1674,car,685.61,230.55,714.89,252.9,0.3852
528,3017,bus,703.79,193.54,774.91,243.13,0.6659
528,3792,car,597.66,450.77,697.71,540.0,0.8081
528,3620,car,635.39,333.71,747.88,440.64,0.7966
528,3688,car,727.83,343.25,834.51,428.18,0.876
528,4156,car,707.03,262.37,765.07,305.12,0.6593
528,4286,car,540.27,222.75,579.46,258.95,0.4933
528,4599,bus,756.03,219.77,892.79,310.22,0.8589
528,4820,car,586.74,222.26,615.48,247.26,0.6785
528,5120,car,812.17,331.1,914.06,392.88,0.8953
528,4288,bus,292.35,223.42,401.53,354.9,0.4829
528,5201,car,329.97,214.85,360.36,239.0,0.5593
528,5275,bus,885.89,245.84,955.48,334.65,0.7668
528,5423,car,493.21,220.02,524.2,241.58,0.5552
528,5469,car,405.65,186.87,421.29,201.22,0.4499
528,4484,truck,0.0,333.25,60.01,397.25,0.5463
529,1,bus,414.07,201.25,493.6,341.79,0.879
529,1674,car,684.9,231.11,713.48,252.74,0.382
529,3017,bus,705.4,193.37,776.11,243.3,0.6735
529,3792,car,602.63,459.64,696.93,540.0,0.8009
529,3620,car,638.8,337.46,754.69,447.75,0.7953
529,3688,car,731.91,346.71,842.22,434.81,0.8716
529,4156,car,705.83,261.92,763.08,304.12,0.6845
529,4286,car,541.14,223.36,581.2,260.47,0.4718
529,4599,bus,756.13,220.53,890.3,308.81,0.8602
529,4820,car,588.3,222.71,617.3,248.06,0.4798
529,5120,car,810.03,329.9,910.34,390.21,0.8699
529,4288,bus,292.47,223.03,402.49,355.83,0.3797
529,5201,car,327.97,215.47,359.41,240.66,0.566
529,5275,bus,885.53,246.5,955.42,334.68,0.8023
529,5423,car,493.38,219.95,524.66,241.87,0.6435
529,5469,car,404.86,186.87,420.9,201.53,0.4951
529,4484,truck,0.0,336.2,56.0,399.49,0.5379
530,1,bus,414.1,200.97,493.7,341.74,0.8696
530,1674,car,683.92,230.91,712.92,252.75,0.3919
530,3017,bus,704.75,193.28,775.17,243.37,0.5535
530,3792,car,606.7,467.75,695.66,540.0,0.7065
530,3620,car,642.05,342.1,762.21,456.67,0.7847
530,3688,car,738.33,351.83,850.09,441.14,0.8709
530,4156,car,705.29,260.65,762.47,302.98,0.6312
530,4286,car,542.03,224.61,582.53,262.16,0.4436
530,4599,bus,755.41,221.42,888.56,308.46,0.8579
530,4820,car,589.63,223.06,618.87,248.6,0.6006
530,5120,car,808.75,329.06,907.05,387.68,0.8419
530,4288,bus,291.19,224.04,399.97,356.15,0.426
530,5201,car,326.85,216.29,358.39,241.59,0.653
530,5275,bus,883.7,245.97,954.93,334.61,0.825
530,5423,car,493.42,219.6,525.3,242.12,0.5826
530,5469,car,403.94,186.85,420.52,201.97,0.4403
530,4484,bus,0.0,339.22,52.37,402.28,0.4543
531,1,bus,413.8,200.11,493.83,341.69,0.864
531,1674,car,682.32,230.18,711.9,252.25,0.4997
531,3017,bus,705.65,193.87,775.09,243.66,0.5683
531,3792,car,612.91,477.89,694.58,540.0,0.7125
531,3620,car,646.28,346.32,770.75,465.18,0.7931
531,3688,car,743.42,357.16,858.01,448.79,0.8668
531,4156,car,705.52,260.61,760.78,301.66,0.6885
531,4286,car,544.25,226.76,583.72,263.56,0.4535
531,4599,bus,754.47,221.9,886.31,307.49,0.8724
531,4820,car,590.74,224.42,620.04,249.88,0.6111
531,5120,car,805.47,326.98,905.0,386.12,0.7955
531,4288,bus,290.27,224.35,399.87,358.65,0.3595
531,5201,car,325.97,216.67,357.49,241.93,0.7248
531,5275,bus,882.82,245.72,955.21,334.79,0.8405
531,5423,car,491.31,216.4,527.45,242.47,0.487
531,5469,car,403.4,187.08,420.3,202.48,0.4656
532,1,bus,413.64,201.0,493.43,342.02,0.8701
532,1674,car,682.11,229.73,711.87,251.95,0.471
532,3017,bus,699.5,192.94,771.25,243.9,0.6142
532,3792,car,618.13,487.11,692.67,540.0,0.7402
532,3620,car,649.74,351.3,778.87,474.79,0.5781
532,3688,car,749.07,361.55,868.17,457.04,0.8545
532,4156,car,704.56,260.81,758.97,301.38,0.6727
532,4286,car,545.76,229.74,583.73,265.01,0.4613
532,4599,bus,752.44,221.83,883.64,306.78,0.8742
532,4820,car,591.42,225.36,620.96,250.85,0.6514
532,5120,car,803.63,325.62,903.0,384.54,0.7624
532,4288,bus,290.53,224.1,398.8,357.83,0.3336
532,5201,car,325.07,217.53,356.34,242.53,0.6707
532,5275,bus,881.75,245.08,955.52,334.92,0.8693
532,5423,car,492.85,217.84,526.88,242.64,0.5877
532,5469,car,402.82,187.16,420.15,202.95,0.4559
533,1,bus,413.44,201.62,493.18,342.27,0.8775
533,1674,car,681.31,229.67,710.94,251.66,0.4452
533,3017,bus,702.56,193.5,773.03,243.93,0.5803
533,3792,car,622.49,497.54,688.15,540.0,0.7362
533,3620,car,654.23,356.25,786.76,483.06,0.6122
533,3688,car,755.01,366.08,878.16,464.89,0.8649
533,4156,car,703.58,260.7,757.27,300.87,0.6702
533,4286,car,546.75,231.17,584.87,266.48,0.5795
533,4599,bus,751.05,222.21,880.63,305.88,0.8898
533,4820,car,592.72,226.64,621.9,251.67,0.6299
533,5120,car,799.24,324.52,898.63,383.07,0.7402
533,4288,bus,291.34,227.93,396.54,358.72,0.3909
533,5201,car,323.81,218.67,354.81,243.21,0.6548
533,5275,bus,880.87,245.91,955.3,335.5,0.8732
533,5423,car,493.99,219.43,527.09,243.77,0.5909
533,5469,car,402.38,187.94,419.47,203.49,0.3706
534,1,bus,413.12,201.42,493.1,342.29,0.8786
534,1674,car,681.8,230.23,710.31,251.29,0.4425
534,3017,bus,697.22,192.83,769.95,244.21,0.7594
534,3792,car,631.97,509.8,685.35,540.0,0.6603
534,3620,car,658.26,361.17,795.74,492.91,0.6075
534,3688,car,760.63,370.78,888.52,473.65,0.8478
534,4156,car,702.2,260.33,755.51,300.25,0.6849
534,4286,car,547.03,232.19,586.11,268.23,0.5893
534,4599,bus,750.12,222.35,878.84,305.2,0.9003
534,4820,car,594.42,228.37,622.95,252.76,0.6194
534,5120,car,797.31,323.69,894.87,380.87,0.7991
534,4288,bus,292.46,231.6,393.03,357.1,0.3798
534,5201,car,321.81,219.65,353.96,245.04,0.5747
534,5275,bus,879.92,245.46,955.66,335.76,0.8782
534,5423,car,495.13,221.32,527.17,245.0,0.5085
534,5469,car,402.02,188.47,419.2,204.05,0.3317
535,1,bus,413.22,200.34,493.56,341.91,0.8653
535,1674,car,681.75,230.04,710.0,250.81,0.481
535,3017,bus,695.76,192.2,769.3,243.68,0.5952
535,3620,car,663.78,366.67,806.97,503.77,0.6622
535,3688,car,767.49,376.13,899.15,482.24,0.8735
535,4156,car,701.71,259.94,754.1,299.28,0.6824
535,4286,car,548.39,233.54,587.1,269.06,0.5996
535,4599,bus,748.51,221.31,876.38,303.47,0.88
535,4820,car,595.4,228.59,624.15,253.17,0.636
535,5120,car,794.5,321.47,892.99,379.11,0.7529
535,4288,bus,292.18,228.07,395.31,357.44,0.3281
535,5201,car,320.92,219.8,352.94,244.89,0.6989
535,5275,bus,877.72,243.97,955.38,335.52,0.8679
535,5423,car,494.56,220.1,528.31,245.37,0.6088
535,5469,car,401.6,188.32,418.85,203.87,0.3807
536,1,bus,413.29,201.23,493.27,342.08,0.8771
536,1674,car,681.12,229.33,710.04,250.58,0.4818
536,3017,bus,694.09,192.0,768.38,243.64,0.6131
536,3620,car,668.04,371.91,817.05,514.88,0.7674
536,3688,car,773.75,381.82,910.2,492.09,0.9199
536,4156,car,701.31,259.63,752.33,297.92,0.7133
536,4286,car,549.2,234.26,588.49,270.31,0.4899
536,4599,bus,747.29,220.96,874.44,302.5,0.896
536,4820,car,596.28,229.4,624.94,253.83,0.6594
536,5120,car,790.37,319.82,891.83,379.34,0.7768
536,4288,bus,294.09,226.26,400.48,359.21,0.3944
536,5201,car,319.56,220.51,351.64,245.48,0.586
536,5275,bus,876.38,242.84,955.65,335.4,0.8684
536,5423,car,496.39,222.49,527.79,246.01,0.6438
536,5469,car,401.55,188.44,418.86,204.05,0.3276
537,1,bus,412.75,201.6,492.87,342.33,0.8836
537,1674,car,681.18,229.49,710.21,250.93,0.468
537,3017,bus,693.69,191.98,768.85,243.83,0.7844
537,3620,car,673.25,378.71,826.99,526.19,0.7519
537,3688,car,780.73,388.18,922.57,502.99,0.8792
537,4156,car,700.56,259.61,750.28,296.73,0.7287
537,4286,car,549.71,235.57,589.33,271.79,0.5637
537,4599,bus,745.97,220.74,873.25,302.37,0.8926
537,4820,car,596.91,230.43,626.65,255.83,0.6651
537,5120,car,789.7,319.16,888.04,376.69,0.8107
537,4288,bus,296.36,228.57,399.73,356.83,0.4569
537,5201,car,318.39,221.5,350.21,246.19,0.5034
537,5275,bus,876.42,244.62,955.51,336.0,0.8586
537,5423,car,496.78,223.82,528.02,247.33,0.6974
537,5627,car,511.49,190.19,528.07,205.13,0.3993
538,1,bus,412.81,201.83,492.94,342.34,0.8786
538,1674,car,679.07,229.03,708.9,250.91,0.4906
538,3017,bus,693.66,192.0,769.27,243.77,0.7826
538,3620,car,679.37,384.7,837.63,536.22,0.8157
538,3688,car,787.68,392.84,935.86,512.96,0.8884
538,4156,car,700.18,259.57,748.63,295.49,0.7396
538,4286,car,549.97,235.69,591.37,273.65,0.3325
538,4599,bus,743.78,220.7,871.23,302.43,0.9039
538,4820,car,597.99,231.35,627.71,256.76,0.5974
538,5120,car,787.95,318.33,885.48,375.45,0.7866
538,4288,bus,297.49,226.74,402.55,355.99,0.3214
538,5201,car,316.69,221.72,349.03,246.76,0.4777
538,5275,bus,875.04,245.03,954.85,336.05,0.8431
538,5423,car,497.15,224.6,528.11,247.97,0.7117
538,5627,car,511.35,190.18,528.22,205.36,0.4551
539,1,bus,412.93,201.71,493.29,342.47,0.881
539,1674,car,678.53,229.19,707.64,250.36,0.4918
539,3017,bus,693.71,192.09,769.64,243.73,0.6554
539,3620,car,688.99,391.36,846.23,540.0,0.8679
539,3688,car,795.23,399.52,948.52,523.97,0.8725
539,4156,car,699.16,258.81,747.07,294.17,0.7615
539,4286,car,549.93,235.73,593.03,275.21,0.3338
539,4599,bus,743.83,220.59,870.45,301.52,0.8956
539,4820,car,599.04,232.38,628.9,257.87,0.6625
539,5120,car,786.11,317.68,883.09,374.64,0.8211
539,4288,bus,298.08,224.91,401.44,350.73,0.3875
539,5201,car,314.43,222.03,347.97,247.98,0.4613
539,5275,bus,874.75,244.74,955.33,335.7,0.8427
539,5423,car,497.31,224.7,528.36,248.22,0.7221
539,5627,car,511.93,190.32,528.74,205.41,0.5056
