frame_id,vehicle_id,class,x1,y1,x2,y2,confidence
0,1,car,744.12,303.38,956.06,487.37,0.9219
0,2,car,588.0,36.21,689.89,77.82,0.905
0,3,car,660.8,23.95,732.78,59.15,0.8203
0,4,bike,748.64,49.57,792.68,92.35,0.7485
0,5,bike,797.01,17.28,823.29,48.05,0.6951
0,6,bike,218.58,94.24,250.7,146.75,0.6797
0,7,bike,806.82,45.46,860.51,85.49,0.6286
0,8,bike,42.76,87.76,75.58,148.99,0.6259
0,9,car,610.0,7.18,664.33,42.71,0.5003
0,10,car,440.32,1.45,509.45,66.83,0.4806
0,11,bus,243.3,20.24,313.83,60.45,0.4662
0,12,truck,440.24,1.32,509.63,66.94,0.4631
0,13,bike,506.48,9.58,527.91,43.25,0.4624
0,14,bike,21.97,82.81,60.29,125.93,0.4057
0,15,car,908.28,12.61,959.92,48.51,0.3116
0,16,bus,441.03,0.83,510.09,67.03,0.2061
0,17,bike,260.34,42.54,275.43,61.27,0.1719
0,18,rickshaw,340.98,11.56,366.77,38.44,0.1644
0,19,rickshaw,291.28,29.95,316.1,59.25,0.1511
1,1,car,740.59,298.74,952.53,482.84,0.9173
1,2,car,589.24,35.95,692.79,78.26,0.9173
1,3,car,657.64,23.66,729.08,58.56,0.7631
1,4,bike,751.6,48.96,797.1,93.18,0.6444
1,5,bike,797.79,17.84,823.57,48.05,0.7042
1,6,bike,218.51,93.72,250.74,146.45,0.7157
1,7,bike,809.67,45.52,864.78,86.57,0.4773
1,8,bike,43.24,87.87,76.15,149.31,0.5634
1,9,car,607.26,6.98,665.23,44.97,0.598
1,11,bus,243.07,19.97,314.95,60.89,0.514
1,13,bike,506.85,8.39,528.67,42.71,0.3793
1,14,bike,19.64,79.95,59.81,125.39,0.449
1,15,car,911.65,15.18,959.55,48.46,0.3091
1,16,car,441.65,1.16,509.96,66.63,0.6145
2,1,car,738.12,295.08,947.23,476.94,0.9311
2,2,car,592.69,35.87,695.83,78.03,0.8972
2,3,car,656.76,23.41,728.02,58.25,0.8042
2,4,bike,755.41,48.78,801.56,93.71,0.6739
2,5,bike,797.51,18.43,822.94,48.22,0.6947
2,6,bike,216.87,93.65,255.92,157.67,0.6806
2,8,bike,44.79,88.02,77.43,149.0,0.7309
2,9,car,606.0,7.03,663.53,44.82,0.6077
2,11,bus,245.32,20.15,316.99,60.96,0.6178
2,13,bike,507.96,7.88,529.78,42.26,0.2388
2,14,bike,20.51,81.29,59.73,125.99,0.5219
2,15,car,915.02,17.61,959.54,48.53,0.3201
2,16,car,443.68,1.22,511.62,66.21,0.6563
3,1,car,736.7,291.17,941.78,469.63,0.9434
3,2,car,595.15,35.9,697.85,77.85,0.8862
3,3,car,655.05,22.98,726.99,58.25,0.8314
3,4,bike,758.48,49.28,805.5,95.16,0.8423
3,5,bike,797.53,17.63,823.82,48.48,0.7047
3,6,bike,216.62,93.12,255.79,157.48,0.6108
3,8,bike,44.9,89.34,76.65,148.78,0.6202
3,9,car,605.45,6.76,661.73,43.81,0.6066
3,11,bus,242.49,17.38,316.96,59.87,0.5199
3,13,bike,508.87,7.27,530.93,42.08,0.243
3,14,bike,22.12,82.21,59.47,124.99,0.4165
3,15,car,910.89,14.93,959.33,48.54,0.3717
3,16,car,456.62,24.41,503.08,67.38,0.6651
3,7,bike,817.62,46.04,869.12,84.21,0.3099
4,1,car,735.01,287.71,938.04,464.51,0.9423
4,2,car,599.03,35.92,701.27,77.65,0.8975
4,3,car,655.38,23.0,725.72,57.63,0.7704
4,4,bike,761.81,49.15,810.11,96.4,0.7537
4,5,bike,798.01,17.01,824.49,48.23,0.7208
4,6,bike,217.41,93.0,253.95,153.08,0.6788
4,8,bike,45.54,87.31,78.8,149.78,0.6342
4,9,car,605.15,6.66,660.27,42.98,0.6247
4,11,bus,242.28,18.8,314.67,60.21,0.4945
4,14,bike,24.0,81.81,60.66,124.12,0.4618
4,15,car,905.92,7.65,960.0,48.51,0.3979
4,16,car,461.72,31.5,502.45,67.79,0.5388
5,1,car,733.36,285.6,931.97,458.61,0.9395
5,2,car,601.67,35.56,705.11,77.79,0.8829
5,3,car,652.96,23.15,721.58,56.93,0.7296
5,4,bike,764.39,49.34,813.07,97.09,0.7352
5,5,bike,797.95,16.1,824.98,48.17,0.7141
5,6,bike,217.87,92.75,254.37,152.97,0.6313
5,8,bike,46.18,87.06,79.41,149.64,0.7271
5,9,car,605.14,7.1,658.58,42.36,0.6096
5,11,bus,240.97,15.12,317.95,59.36,0.4763
5,14,bike,25.05,82.8,60.33,123.98,0.5076
5,15,car,907.38,7.93,960.0,48.51,0.4282
5,16,car,463.52,32.94,504.17,67.68,0.7402
5,35,car,445.26,0.92,520.99,65.74,0.4337
6,1,car,732.84,283.83,927.05,452.98,0.9457
6,2,car,603.89,35.63,709.3,78.75,0.8718
6,3,car,650.23,22.63,718.95,56.46,0.6521
6,5,bike,798.2,16.32,824.85,48.15,0.6673
6,6,bike,216.36,93.03,257.04,160.41,0.7398
6,8,bike,47.07,87.43,79.79,149.37,0.7122
6,9,car,605.04,7.13,657.99,42.14,0.6068
6,11,bus,242.46,17.46,315.56,59.78,0.459
6,14,bike,26.08,83.42,60.65,124.26,0.5583
6,15,car,906.74,6.3,960.0,48.41,0.364
6,16,car,464.13,33.2,506.15,67.67,0.5708
6,35,bus,447.45,0.85,522.86,65.37,0.406
7,1,car,730.48,281.28,924.43,450.42,0.9434
7,2,car,606.3,35.6,711.49,78.65,0.8993
7,3,car,649.31,22.12,716.09,55.0,0.3639
7,5,bike,798.01,16.74,824.12,47.96,0.6487
7,6,bike,219.25,93.37,253.73,150.47,0.6961
7,8,bike,47.93,88.1,80.15,149.46,0.7909
7,9,car,605.11,6.19,658.69,41.75,0.6038
7,11,bus,244.31,18.13,316.26,60.03,0.6834
7,14,bike,26.88,83.16,61.07,124.07,0.647
7,15,car,906.93,9.07,960.0,48.62,0.4019
7,35,car,449.47,0.96,525.84,66.25,0.5057
7,7,bike,829.18,44.47,885.86,86.19,0.3272
8,1,car,728.6,279.87,921.18,448.12,0.9398
8,2,car,608.78,35.43,714.15,78.6,0.8908
8,5,bike,798.55,16.49,824.22,47.23,0.6182
8,6,bike,220.31,92.59,252.79,146.41,0.6121
8,8,bike,48.26,87.43,80.58,149.35,0.744
8,9,car,604.44,5.71,658.33,41.61,0.679
8,11,bus,247.04,18.24,318.93,60.22,0.6062
8,14,bike,27.23,82.8,61.45,124.44,0.5712
8,15,car,908.46,11.14,960.0,48.72,0.3187
8,35,car,449.41,0.95,526.13,66.68,0.3667
8,7,bike,828.88,39.79,891.75,86.46,0.7086
8,13,bike,511.64,8.83,532.99,42.73,0.3371
8,4,bike,776.55,50.58,825.02,98.31,0.452
8,16,car,467.68,33.07,513.03,68.51,0.6999
9,1,car,727.91,275.69,915.51,439.72,0.9329
9,2,car,612.8,35.51,718.26,78.78,0.873
9,5,bike,798.08,16.12,824.0,47.26,0.6564
9,6,bike,221.35,92.79,253.13,145.56,0.6956
9,8,bike,48.74,87.87,80.5,149.11,0.8139
9,9,car,603.77,5.71,658.0,41.98,0.7282
9,11,bus,246.58,18.43,317.32,60.12,0.5925
9,14,bike,27.54,81.92,61.87,124.6,0.6135
9,15,car,910.06,13.24,959.58,48.53,0.3593
9,35,car,450.91,0.89,528.05,67.03,0.3268
9,7,bike,831.04,38.26,894.41,85.72,0.4586
9,74,car,690.38,0.0,727.94,22.05,0.3413
9,4,bike,780.69,50.71,828.78,98.32,0.5764
9,16,car,467.72,32.35,516.84,69.07,0.6698
10,1,car,726.65,272.76,910.48,433.45,0.9311
10,2,car,615.26,35.71,720.82,79.03,0.8746
10,5,bike,797.62,16.68,823.36,47.56,0.6272
10,6,bike,222.73,93.1,252.84,142.92,0.5552
10,8,bike,49.56,87.61,81.25,149.11,0.7817
10,9,car,602.87,5.53,658.17,42.71,0.7244
10,11,bus,246.44,7.28,334.38,59.18,0.5043
10,14,bike,28.7,82.01,62.54,124.92,0.6858
10,15,car,910.16,11.66,960.0,48.34,0.427
10,35,car,450.86,0.85,528.03,67.26,0.4279
10,7,bike,831.67,36.72,895.83,85.51,0.6076
10,74,car,691.08,0.0,728.72,22.1,0.2886
10,4,bike,784.11,50.12,832.93,98.76,0.5682
10,16,car,467.74,31.91,519.93,69.47,0.7875
10,85,rickshaw,620.38,393.8,832.2,538.08,0.3565
11,1,car,724.22,269.33,907.8,429.79,0.9338
11,2,car,615.28,34.85,724.75,80.12,0.7964
11,5,bike,797.17,16.44,822.59,46.73,0.6617
11,6,bike,222.97,93.06,252.98,142.58,0.4753
11,8,bike,50.3,87.91,82.07,149.82,0.7764
11,9,car,602.45,5.41,657.83,42.84,0.7147
11,11,bus,246.59,3.75,339.3,58.77,0.4256
11,14,bike,29.95,81.76,63.37,125.16,0.6696
11,15,car,908.69,8.75,960.0,48.37,0.3528
11,35,car,451.05,0.93,528.62,67.94,0.4394
11,7,bike,836.97,41.0,894.67,84.73,0.6969
11,74,car,691.18,0.0,728.79,22.08,0.2757
11,4,bike,789.22,51.66,836.26,98.44,0.2384
11,16,car,467.13,31.6,522.29,69.96,0.5864
11,85,rickshaw,611.74,382.83,840.07,538.62,0.6941
12,1,car,725.11,267.95,903.3,423.36,0.9412
12,2,car,616.27,33.19,728.66,79.98,0.7826
12,5,bike,796.77,17.31,822.56,47.8,0.6186
12,6,bike,221.25,93.01,256.36,151.4,0.571
12,8,bike,51.34,87.47,83.28,149.73,0.7831
12,9,car,601.32,5.11,656.95,42.97,0.7176
12,11,bus,248.77,4.38,339.75,58.7,0.3957
12,14,bike,31.68,82.21,63.7,124.85,0.5611
12,15,car,910.29,12.36,960.0,48.48,0.361
12,35,bus,455.32,0.7,523.37,58.96,0.5538
12,7,bike,842.25,43.75,895.03,83.6,0.6198
12,74,car,690.98,0.0,729.29,22.51,0.4652
12,4,bike,791.82,50.41,839.03,97.62,0.463
12,16,car,467.59,31.4,526.0,71.04,0.6015
12,85,rickshaw,603.33,372.11,846.75,539.02,0.7921
12,107,bus,251.47,19.7,310.72,59.58,0.3495
13,1,car,723.08,265.13,900.25,419.44,0.9451
13,2,car,616.55,31.02,733.19,80.12,0.7854
13,5,bike,796.64,17.42,822.89,48.33,0.6646
13,6,bike,223.23,93.04,255.31,146.28,0.4438
13,8,bike,51.58,86.45,84.3,150.14,0.7763
13,9,car,600.09,4.8,655.68,42.93,0.7128
13,11,bus,250.46,4.8,339.95,58.7,0.4074
13,14,bike,33.47,82.1,64.23,124.08,0.5269
13,15,car,904.93,5.26,960.0,48.49,0.4919
13,35,bus,459.24,0.58,522.39,53.75,0.3665
13,7,bike,844.85,43.39,897.72,83.3,0.7049
13,4,bike,795.74,52.03,842.06,98.49,0.6673
13,16,car,469.12,31.36,529.49,71.49,0.6392
13,85,rickshaw,594.67,362.04,850.36,538.82,0.8998
13,107,bus,251.96,19.71,311.09,59.63,0.3977
13,116,car,456.05,0.75,530.6,66.09,0.3761
14,1,car,721.52,263.08,897.7,416.42,0.941
14,2,car,620.09,32.29,734.61,80.81,0.8319
14,5,bike,797.06,17.19,823.29,48.22,0.6478
14,6,bike,225.48,93.47,254.97,141.95,0.683
14,8,bike,51.82,85.89,85.14,150.22,0.7262
14,9,car,599.97,4.37,654.21,41.72,0.6585
14,14,bike,34.76,82.27,64.5,123.94,0.3045
14,15,car,907.55,7.69,960.0,48.67,0.3347
14,35,bus,460.01,0.58,524.24,53.8,0.275
14,7,bike,847.48,43.42,901.23,83.73,0.7125
14,4,bike,799.89,52.83,845.35,98.6,0.6109
14,16,car,471.08,31.9,532.93,72.03,0.5348
14,85,rickshaw,585.13,355.72,845.52,537.96,0.917
14,107,bus,253.5,19.35,312.86,59.59,0.6333
14,116,car,456.18,0.76,532.96,67.99,0.444
15,1,car,718.75,260.89,894.82,414.36,0.9483
15,2,car,627.09,34.94,734.86,80.56,0.8142
15,5,bike,796.49,17.67,822.49,48.29,0.6813
15,6,bike,225.49,93.35,256.03,143.35,0.7406
15,8,bike,53.5,86.23,87.1,150.72,0.7575
15,9,car,598.49,3.43,652.97,41.23,0.5794
15,14,bike,35.96,81.45,65.64,124.02,0.5021
15,15,car,905.76,5.66,960.0,48.47,0.459
15,35,bus,460.42,0.58,526.35,54.4,0.3232
15,7,bike,850.84,44.02,902.73,82.72,0.652
15,4,bike,805.12,53.91,849.7,98.4,0.4656
15,16,car,472.35,32.27,535.5,72.33,0.6206
15,85,rickshaw,576.4,349.09,841.94,537.86,0.9343
15,107,bus,254.95,19.23,314.34,59.59,0.5435
15,116,car,457.31,0.72,534.05,67.81,0.398
16,1,car,716.97,259.46,891.51,411.73,0.9448
16,2,car,631.61,36.57,736.13,80.62,0.8257
16,5,bike,797.1,17.67,823.11,48.39,0.7003
16,6,bike,226.25,93.71,256.0,142.41,0.6581
16,8,bike,53.83,86.87,87.44,151.38,0.7634
16,9,car,596.85,3.24,651.08,41.36,0.6147
16,14,bike,37.23,82.16,65.97,124.16,0.4578
16,15,car,903.66,4.23,960.0,48.66,0.5644
16,35,bus,461.01,0.58,527.7,54.3,0.4651
16,7,bike,853.1,44.78,905.82,84.1,0.3985
16,4,bike,807.96,53.17,853.67,98.99,0.706
16,16,car,473.03,32.7,537.95,73.1,0.5872
16,85,rickshaw,573.2,340.52,837.8,532.29,0.9017
16,107,bus,254.66,19.47,313.34,59.56,0.5625
16,116,car,458.36,0.66,533.31,65.99,0.2178
16,3,car,623.53,21.57,689.49,53.47,0.3454
16,74,car,690.18,0.01,728.21,22.28,0.2668
17,1,car,715.11,258.6,889.25,410.79,0.9435
17,2,car,634.68,36.92,739.34,81.01,0.847
17,5,bike,795.11,17.95,822.11,49.41,0.6997
17,6,bike,225.74,93.2,257.12,144.82,0.5912
17,8,bike,54.27,86.69,87.92,151.1,0.844
17,9,car,595.91,3.02,650.36,41.82,0.5841
17,14,bike,38.65,82.37,66.54,123.97,0.5105
17,15,car,902.58,3.22,960.0,48.73,0.5949
17,35,bus,460.15,0.57,529.06,55.4,0.3274
17,7,bike,855.83,44.14,910.28,84.55,0.7253
17,4,bike,811.81,52.71,858.3,99.38,0.7863
17,16,car,473.05,32.03,540.76,73.55,0.5966
17,85,rickshaw,571.75,333.85,830.68,525.55,0.9059
17,107,bus,254.31,19.42,312.89,59.65,0.5422
17,116,car,457.82,0.58,533.62,66.4,0.4029
17,3,car,621.28,22.3,686.96,53.5,0.5528
17,74,car,689.35,0.02,728.09,22.71,0.2738
18,1,car,715.39,257.53,884.45,404.7,0.936
18,2,car,638.43,37.62,742.13,81.23,0.8871
18,5,bike,794.68,17.1,822.82,49.85,0.6699
18,6,bike,225.08,93.05,259.61,150.61,0.5013
18,8,bike,54.11,86.19,88.38,151.08,0.76
18,9,car,595.3,3.49,649.92,42.69,0.5441
18,14,bike,40.09,81.87,67.61,123.56,0.3508
18,15,car,903.25,3.03,960.0,48.76,0.4429
18,35,bus,460.29,0.56,530.24,55.12,0.5868
18,7,bike,856.73,43.27,913.03,84.96,0.659
18,4,bike,816.0,53.8,861.49,99.29,0.5633
18,16,car,474.0,32.35,542.42,73.56,0.7213
18,85,rickshaw,574.91,328.61,819.59,513.6,0.7929
18,107,bus,256.21,19.59,314.66,59.77,0.4728
18,3,car,618.6,22.01,684.94,53.22,0.5663
18,74,car,689.13,0.02,728.23,22.93,0.3864
18,11,bus,252.62,4.19,343.25,59.32,0.4219
19,1,car,712.92,254.86,881.43,401.38,0.9343
19,2,car,640.61,38.08,744.21,81.6,0.8943
19,5,bike,796.51,17.49,824.02,49.77,0.6293
19,6,bike,225.92,92.92,259.65,149.35,0.6737
19,8,bike,55.06,86.9,89.06,151.43,0.7235
19,9,car,594.03,3.33,646.2,41.28,0.5693
19,14,bike,40.76,79.99,69.1,123.76,0.5645
19,15,car,904.56,3.32,960.0,48.71,0.5347
19,7,bike,859.95,43.94,915.3,84.84,0.5654
19,4,bike,821.6,54.15,867.37,99.4,0.4719
19,16,car,474.65,32.28,544.55,73.55,0.5361
19,85,car,575.79,320.55,813.41,504.29,0.5218
19,107,bus,255.8,19.3,314.41,59.82,0.3667
19,3,car,616.02,21.17,684.28,53.2,0.6011
19,74,car,689.23,0.02,728.5,23.05,0.3789
19,170,rickshaw,608.36,321.62,780.36,502.46,0.426
19,11,bus,252.65,5.71,340.63,59.5,0.3809
19,116,bus,458.61,0.68,536.36,67.77,0.4244
20,1,car,711.27,252.25,879.38,398.39,0.932
20,2,car,643.91,38.98,747.18,82.11,0.8258
20,5,bike,795.64,17.3,823.36,49.72,0.6904
20,6,bike,226.3,92.97,260.74,151.33,0.5939
20,8,bike,55.69,87.11,89.79,151.61,0.6425
20,9,car,593.3,3.33,643.52,40.31,0.5117
20,14,bike,41.67,78.72,70.83,124.55,0.3387
20,15,car,902.18,2.1,960.0,49.01,0.5751
20,7,bike,865.08,45.17,919.24,85.49,0.2384
20,4,bike,825.75,55.58,871.07,100.2,0.5322
20,107,bus,256.36,19.16,314.59,59.76,0.2999
20,3,car,612.41,20.77,682.79,53.89,0.6924
20,74,car,688.73,0.01,728.36,23.24,0.4832
20,170,car,604.34,318.01,771.87,494.11,0.7973
20,116,car,458.37,0.75,540.33,71.06,0.4098
20,35,bus,456.27,0.92,540.64,66.74,0.3425
21,1,car,710.9,250.57,876.64,394.38,0.936
21,2,car,647.36,39.16,752.09,82.89,0.8588
21,5,bike,795.91,17.72,823.08,49.4,0.5111
21,6,bike,226.5,93.17,263.53,156.63,0.4887
21,8,bike,55.58,85.95,91.3,153.58,0.6446
21,9,car,592.52,3.18,640.96,39.22,0.6133
21,15,car,904.08,3.09,960.0,48.94,0.5607
21,4,bike,831.35,55.72,878.04,100.88,0.4752
21,107,bus,257.79,19.43,315.76,60.09,0.3678
21,3,car,609.5,20.12,682.38,54.58,0.7092
21,74,car,689.19,0.01,728.94,23.32,0.603
21,170,car,603.42,310.91,764.82,480.5,0.9011
21,116,car,459.26,1.1,543.31,72.5,0.4267
21,189,car,643.22,0.49,687.02,27.41,0.3279
21,35,bus,455.99,1.09,544.65,70.06,0.3355
22,1,car,711.14,249.32,873.54,389.65,0.94
22,2,car,651.18,39.75,755.7,83.35,0.8471
22,5,bike,793.51,17.25,822.15,50.22,0.7067
22,6,bike,228.33,93.41,261.72,151.08,0.5273
22,8,bike,56.12,86.09,91.55,153.02,0.6103
22,9,car,592.37,3.09,638.77,37.89,0.595
22,15,car,902.31,2.38,960.0,49.11,0.509
22,107,bus,257.55,19.39,314.9,59.86,0.3055
22,3,car,607.15,20.35,680.22,55.26,0.8477
22,74,car,689.53,0.01,729.49,23.37,0.5887
22,170,car,603.01,305.46,756.57,466.54,0.8683
22,116,car,458.24,0.9,543.65,72.85,0.3675
22,189,car,643.15,0.52,687.07,27.5,0.4275
22,35,bus,455.32,1.07,545.3,70.8,0.3372
22,7,bike,871.88,44.96,927.11,85.86,0.4592
23,1,car,710.31,247.32,871.43,386.26,0.9445
23,2,car,654.36,40.17,757.73,83.09,0.8529
23,5,bike,793.69,17.62,822.04,49.97,0.5894
23,6,bike,230.16,93.25,260.74,146.14,0.5681
23,8,bike,56.51,86.88,91.86,153.84,0.7673
23,9,car,592.0,3.08,637.57,37.52,0.6224
23,15,car,903.35,4.93,959.46,48.93,0.4416
23,3,car,606.34,20.91,678.73,55.8,0.8884
23,74,car,689.78,0.06,729.71,23.38,0.5674
23,170,car,603.43,299.41,750.85,453.84,0.9049
23,116,bus,458.91,0.99,540.5,68.86,0.346
23,189,car,643.08,0.52,686.94,27.43,0.4801
23,35,car,453.99,0.6,544.82,70.99,0.3133
23,7,bike,873.79,45.34,929.83,86.7,0.2275
23,16,car,483.86,33.89,553.34,74.03,0.5402
23,14,bike,46.44,78.77,74.05,123.13,0.6605
23,4,bike,840.71,58.22,884.94,100.02,0.4761
24,1,car,709.76,245.49,867.87,381.38,0.9486
24,2,car,656.99,40.32,760.54,83.18,0.8787
24,5,bike,795.34,17.58,823.22,49.5,0.6046
24,6,bike,231.87,93.12,260.0,141.55,0.4665
24,8,bike,56.51,87.02,92.81,155.27,0.7471
24,9,car,591.92,3.05,636.43,36.89,0.6068
24,15,car,909.26,8.06,960.0,48.99,0.3014
24,3,car,604.08,21.17,676.04,55.95,0.8961
24,74,car,689.43,0.05,729.47,23.58,0.5116
24,170,car,601.39,292.97,747.32,445.79,0.8823
24,189,car,642.92,0.6,686.94,27.55,0.4642
24,35,bus,456.93,0.82,542.17,66.01,0.2702
24,16,car,484.88,33.9,555.58,73.86,0.6829
25,1,car,709.3,242.92,867.01,378.35,0.9352
25,2,car,660.5,40.5,764.07,83.25,0.8771
25,5,bike,796.14,17.95,823.83,49.72,0.617
25,6,bike,232.61,93.13,260.0,139.95,0.5793
25,8,bike,56.79,85.61,94.06,155.34,0.662
25,9,car,591.88,2.88,635.11,35.89,0.5645
25,15,car,906.63,5.94,960.0,49.27,0.4162
25,3,car,601.75,20.4,675.15,56.05,0.9377
25,74,car,689.69,0.13,729.54,23.61,0.3408
25,170,car,600.34,287.28,741.26,434.5,0.8959
25,189,car,642.56,0.65,686.66,27.59,0.4762
25,35,bus,459.12,0.89,543.56,64.51,0.2594
25,16,car,486.86,34.16,558.18,73.63,0.6753
25,4,bike,846.84,58.39,891.17,99.67,0.5515
26,1,car,708.0,240.73,865.78,376.16,0.9332
26,2,car,662.72,41.31,767.19,84.39,0.8427
26,5,bike,796.68,17.91,824.37,50.11,0.58
26,6,bike,233.05,93.46,260.47,140.33,0.6443
26,8,bike,57.94,85.13,95.72,155.39,0.7105
26,9,car,591.07,2.96,632.59,34.73,0.4974
26,15,car,909.57,6.38,960.0,49.43,0.3615
26,3,car,599.11,20.0,673.18,56.2,0.9226
26,74,car,689.83,0.25,729.29,23.62,0.3966
26,170,car,598.59,282.99,735.47,425.34,0.8762
26,189,car,641.73,0.32,686.9,27.85,0.4421
26,35,bus,457.96,0.9,545.61,66.32,0.2862
26,16,car,488.58,34.52,561.3,74.05,0.5799
26,4,bike,850.33,56.92,895.78,98.86,0.6273
26,107,bus,259.99,19.83,315.53,59.45,0.2411
26,7,bike,880.93,45.61,935.58,85.62,0.2638
27,1,car,704.98,238.42,864.46,375.34,0.9317
27,2,car,667.41,41.85,769.86,83.81,0.841
27,5,bike,794.98,17.86,823.2,50.51,0.6778
27,6,bike,233.38,93.34,260.99,140.59,0.492
27,8,bike,59.23,84.76,97.76,156.22,0.6931
27,9,car,590.77,2.99,630.57,33.46,0.5066
27,15,car,911.22,7.26,960.0,49.66,0.3341
27,3,car,596.81,19.83,670.2,55.95,0.905
27,74,car,689.85,0.4,728.53,23.45,0.3854
27,170,car,595.96,276.95,732.22,418.38,0.9063
27,189,car,641.65,0.32,687.1,27.95,0.4116
27,16,car,490.51,35.03,564.18,74.4,0.7331
27,4,bike,853.65,55.11,901.73,99.18,0.5429
27,107,bus,259.71,20.1,315.15,59.93,0.2776
28,1,car,702.85,236.86,863.73,375.26,0.9272
28,2,car,668.89,40.85,774.4,84.11,0.8644
28,5,bike,793.83,18.0,822.33,50.66,0.5948
28,8,bike,59.41,83.47,98.44,155.81,0.5941
28,9,car,590.44,3.02,629.37,32.8,0.5199
28,15,car,908.29,5.78,960.0,50.0,0.396
28,3,car,595.26,19.61,668.37,55.83,0.9119
28,74,car,690.1,0.56,728.31,23.52,0.3257
28,170,car,595.23,272.88,728.79,411.15,0.9313
28,189,car,641.42,0.5,687.3,28.38,0.433
28,16,car,492.79,35.39,567.24,74.67,0.7002
28,4,bike,858.78,53.85,908.69,99.13,0.5328
28,107,bus,259.81,20.23,314.39,59.67,0.2271
28,239,rickshaw,313.43,31.78,337.91,59.11,0.3592
29,1,car,701.36,236.04,861.5,373.79,0.9234
29,2,car,672.71,41.46,777.33,84.19,0.8887
29,5,bike,795.39,18.25,823.13,50.11,0.6227
29,8,bike,60.06,82.17,99.54,155.07,0.7004
29,9,car,590.26,3.07,627.66,31.53,0.553
29,15,car,905.22,4.03,960.0,50.61,0.3075
29,3,car,594.12,18.85,667.38,55.48,0.9133
29,74,car,689.77,0.37,728.13,23.56,0.5492
29,170,car,592.31,267.98,724.62,404.48,0.9296
29,189,car,640.77,0.42,687.08,28.56,0.4917
29,16,car,494.8,35.23,570.71,74.72,0.715
29,4,bike,861.78,54.51,911.36,99.16,0.7356
29,239,rickshaw,312.49,28.75,339.73,59.25,0.3096
30,1,car,701.38,235.49,859.01,371.1,0.9152
30,2,car,674.78,41.76,781.66,85.43,0.8543
30,5,bike,794.41,17.41,823.32,50.75,0.7037
30,8,bike,60.71,82.16,100.54,155.64,0.7484
30,9,car,587.1,3.05,628.05,34.61,0.5305
30,15,car,909.05,5.15,960.0,50.82,0.338
30,3,car,592.45,19.29,664.36,55.22,0.8551
30,74,car,689.52,0.41,727.63,23.61,0.4977
30,170,car,590.83,263.33,721.75,398.44,0.929
30,189,car,639.94,0.35,686.58,28.78,0.5058
30,16,car,496.24,35.51,573.36,75.12,0.8186
30,4,bike,864.52,54.66,913.54,98.72,0.4604
30,239,rickshaw,312.39,26.61,341.27,59.09,0.3288
31,1,car,702.09,234.38,856.43,366.91,0.9193
31,2,car,677.11,40.68,785.34,85.02,0.8621
31,5,bike,794.86,17.77,823.63,51.16,0.5987
31,8,bike,61.79,82.34,101.68,155.74,0.7128
31,9,car,585.73,3.36,627.91,36.33,0.5659
31,15,car,911.04,5.67,960.0,50.55,0.2599
31,3,car,589.85,18.02,663.62,55.06,0.8653
31,74,car,689.97,0.51,727.3,23.36,0.4927
31,170,car,591.17,259.34,718.05,390.13,0.9091
31,189,car,639.93,0.33,686.49,28.65,0.5312
31,16,car,497.77,35.47,575.86,75.15,0.7957
31,4,bike,867.24,54.38,916.07,98.34,0.4495
31,247,bike,181.01,36.5,199.58,64.35,0.3788
32,1,car,700.03,233.64,854.41,365.98,0.916
32,2,car,678.69,39.75,788.99,85.12,0.8679
32,5,bike,795.98,18.36,824.05,51.15,0.5536
32,8,bike,61.99,81.43,102.59,156.41,0.7263
32,9,car,585.13,3.69,627.55,37.3,0.5621
32,15,car,912.68,7.66,960.0,50.91,0.3607
32,3,car,586.91,16.09,663.02,54.78,0.8879
32,74,car,689.91,0.63,727.07,23.51,0.4716
32,170,car,591.18,255.84,714.75,382.93,0.9185
32,189,car,639.5,0.18,685.82,28.3,0.5587
32,16,car,499.16,34.89,579.85,75.67,0.6748
32,247,bike,182.1,37.2,200.14,64.27,0.2527
32,35,car,453.55,0.25,548.91,71.32,0.2509
33,1,car,699.64,233.06,851.13,362.32,0.9234
33,2,car,683.44,41.61,790.34,85.41,0.8536
33,5,bike,796.16,18.49,823.5,50.44,0.6744
33,8,bike,63.52,81.91,103.42,155.31,0.7916
33,9,car,583.62,4.21,627.9,39.97,0.5738
33,3,car,584.97,14.56,662.45,54.52,0.8544
33,74,car,689.5,0.39,726.87,23.53,0.537
33,170,car,589.22,251.71,711.16,376.84,0.9371
33,189,car,640.29,0.45,685.52,27.72,0.6029
33,16,car,501.11,34.21,583.25,75.49,0.746
33,247,bike,182.54,35.79,201.41,64.08,0.3566
33,260,car,481.6,0.7,546.23,24.47,0.4545
33,4,bike,875.75,55.2,922.42,97.02,0.36
34,1,car,698.27,231.48,849.05,359.68,0.9335
34,2,car,686.38,42.64,793.92,86.65,0.8374
34,5,bike,796.61,18.35,823.8,50.3,0.4182
34,8,bike,63.92,81.33,104.87,156.57,0.8143
34,9,car,585.06,4.74,624.82,36.79,0.5203
34,3,car,584.4,15.13,659.27,54.18,0.8574
34,74,car,689.67,0.32,727.05,23.56,0.6105
34,170,car,586.39,247.56,709.07,373.46,0.9437
34,189,car,640.41,0.15,686.12,27.59,0.6052
34,16,car,504.14,34.3,586.35,75.34,0.8107
34,247,bike,183.78,35.96,201.99,63.24,0.2298
34,260,car,483.65,0.61,547.04,23.91,0.4662
34,4,bike,878.9,56.23,925.53,98.01,0.3539
34,11,bus,262.86,9.52,346.62,60.61,0.3207
35,1,car,697.75,229.17,847.13,356.0,0.9417
35,2,car,690.43,42.82,796.91,86.29,0.8337
35,5,bike,798.11,18.87,824.29,49.95,0.4376
35,8,bike,64.52,81.39,105.26,156.51,0.7396
35,3,car,579.11,9.83,660.74,53.46,0.8318
35,74,car,689.59,0.43,726.72,23.6,0.5656
35,170,car,584.23,243.45,705.27,367.31,0.9309
35,189,car,639.62,0.3,685.96,28.06,0.5939
35,16,car,506.51,35.14,588.16,75.55,0.8313
35,247,bike,183.99,34.65,203.16,63.36,0.322
35,260,car,488.24,0.14,548.92,22.37,0.3636
35,4,bike,882.64,57.13,928.95,98.69,0.5344
35,11,bus,264.14,9.43,348.29,60.73,0.3666
36,1,car,695.92,227.26,847.0,355.8,0.9461
36,2,car,693.37,43.53,799.5,86.61,0.8796
36,5,bike,798.26,19.0,823.81,49.36,0.5475
36,8,bike,65.53,81.21,106.04,156.07,0.6605
36,3,car,579.32,10.42,657.75,52.98,0.8193
36,74,car,689.38,0.42,726.41,23.6,0.5725
36,170,car,582.9,239.17,703.26,362.27,0.9001
36,189,car,639.98,0.55,685.73,27.79,0.5964
36,16,car,508.16,35.46,590.61,75.92,0.8185
36,247,bike,184.74,34.24,204.12,63.12,0.315
36,260,car,488.76,0.32,550.02,22.7,0.4866
36,4,bike,886.48,55.29,935.87,100.64,0.6644
36,11,bus,267.13,8.57,351.62,60.6,0.3611
36,269,bus,315.42,8.06,353.16,57.85,0.3491
37,1,car,695.36,225.8,846.11,354.28,0.9509
37,2,car,696.9,43.63,803.25,86.57,0.8873
37,5,bike,798.79,18.85,824.33,49.6,0.4175
37,8,bike,67.81,80.62,109.08,156.23,0.7251
37,3,car,579.49,11.63,654.93,53.01,0.8206
37,74,car,689.54,0.38,726.44,23.59,0.6618
37,170,car,581.46,235.98,700.54,357.45,0.9197
37,189,car,639.56,0.5,685.76,27.9,0.5724
37,16,car,510.16,35.25,593.41,75.81,0.7728
37,247,bike,186.01,35.17,205.4,63.45,0.3017
37,260,car,490.71,0.06,551.41,22.14,0.4366
37,11,bus,268.26,10.3,348.2,60.19,0.3963
37,269,bus,315.75,8.11,353.47,57.93,0.3242
38,1,car,695.14,224.93,845.2,353.02,0.9497
38,2,car,699.15,43.68,807.67,87.51,0.8475
38,5,bike,798.8,18.33,824.4,49.47,0.3286
38,8,bike,68.66,80.88,109.91,156.3,0.6867
38,3,car,578.89,11.37,653.02,52.61,0.8697
38,74,car,690.06,0.29,726.73,23.48,0.5629
38,170,car,581.58,233.0,698.43,352.02,0.9347
38,189,car,639.21,0.3,685.78,27.8,0.5888
38,16,car,512.21,34.59,597.49,75.97,0.6516
38,260,car,493.31,0.0,551.92,21.13,0.4691
38,11,bus,270.85,11.36,348.91,59.92,0.4646
38,4,bike,896.51,53.89,944.7,99.53,0.6111
39,1,car,694.35,223.47,844.59,352.03,0.9464
39,2,car,702.45,43.45,810.62,87.0,0.8509
39,5,bike,797.87,18.05,823.86,49.75,0.3944
39,8,bike,69.22,80.53,110.2,155.58,0.7203
39,3,car,578.22,10.79,651.51,52.23,0.8895
39,74,car,690.26,0.1,726.46,23.15,0.6354
39,170,car,580.4,228.44,696.57,346.63,0.9219
39,189,car,638.98,0.19,685.77,27.75,0.5744
39,16,car,515.6,34.85,600.23,75.68,0.7021
39,260,car,493.79,0.0,553.91,21.57,0.4664
39,11,bus,273.93,14.88,347.04,59.7,0.501
39,4,bike,900.16,51.08,949.7,99.95,0.6917
40,1,car,693.64,222.29,842.32,349.64,0.944
40,2,car,705.5,43.62,813.52,86.89,0.867
40,5,bike,798.56,17.93,824.21,49.21,0.5653
40,8,bike,71.12,80.24,112.52,155.39,0.7257
40,3,car,578.33,11.72,648.65,51.88,0.8863
40,74,car,690.19,0.03,726.25,23.04,0.6166
40,170,car,579.22,225.35,693.96,341.89,0.8968
40,189,car,638.88,0.11,685.54,27.56,0.5356
40,16,car,516.79,34.14,604.36,76.41,0.6465
40,260,car,495.4,0.0,555.22,21.33,0.4875
40,11,bus,273.36,14.89,346.06,59.39,0.3484
40,4,bike,904.21,49.43,953.38,99.7,0.683
41,1,car,694.16,221.72,839.21,345.71,0.9437
41,2,car,708.14,43.76,816.36,86.89,0.8514
41,5,bike,798.63,17.91,824.19,49.14,0.5951
41,8,bike,71.61,80.71,112.31,154.87,0.4846
41,3,car,579.6,13.71,645.29,51.46,0.9196
41,74,car,690.13,0.0,725.86,22.92,0.556
41,170,car,579.55,223.01,692.09,337.06,0.9259
41,189,car,639.97,0.33,685.68,27.09,0.4935
41,16,car,519.53,33.92,607.2,76.27,0.6865
41,260,car,497.29,0.0,555.74,20.71,0.2331
41,4,bike,906.84,50.3,953.55,98.89,0.6009
41,303,rickshaw,409.27,0.57,438.37,29.79,0.3133
42,1,car,692.42,220.8,838.22,345.43,0.9374
42,2,car,713.08,43.56,820.5,86.27,0.8073
42,5,bike,799.29,18.11,824.24,48.78,0.6403
42,8,bike,73.71,80.15,114.59,154.13,0.5993
42,3,car,579.84,14.56,643.15,51.13,0.8783
42,74,car,690.15,0.0,725.58,22.9,0.6519
42,170,car,579.24,220.65,689.15,331.66,0.927
42,189,car,640.32,0.39,685.82,26.93,0.5292
42,16,car,522.38,34.7,608.34,75.99,0.676
42,260,car,498.03,0.0,556.36,20.58,0.2382
42,4,bike,909.34,50.74,955.33,99.2,0.5616
42,303,rickshaw,409.51,0.49,439.04,30.17,0.3834
42,307,bike,76.55,81.04,116.65,118.46,0.4597
42,15,car,917.12,12.06,959.78,48.69,0.3106
43,1,car,691.72,219.35,836.35,342.8,0.9322
43,2,car,716.55,43.56,823.17,85.83,0.8554
43,5,bike,799.55,17.64,824.63,48.66,0.4946
43,8,bike,74.88,80.31,115.73,154.03,0.3234
43,3,car,578.79,13.71,642.41,50.81,0.8861
43,74,car,690.04,0.0,725.01,22.77,0.476
43,170,car,577.55,217.54,686.97,327.71,0.9206
43,189,car,639.58,0.34,685.35,26.99,0.5256
43,16,car,525.65,35.03,611.09,75.86,0.6386
43,4,bike,916.98,49.57,960.0,96.19,0.3077
43,303,rickshaw,409.9,0.49,439.46,30.24,0.4513
43,307,bike,78.99,80.77,119.2,118.31,0.3251
44,1,car,692.25,217.47,834.32,338.48,0.9224
44,2,car,717.99,43.04,827.08,86.36,0.8578
44,5,bike,800.05,17.92,825.03,49.01,0.2616
44,8,bike,76.52,80.96,117.4,154.03,0.8405
44,3,car,577.9,13.01,641.08,50.12,0.7987
44,74,car,689.89,0.01,724.52,22.78,0.393
44,170,car,577.49,214.56,685.76,323.29,0.9123
44,189,car,639.49,0.31,685.38,26.99,0.5083
44,16,car,528.93,35.64,612.96,75.46,0.7324
44,303,rickshaw,410.09,0.5,439.66,30.3,0.4868
44,9,car,579.75,0.96,615.01,28.84,0.388
44,247,bike,198.36,35.2,217.54,63.25,0.5496
44,11,bus,270.37,17.62,339.73,60.07,0.2627
45,1,car,691.21,215.75,833.03,336.36,0.9236
45,2,car,719.07,42.72,830.71,87.32,0.824
45,5,bike,799.79,17.74,824.83,49.07,0.4926
45,8,bike,76.24,80.19,117.28,153.59,0.8306
45,3,car,574.0,8.48,642.5,49.58,0.741
45,74,car,690.12,0.16,724.33,22.86,0.3447
45,170,car,577.31,212.64,683.31,318.71,0.9183
45,189,car,639.71,0.21,685.09,26.54,0.5542
45,16,car,530.62,35.86,614.02,75.18,0.7588
45,303,rickshaw,410.01,0.46,439.87,30.61,0.4384
45,9,car,578.78,0.46,615.26,29.18,0.2677
45,247,bike,199.99,34.73,219.73,63.63,0.5037
45,4,bike,920.26,48.12,960.0,96.53,0.2884
45,307,bike,81.72,78.74,122.45,116.74,0.2987
46,1,car,690.0,214.31,832.55,335.65,0.9262
46,2,car,724.35,42.2,834.18,86.14,0.8242
46,5,bike,800.05,17.58,824.74,48.57,0.487
46,8,bike,77.31,79.81,118.83,154.21,0.7228
46,3,car,573.72,8.14,640.96,49.2,0.7476
46,74,car,689.74,0.06,723.98,22.92,0.4695
46,170,car,576.5,210.16,681.64,314.95,0.9179
46,189,car,639.95,0.2,684.95,26.18,0.5912
46,16,car,533.9,35.99,618.37,75.53,0.7653
46,303,rickshaw,410.37,0.42,440.26,30.7,0.5261
46,9,car,578.23,0.08,613.74,27.92,0.3624
46,247,bike,202.27,35.39,222.05,64.37,0.6
46,307,bike,84.84,79.51,123.07,115.02,0.3354
47,1,car,689.16,213.34,831.01,334.04,0.9286
47,2,car,726.16,41.18,838.97,86.52,0.8419
47,5,bike,799.84,17.06,824.26,47.81,0.362
47,8,bike,77.98,80.16,118.53,152.96,0.826
47,3,car,573.65,8.72,638.4,48.79,0.7527
47,74,car,689.99,0.21,723.64,22.89,0.3552
47,170,car,575.4,207.85,680.61,312.4,0.9267
47,189,car,640.28,0.2,684.8,25.75,0.5809
47,16,car,536.46,36.27,621.24,75.7,0.6999
47,303,rickshaw,410.53,0.49,440.44,30.96,0.4668
47,9,car,577.25,0.0,612.25,27.36,0.3724
47,247,bike,204.3,35.28,224.21,64.49,0.6423
47,307,bike,87.64,79.69,125.23,114.51,0.2543
47,15,car,916.4,10.57,960.0,48.5,0.3213
48,1,car,689.0,212.35,829.3,331.48,0.9305
48,2,car,731.23,42.53,840.29,86.19,0.8649
48,5,bike,800.22,17.22,824.15,47.4,0.5609
48,8,bike,78.07,80.4,118.38,153.25,0.8494
48,3,car,574.79,10.8,635.01,48.33,0.7269
48,74,rickshaw,690.04,0.35,722.84,22.72,0.2711
48,170,car,574.54,205.13,679.73,309.31,0.9351
48,189,car,640.36,0.29,684.59,25.48,0.5727
48,16,car,538.33,36.52,624.0,76.31,0.7591
48,303,rickshaw,410.6,0.62,440.28,31.07,0.2776
48,9,car,575.42,0.0,612.33,29.06,0.4478
48,247,bike,205.79,35.16,226.19,65.22,0.6766
48,307,bike,89.28,78.27,128.54,114.82,0.5261
48,15,car,917.48,13.16,959.02,48.35,0.314
49,1,car,689.73,211.67,826.74,327.57,0.9299
49,2,car,734.34,42.75,842.27,85.93,0.8325
49,5,bike,800.48,17.33,824.18,47.42,0.4494
49,8,bike,79.47,80.85,118.79,152.43,0.7994
49,3,car,576.65,12.36,632.77,47.54,0.7018
49,170,car,573.8,203.18,677.97,305.85,0.9382
49,189,car,640.06,0.4,684.2,25.36,0.5553
49,16,car,539.72,36.38,626.31,76.66,0.7203
49,303,rickshaw,410.88,0.67,440.44,31.24,0.317
49,9,car,574.27,0.0,611.6,29.63,0.3498
49,247,bike,207.47,35.36,227.76,65.23,0.5437
49,307,bike,89.37,77.95,129.66,115.46,0.5986
49,15,car,917.99,14.18,958.7,48.21,0.2676
50,1,car,689.97,211.29,825.5,325.5,0.9344
50,2,car,739.62,43.05,845.7,85.24,0.8386
50,5,bike,800.81,17.53,824.3,47.55,0.5519
50,8,bike,80.33,80.58,120.2,153.56,0.71
50,3,car,578.74,13.24,631.55,46.73,0.611
50,170,car,573.26,201.34,676.63,302.89,0.9257
50,189,car,640.13,0.45,684.3,25.24,0.5565
50,16,car,542.52,35.68,632.08,77.24,0.6572
50,303,rickshaw,411.19,0.68,440.81,31.6,0.4558
50,9,car,571.72,0.0,612.89,33.38,0.3352
50,247,bike,208.63,34.18,229.62,65.23,0.6891
50,307,bike,89.91,77.86,130.79,115.89,0.4668
50,15,car,917.39,14.21,958.53,48.2,0.2741
50,354,truck,639.08,0.55,686.63,25.95,0.4039
50,74,rickshaw,690.69,0.51,722.91,22.7,0.2892
51,1,car,689.11,210.52,825.37,325.0,0.9364
51,2,car,743.58,43.44,848.73,84.96,0.8657
51,5,bike,801.51,17.92,824.05,46.82,0.3277
51,8,bike,80.78,80.59,120.7,154.19,0.7297
51,3,car,578.28,14.36,628.21,45.95,0.6534
51,170,car,571.84,198.95,674.91,300.08,0.9264
51,16,car,544.93,35.79,635.44,77.69,0.7947
51,303,rickshaw,411.5,0.66,441.11,31.84,0.4288
51,9,car,573.85,0.0,610.76,29.47,0.3667
51,247,bike,210.53,33.55,231.66,64.81,0.7224
51,307,bike,91.33,76.99,132.34,115.12,0.5603
51,15,car,915.86,11.91,959.73,48.24,0.3541
52,1,car,688.24,209.76,824.34,323.94,0.9393
52,2,car,745.66,43.56,851.62,85.17,0.8955
52,8,bike,82.27,80.92,120.52,152.01,0.7547
52,3,car,576.37,13.7,626.14,45.05,0.556
52,170,car,570.5,196.85,674.01,298.35,0.9228
52,16,car,547.73,35.59,639.17,77.96,0.7957
52,303,rickshaw,411.78,0.63,441.39,32.02,0.4035
52,247,bike,212.26,33.59,233.56,64.89,0.7585
52,307,bike,93.47,76.33,133.05,112.9,0.6175
52,15,car,915.05,10.3,960.0,48.16,0.2719
52,189,car,640.02,0.59,684.39,25.21,0.544
52,74,rickshaw,690.52,0.45,722.29,22.58,0.2839
53,1,car,687.14,208.44,822.88,322.29,0.9376
53,2,car,749.42,43.2,856.31,84.89,0.8455
53,8,bike,83.98,80.21,122.59,152.46,0.5124
53,3,car,575.93,13.73,625.25,44.76,0.4418
53,170,car,569.6,194.82,672.56,295.69,0.9151
53,16,car,549.91,35.67,641.3,78.08,0.7418
53,303,rickshaw,411.82,0.66,441.29,32.14,0.3617
53,247,bike,213.9,33.05,235.62,65.05,0.7295
53,307,bike,94.72,75.82,134.4,112.3,0.5155
53,15,car,916.7,12.84,959.56,48.29,0.3086
53,189,car,639.79,0.57,684.6,25.2,0.5829
53,5,bike,800.6,16.79,823.99,46.54,0.2709
54,1,car,686.57,207.13,821.49,320.25,0.9364
54,2,car,752.92,43.07,859.98,84.6,0.8707
54,8,bike,85.34,79.85,123.56,151.73,0.6736
54,3,car,573.18,12.17,624.18,44.31,0.4408
54,170,car,569.65,192.72,671.26,292.03,0.906
54,16,car,553.49,35.25,645.03,77.59,0.4767
54,303,rickshaw,412.07,0.7,441.63,32.52,0.3056
54,247,bike,215.9,32.65,237.72,65.02,0.7746
54,307,bike,96.0,74.22,135.86,110.91,0.6847
54,15,car,914.34,10.03,960.0,48.32,0.3846
54,189,car,639.79,0.61,684.57,24.97,0.5672
54,385,bike,729.52,60.41,771.63,107.99,0.3958
54,5,bike,800.17,16.81,823.44,46.06,0.3458
55,1,car,685.76,205.45,820.42,318.38,0.93
55,2,car,755.73,43.69,862.84,84.98,0.8793
55,8,bike,89.75,78.7,129.05,150.95,0.5175
55,3,car,571.21,12.59,622.68,45.03,0.397
55,170,car,569.14,190.45,670.05,288.76,0.9046
55,16,car,555.99,35.21,647.87,77.66,0.4896
55,303,rickshaw,412.37,0.73,442.05,32.89,0.3364
55,247,bike,217.76,32.23,239.63,64.88,0.7095
55,307,bike,96.18,73.36,138.28,112.42,0.6227
55,15,car,914.59,9.73,960.0,48.26,0.3922
55,189,car,639.58,0.61,684.35,24.78,0.5474
56,1,car,684.96,203.99,819.52,316.8,0.9312
56,2,car,758.13,43.77,864.18,84.47,0.8762
56,8,bike,90.22,77.34,130.74,151.04,0.624
56,3,car,566.43,8.09,622.87,44.15,0.5874
56,170,car,568.65,189.48,669.16,287.18,0.9056
56,16,car,560.15,35.91,650.47,77.51,0.6223
56,303,rickshaw,412.57,0.68,442.39,33.22,0.3314
56,247,bike,219.65,31.87,241.37,64.41,0.7714
56,307,bike,97.4,72.53,140.73,113.08,0.6102
56,15,car,914.86,9.53,960.0,48.22,0.3831
56,189,car,639.41,0.71,683.92,24.51,0.4977
56,399,bike,541.06,6.21,563.69,45.54,0.4025
56,385,bike,734.69,60.64,777.5,109.11,0.3742
56,5,bike,800.73,16.92,823.19,44.89,0.3288
57,1,car,684.25,203.23,818.66,315.78,0.9331
57,2,car,762.64,43.45,867.51,83.39,0.841
57,8,bike,89.6,77.86,130.25,151.76,0.3095
57,3,car,564.47,6.1,622.1,43.45,0.6539
57,170,car,568.07,188.7,668.59,286.23,0.9204
57,16,car,563.38,36.41,652.38,77.29,0.7696
57,303,rickshaw,412.81,0.78,442.57,33.45,0.2828
57,247,bike,221.91,32.06,243.46,64.3,0.8206
57,307,bike,98.98,72.22,141.8,112.4,0.7119
57,15,car,914.96,10.25,960.0,48.12,0.4234
57,189,car,638.93,0.59,683.86,24.44,0.4491
57,399,bike,542.44,10.05,562.89,45.58,0.3789
57,406,car,278.63,5.43,366.33,57.93,0.353
57,385,bike,739.32,61.74,782.15,110.07,0.2945
57,5,bike,800.46,17.26,822.99,45.06,0.2868
58,1,car,683.67,202.43,817.81,314.64,0.9291
58,2,car,765.4,43.39,871.12,83.44,0.8773
58,8,bike,89.56,78.95,129.0,151.0,0.5149
58,3,car,565.13,8.43,619.34,43.75,0.7343
58,170,car,567.59,186.94,667.51,283.66,0.9275
58,16,car,567.75,36.94,656.18,77.41,0.8018
58,303,rickshaw,413.01,0.88,442.74,33.71,0.2442
58,247,bike,223.69,32.68,245.17,64.62,0.823
58,307,bike,100.16,70.9,143.35,111.74,0.744
58,15,car,916.1,12.16,959.22,48.01,0.4271
58,189,car,639.35,0.96,683.41,24.03,0.4616
58,399,bike,543.83,13.17,562.7,45.89,0.3507
58,406,car,279.3,5.85,366.34,57.97,0.2987
58,385,bike,741.89,61.4,784.81,109.93,0.585
58,5,bike,800.9,17.24,823.61,45.06,0.2379
59,1,car,683.06,201.37,816.73,313.13,0.9263
59,2,car,767.65,43.53,873.75,83.57,0.8828
59,8,bike,91.48,80.32,129.58,150.0,0.7534
59,3,car,565.07,7.78,618.22,42.7,0.7674
59,170,car,567.2,185.3,666.48,281.24,0.9295
59,16,car,571.19,37.08,659.96,77.7,0.8278
59,303,rickshaw,413.25,1.08,442.77,33.86,0.2602
59,247,bike,226.03,34.28,246.89,65.0,0.7301
59,307,bike,101.39,70.55,144.14,111.2,0.7663
59,15,car,917.13,13.76,958.62,47.93,0.5197
59,189,car,638.41,0.64,683.59,24.21,0.4777
59,399,bike,543.24,12.2,563.03,46.49,0.3822
60,1,car,681.98,199.97,816.19,312.2,0.9307
60,2,car,771.93,43.78,878.6,83.78,0.8553
60,8,bike,92.3,80.44,130.93,151.29,0.7499
60,3,car,565.65,8.97,616.59,42.53,0.822
60,170,car,566.16,182.79,666.81,280.17,0.9385
60,16,car,574.12,37.08,663.37,77.93,0.8402
60,303,rickshaw,413.19,1.0,442.95,34.32,0.322
60,247,bike,228.29,34.65,248.97,65.04,0.7414
60,307,bike,103.89,71.49,145.57,111.21,0.7298
60,15,car,916.6,12.82,959.27,47.9,0.4922
60,189,car,638.74,0.84,683.27,23.86,0.4387
60,399,bike,543.53,11.81,563.51,46.33,0.3824
60,406,car,280.16,4.68,369.52,58.17,0.2627
60,385,bike,747.79,60.74,791.44,110.26,0.325
61,1,car,680.42,198.8,815.6,311.96,0.9271
61,2,car,774.29,43.19,882.96,83.71,0.8649
61,8,bike,92.67,79.97,132.31,152.87,0.5383
61,3,car,563.88,7.21,616.61,42.37,0.8075
61,170,car,566.36,182.24,665.31,277.85,0.935
61,16,car,575.8,36.92,665.77,78.05,0.8088
61,303,rickshaw,413.29,1.07,443.2,34.81,0.2401
61,247,bike,229.93,34.8,250.67,65.3,0.6784
61,307,bike,105.35,71.9,146.45,110.99,0.7457
61,15,car,917.89,15.33,958.2,48.0,0.5294
61,189,car,637.81,0.52,683.98,24.38,0.4489
61,406,car,281.08,12.14,359.14,58.86,0.312
61,385,bike,750.05,61.16,793.38,110.22,0.5867
62,1,car,679.71,198.04,813.94,310.34,0.9275
62,2,car,777.07,43.1,887.51,84.1,0.8708
62,8,bike,93.27,79.28,132.38,151.5,0.4247
62,3,car,562.93,6.27,615.88,42.12,0.8099
62,170,car,566.91,182.43,663.75,275.75,0.9321
62,16,car,580.82,37.85,670.57,78.9,0.8856
62,247,bike,232.17,34.73,252.65,64.82,0.6105
62,307,bike,107.43,71.81,147.68,110.1,0.6848
62,15,car,917.37,14.57,958.67,47.87,0.4777
62,189,car,637.91,0.78,684.55,24.72,0.4699
62,406,car,279.23,5.15,368.57,58.65,0.5288
62,385,bike,752.74,61.22,794.91,108.49,0.5553
62,5,bike,800.88,17.01,823.06,44.17,0.2848
63,1,car,679.5,197.32,812.27,308.22,0.9293
63,2,car,779.47,42.53,891.29,83.99,0.8832
63,8,bike,94.18,79.95,133.03,151.95,0.583
63,3,car,561.55,4.9,615.31,41.96,0.8506
63,170,car,566.25,180.97,663.62,274.79,0.9372
63,16,car,583.92,38.38,673.25,79.1,0.8697
63,247,bike,234.21,33.36,255.74,65.0,0.7613
63,307,bike,108.21,71.19,149.0,110.07,0.8011
63,15,car,918.86,17.12,957.7,47.91,0.5429
63,189,car,637.69,0.6,684.28,24.44,0.4844
63,406,car,281.31,10.86,362.14,59.18,0.4039
63,385,bike,755.07,60.07,798.95,109.31,0.5813
63,439,bike,259.36,86.62,291.16,149.41,0.3858
63,5,bike,800.89,16.71,823.46,44.49,0.3039
64,1,car,679.13,197.05,809.47,305.71,0.9286
64,2,car,780.15,40.58,894.95,83.18,0.8576
64,8,bike,95.81,81.13,133.31,151.13,0.4795
64,3,car,559.82,4.08,613.5,41.67,0.8392
64,170,car,566.08,179.94,663.2,273.49,0.9385
64,16,car,586.23,38.22,676.64,79.39,0.8881
64,247,bike,236.29,33.63,257.91,65.2,0.6213
64,307,bike,109.05,70.97,150.59,110.77,0.755
64,15,car,919.29,17.94,957.51,47.79,0.5989
64,189,car,637.28,0.58,683.68,24.28,0.4846
64,406,car,281.37,13.04,358.88,59.3,0.4576
64,5,bike,799.89,15.79,823.43,44.8,0.6003
65,1,car,677.94,195.92,809.48,305.62,0.927
65,2,car,781.69,39.78,897.81,83.07,0.8735
65,8,bike,96.09,80.59,137.21,157.82,0.722
65,3,car,559.81,3.59,612.95,41.57,0.8129
65,170,car,565.75,178.87,662.2,271.66,0.9397
65,16,car,588.18,38.06,679.64,79.66,0.8808
65,247,bike,237.54,31.78,260.44,65.28,0.4853
65,307,bike,111.7,71.42,151.44,109.51,0.7295
65,15,car,915.64,13.55,959.48,47.88,0.4646
65,189,car,636.88,0.65,683.39,24.38,0.5302
65,406,car,281.98,13.65,358.7,59.43,0.4943
65,5,bike,800.02,16.53,823.4,45.35,0.6925
65,385,bike,760.16,60.8,804.12,109.97,0.5603
65,439,bike,258.05,85.81,299.77,168.42,0.5372
66,1,car,677.62,195.49,809.13,305.08,0.9281
66,2,car,785.05,40.7,899.94,83.55,0.8754
66,8,bike,97.63,81.81,137.71,157.04,0.7315
66,3,car,558.12,3.68,610.79,41.84,0.7743
66,170,car,565.7,178.03,661.25,269.86,0.9368
66,16,car,591.08,37.79,683.76,79.88,0.9061
66,247,bike,240.1,32.35,262.53,65.27,0.4974
66,307,bike,113.32,71.05,153.42,109.48,0.8073
66,15,car,916.25,14.88,958.81,47.93,0.5307
66,189,car,636.52,0.62,683.02,24.35,0.5229
66,406,car,282.05,13.84,358.33,59.44,0.3898
66,5,bike,799.68,16.96,823.37,46.25,0.6795
66,439,bike,259.05,85.86,298.85,164.94,0.3399
67,1,car,677.83,195.53,807.27,303.09,0.9246
67,2,car,789.62,41.5,903.09,83.74,0.8729
67,8,bike,99.03,82.42,137.65,154.36,0.7143
67,3,car,554.95,3.03,608.65,42.27,0.7709
67,170,car,565.86,178.21,659.97,268.4,0.9366
67,16,car,594.84,38.16,687.3,80.08,0.8763
67,247,bike,242.92,34.35,264.22,65.53,0.4847
67,307,bike,114.77,70.73,155.21,109.46,0.7981
67,15,car,918.05,17.13,958.18,47.9,0.4603
67,189,car,636.14,0.56,682.63,24.29,0.5425
67,406,car,281.41,8.78,364.03,58.26,0.4319
67,5,bike,799.74,17.46,823.19,46.56,0.6595
67,439,bike,258.27,86.05,301.28,172.2,0.4601
68,1,car,677.36,194.67,806.4,301.64,0.9232
68,2,car,792.54,39.79,909.09,83.39,0.8389
68,8,bike,100.29,83.36,137.95,153.23,0.5739
68,3,car,555.63,4.29,606.79,42.01,0.7586
68,170,car,565.22,177.56,659.48,267.74,0.9367
68,16,car,597.48,38.05,690.52,80.23,0.8778
68,247,bike,245.36,35.84,265.49,65.28,0.5545
68,307,bike,115.43,71.08,157.0,110.83,0.7396
68,15,car,917.48,17.06,958.13,47.92,0.4942
68,189,car,635.95,0.63,682.25,24.27,0.5204
68,406,car,281.3,6.99,365.95,57.81,0.404
68,5,bike,799.67,17.44,823.32,46.81,0.739
68,385,bike,767.65,59.77,810.13,107.16,0.2713
69,1,car,676.67,192.96,805.4,299.58,0.9222
69,2,car,795.82,40.82,910.66,83.77,0.8305
69,8,bike,101.5,82.15,139.93,153.47,0.5812
69,3,car,553.05,3.84,604.28,41.67,0.7748
69,170,car,564.84,176.86,658.59,266.29,0.9351
69,16,car,601.25,38.84,694.38,80.96,0.8501
69,247,bike,247.4,34.96,268.56,65.76,0.4815
69,307,bike,115.53,70.7,157.83,110.87,0.7475
69,15,car,917.85,17.7,958.25,48.1,0.504
69,189,car,635.59,0.64,682.02,24.3,0.5672
69,406,car,281.12,6.76,365.96,57.87,0.3766
69,5,bike,799.36,17.36,823.17,46.93,0.7764
69,385,bike,771.11,59.92,814.39,108.45,0.4758
70,1,car,675.89,191.96,804.97,298.93,0.923
70,2,car,800.11,41.48,913.41,83.85,0.8161
70,8,bike,102.83,82.51,141.01,153.32,0.7316
70,3,car,548.26,1.96,602.12,41.7,0.83
70,170,car,564.08,175.97,657.55,264.74,0.9306
70,16,car,604.87,39.68,698.08,81.72,0.8607
70,247,bike,249.16,33.4,271.21,65.35,0.4791
70,307,bike,118.19,69.8,159.42,108.98,0.7398
70,15,car,917.92,17.62,958.72,48.16,0.5442
70,189,car,635.16,0.64,681.89,24.4,0.6396
70,406,car,281.7,6.22,367.23,57.9,0.3912
70,5,bike,799.16,17.58,823.3,47.66,0.7889
70,385,bike,774.27,60.17,816.67,107.75,0.6635
70,468,bike,264.26,85.32,296.6,134.86,0.4362
71,1,car,675.33,191.31,804.71,298.62,0.925
71,2,car,805.61,42.45,915.84,83.45,0.8602
71,8,bike,104.63,82.28,141.81,151.26,0.6508
71,3,car,546.38,1.19,601.01,41.58,0.8033
71,170,car,563.36,175.39,656.78,263.79,0.9288
71,16,car,607.78,39.43,701.78,81.85,0.8718
71,247,bike,250.88,31.17,273.84,64.69,0.4639
71,307,bike,120.33,69.94,160.26,107.93,0.7561
71,15,car,917.43,17.25,958.97,48.2,0.4186
71,189,car,634.64,0.69,681.16,24.27,0.6244
71,406,car,281.82,5.82,367.89,58.1,0.3818
71,5,bike,798.98,18.34,822.89,48.0,0.6886
71,385,bike,777.38,60.03,820.31,108.3,0.8065
71,468,bike,261.21,85.7,302.83,149.74,0.3385
72,1,car,674.35,191.09,803.14,297.95,0.9272
72,2,car,808.46,42.31,918.16,82.98,0.8453
72,8,bike,105.45,82.99,142.78,152.57,0.7752
72,3,car,545.65,1.12,599.86,41.33,0.8422
72,170,car,562.29,174.59,656.22,263.28,0.9274
72,16,car,610.26,39.16,705.11,81.98,0.8498
72,247,bike,252.93,31.19,275.3,64.09,0.4447
72,307,bike,122.31,69.7,161.82,107.39,0.7465
72,15,car,916.66,16.99,958.83,48.23,0.4222
72,189,car,634.08,0.64,680.89,24.32,0.6557
72,406,bus,281.23,4.74,368.95,58.38,0.4489
72,5,bike,798.81,18.0,823.06,48.18,0.6828
72,385,bike,781.64,59.97,823.03,106.85,0.589
72,468,bike,261.83,86.37,306.57,155.46,0.471
73,1,car,673.61,191.02,802.52,297.99,0.927
73,2,car,810.64,41.67,920.95,82.69,0.8655
73,8,bike,106.09,82.55,144.55,154.89,0.7558
73,3,car,545.04,0.45,599.39,41.1,0.8374
73,170,car,561.39,173.63,655.61,262.43,0.9227
73,16,car,612.94,38.83,709.87,82.64,0.8643
73,247,bike,256.11,32.84,277.26,64.03,0.3676
73,307,bike,124.28,69.16,164.11,107.32,0.779
73,15,car,916.36,16.84,959.17,48.44,0.493
73,189,car,634.0,0.66,680.87,24.26,0.6256
73,406,bus,281.89,5.01,369.95,59.26,0.3847
73,5,bike,798.73,18.53,822.83,48.52,0.7042
73,385,bike,781.58,59.55,824.07,107.81,0.8358
73,468,bike,262.49,86.49,306.33,154.56,0.4272
73,479,car,284.26,5.22,367.65,58.04,0.3126
74,1,car,674.66,190.55,800.35,294.43,0.9218
74,2,car,814.09,41.69,925.29,82.88,0.8721
74,8,bike,107.09,82.26,143.68,152.03,0.4181
74,3,car,545.11,0.64,598.38,40.85,0.8293
74,170,car,561.88,173.24,655.09,260.88,0.9226
74,16,car,616.28,38.68,713.9,82.98,0.8713
74,247,bike,259.34,35.08,279.04,63.87,0.4457
74,307,bike,126.25,69.14,165.51,106.75,0.7509
74,15,car,915.21,15.82,959.52,48.49,0.5123
74,189,car,633.84,0.62,680.61,24.09,0.6294
74,5,bike,798.68,18.14,823.03,48.44,0.661
74,385,bike,783.14,59.67,825.04,107.15,0.7884
75,1,car,674.0,189.98,799.05,293.21,0.9207
75,2,car,819.51,42.44,928.15,82.43,0.8649
75,8,bike,108.4,81.25,145.97,153.2,0.6787
75,3,car,544.81,0.88,597.41,41.07,0.7908
75,170,car,561.94,172.81,654.12,259.17,0.9161
75,16,car,619.27,39.01,716.7,83.38,0.8691
75,247,bike,261.02,34.53,281.65,64.56,0.4853
75,307,bike,127.84,68.8,167.01,106.34,0.72
75,15,car,915.36,15.74,959.73,48.43,0.4369
75,189,car,633.96,0.64,680.73,24.02,0.6396
75,5,bike,799.15,18.41,823.28,48.65,0.6097
75,385,bike,785.35,60.27,827.19,107.51,0.8004
75,486,bike,267.8,86.39,299.34,131.22,0.394
76,1,car,672.81,189.0,797.88,292.41,0.9116
76,2,car,822.92,42.52,931.25,82.31,0.841
76,8,bike,109.66,81.14,145.59,150.46,0.5472
76,3,car,545.77,1.7,596.26,40.65,0.7937
76,170,car,561.55,171.99,653.79,258.22,0.9143
76,16,car,622.5,38.8,719.99,83.23,0.8451
76,247,bike,262.95,33.81,283.51,63.63,0.2648
76,307,bike,129.07,68.32,168.66,106.33,0.7242
76,15,car,915.13,15.4,960.0,48.62,0.5413
76,189,car,633.86,0.77,680.34,23.9,0.6039
76,5,bike,796.56,17.52,821.86,48.85,0.6814
76,385,bike,787.67,59.95,830.41,107.96,0.8436
76,486,bike,268.88,86.23,299.02,128.99,0.3474
76,406,car,284.66,3.85,368.91,55.9,0.2474
77,1,car,672.37,188.32,796.39,290.8,0.9127
77,2,car,827.61,43.81,932.89,82.08,0.8764
77,8,bike,111.14,80.4,148.23,151.96,0.6289
77,3,car,545.13,1.34,595.75,40.88,0.5872
77,170,car,560.44,170.31,653.71,257.56,0.9104
77,16,car,626.05,39.39,723.41,83.81,0.8486
77,307,bike,131.12,68.91,170.4,106.62,0.7135
77,15,car,914.85,15.48,959.9,48.69,0.5249
77,189,car,634.05,0.81,680.5,23.78,0.5765
77,5,bike,797.78,17.66,822.42,48.28,0.6464
77,385,bike,790.78,59.48,833.05,106.87,0.8237
77,486,bike,270.16,86.33,300.92,129.82,0.3186
78,1,car,671.46,187.33,795.61,289.96,0.9089
78,2,car,831.3,44.28,936.2,81.96,0.9032
78,8,bike,112.31,79.57,150.35,152.72,0.7573
78,3,bike,543.68,0.59,595.41,41.59,0.6301
78,170,car,559.11,169.01,652.92,256.94,0.9044
78,16,car,630.11,39.76,726.31,83.76,0.8318
78,307,bike,132.36,68.47,171.79,106.47,0.7338
78,15,car,916.51,17.39,959.13,48.6,0.5326
78,189,car,633.73,0.7,680.61,23.78,0.6549
78,5,bike,798.14,17.62,822.37,47.75,0.6078
78,385,bike,792.16,59.56,834.92,107.24,0.8318
78,486,bike,267.85,86.26,303.39,136.81,0.2794
79,1,car,671.11,186.79,795.02,289.23,0.9099
79,2,car,833.09,44.03,939.5,82.04,0.8443
79,8,bike,112.75,79.6,151.07,153.47,0.755
79,3,bike,543.55,0.34,594.75,41.45,0.8284
79,170,car,558.74,168.74,651.92,256.17,0.8973
79,16,car,633.06,39.32,730.38,83.9,0.8219
79,307,bike,133.42,67.98,173.32,106.62,0.7531
79,15,car,917.37,18.33,958.97,48.6,0.5537
79,189,car,633.35,0.8,680.13,23.63,0.6608
79,5,bike,798.16,17.66,822.09,47.6,0.6509
79,385,bike,794.0,59.94,836.82,107.42,0.8121
79,486,bike,270.25,85.92,302.13,131.18,0.5073
79,509,rickshaw,779.51,1.41,802.28,23.48,0.3425
79,406,car,285.33,3.55,368.83,55.27,0.2209
80,1,car,671.21,185.78,795.89,288.89,0.9156
80,2,car,835.25,44.26,942.08,82.23,0.8818
80,8,bike,112.61,80.07,152.93,158.22,0.7956
80,3,bike,543.61,0.08,593.93,41.0,0.8298
80,170,car,559.06,168.69,650.91,254.85,0.8969
80,16,car,636.09,39.72,733.78,84.56,0.8537
80,307,bike,134.75,68.2,174.12,106.54,0.7424
80,15,car,917.2,17.78,959.48,48.52,0.5909
80,189,car,632.71,0.92,679.28,23.49,0.6615
80,5,bike,797.55,17.66,821.88,48.1,0.7118
80,385,bike,796.49,59.69,839.8,107.22,0.8227
80,486,bike,271.77,85.61,301.64,128.03,0.7115
80,509,rickshaw,779.82,1.19,802.78,23.47,0.4334
81,1,car,670.75,184.73,796.08,288.38,0.929
81,2,car,837.9,44.01,945.53,82.15,0.9064
81,8,bike,114.65,80.22,153.5,154.99,0.8174
81,3,bike,543.58,0.0,594.21,41.94,0.7603
81,170,car,559.07,168.41,650.32,253.87,0.8947
81,16,car,640.06,40.79,735.6,84.63,0.8415
81,307,bike,136.09,67.74,175.9,106.88,0.756
81,15,car,917.47,18.33,959.18,48.49,0.6057
81,189,car,632.44,0.99,679.46,23.65,0.6593
81,5,bike,797.58,17.06,822.34,48.35,0.6981
81,385,bike,799.9,59.64,842.59,106.56,0.7927
81,486,bike,272.98,85.28,302.21,126.76,0.6359
81,509,rickshaw,780.3,1.16,803.54,23.75,0.4595
81,247,bike,274.94,35.15,293.79,62.61,0.2709
82,1,car,670.7,184.25,796.23,288.07,0.938
82,2,car,842.14,44.02,949.36,81.87,0.9122
82,8,bike,115.05,80.27,154.95,156.97,0.8662
82,3,bike,546.09,0.0,595.46,42.55,0.7391
82,170,car,558.97,167.41,650.56,253.16,0.894
82,16,car,644.12,40.89,738.83,84.28,0.8328
82,307,bike,137.73,67.39,177.22,106.6,0.682
82,15,car,917.85,18.87,959.0,48.46,0.4451
82,189,car,632.7,1.03,679.47,23.4,0.6741
82,5,bike,797.34,17.09,821.95,48.2,0.6462
82,385,bike,802.65,57.8,845.86,105.5,0.8076
82,486,bike,273.44,85.72,302.14,126.2,0.4701
82,509,rickshaw,780.38,1.1,803.9,24.03,0.3813
82,531,rickshaw,456.87,1.28,513.99,66.92,0.3424
82,406,car,283.68,4.55,368.25,56.64,0.2722
83,1,car,670.42,184.07,795.82,287.86,0.9319
83,2,car,846.3,43.77,953.94,81.67,0.8558
83,8,bike,117.12,80.65,156.08,155.29,0.7829
83,3,bike,547.83,0.0,595.92,43.19,0.6977
83,170,car,558.73,166.93,650.33,252.65,0.8887
83,16,car,648.38,41.52,741.95,84.16,0.7633
83,307,bike,139.53,66.13,180.18,106.81,0.7463
83,15,car,918.08,19.13,959.12,48.52,0.3875
83,189,car,632.41,1.1,679.04,23.28,0.6393
83,5,bike,797.72,16.96,822.27,48.33,0.694
83,385,bike,805.64,56.41,849.2,105.08,0.7227
83,486,bike,274.04,85.71,302.7,125.95,0.3335
83,531,rickshaw,455.48,1.72,513.47,68.45,0.5223
83,536,bike,538.43,0.9,563.87,36.61,0.6494
83,406,car,284.45,4.97,369.01,56.93,0.4748
84,1,car,670.17,184.48,794.62,287.47,0.9281
84,2,car,846.58,42.93,956.07,81.46,0.888
84,8,bike,119.0,80.78,157.08,153.49,0.7945
84,3,bike,548.96,0.47,595.34,44.04,0.6548
84,170,car,558.52,166.27,650.43,252.32,0.893
84,16,car,650.98,41.0,746.31,84.46,0.8015
84,307,bike,140.09,65.35,182.67,108.53,0.7809
84,15,car,918.04,19.01,959.95,49.12,0.3721
84,189,car,632.35,1.19,678.97,23.23,0.6202
84,5,bike,798.22,17.63,821.57,47.49,0.5854
84,385,bike,807.65,57.5,850.95,105.7,0.6736
84,531,rickshaw,452.48,1.07,512.25,69.85,0.3332
84,536,bike,538.71,0.76,563.38,35.29,0.5792
84,406,car,283.58,4.88,369.81,57.74,0.574
84,539,bus,286.12,5.47,369.37,59.04,0.3361
85,1,car,670.46,184.82,793.04,286.19,0.9313
85,2,car,848.82,43.01,958.0,81.42,0.922
85,8,bike,120.09,80.18,158.89,154.22,0.7991
85,3,bike,550.33,0.6,594.99,44.51,0.7035
85,170,car,558.14,165.93,650.01,252.01,0.8885
85,16,car,655.15,40.41,750.42,83.86,0.7886
85,307,bike,141.41,64.96,184.61,109.26,0.7927
85,15,car,918.81,20.21,959.85,49.67,0.3181
85,189,car,632.5,0.94,679.44,23.09,0.6136
85,5,bike,799.01,18.34,822.04,48.12,0.6402
85,385,bike,810.83,58.44,852.83,105.26,0.6925
85,531,rickshaw,455.21,0.87,510.98,64.93,0.2851
85,536,bike,538.9,0.42,563.19,34.26,0.725
85,406,car,283.77,5.21,370.43,58.21,0.7266
85,539,bus,286.13,5.79,369.33,59.26,0.23
85,541,bike,824.33,31.83,839.78,63.99,0.4905
86,1,car,670.35,184.9,791.48,284.81,0.9281
86,2,car,851.36,42.45,960.0,81.26,0.879
86,8,bike,121.12,79.53,159.53,152.72,0.7802
86,3,bike,551.33,0.77,594.01,44.35,0.7932
86,170,car,557.6,165.51,649.83,251.98,0.8887
86,16,car,658.14,41.01,753.87,84.57,0.8197
86,307,bike,142.73,63.03,186.69,108.84,0.7638
86,15,car,918.14,19.13,960.0,50.02,0.3589
86,189,car,632.52,0.86,679.53,22.96,0.5968
86,5,bike,799.33,18.7,821.98,48.28,0.4252
86,385,bike,813.63,57.51,856.71,105.98,0.7597
86,536,bike,538.1,0.18,562.17,33.57,0.8326
86,541,bike,824.64,31.38,839.18,61.65,0.3921
87,1,car,669.85,184.55,791.19,284.42,0.9312
87,2,car,854.04,42.07,960.0,81.01,0.8471
87,8,bike,122.92,79.26,160.64,150.84,0.6503
87,3,bike,552.21,0.82,592.9,43.72,0.7739
87,170,car,557.17,165.25,649.44,251.8,0.8858
87,16,car,661.9,40.93,757.71,84.41,0.8617
87,307,bike,144.9,64.07,187.38,108.87,0.7361
87,15,car,917.5,18.92,959.87,49.45,0.4289
87,189,car,632.42,0.82,679.46,22.88,0.579
87,5,bike,799.27,19.49,821.62,48.85,0.2695
87,385,bike,817.54,57.96,859.31,105.25,0.7695
87,536,bike,538.37,0.06,562.44,33.17,0.8244
87,541,bike,824.08,30.98,839.26,62.65,0.3879
87,406,car,287.67,7.47,372.82,59.52,0.5965
88,1,car,669.07,183.21,791.14,283.58,0.9359
88,2,car,855.41,41.73,960.0,80.88,0.8862
88,8,bike,123.13,79.24,161.11,151.45,0.2396
88,3,bike,553.09,0.91,592.56,43.87,0.675
88,170,car,556.93,164.74,649.21,251.36,0.8798
88,16,car,665.11,40.97,760.84,84.29,0.818
88,307,bike,147.44,64.6,188.93,108.76,0.7762
88,15,car,917.84,19.25,959.49,49.16,0.4213
88,189,car,631.88,0.91,678.83,22.8,0.5428
88,5,bike,799.25,20.0,821.07,48.58,0.3605
88,385,bike,821.39,58.94,861.68,105.09,0.7354
88,536,bike,538.42,0.16,562.8,33.32,0.7866
88,541,bike,823.47,30.52,839.5,64.12,0.3358
88,406,car,288.96,7.14,375.69,60.39,0.6496
89,1,car,667.99,182.22,791.18,283.44,0.9354
89,2,car,857.31,41.58,960.0,80.87,0.8561
89,8,bike,124.94,78.86,162.35,149.73,0.7155
89,170,car,556.86,164.39,648.75,250.66,0.8785
89,16,car,668.86,41.3,763.98,84.25,0.8126
89,307,bike,149.44,64.22,190.45,108.25,0.7947
89,15,car,918.43,19.56,960.0,49.54,0.3069
89,189,car,631.62,0.98,678.51,22.72,0.5748
89,5,bike,798.26,20.45,820.32,49.15,0.243
89,385,bike,824.92,59.25,864.4,104.99,0.782
89,536,bike,539.88,0.37,564.66,33.25,0.7269
89,406,car,291.11,5.39,378.85,59.8,0.5673
90,1,car,667.97,181.95,790.42,282.44,0.9379
90,2,car,860.24,41.92,960.0,80.83,0.8434
90,8,bike,126.51,78.62,163.24,147.83,0.8541
90,170,car,557.23,163.97,648.35,249.45,0.878
90,16,car,671.95,40.96,767.67,84.01,0.8125
90,307,bike,151.2,64.39,191.59,108.05,0.7843
90,15,car,918.17,18.7,960.0,49.61,0.2988
90,189,car,631.58,1.04,677.94,22.36,0.5257
90,5,bike,799.47,20.84,820.96,49.03,0.2437
90,385,bike,826.32,59.56,865.67,104.82,0.8289
90,536,bike,540.18,0.61,565.57,33.25,0.6777
90,406,car,293.25,4.93,380.87,59.95,0.4763
91,1,car,667.43,181.87,789.45,281.95,0.9319
91,2,car,863.09,41.85,960.0,80.46,0.8622
91,8,bike,127.52,78.16,164.35,147.04,0.8654
91,170,car,557.34,163.53,648.02,248.56,0.8835
91,16,car,674.85,40.34,772.45,84.25,0.8173
91,307,bike,152.89,63.89,193.16,107.87,0.7701
91,15,car,917.55,17.6,960.0,49.73,0.2936
91,189,car,631.15,1.01,677.98,22.47,0.5522
91,385,bike,828.95,58.89,868.82,104.87,0.7754
91,536,bike,539.79,0.75,565.84,33.19,0.6601
91,406,car,294.09,4.92,382.61,61.26,0.5899
91,583,car,425.96,1.65,466.92,43.77,0.3537
92,1,car,666.2,180.62,789.09,281.49,0.9315
92,2,car,865.5,41.97,960.0,80.43,0.7743
92,8,bike,127.78,78.02,165.06,147.36,0.8683
92,170,car,557.4,162.37,648.15,247.52,0.8899
92,16,car,677.66,39.1,775.97,83.46,0.7878
92,307,bike,154.42,61.91,195.58,107.36,0.8127
92,15,car,917.46,17.87,960.0,50.39,0.2526
92,189,car,630.88,0.87,678.42,22.57,0.5727
92,385,bike,830.47,58.78,870.44,104.87,0.824
92,536,bike,538.86,0.98,565.62,33.32,0.6558
92,406,car,296.84,5.45,382.31,60.29,0.3986
92,583,car,425.87,1.09,467.5,43.9,0.3233
92,486,bike,282.05,82.99,311.17,124.01,0.5395
92,3,bike,559.49,2.37,597.41,45.83,0.4011
93,1,car,665.48,180.15,788.0,280.83,0.9334
93,2,car,868.84,41.91,960.0,80.07,0.838
93,8,bike,129.14,77.8,166.85,147.45,0.8369
93,170,car,557.71,162.41,647.68,246.74,0.8863
93,16,car,682.44,39.83,779.34,83.37,0.7785
93,307,bike,156.43,62.44,196.31,106.77,0.8161
93,189,car,630.59,0.79,678.19,22.45,0.5275
93,385,bike,833.3,58.87,873.01,104.67,0.8519
93,536,car,538.5,0.85,566.16,33.17,0.6208
93,406,car,295.97,5.39,383.33,62.08,0.5277
93,486,bike,282.49,82.68,311.55,123.99,0.5269
93,3,bike,562.12,3.86,597.62,46.55,0.5642
94,1,car,665.75,180.66,786.58,279.91,0.9284
94,2,car,871.87,41.53,960.0,79.79,0.8426
94,8,bike,130.51,77.74,167.53,146.3,0.7422
94,170,car,557.73,161.96,648.28,246.85,0.9139
94,16,car,685.83,39.53,783.1,83.23,0.8117
94,307,bike,157.73,61.85,197.16,106.13,0.8129
94,189,car,630.3,0.73,678.25,22.53,0.5476
94,385,bike,836.05,59.02,875.94,104.77,0.8436
94,536,car,537.29,0.58,565.55,32.64,0.7343
94,406,car,296.34,5.25,384.02,62.81,0.57
94,486,bike,283.32,82.42,312.2,123.88,0.5525
94,603,bus,299.04,8.71,381.32,65.62,0.4067
95,1,car,665.78,180.72,785.81,279.21,0.923
95,2,car,874.3,40.89,960.0,79.41,0.8278
95,8,bike,132.45,77.79,169.67,146.61,0.7596
95,170,car,557.82,161.84,648.14,246.47,0.9096
95,16,car,690.6,39.89,786.75,82.85,0.8135
95,307,bike,159.97,62.77,198.9,106.74,0.8135
95,189,car,630.39,0.73,678.45,22.54,0.5561
95,385,bike,839.61,58.34,879.66,104.22,0.8372
95,536,car,536.66,0.48,565.41,32.13,0.7798
95,406,car,296.0,5.78,383.95,64.1,0.5943
95,486,bike,284.39,82.25,312.7,123.16,0.5234
95,603,bus,296.31,6.22,382.77,66.14,0.5601
95,583,car,432.15,0.69,460.34,29.18,0.361
96,1,car,665.09,179.86,785.45,278.66,0.9273
96,2,car,876.36,40.3,960.0,79.24,0.8159
96,8,bike,132.83,77.69,170.98,148.07,0.772
96,170,car,557.39,161.84,647.63,246.37,0.892
96,16,car,695.1,39.93,789.95,82.06,0.79
96,307,bike,161.23,61.81,200.3,106.15,0.8016
96,189,car,630.3,0.72,678.51,22.59,0.5587
96,385,bike,840.41,58.11,881.34,104.89,0.8515
96,536,car,535.74,0.33,565.01,31.56,0.8639
96,406,car,297.69,7.74,383.18,64.78,0.6081
96,486,bike,285.36,81.8,313.67,122.91,0.4446
96,603,bus,299.29,10.2,381.54,67.23,0.2733
97,1,car,664.28,178.69,785.52,278.34,0.9239
97,2,car,878.69,39.23,960.0,78.81,0.7303
97,8,bike,134.56,78.01,172.17,147.02,0.7891
97,170,car,557.39,161.96,647.23,246.07,0.8918
97,16,car,697.11,39.96,793.31,82.53,0.7952
97,307,bike,162.99,60.43,202.32,105.49,0.8297
97,189,car,630.17,0.63,678.28,22.44,0.5918
97,385,bike,842.76,58.73,883.2,104.7,0.851
97,536,car,534.03,0.34,563.72,31.2,0.844
97,406,car,300.08,8.65,383.63,64.82,0.6089
97,486,bike,286.6,81.66,314.62,122.52,0.6403
97,603,bus,303.13,12.86,379.71,65.77,0.241
98,1,car,664.14,178.3,785.02,277.73,0.9245
98,2,car,883.18,40.12,960.0,78.97,0.7333
98,8,bike,135.3,77.66,173.4,147.3,0.7726
98,170,car,557.23,161.92,646.92,245.86,0.8911
98,16,car,701.53,41.44,795.81,82.87,0.7642
98,307,bike,165.22,59.62,204.14,104.49,0.7733
98,189,car,630.31,0.63,678.36,22.36,0.583
98,385,bike,846.13,59.06,885.77,104.37,0.7375
98,536,car,532.53,0.8,562.27,30.9,0.8706
98,486,bike,287.57,81.7,315.62,122.53,0.6871
99,1,car,663.93,177.91,784.83,277.44,0.9224
99,2,car,886.06,39.9,960.0,78.77,0.8437
99,8,bike,136.99,78.2,174.64,146.91,0.7641
99,170,car,557.04,161.67,646.91,245.79,0.8931
99,16,car,704.12,41.19,799.07,82.8,0.7355
99,307,bike,166.88,59.38,206.15,105.02,0.8098
99,189,car,630.3,0.62,677.9,22.02,0.526
99,385,bike,850.91,58.85,889.51,103.53,0.7465
99,536,car,531.35,1.04,561.08,30.41,0.8396
99,486,bike,288.74,81.77,316.16,121.73,0.6908
99,655,car,432.1,10.51,477.28,47.08,0.4057
99,406,bus,305.11,13.45,383.31,65.94,0.6464
100,1,car,663.61,177.51,785.17,277.76,0.9219
100,2,car,887.82,37.93,960.0,78.42,0.7499
100,8,bike,138.07,77.73,176.66,148.33,0.7984
100,170,car,557.01,161.49,646.81,245.61,0.8932
100,16,car,707.55,41.58,802.72,83.03,0.8019
100,307,bike,168.45,59.72,207.37,105.21,0.7955
100,189,car,630.08,0.62,678.04,22.13,0.5593
100,385,bike,855.89,58.11,893.56,102.32,0.5648
100,536,car,530.5,0.93,560.41,29.74,0.8335
100,486,bike,289.84,81.62,316.63,120.75,0.7133
100,655,car,435.04,12.51,477.89,47.11,0.6115
101,1,car,663.86,177.85,784.54,277.46,0.9223
101,2,car,889.75,36.35,960.0,78.08,0.7419
101,8,bike,139.05,77.64,177.05,147.2,0.8294
101,170,car,556.57,160.53,647.18,245.59,0.8974
101,16,car,712.86,41.61,807.1,82.32,0.81
101,307,bike,170.69,59.9,207.56,103.13,0.805
101,189,car,630.05,0.64,677.97,22.09,0.5371
101,385,bike,858.34,57.82,895.9,102.13,0.6772
101,536,car,529.03,0.68,559.16,29.05,0.8054
101,486,bike,290.51,81.73,317.04,120.54,0.6814
101,655,car,435.81,13.45,478.59,47.85,0.7154
101,406,bus,303.35,13.94,377.42,63.95,0.4803
102,1,car,663.43,177.0,784.89,277.44,0.9239
102,2,car,892.51,35.62,960.0,78.15,0.8242
102,8,bike,139.92,77.35,178.17,147.24,0.8297
102,170,car,556.77,160.77,646.98,245.49,0.8936
102,16,car,716.89,42.02,810.11,81.96,0.7808
102,307,bike,172.88,60.0,208.2,101.4,0.824
102,189,car,629.56,0.63,677.8,22.18,0.5348
102,385,bike,859.66,58.1,897.64,102.75,0.6442
102,536,car,527.75,0.75,558.21,28.72,0.8202
102,486,bike,290.97,81.65,317.71,120.82,0.715
102,655,car,436.84,13.74,480.81,48.87,0.7967
102,406,bus,307.18,13.67,381.53,63.92,0.4312
102,15,car,918.22,20.03,955.63,46.41,0.2889
103,1,car,663.52,176.97,784.36,277.04,0.9215
103,2,car,896.41,35.77,960.0,78.14,0.8168
103,8,bike,141.76,77.44,179.86,146.77,0.7981
103,170,car,556.8,160.72,646.99,245.48,0.8948
103,16,car,716.95,42.21,808.7,81.75,0.7883
103,307,bike,174.4,59.85,209.83,101.42,0.8244
103,189,car,629.61,0.76,677.72,22.22,0.5671
103,385,bike,861.28,58.19,898.03,101.6,0.628
103,536,car,526.61,0.66,557.65,28.56,0.8391
103,486,bike,291.8,81.69,318.37,120.7,0.6848
103,655,car,438.82,13.77,482.99,48.92,0.8538
103,406,bus,306.62,14.01,376.54,61.57,0.4905
103,541,bike,817.6,32.85,834.14,67.44,0.4532
104,1,car,663.54,176.95,783.91,276.77,0.9188
104,2,car,900.23,35.84,960.0,77.64,0.8342
104,8,bike,143.25,77.62,182.38,148.83,0.5918
104,170,car,556.74,160.25,646.88,244.91,0.8937
104,16,car,720.69,41.87,814.91,82.37,0.7715
104,307,bike,176.46,59.72,211.38,100.68,0.7621
104,189,car,629.23,0.73,677.94,22.5,0.5676
104,385,bike,864.16,57.97,900.38,101.0,0.6485
104,536,car,525.6,0.53,557.11,28.3,0.826
104,486,bike,292.39,81.72,319.2,121.0,0.6792
104,655,car,440.49,14.31,485.05,49.59,0.8434
104,406,car,310.01,13.58,376.22,58.62,0.2694
104,695,bus,259.62,0.9,326.74,44.85,0.482
104,15,car,917.22,18.31,958.29,47.01,0.2945
105,1,car,663.25,176.65,783.33,276.39,0.9252
105,2,car,904.37,36.15,960.0,77.31,0.8434
105,8,bike,145.11,75.89,183.91,146.83,0.2481
105,170,car,556.88,160.39,646.78,244.77,0.8938
105,16,car,725.47,41.78,819.02,81.92,0.687
105,307,bike,179.13,59.75,213.42,99.8,0.7536
105,189,car,629.47,0.8,677.77,22.35,0.5473
105,385,bike,869.73,57.71,904.06,98.66,0.6584
105,536,car,524.7,0.55,556.24,27.81,0.8116
105,486,bike,293.27,81.58,320.51,121.38,0.7055
105,655,car,442.07,14.66,486.9,49.92,0.8153
105,406,bus,308.48,14.61,371.55,58.25,0.4674
105,695,bus,260.65,0.92,326.97,44.37,0.4575
105,15,car,917.81,19.5,957.96,47.1,0.3946
106,1,car,663.14,176.11,782.98,275.77,0.9265
106,2,car,905.8,33.29,960.0,77.19,0.7891
106,8,bike,146.44,76.18,184.97,146.53,0.7558
106,170,car,556.74,159.96,646.98,244.69,0.8955
106,16,car,727.92,41.85,820.99,81.84,0.6818
106,307,bike,180.96,60.13,215.03,99.78,0.8128
106,189,car,629.51,0.81,677.77,22.31,0.5431
106,385,bike,874.64,58.07,907.48,97.51,0.6716
106,536,car,524.03,0.49,555.6,27.31,0.8189
106,486,bike,293.65,81.75,321.23,121.9,0.7314
106,655,car,443.41,14.88,488.88,50.34,0.8467
106,406,bus,307.72,14.82,369.88,58.62,0.5018
106,695,bus,260.18,0.78,326.75,44.43,0.5755
106,15,car,917.25,18.97,958.56,47.21,0.4512
106,703,car,338.0,40.92,375.02,68.78,0.3649
107,1,car,662.98,175.64,782.88,275.47,0.9288
107,2,car,909.88,33.87,960.0,76.87,0.777
107,8,bike,147.5,75.57,186.36,146.56,0.6787
107,170,car,556.66,160.51,646.69,245.08,0.8927
107,16,car,733.23,41.43,827.8,81.9,0.8033
107,307,bike,182.63,60.42,215.85,98.88,0.7859
107,189,car,629.27,0.74,677.7,22.3,0.5369
107,385,bike,876.84,58.65,909.52,97.61,0.7471
107,536,car,523.19,0.59,555.0,27.13,0.8383
107,486,bike,294.01,81.65,321.66,121.75,0.7368
107,655,car,445.17,14.88,491.2,50.44,0.8159
107,406,bus,308.02,14.61,369.12,58.28,0.3369
107,695,bus,260.74,0.8,326.86,44.25,0.535
107,15,car,917.36,19.18,958.93,47.45,0.4261
108,1,car,662.83,175.3,782.53,275.07,0.9285
108,2,car,915.03,36.09,960.0,76.65,0.6856
108,8,bike,148.59,76.58,187.11,146.97,0.7458
108,170,car,556.7,160.28,646.71,244.83,0.8951
108,16,car,735.21,39.49,834.48,82.05,0.8038
108,307,bike,184.67,60.23,216.93,97.3,0.7581
108,189,car,629.05,0.81,677.66,22.42,0.5203
108,385,bike,878.86,58.4,911.79,97.32,0.6964
108,536,car,522.11,0.55,554.3,26.92,0.8167
108,486,bike,294.72,81.65,321.94,121.07,0.7373
108,655,car,445.94,14.93,492.59,50.61,0.8794
108,406,bus,308.6,14.66,367.42,57.0,0.4994
108,695,bus,261.06,0.72,327.06,44.2,0.5264
108,15,car,916.62,18.96,959.2,47.89,0.5305
108,703,car,342.21,39.33,381.2,68.78,0.3997
109,1,car,662.62,174.98,782.48,275.03,0.9282
109,2,car,917.96,35.83,960.0,76.6,0.5871
109,8,bike,149.91,75.93,189.07,147.55,0.8013
109,170,car,556.72,160.14,646.71,244.61,0.8946
109,16,car,741.07,41.12,837.16,81.89,0.742
109,307,bike,186.31,60.52,218.24,96.85,0.8149
109,189,car,629.19,0.75,677.72,22.26,0.4683
109,385,bike,879.76,57.96,913.76,97.7,0.7437
109,536,car,521.17,0.7,553.3,26.52,0.8061
109,486,bike,295.14,81.28,322.08,120.24,0.6823
109,655,car,447.72,14.92,494.87,50.71,0.9101
109,406,bus,309.39,15.11,367.59,57.29,0.434
109,695,bus,260.76,0.93,327.14,44.73,0.4628
109,15,car,916.45,19.24,959.7,48.6,0.5593
109,703,car,344.1,39.54,382.67,68.8,0.5401
110,1,car,662.69,174.95,781.74,274.38,0.9247
110,2,car,921.97,37.08,960.0,76.48,0.5474
110,8,bike,150.59,76.05,190.65,149.37,0.8416
110,170,car,556.74,160.12,646.76,244.59,0.8949
110,16,car,745.72,42.34,839.22,81.59,0.8051
110,307,bike,187.19,59.72,220.13,97.01,0.8039
110,189,car,629.1,0.86,677.76,22.43,0.4942
110,385,bike,882.94,57.34,916.92,97.43,0.7104
110,536,car,519.77,0.81,552.18,26.29,0.8188
110,486,bike,295.72,81.27,322.51,119.86,0.6226
110,655,car,449.4,14.56,497.52,50.83,0.8754
110,406,bus,313.92,14.73,375.22,58.57,0.5307
110,695,bus,261.53,0.88,327.8,44.76,0.6047
110,15,car,916.73,19.91,959.35,48.68,0.53
110,703,car,344.3,39.04,383.35,68.81,0.2794
110,715,bike,815.55,28.78,833.8,56.84,0.3824
111,1,car,662.62,174.84,781.29,274.02,0.924
111,8,bike,151.31,76.0,190.78,148.27,0.8123
111,170,car,556.43,160.22,646.66,245.07,0.8945
111,16,car,749.92,43.58,841.6,81.63,0.6277
111,307,bike,188.87,59.46,221.85,96.57,0.6974
111,189,car,628.87,0.94,677.82,22.71,0.5339
111,385,bike,884.06,57.06,918.44,97.38,0.7663
111,536,car,518.56,0.91,551.26,26.08,0.8044
111,486,bike,295.98,80.34,322.93,119.34,0.693
111,655,car,450.98,14.76,499.77,51.13,0.895
111,406,bus,317.66,14.52,379.05,57.78,0.4109
111,695,bus,261.97,0.86,327.52,44.4,0.6968
111,15,car,916.55,20.6,959.51,49.52,0.4033
111,715,bike,815.03,28.93,833.46,57.32,0.2996
112,1,car,662.44,174.6,781.14,273.9,0.9286
112,8,bike,151.82,76.34,191.92,149.6,0.8017
112,170,car,556.65,160.09,646.59,244.59,0.8932
112,16,car,751.47,42.31,846.92,81.76,0.5411
112,307,bike,190.41,59.28,223.56,96.38,0.7173
112,189,car,629.07,0.95,677.73,22.57,0.5453
112,385,bike,886.64,56.95,922.18,99.11,0.7621
112,536,car,517.27,0.84,550.37,25.9,0.8089
112,486,bike,296.29,79.7,323.56,119.38,0.6821
112,655,car,452.04,14.99,501.53,51.43,0.8932
112,406,bus,317.38,14.05,379.59,57.85,0.2667
112,695,bus,261.94,1.14,326.76,44.3,0.4955
112,15,car,915.57,20.29,960.0,50.84,0.5648
113,1,car,662.54,174.67,780.79,273.58,0.9258
113,8,bike,152.61,75.63,192.24,148.33,0.7528
113,170,car,556.66,160.47,646.42,244.76,0.8895
113,16,car,753.25,41.32,851.69,81.88,0.6444
113,307,bike,192.18,59.45,225.19,96.28,0.7099
113,189,car,629.05,0.97,677.39,22.41,0.5338
113,385,bike,888.99,56.08,925.6,99.77,0.7948
113,536,car,515.69,0.67,549.17,25.69,0.8101
113,486,bike,297.06,78.58,324.92,119.39,0.6996
113,655,car,453.38,15.47,503.35,51.77,0.8847
113,406,truck,321.26,12.0,387.28,57.88,0.4247
113,695,bus,261.63,1.33,326.51,44.66,0.3141
113,15,car,915.06,19.62,960.0,51.53,0.4635
113,726,bus,316.8,13.19,394.41,58.55,0.3788
113,3,bike,584.6,6.58,613.66,45.65,0.5034
114,1,car,662.43,174.66,780.36,273.31,0.9275
114,8,bike,155.35,74.8,195.05,147.25,0.7
114,170,car,556.54,160.98,646.08,245.15,0.8892
114,16,car,757.35,41.54,856.0,82.0,0.6081
114,307,bike,194.22,60.07,226.42,95.67,0.595
114,189,car,629.02,1.08,677.7,22.67,0.5424
114,385,bike,891.77,56.34,928.41,100.19,0.757
114,536,car,514.27,0.51,548.13,25.53,0.8159
114,486,bike,298.38,78.33,326.36,119.35,0.5558
114,655,car,455.02,16.19,504.78,51.87,0.9131
114,406,truck,324.09,11.81,391.05,57.95,0.3406
114,695,bus,261.59,1.36,327.09,45.18,0.4487
114,15,car,915.16,19.5,960.0,51.07,0.4223
114,726,bus,318.44,13.11,396.04,58.53,0.3915
115,1,car,662.38,174.63,780.23,273.24,0.9311
115,8,bike,158.47,74.9,198.16,146.99,0.5931
115,170,car,556.26,160.58,646.34,245.45,0.8931
115,16,car,760.0,40.38,862.04,82.26,0.6521
115,307,bike,195.09,59.89,227.54,95.69,0.6452
115,189,car,629.25,1.13,677.7,22.52,0.4987
115,385,bike,895.68,56.4,932.71,101.33,0.7849
115,536,car,513.27,0.46,547.26,25.29,0.7894
115,486,bike,299.66,78.31,327.15,118.88,0.5212
115,655,car,455.89,15.77,507.19,52.18,0.9434
115,695,bus,261.31,1.3,326.18,44.59,0.5415
115,15,car,913.67,17.54,960.0,51.67,0.3702
115,726,bus,317.2,13.23,393.73,58.18,0.243
116,1,car,662.5,174.62,780.15,273.05,0.9288
116,8,bike,161.7,81.93,199.1,148.86,0.4656
116,170,car,556.56,160.82,645.95,244.91,0.8909
116,16,car,762.42,39.28,867.11,82.41,0.7065
116,307,bike,196.29,59.38,228.9,95.45,0.6711
116,189,car,628.68,1.05,677.11,22.43,0.5068
116,385,bike,898.77,56.92,935.87,102.46,0.8127
116,536,car,512.14,0.3,545.88,24.67,0.8016
116,486,bike,300.75,78.21,328.24,119.08,0.5389
116,655,car,457.49,15.65,509.86,52.57,0.949
116,695,bus,261.76,1.45,326.59,44.64,0.454
116,15,car,912.91,16.87,960.0,52.04,0.4445
116,745,car,432.41,0.29,473.49,22.89,0.3645
116,406,car,325.66,9.53,395.23,56.97,0.2849
117,1,car,662.58,174.71,779.77,272.7,0.9304
117,8,bike,164.01,84.18,200.1,147.78,0.3573
117,170,car,556.8,160.99,645.88,244.69,0.8898
117,16,car,763.64,37.83,871.62,82.64,0.7305
117,307,bike,197.75,58.07,230.82,94.78,0.6936
117,189,car,628.62,1.14,677.18,22.57,0.5165
117,385,bike,900.3,56.87,938.38,103.96,0.8078
117,536,car,511.61,0.33,545.24,24.34,0.8061
117,486,bike,301.62,78.57,328.97,119.35,0.5297
117,655,car,460.27,16.53,512.27,52.68,0.9482
117,15,car,911.0,14.22,960.0,52.26,0.321
117,745,car,433.09,0.07,474.15,22.7,0.4113
118,1,car,662.43,174.62,779.02,272.08,0.9255
118,8,bike,167.31,87.31,202.02,146.87,0.276
118,170,car,556.51,161.27,645.85,245.31,0.8896
118,16,car,767.75,38.43,874.3,82.81,0.7151
118,307,bike,198.94,57.2,232.21,94.4,0.6498
118,189,car,628.59,1.14,677.23,22.55,0.4292
118,385,bike,901.17,56.65,940.32,104.84,0.7893
118,536,car,510.96,0.21,544.58,24.01,0.8121
118,486,bike,302.98,79.04,329.7,118.97,0.5085
118,655,car,462.09,16.98,514.73,53.07,0.9283
118,15,car,912.62,16.31,960.0,51.03,0.3301
118,745,car,433.56,0.0,475.56,23.18,0.4734
119,1,car,662.39,174.46,779.23,272.09,0.9292
119,8,bike,164.73,78.82,204.75,147.44,0.3913
119,170,car,556.49,161.36,645.82,245.47,0.8889
119,16,car,772.77,40.61,874.84,82.93,0.702
119,307,bike,200.22,56.48,233.55,94.01,0.6178
119,189,car,628.89,1.18,677.84,22.71,0.4136
119,385,bike,906.42,57.0,942.65,101.92,0.656
119,536,car,510.05,0.05,543.74,23.73,0.8051
119,486,bike,304.11,78.88,330.96,119.21,0.5498
119,655,car,464.88,18.33,516.69,53.33,0.9225
119,15,car,914.13,17.64,959.44,49.86,0.3181
119,745,car,435.24,0.0,477.89,23.51,0.5491
120,1,car,662.41,174.38,779.11,271.81,0.9285
120,8,bike,163.44,75.03,205.87,147.66,0.6043
120,170,car,556.46,161.11,646.02,245.52,0.8917
120,16,car,774.68,39.23,879.41,82.83,0.6977
120,307,bike,201.25,50.9,237.71,92.69,0.6175
120,189,car,628.5,1.09,677.83,22.73,0.4282
120,385,bike,908.21,57.07,945.01,102.43,0.5811
120,536,car,509.23,0.0,542.71,23.39,0.7675
120,486,bike,305.09,79.13,331.73,118.88,0.5199
120,655,car,467.5,19.84,518.38,53.61,0.9225
120,15,car,916.7,18.23,960.0,49.56,0.3946
120,745,car,435.06,0.0,477.77,23.59,0.4155
120,771,bike,905.94,22.84,934.73,53.29,0.4023
121,1,car,662.29,174.4,778.68,271.49,0.928
121,8,bike,166.63,79.12,208.17,149.65,0.4851
121,170,car,556.88,161.24,645.95,245.06,0.89
121,16,car,778.37,38.41,883.99,82.49,0.5357
121,307,bike,204.19,54.09,238.65,93.55,0.5054
121,189,car,628.24,1.1,677.44,22.66,0.4688
121,385,bike,909.31,57.16,946.72,102.61,0.6902
121,536,car,508.59,0.0,541.5,22.8,0.7491
121,486,bike,305.85,79.28,332.73,119.41,0.5421
121,655,car,469.52,20.13,521.08,53.74,0.938
121,15,car,910.86,15.87,959.5,50.5,0.4741
121,745,car,436.07,0.0,478.57,23.48,0.4732
121,771,bike,905.19,23.63,933.47,53.51,0.244
121,779,bike,788.03,9.44,815.9,45.76,0.3669
121,3,bike,594.51,13.08,617.4,46.33,0.5885
121,695,bus,263.04,2.68,324.45,43.7,0.2494
122,1,car,662.51,174.36,778.28,270.78,0.9248
122,8,bike,166.98,75.9,209.28,147.21,0.5226
122,170,car,556.83,161.03,645.97,244.81,0.8894
122,16,car,779.65,35.92,890.54,82.71,0.421
122,307,bike,204.95,51.84,240.72,93.12,0.6787
122,189,car,628.46,1.02,677.61,22.48,0.469
122,385,bike,911.18,57.22,949.05,102.81,0.7918
122,536,car,508.06,0.0,540.61,22.32,0.7661
122,486,bike,306.23,79.31,333.74,119.84,0.4398
122,655,car,471.98,20.32,524.44,53.95,0.9433
122,15,car,906.57,14.78,958.89,51.82,0.4982
122,745,car,437.34,0.0,479.7,23.3,0.5856
122,779,bike,787.95,8.75,816.21,45.59,0.2474
122,786,bike,872.49,11.87,897.14,43.66,0.38
122,3,bike,595.81,12.92,617.48,45.85,0.6818
123,1,car,662.45,174.21,778.39,270.65,0.9232
123,8,bike,165.72,73.71,208.74,146.1,0.6826
123,170,car,556.57,161.3,645.79,245.14,0.8884
123,16,car,785.0,36.96,891.97,82.13,0.7087
123,307,bike,206.09,50.12,242.75,92.78,0.724
123,189,car,628.51,0.96,677.41,22.3,0.5035
123,385,bike,913.95,56.83,950.88,100.71,0.6848
123,536,car,507.65,0.05,539.6,21.74,0.7495
123,486,bike,307.28,79.29,334.38,118.96,0.5128
123,655,car,473.76,20.19,527.47,54.17,0.9262
123,15,car,904.04,13.44,958.23,51.46,0.3465
123,745,car,437.93,0.25,479.53,23.04,0.3802
123,786,bike,870.11,11.77,898.36,48.29,0.277
123,3,bike,597.03,12.7,617.92,45.83,0.5933
123,792,bike,0.44,104.35,32.59,158.1,0.5353
124,1,car,662.35,174.26,777.77,270.17,0.9225
124,8,bike,167.64,73.01,210.57,144.7,0.6574
124,170,car,556.78,160.8,646.15,244.69,0.8925
124,16,car,788.91,38.54,893.73,82.75,0.7624
124,307,bike,208.6,53.45,243.12,93.54,0.6875
124,189,car,628.78,0.97,677.73,22.3,0.5173
124,385,bike,916.68,57.5,952.69,99.76,0.6434
124,536,car,507.55,0.37,538.45,21.09,0.7074
124,486,bike,308.41,78.66,336.28,119.1,0.4414
124,655,car,474.35,20.18,529.69,54.76,0.9179
124,745,car,437.87,0.17,478.93,22.62,0.4218
124,3,bike,598.42,12.37,618.38,45.12,0.5451
124,792,bike,0.79,103.63,34.08,159.24,0.4258
124,771,bike,898.53,23.78,925.97,52.67,0.3657
125,1,car,662.6,174.13,777.91,269.79,0.9229
125,8,bike,168.67,73.26,212.6,146.54,0.649
125,170,car,556.92,160.67,646.35,244.54,0.8918
125,16,car,792.94,37.97,897.23,81.94,0.6898
125,307,bike,210.13,52.61,244.76,93.16,0.732
125,189,car,628.89,0.94,677.92,22.29,0.5421
125,385,bike,920.57,57.04,956.07,98.5,0.2604
125,536,car,506.83,0.39,537.13,20.46,0.6563
125,655,car,475.75,20.48,532.04,55.22,0.8999
125,745,car,437.88,0.58,479.95,23.59,0.3939
125,3,bike,599.79,12.57,619.13,44.97,0.5877
125,792,bike,1.64,103.9,34.82,159.14,0.6202
125,771,bike,895.39,23.23,923.9,53.21,0.4029
126,1,car,662.38,173.69,777.48,269.09,0.92
126,8,bike,170.02,73.67,213.57,146.35,0.4712
126,170,car,556.78,160.19,646.87,244.82,0.8954
126,16,car,794.66,35.64,903.8,81.99,0.756
126,307,bike,212.36,52.59,246.59,92.74,0.7133
126,189,car,628.68,0.78,677.66,22.11,0.5614
126,385,bike,921.93,55.91,959.07,99.2,0.2825
126,536,car,506.65,0.57,536.12,19.79,0.603
126,655,car,477.85,20.41,535.36,55.51,0.9245
126,745,car,438.13,0.65,478.84,22.78,0.2518
126,3,bike,600.27,11.02,619.93,44.72,0.3939
126,792,bike,1.52,104.08,35.05,159.75,0.5475
126,771,bike,892.6,22.82,921.14,52.93,0.2286
127,1,car,662.07,173.12,777.48,268.66,0.9216
127,8,bike,170.77,73.62,215.27,148.01,0.328
127,170,car,556.61,160.08,646.7,244.6,0.892
127,16,car,799.0,36.19,905.42,81.41,0.7527
127,307,bike,214.0,53.6,248.3,93.93,0.7638
127,189,car,628.75,0.71,677.72,22.04,0.5365
127,385,bike,923.89,55.72,960.0,98.96,0.3257
127,536,car,506.19,0.72,535.01,19.15,0.5533
127,655,car,479.44,19.87,538.54,55.59,0.8928
127,792,bike,3.52,103.91,36.3,157.71,0.3326
128,1,car,661.57,172.98,777.59,268.99,0.9224
128,8,bike,175.81,81.66,217.08,150.08,0.5226
128,170,car,556.28,159.67,646.99,244.96,0.8954
128,16,car,803.31,36.13,909.62,81.44,0.6921
128,307,bike,215.31,52.99,249.94,94.06,0.7535
128,189,car,628.72,0.58,677.61,21.89,0.5244
128,385,bike,925.6,55.06,960.0,99.15,0.2449
128,536,car,506.09,0.76,533.88,18.15,0.4714
128,655,car,481.36,19.48,541.8,55.93,0.8593
128,792,bike,3.94,104.77,36.25,157.18,0.3816
128,15,car,914.48,17.65,958.58,48.36,0.4526
128,745,car,438.51,0.72,479.28,22.83,0.2158
129,1,car,661.22,172.4,777.6,268.71,0.9225
129,8,bike,177.55,80.24,218.91,148.8,0.5461
129,170,car,556.03,159.8,646.81,245.21,0.8951
129,16,bike,804.99,34.48,914.81,81.7,0.3379
129,307,bike,216.07,52.09,252.03,95.18,0.714
129,189,car,629.0,0.48,677.65,21.63,0.555
129,385,bike,927.54,55.13,960.0,98.7,0.3522
129,536,car,505.31,0.72,532.88,17.53,0.4217
129,655,car,482.95,19.76,544.33,56.57,0.8313
129,792,bike,3.74,104.36,36.03,156.28,0.3137
129,839,bike,172.89,70.28,193.32,119.05,0.3241
129,841,car,703.8,0.15,730.44,22.47,0.4021
129,15,car,915.73,17.89,959.17,48.06,0.5852
129,745,car,439.36,0.69,480.74,22.99,0.2775
129,779,bike,787.27,11.52,814.9,47.69,0.5168
129,786,bike,876.28,11.22,908.79,52.12,0.6013
130,1,car,661.29,171.63,777.87,268.08,0.9244
130,8,bike,178.88,77.89,222.18,149.76,0.3001
130,170,car,555.98,159.33,646.9,245.06,0.8976
130,16,car,807.51,34.22,917.05,81.61,0.7263
130,307,bike,217.44,51.55,253.55,95.17,0.7
130,189,car,629.04,0.42,677.68,21.51,0.5514
130,536,car,503.6,0.39,532.0,17.38,0.4443
130,655,car,486.33,20.5,547.5,56.92,0.845
130,839,bike,174.61,70.11,194.21,116.74,0.2549
130,15,car,916.76,18.7,959.02,47.88,0.5294
130,745,car,440.57,0.71,482.37,23.03,0.3144
130,779,bike,787.23,11.79,814.35,47.51,0.4176
130,786,bike,876.52,12.48,908.83,52.08,0.4303
131,1,car,661.85,171.49,777.85,267.32,0.9248
131,8,bike,182.78,83.35,223.31,150.42,0.2815
131,170,car,557.15,160.11,646.59,244.31,0.8962
131,16,car,810.64,33.68,919.85,81.15,0.4792
131,307,bike,218.84,51.36,254.96,95.39,0.6969
131,189,car,629.07,0.32,677.7,21.39,0.5606
131,536,car,502.68,0.27,531.78,17.42,0.493
131,655,car,488.87,21.13,550.58,57.58,0.8577
131,839,bike,176.31,70.08,195.36,115.06,0.308
131,15,car,916.96,18.34,959.57,47.76,0.4363
131,745,car,441.84,0.57,484.18,22.74,0.3262
131,779,bike,786.97,11.39,814.19,47.45,0.5717
131,786,bike,874.13,12.09,907.08,51.62,0.4284
131,792,bike,4.81,104.16,37.96,156.73,0.253
132,1,car,661.76,171.37,777.9,267.16,0.9223
132,170,car,556.94,160.08,646.69,244.6,0.8923
132,16,bike,809.99,30.8,924.5,81.11,0.3579
132,307,bike,220.03,50.72,256.65,95.9,0.7228
132,189,car,629.07,0.15,677.45,21.05,0.5597
132,536,car,501.83,0.71,530.86,17.41,0.3383
132,655,car,491.01,21.15,553.43,57.83,0.7594
132,839,bike,177.49,70.27,196.5,114.77,0.4378
132,15,car,916.37,17.56,960.0,47.88,0.5058
132,745,car,442.67,0.68,484.35,22.1,0.2957
132,779,bike,787.13,10.41,815.02,47.38,0.6359
132,786,bike,871.78,11.49,906.44,52.71,0.4826
132,3,bike,606.2,9.16,625.6,43.75,0.2734
133,1,car,660.97,170.69,777.73,266.97,0.9265
133,170,car,556.88,159.72,646.52,244.12,0.894
133,16,bike,803.99,19.86,939.12,80.93,0.3366
133,307,bike,222.27,49.1,256.87,92.19,0.6661
133,189,car,628.83,0.06,677.27,20.95,0.5641
133,536,car,500.62,0.29,530.45,17.21,0.4197
133,655,car,493.47,21.64,556.45,58.45,0.8247
133,839,bike,178.23,70.29,197.83,115.61,0.4383
133,15,car,916.13,17.14,960.0,47.89,0.4863
133,745,car,443.34,0.79,486.35,22.45,0.4035
133,779,bike,787.49,10.77,814.82,46.9,0.4578
133,3,bike,607.18,7.89,626.68,43.58,0.4246
133,792,bike,4.26,100.19,40.04,156.23,0.297
134,1,car,660.64,170.41,777.23,266.48,0.9257
134,170,car,556.72,159.03,646.62,243.73,0.8985
134,16,bike,810.49,18.69,943.92,80.54,0.4015
134,307,bike,224.87,48.29,257.36,89.01,0.6784
134,189,car,628.76,0.0,677.65,21.09,0.587
134,536,car,499.52,0.09,529.7,17.02,0.4251
134,655,car,496.2,21.94,559.71,58.81,0.8308
134,839,bike,179.08,69.69,199.32,115.95,0.6496
134,15,car,916.87,17.81,960.0,47.88,0.5444
134,745,car,445.63,1.22,489.08,22.78,0.424
134,779,bike,787.6,10.79,813.95,45.5,0.4345
134,792,bike,5.32,99.63,41.54,156.02,0.5339
134,841,car,700.19,0.13,726.99,22.19,0.3925
134,8,bike,192.16,92.99,226.9,149.42,0.3659
134,786,bike,869.98,10.83,905.52,53.51,0.3149
135,1,car,660.39,170.19,777.05,266.38,0.9238
135,170,car,556.35,158.64,647.06,244.2,0.9001
135,16,bike,813.23,14.33,951.8,80.53,0.3634
135,307,bike,227.09,49.12,259.33,89.67,0.6763
135,189,car,628.79,0.0,677.36,20.89,0.5493
135,536,car,499.23,0.02,529.05,16.54,0.4644
135,655,car,498.49,22.03,563.06,59.21,0.8618
135,839,bike,179.8,69.13,200.79,116.64,0.6118
135,15,car,916.46,17.38,959.99,47.64,0.6204
135,745,car,447.08,1.3,491.14,22.74,0.4537
135,792,bike,6.69,99.84,42.85,155.71,0.298
135,841,car,701.64,0.16,728.46,22.07,0.266
135,3,bike,609.43,10.62,627.55,43.97,0.4661
136,1,car,660.51,169.9,777.43,266.3,0.9252
136,170,car,557.05,159.1,646.55,243.43,0.8954
136,307,bike,229.37,48.94,260.96,88.59,0.7244
136,189,car,628.89,0.0,677.17,20.72,0.5727
136,536,car,499.14,0.0,528.44,16.0,0.467
136,655,car,500.79,21.9,566.7,59.71,0.8768
136,839,bike,180.79,68.37,202.0,115.84,0.3766
136,15,car,917.07,17.69,959.92,47.47,0.6253
136,745,car,448.86,1.28,492.81,22.43,0.3996
136,792,bike,6.7,97.66,44.83,155.93,0.4589
136,841,car,701.91,0.05,729.14,22.09,0.39
136,895,car,842.96,35.34,928.78,80.7,0.4078
136,3,bike,609.89,9.37,628.57,43.94,0.4211
136,786,bike,868.94,10.5,900.81,48.9,0.4051
137,1,car,660.69,169.92,777.5,266.19,0.924
137,170,car,556.88,158.93,646.81,243.73,0.8983
137,307,bike,230.16,49.5,263.57,91.73,0.7046
137,189,car,628.98,0.0,677.21,20.71,0.5858
137,536,car,499.0,0.0,527.83,15.56,0.4207
137,655,car,502.64,21.61,569.41,59.73,0.8755
137,839,bike,182.61,68.21,203.46,114.09,0.4202
137,15,car,917.31,18.07,959.66,47.43,0.5973
137,745,car,448.31,1.35,492.5,22.19,0.4168
137,841,car,701.96,0.09,729.08,21.83,0.4091
137,895,car,845.67,35.83,930.12,80.32,0.3611
137,3,bike,611.25,10.44,629.31,44.13,0.2829
137,786,bike,867.9,10.37,898.09,46.73,0.3695
138,1,car,660.75,169.75,777.65,266.07,0.9272
138,170,car,556.8,159.13,646.81,244.04,0.8955
138,307,bike,230.65,49.8,265.75,94.66,0.8278
138,189,car,629.05,0.0,677.21,20.66,0.546
138,536,car,498.56,0.0,526.79,15.07,0.3504
138,655,car,506.22,22.22,573.05,60.09,0.8754
138,839,bike,183.4,68.28,204.7,114.25,0.3305
138,15,car,917.96,19.0,959.15,47.39,0.4758
138,745,car,450.97,1.41,494.75,21.92,0.2856
138,841,car,701.05,0.09,728.68,22.03,0.3236
138,895,car,850.81,36.2,933.95,79.74,0.4863
138,3,bike,612.38,9.81,630.55,44.02,0.2325
138,786,bike,866.81,10.74,896.0,45.52,0.2614
138,909,car,936.76,138.57,958.55,205.15,0.6367
138,8,bike,198.44,92.66,233.83,148.78,0.2952
139,1,car,660.66,169.7,777.76,266.23,0.928
139,170,car,556.5,158.67,647.08,244.24,0.9005
139,307,bike,232.34,50.07,267.27,95.1,0.8154
139,189,car,629.4,0.0,677.36,20.59,0.5272
139,536,car,498.05,0.0,525.93,14.73,0.3024
139,655,car,508.5,22.39,577.01,61.06,0.8571
139,15,car,918.26,19.44,958.94,47.31,0.4443
139,841,car,701.2,0.07,729.1,22.08,0.3118
139,895,car,854.16,35.81,938.03,79.43,0.318
139,786,bike,863.95,10.53,894.46,46.13,0.3358
139,909,car,935.7,139.78,957.23,205.18,0.7646
139,8,bike,200.2,94.39,235.83,149.72,0.2637
140,1,car,660.69,169.6,777.74,266.07,0.9268
140,170,car,556.71,159.04,646.93,244.32,0.8984
140,307,bike,233.64,49.31,268.57,94.73,0.8218
140,189,car,629.09,0.0,677.05,20.57,0.5037
140,536,car,498.86,0.0,526.02,14.36,0.2338
140,655,car,510.99,22.38,580.3,61.35,0.8531
140,15,car,918.98,20.24,958.26,46.84,0.354
140,841,car,701.02,0.09,729.06,22.03,0.2598
140,895,car,859.36,35.83,942.33,78.45,0.4893
140,909,car,933.94,136.67,956.39,204.2,0.8223
140,929,car,196.82,20.21,230.7,51.1,0.3419
140,792,bike,7.57,102.04,44.11,155.33,0.4248
141,1,car,660.89,169.61,777.93,265.99,0.9262
141,170,car,556.58,158.87,647.07,244.49,0.8984
141,307,bike,235.14,48.26,270.02,94.11,0.8027
141,189,car,629.02,0.0,676.65,20.39,0.4477
141,655,car,514.05,22.61,583.79,61.56,0.812
141,15,car,917.46,18.31,959.88,47.19,0.3348
141,841,car,700.06,0.03,728.51,22.0,0.2652
141,895,car,862.81,36.21,946.88,79.01,0.6439
141,909,car,933.08,138.16,954.87,202.39,0.8207
141,929,car,197.0,20.49,230.65,51.18,0.2353
141,792,bike,8.1,101.68,45.61,154.98,0.5048
141,839,bike,185.19,66.31,206.69,111.44,0.3637
142,1,car,660.63,169.63,778.33,266.59,0.9263
142,170,car,556.94,158.99,646.76,244.01,0.8992
142,307,bike,237.12,47.75,271.67,93.48,0.7375
142,189,car,628.74,0.04,676.26,20.37,0.4006
142,655,car,516.82,22.47,586.52,61.18,0.8473
142,15,car,917.91,18.87,959.72,47.3,0.2593
142,841,car,700.16,0.01,728.68,21.84,0.3592
142,895,car,865.56,37.01,949.85,79.51,0.689
142,909,car,931.11,133.22,955.04,202.52,0.8598
142,792,bike,9.29,101.14,47.28,154.01,0.303
142,839,bike,186.68,66.39,208.21,111.04,0.4009
142,8,bike,205.13,95.3,241.72,151.43,0.2596
143,1,car,660.52,169.67,778.23,266.62,0.9247
143,170,car,557.06,159.43,646.61,244.13,0.8956
143,307,bike,239.64,47.78,272.98,92.02,0.6948
143,189,car,628.5,0.01,676.02,20.31,0.4111
143,655,car,519.22,22.59,589.06,61.11,0.8356
143,841,car,699.79,0.0,728.3,21.63,0.3017
143,895,car,867.52,38.13,948.91,78.83,0.5909
143,909,car,929.86,133.03,954.55,202.82,0.8644
143,792,bike,8.41,100.11,47.75,154.11,0.4409
143,839,bike,187.7,66.38,209.41,111.07,0.2588
143,8,bike,204.74,94.87,243.58,153.99,0.3284
143,745,car,454.71,1.18,499.92,22.03,0.239
144,1,car,660.73,169.85,777.89,266.29,0.9251
144,170,car,557.76,160.09,646.47,243.81,0.8962
144,307,bike,240.56,47.67,274.39,92.78,0.6658
144,189,car,628.61,0.0,675.79,20.12,0.4009
144,655,car,521.98,23.5,591.6,61.58,0.8813
144,895,car,868.79,37.55,952.08,78.85,0.5942
144,909,car,928.7,131.19,954.33,201.68,0.8666
144,792,bike,10.64,100.4,49.51,153.98,0.3744
144,839,bike,188.01,66.2,209.95,111.38,0.4939
144,8,bike,206.41,94.51,244.68,151.81,0.2822
144,988,bike,779.94,18.34,801.9,49.23,0.4065
144,745,car,452.8,1.05,498.98,21.78,0.3645
145,1,car,660.73,169.91,777.57,266.08,0.9263
145,170,car,557.19,159.66,646.77,244.3,0.8988
145,307,bike,242.16,48.03,275.84,92.99,0.6315
145,189,car,628.83,0.0,675.86,20.07,0.4106
145,655,car,524.66,23.62,595.53,62.06,0.8592
145,895,car,871.76,38.21,954.7,79.04,0.5556
145,909,car,927.28,130.19,953.8,200.72,0.8591
145,792,bike,12.22,99.57,52.5,155.29,0.5477
145,839,bike,188.49,66.0,210.57,111.33,0.3545
145,8,bike,207.98,93.61,246.78,150.83,0.4131
145,745,car,451.19,0.44,500.66,22.25,0.3896
145,1000,bike,40.46,62.43,70.27,104.98,0.5931
145,3,bike,619.94,12.21,636.18,43.22,0.4781
145,929,car,198.94,21.17,231.86,51.42,0.3358
145,841,car,699.52,0.0,728.55,21.72,0.2607
146,1,car,660.42,169.89,777.31,266.15,0.9245
146,170,car,556.97,159.51,646.82,244.48,0.8973
146,307,bike,244.04,48.04,277.79,93.2,0.6916
146,189,car,629.2,0.0,676.02,19.94,0.3627
146,655,car,527.39,24.22,598.3,62.31,0.8349
146,895,car,873.5,39.01,953.77,78.25,0.4736
146,909,car,925.9,129.49,953.11,199.05,0.8557
146,792,bike,11.92,99.28,52.35,155.64,0.6648
146,839,bike,188.7,65.42,211.55,112.34,0.3839
146,8,bike,210.62,93.19,248.99,149.29,0.4617
146,745,car,450.96,0.16,502.12,22.34,0.4393
146,1000,bike,42.89,63.41,72.24,105.43,0.6369
146,3,bike,620.65,11.87,636.99,43.18,0.6628
146,929,car,199.45,21.33,231.72,51.32,0.2521
146,841,car,698.83,0.0,728.42,21.8,0.2777
147,1,car,660.57,170.07,777.14,266.01,0.9221
147,170,car,556.87,160.03,646.61,244.93,0.8928
147,307,bike,245.96,47.43,278.74,91.36,0.703
147,189,car,627.55,0.0,674.74,20.06,0.432
147,655,car,529.39,24.42,601.34,62.82,0.846
147,895,car,870.32,39.54,945.36,76.91,0.4589
147,909,car,924.29,128.47,952.81,198.45,0.8473
147,792,bike,16.74,99.89,57.6,155.45,0.6557
147,8,bike,211.63,93.42,251.69,151.54,0.4471
147,745,car,450.75,0.35,502.56,22.63,0.4962
147,1000,bike,47.53,64.55,76.07,105.59,0.412
147,3,bike,621.6,14.16,637.01,43.58,0.6156
147,929,car,199.22,21.2,231.5,51.47,0.2807
147,406,car,361.68,5.86,432.72,51.68,0.3451
147,771,bike,842.47,24.91,869.53,52.76,0.4896
148,1,car,660.45,170.4,777.28,266.57,0.9233
148,170,car,556.88,160.26,646.31,244.84,0.8926
148,307,bike,246.8,47.07,279.78,91.65,0.7255
148,189,car,627.43,0.0,674.22,19.91,0.35
148,655,car,532.04,24.16,605.1,62.96,0.8365
148,909,car,922.21,127.23,952.5,198.54,0.8804
148,792,bike,17.42,99.79,58.33,155.0,0.598
148,8,bike,213.45,93.43,253.23,150.48,0.4318
148,745,car,451.56,0.09,503.85,22.4,0.4823
148,3,bike,622.56,15.12,637.73,43.76,0.5354
148,929,car,199.27,21.4,231.12,51.55,0.3092
148,1036,bike,440.06,26.13,476.57,73.49,0.6497
148,406,car,362.04,5.27,434.67,51.23,0.3089
148,841,car,698.07,0.0,728.27,21.9,0.2784
149,1,car,660.62,170.67,777.24,266.55,0.9225
149,170,car,557.41,160.39,646.39,244.47,0.8968
149,307,bike,248.0,46.83,280.65,91.25,0.6629
149,189,car,627.31,0.0,674.33,20.08,0.3176
149,655,car,535.29,24.33,609.75,63.72,0.8742
149,909,car,920.89,126.34,952.63,198.14,0.8895
149,792,bike,16.67,99.44,58.29,155.1,0.6325
149,8,bike,214.74,93.28,255.43,151.51,0.4899
149,745,car,453.33,0.54,504.9,22.36,0.5513
149,3,bike,623.45,16.15,638.61,44.25,0.6408
149,1036,bike,443.41,30.23,477.61,74.59,0.7045
149,406,car,362.79,6.45,435.25,51.18,0.4613
149,839,bike,191.37,67.26,215.19,115.15,0.325
149,895,car,880.62,38.74,958.28,77.59,0.4989
150,1,car,660.6,170.95,777.15,266.7,0.9244
150,170,car,557.22,160.33,646.3,244.4,0.8952
150,307,bike,250.54,46.63,282.89,90.75,0.6115
150,189,car,626.43,0.0,673.13,20.12,0.3442
150,655,car,537.35,24.51,613.37,64.63,0.8802
150,909,car,919.04,124.94,952.79,198.49,0.9146
150,792,bike,17.16,99.6,58.35,154.88,0.6247
150,8,bike,215.98,93.31,257.75,153.06,0.5211
150,745,car,455.46,0.7,507.15,22.38,0.6017
150,3,bike,624.28,16.95,639.39,44.59,0.6311
150,1036,bike,444.92,26.59,481.84,74.67,0.7811
150,406,car,362.92,8.01,434.63,51.07,0.5125
150,895,car,881.95,35.29,960.0,77.15,0.4345
150,771,bike,834.66,23.56,863.26,52.99,0.2951
150,929,car,199.55,21.8,230.7,51.62,0.2836
151,1,car,660.31,170.91,777.0,266.79,0.9225
151,170,car,556.7,160.12,646.54,245.01,0.8965
151,307,bike,252.86,46.82,285.03,90.69,0.6531
151,189,car,627.65,0.13,675.11,20.71,0.3195
151,655,car,539.04,24.49,616.49,65.31,0.8663
151,909,car,917.47,123.24,952.5,196.52,0.9215
151,792,bike,20.26,100.02,60.66,154.59,0.3197
151,8,bike,215.76,93.62,260.2,157.75,0.443
151,745,car,456.82,0.82,508.4,22.16,0.5723
151,3,bike,624.77,16.43,640.17,44.53,0.339
151,1036,bike,446.59,23.73,485.09,74.14,0.6403
151,406,car,363.0,8.66,434.43,50.42,0.603
151,895,car,885.41,35.19,960.0,76.6,0.4068
151,771,bike,833.17,23.67,861.3,52.66,0.2877
151,929,car,199.76,21.87,230.36,51.53,0.2697
151,486,bike,337.21,73.14,367.87,118.86,0.4217
151,841,car,695.61,0.0,727.12,22.34,0.2561
152,1,car,660.42,171.05,777.46,267.24,0.9227
152,170,car,556.21,159.79,646.62,245.38,0.8972
152,307,bike,254.71,47.13,286.64,90.59,0.5639
152,189,car,627.67,0.28,675.05,21.0,0.319
152,655,car,542.24,24.5,620.04,65.43,0.8965
152,909,car,915.99,121.83,952.61,195.58,0.9217
152,792,bike,21.63,99.39,61.74,153.56,0.285
152,8,bike,217.21,93.85,261.76,158.41,0.4781
152,745,car,457.83,0.81,509.58,21.94,0.5672
152,1036,bike,449.73,24.53,486.85,73.35,0.4931
152,406,car,363.13,8.44,435.69,50.2,0.5737
152,895,car,889.16,37.43,960.0,76.56,0.3882
152,929,car,200.14,21.79,230.26,51.3,0.3689
152,486,bike,339.18,72.79,368.02,115.99,0.6896
152,839,bike,196.77,66.13,219.34,111.65,0.5029
153,1,car,660.58,171.14,777.02,266.74,0.9206
153,170,car,556.22,159.86,646.68,245.61,0.8955
153,307,bike,256.94,46.74,286.9,87.17,0.5736
153,189,car,627.67,0.1,674.64,20.83,0.2476
153,655,car,544.48,24.63,624.08,66.55,0.9124
153,909,car,914.28,120.15,952.72,194.76,0.9052
153,8,bike,219.53,93.77,262.72,156.34,0.6824
153,745,car,458.29,0.68,511.53,22.15,0.6489
153,1036,bike,451.95,24.34,488.16,72.01,0.428
153,406,car,365.05,8.31,438.24,50.55,0.3923
153,895,car,892.35,38.02,960.0,76.58,0.5476
153,486,bike,340.4,72.68,368.52,114.53,0.6795
153,839,bike,197.75,65.22,220.29,110.69,0.5825
153,771,bike,831.47,24.24,859.06,53.48,0.3483
153,841,car,694.65,0.0,727.14,22.54,0.2735
154,1,car,660.74,171.27,776.81,266.46,0.9205
154,170,car,556.37,160.21,646.43,245.62,0.8942
154,307,bike,259.47,46.69,286.77,82.85,0.6091
154,189,car,627.84,0.04,674.71,20.9,0.251
154,655,car,546.83,24.71,627.01,66.92,0.9201
154,909,car,913.29,118.76,952.49,191.91,0.8996
154,8,bike,221.31,94.66,264.13,156.53,0.4987
154,745,car,458.45,0.57,512.99,22.41,0.671
154,895,car,895.76,38.49,960.0,76.16,0.5482
154,486,bike,341.94,72.9,369.08,113.49,0.3517
154,839,bike,198.87,64.77,220.97,109.6,0.4897
154,1101,bike,812.5,33.56,827.61,68.82,0.3575
154,841,car,693.9,0.01,727.04,22.56,0.3888
154,792,bike,23.28,98.98,63.57,153.62,0.3762
155,1,car,660.12,171.0,777.21,267.03,0.921
155,170,car,556.78,160.29,646.26,245.02,0.8945
155,307,bike,258.71,46.41,289.28,87.14,0.6733
155,189,car,627.76,0.01,674.42,20.9,0.2698
155,655,car,549.54,24.92,629.85,67.2,0.9013
155,909,car,911.86,117.28,952.06,189.2,0.9007
155,8,bike,222.49,95.13,266.81,159.34,0.3447
155,745,car,458.91,0.53,513.51,22.27,0.6526
155,895,car,898.08,37.49,960.0,75.94,0.626
155,486,bike,343.27,72.76,370.04,112.82,0.297
155,839,bike,199.56,64.29,221.89,109.99,0.6481
155,1101,bike,812.57,33.57,827.69,68.78,0.3272
155,841,car,693.25,0.01,727.07,22.57,0.5143
155,792,bike,25.04,98.47,65.75,153.56,0.5963
155,1036,bike,463.44,31.27,495.22,73.11,0.4745
156,1,car,659.99,171.32,777.19,267.42,0.9218
156,170,car,556.58,160.48,646.34,245.54,0.8937
156,307,bike,259.08,46.4,290.17,88.17,0.7109
156,189,car,628.28,0.0,674.85,20.93,0.2382
156,655,car,552.58,24.89,632.89,67.1,0.8866
156,909,car,910.86,116.59,951.74,186.67,0.9102
156,8,bike,225.8,94.88,267.72,155.63,0.2563
156,745,car,458.73,0.56,514.51,22.7,0.6136
156,895,car,900.63,37.51,960.0,75.86,0.7393
156,486,bike,344.64,72.73,371.49,112.78,0.2337
156,839,bike,200.78,64.17,222.78,109.45,0.4031
156,1101,bike,812.48,33.36,827.84,69.09,0.2573
156,841,car,692.76,0.03,727.3,22.72,0.3249
156,792,bike,27.59,98.82,67.57,152.84,0.6662
157,1,car,659.72,170.89,777.43,267.54,0.9239
157,170,car,556.51,160.43,646.39,245.67,0.8931
157,307,bike,261.72,45.89,290.99,85.0,0.6308
157,655,car,556.26,25.08,636.2,67.04,0.9114
157,909,car,909.8,115.78,951.99,185.37,0.9057
157,8,bike,227.1,93.19,271.18,157.49,0.531
157,745,car,459.4,0.43,514.81,22.29,0.6177
157,895,car,903.21,37.66,960.0,76.02,0.7264
157,486,bike,345.49,72.14,372.65,112.5,0.4039
157,839,bike,201.82,63.93,223.61,109.18,0.503
157,1101,bike,812.35,32.71,828.03,69.07,0.3147
157,841,car,692.77,0.02,727.63,22.62,0.3471
157,792,bike,28.8,98.63,69.19,152.52,0.6096
158,1,car,660.23,170.91,777.3,266.97,0.922
158,170,car,556.55,160.18,646.49,245.43,0.8941
158,307,bike,263.79,45.46,293.2,84.59,0.6263
158,655,car,559.62,25.2,639.61,67.18,0.8955
158,909,car,909.05,115.85,951.95,183.84,0.9104
158,8,bike,227.97,93.0,272.8,158.72,0.4982
158,745,car,459.62,0.26,516.03,22.45,0.6296
158,895,car,907.08,38.29,960.0,76.47,0.7465
158,486,bike,346.02,71.65,373.18,112.16,0.5131
158,839,bike,202.96,64.36,225.4,111.31,0.6152
158,1101,bike,811.9,34.11,827.4,69.83,0.4595
158,841,car,692.36,0.01,727.8,22.69,0.4176
158,792,bike,29.68,98.24,71.15,153.27,0.6966
158,1133,bike,766.43,18.79,793.49,50.22,0.4432
158,3,bike,629.27,10.56,646.11,41.36,0.353
159,1,car,660.77,171.45,777.32,266.97,0.923
159,170,car,556.33,160.15,646.51,245.73,0.8953
159,307,bike,265.95,45.19,294.91,83.34,0.5469
159,655,car,561.88,25.07,642.73,67.5,0.8537
159,909,car,907.82,115.05,952.27,183.11,0.9103
159,8,bike,230.96,93.34,273.14,154.85,0.4703
159,745,car,459.61,0.26,516.69,22.65,0.6552
159,895,car,908.53,36.74,960.0,76.68,0.6587
159,486,bike,347.58,72.38,374.04,112.06,0.2505
159,839,bike,204.18,65.6,226.72,112.86,0.5075
159,1101,bike,811.07,34.03,826.71,69.77,0.4544
159,841,car,691.54,0.35,727.36,23.03,0.2899
159,792,bike,30.26,97.18,72.83,153.69,0.7351
159,1133,bike,764.08,18.74,791.7,50.77,0.5855
159,1036,bike,478.9,34.49,510.31,75.9,0.3587
160,1,car,661.02,171.61,777.12,266.69,0.9218
160,170,car,556.83,160.59,646.32,245.38,0.8931
160,307,bike,266.53,45.17,291.65,78.73,0.5176
160,655,car,565.28,25.3,646.05,67.65,0.9018
160,909,car,906.93,113.79,952.43,181.09,0.8987
160,745,car,459.64,0.24,517.19,22.78,0.6232
160,895,car,908.8,33.45,960.0,76.42,0.5399
160,839,bike,205.44,65.26,228.22,113.05,0.638
160,1101,bike,809.97,31.09,826.91,69.66,0.3454
160,841,car,690.96,0.24,727.43,23.13,0.2809
160,792,bike,32.73,97.84,74.64,153.7,0.6735
160,1133,bike,764.17,18.59,792.05,50.89,0.6871
160,1156,bike,93.03,65.29,117.44,100.02,0.6064
160,15,car,916.17,18.72,959.37,47.89,0.2976
161,1,car,660.57,171.78,777.37,267.39,0.9235
161,170,car,557.01,161.03,646.0,245.14,0.8914
161,307,bike,270.14,45.1,295.44,78.24,0.6306
161,655,car,568.55,25.28,649.53,67.72,0.9094
161,909,car,906.17,111.79,952.46,178.0,0.8778
161,745,car,460.15,0.23,518.29,22.99,0.6513
161,895,car,913.3,34.68,960.0,76.28,0.6239
161,839,bike,206.21,65.69,229.27,113.78,0.6225
161,1101,bike,809.04,29.8,826.78,69.91,0.2801
161,792,bike,36.18,98.5,77.17,153.47,0.4732
161,1133,bike,762.96,18.25,791.46,51.18,0.7324
161,1156,bike,97.38,66.38,120.16,98.74,0.4771
161,15,car,915.68,18.21,959.51,47.71,0.452
161,8,bike,231.99,93.07,277.8,160.48,0.5
161,1036,bike,487.01,35.55,517.2,75.29,0.3422
162,1,car,660.46,172.17,777.38,267.88,0.9224
162,170,car,556.71,161.11,646.13,245.66,0.8937
162,307,bike,271.53,45.01,297.84,79.13,0.6755
162,655,car,571.06,25.3,652.83,68.17,0.8981
162,909,car,905.03,110.7,952.59,176.59,0.8983
162,745,car,460.95,0.11,519.38,22.94,0.618
162,895,car,914.99,32.41,960.0,76.12,0.5611
162,839,bike,206.9,65.58,230.48,114.44,0.5924
162,792,bike,37.6,98.69,78.29,153.22,0.2697
162,1133,bike,762.22,18.06,791.34,51.68,0.7295
162,1156,bike,99.89,67.15,123.07,100.13,0.5857
162,15,car,914.9,17.71,959.77,47.92,0.4311
162,8,bike,233.73,92.97,279.28,160.17,0.7153
162,1036,bike,491.09,37.01,520.78,76.15,0.3766
162,406,car,376.65,7.33,450.98,51.33,0.2455
163,1,car,660.12,172.01,777.3,267.92,0.9238
163,170,car,556.59,160.98,646.22,245.63,0.8913
163,307,bike,273.02,44.93,299.96,79.56,0.7166
163,655,car,573.62,25.44,655.41,68.31,0.9119
163,909,car,904.18,109.65,952.9,175.17,0.8991
163,745,car,461.65,0.16,520.49,23.08,0.6124
163,895,car,916.41,29.26,960.0,75.79,0.5665
163,839,bike,207.24,64.66,231.78,115.39,0.6801
163,792,bike,38.73,98.49,79.84,153.26,0.2608
163,1133,bike,762.12,17.65,791.8,52.05,0.7296
163,1156,bike,103.49,68.06,126.72,101.14,0.5905
163,15,car,914.77,16.83,960.0,47.78,0.4169
163,8,bike,236.11,93.26,280.6,159.06,0.5489
163,1036,bike,492.97,36.45,524.0,77.57,0.6512
163,1190,bike,802.87,17.09,830.87,56.6,0.4367
163,1191,bike,865.58,17.22,886.48,56.07,0.4557
164,1,car,659.97,172.07,777.33,268.11,0.9239
164,170,car,556.6,161.55,646.07,246.04,0.8885
164,307,bike,273.8,44.17,299.6,77.38,0.6738
164,655,car,576.71,25.38,658.18,67.99,0.8696
164,909,car,903.07,108.47,953.32,174.26,0.8971
164,745,car,464.47,0.34,521.55,22.56,0.6148
164,839,bike,208.2,64.38,232.54,114.43,0.7283
164,792,bike,38.13,97.95,79.93,153.35,0.532
164,1133,bike,762.32,16.94,792.47,52.26,0.6765
164,1156,bike,106.55,66.89,130.08,100.54,0.4174
164,15,car,913.84,16.05,960.0,47.93,0.5122
164,8,bike,240.35,93.14,282.01,154.34,0.7998
164,1036,bike,496.2,36.67,527.48,77.9,0.5828
164,1190,bike,801.96,16.8,829.89,56.17,0.4771
164,1191,bike,865.02,16.81,886.22,56.2,0.5595
164,486,bike,349.14,72.14,381.36,121.0,0.5769
165,1,car,659.99,172.32,777.36,268.34,0.9231
165,170,car,556.45,161.41,646.21,246.21,0.8923
165,307,bike,274.53,43.5,300.46,77.2,0.649
165,655,car,579.6,25.63,661.04,68.2,0.9138
165,909,car,902.16,107.92,953.38,173.19,0.92
165,745,car,465.51,0.48,522.26,22.39,0.5388
165,839,bike,209.97,65.74,232.86,112.59,0.6845
165,792,bike,41.0,98.18,82.58,153.26,0.3307
165,1133,bike,762.4,17.39,792.2,52.72,0.5383
165,1156,bike,109.78,65.76,133.09,99.36,0.6425
165,15,car,915.0,17.55,959.74,47.88,0.5322
165,8,bike,238.77,93.28,286.76,165.07,0.5015
165,1036,bike,499.51,37.13,530.39,77.87,0.7282
165,1191,bike,865.85,21.53,884.69,56.3,0.3105
165,486,bike,351.3,71.85,381.23,117.54,0.6193
166,1,car,659.66,172.15,777.55,268.68,0.9256
166,170,car,555.99,160.92,646.34,246.4,0.896
166,307,bike,275.39,43.91,301.29,78.08,0.6267
166,655,car,582.21,25.76,663.88,68.47,0.9185
166,909,car,901.61,106.87,953.9,172.0,0.9208
166,745,car,466.16,0.49,523.49,22.48,0.4636
166,839,bike,210.85,66.22,233.31,112.0,0.6312
166,792,bike,42.81,98.45,84.3,153.62,0.3958
166,1133,bike,760.95,17.24,790.91,52.95,0.2778
166,1156,bike,112.95,62.3,137.81,98.15,0.4885
166,15,car,915.25,18.39,959.21,47.98,0.6082
166,8,bike,240.89,93.1,287.39,162.96,0.5943
166,1036,bike,502.97,38.07,533.68,78.68,0.6745
166,486,bike,352.05,71.37,382.26,117.46,0.4462
167,1,car,659.79,172.57,777.4,268.87,0.9245
167,170,car,556.12,161.19,646.23,246.49,0.8922
167,307,bike,279.19,44.54,305.56,78.88,0.5649
167,655,car,584.58,26.07,666.17,68.71,0.9082
167,909,car,900.68,105.95,953.99,170.87,0.8957
167,745,car,467.96,0.45,525.64,22.47,0.5281
167,839,bike,211.6,65.4,233.89,110.73,0.7087
167,792,bike,42.95,98.06,84.92,152.99,0.4152
167,1156,bike,116.17,64.64,140.62,100.04,0.3168
167,15,car,914.95,17.96,959.84,48.21,0.6518
167,8,bike,244.28,93.06,286.34,155.76,0.5433
167,1036,bike,506.25,37.58,538.3,79.74,0.7453
167,486,bike,353.35,70.65,382.6,115.32,0.2911
167,1220,bike,788.96,25.77,810.69,55.85,0.5088
167,1223,bus,204.3,2.92,256.68,50.03,0.3649
167,841,car,690.48,0.71,727.59,23.76,0.2551
167,406,car,378.82,8.05,451.29,51.71,0.2542
168,1,car,659.95,172.22,777.37,268.36,0.9226
168,170,car,556.36,161.7,645.89,246.46,0.8887
168,307,bike,281.21,44.24,307.89,78.52,0.6576
168,655,car,586.66,26.44,667.96,68.98,0.883
168,909,car,899.82,105.05,953.99,169.56,0.9049
168,745,car,469.19,0.25,527.62,22.48,0.476
168,839,bike,211.78,66.38,234.31,112.27,0.5202
168,15,car,915.02,18.04,959.86,48.25,0.6574
168,8,bike,243.96,92.78,290.59,162.92,0.6833
168,1036,bike,509.76,39.12,541.11,80.01,0.658
168,1220,bike,787.83,25.59,809.33,55.41,0.5342
168,841,car,690.94,0.91,727.71,23.55,0.2519
168,1101,bike,810.13,31.57,826.89,68.98,0.4511
168,1191,bike,864.04,22.97,882.74,57.06,0.2916
168,1133,bike,757.11,17.4,786.21,51.8,0.4225
169,1,car,660.14,172.61,777.06,268.29,0.9234
169,170,car,556.45,161.48,646.05,246.38,0.8927
169,307,bike,282.69,44.08,309.75,78.34,0.6281
169,655,car,590.18,26.89,671.55,69.35,0.8933
169,909,car,899.33,103.86,954.04,167.64,0.8786
169,745,car,469.67,0.08,528.83,22.5,0.535
169,839,bike,212.53,65.12,235.41,112.27,0.5289
169,15,car,914.02,17.89,959.54,48.45,0.6933
169,8,bike,245.24,92.99,292.18,164.15,0.6817
169,1036,bike,512.99,38.42,544.95,79.95,0.7739
169,1220,bike,786.58,27.47,806.77,55.43,0.4521
169,841,car,690.24,0.8,727.73,23.72,0.3412
169,1191,bike,863.22,23.7,881.72,56.9,0.5117
169,1133,bike,757.93,19.05,786.41,52.66,0.3372
169,1223,bus,205.62,5.09,255.76,50.12,0.2623
169,406,car,378.67,7.76,449.36,50.53,0.3876
170,1,car,660.22,172.55,776.8,267.92,0.9202
170,170,car,556.1,161.07,646.2,246.57,0.8943
170,307,bike,284.26,44.2,311.63,78.47,0.6874
170,655,car,592.67,26.82,675.19,69.87,0.9022
170,909,car,898.49,102.56,954.35,166.43,0.8739
170,745,car,470.33,0.01,529.91,22.49,0.4619
170,839,bike,213.31,64.2,235.97,111.45,0.4678
170,15,car,914.31,17.85,960.0,48.7,0.6481
170,8,bike,247.89,94.62,292.88,163.1,0.2734
170,1036,bike,515.6,36.58,549.57,81.22,0.8186
170,1220,bike,784.53,28.22,804.19,55.45,0.3974
170,841,car,689.93,0.9,727.59,23.82,0.2833
170,1191,bike,861.86,22.19,881.14,56.53,0.6243
170,1133,bike,759.63,20.99,787.62,53.9,0.3553
170,406,car,378.78,7.9,449.42,50.92,0.6248
170,1101,bike,809.85,30.28,827.18,68.9,0.3142
171,1,car,660.06,172.25,777.15,268.06,0.9243
171,170,car,556.17,161.18,646.07,246.55,0.8926
171,307,bike,285.58,43.2,313.27,77.67,0.6791
171,655,car,595.44,27.04,677.66,69.86,0.9148
171,909,car,898.26,101.43,954.91,165.14,0.8577
171,745,car,468.98,0.23,529.45,22.66,0.2973
171,15,car,914.71,17.93,960.0,48.68,0.6408
171,8,bike,252.43,93.22,293.03,154.39,0.5839
171,1036,bike,519.09,38.23,552.54,82.04,0.8335
171,1220,bike,783.34,26.9,804.12,55.55,0.4692
171,841,car,690.16,0.73,727.83,23.65,0.3388
171,1191,bike,860.31,19.72,880.84,56.31,0.7457
171,1133,bike,759.13,18.18,787.86,52.5,0.3461
171,406,car,379.21,7.98,449.55,50.94,0.5972
171,1258,bus,380.32,9.84,447.58,50.82,0.3647
171,1101,bike,809.29,27.84,827.77,69.16,0.3338
172,1,car,659.89,172.61,777.33,268.7,0.9234
172,170,car,556.02,160.65,646.48,246.69,0.8952
172,307,bike,286.25,42.17,313.87,76.63,0.6795
172,655,car,597.22,27.05,679.93,70.18,0.9073
172,909,car,898.0,100.44,955.26,163.79,0.8452
172,745,car,466.27,0.42,528.03,22.72,0.3865
172,15,car,914.84,17.53,960.0,48.64,0.6289
172,8,bike,254.28,93.07,294.86,154.1,0.6551
172,1036,bike,523.0,38.97,556.29,82.35,0.6688
172,1220,bike,782.9,26.39,804.73,55.77,0.3713
172,841,car,689.96,0.54,728.0,23.68,0.2703
172,1191,bike,859.56,19.28,880.25,56.27,0.7353
172,406,car,379.65,7.53,449.42,50.26,0.681
172,1258,bus,380.42,9.62,448.14,50.86,0.4609
172,1101,bike,809.04,26.32,828.2,69.22,0.2429
172,1156,bike,132.41,60.49,155.73,94.85,0.4674
172,839,bike,215.67,66.06,239.25,115.51,0.4367
173,1,car,659.73,172.48,777.14,268.66,0.9215
173,170,car,556.41,161.26,646.01,246.51,0.8915
173,307,bike,286.77,41.67,313.67,75.58,0.611
173,655,car,599.32,26.98,682.55,70.5,0.8949
173,909,car,897.38,98.28,955.92,162.19,0.8473
173,745,car,467.15,0.46,529.68,22.67,0.3349
173,15,car,914.12,18.44,959.28,48.8,0.6227
173,8,bike,256.49,92.21,295.64,150.54,0.7877
173,1036,bike,526.05,38.75,560.24,83.69,0.7678
173,1220,bike,781.62,25.95,804.35,55.77,0.5046
173,841,car,690.03,0.22,727.9,23.21,0.3663
173,1191,bike,858.9,18.67,879.73,56.08,0.7709
173,406,car,379.34,7.72,450.28,51.39,0.6232
173,1258,bus,380.43,9.61,448.69,51.17,0.3358
173,1101,bike,809.37,25.48,828.71,68.96,0.344
173,1156,bike,136.2,61.14,158.78,94.24,0.2616
173,839,bike,216.86,65.84,240.74,115.93,0.5578
174,1,car,659.87,172.43,777.4,268.73,0.9244
174,170,car,556.46,161.32,645.87,246.39,0.8909
174,307,bike,287.38,41.73,312.82,74.61,0.5616
174,655,car,602.4,27.1,685.11,70.28,0.9031
174,909,car,897.19,97.46,955.93,160.64,0.8257
174,745,car,465.11,0.47,528.81,22.52,0.2873
174,15,car,914.86,18.34,960.0,48.82,0.6437
174,8,bike,258.26,91.41,297.02,148.61,0.5298
174,1036,bike,529.82,39.1,564.29,84.3,0.6697
174,1220,bike,779.57,24.95,803.86,55.88,0.4648
174,841,car,689.97,0.09,728.11,23.22,0.4337
174,1191,bike,858.55,20.34,878.47,56.05,0.5346
174,406,car,379.9,7.29,449.91,50.56,0.5399
174,1258,bus,381.18,9.42,448.77,50.56,0.387
174,1101,bike,810.43,29.01,828.33,69.23,0.3495
174,1156,bike,140.27,62.58,161.66,93.61,0.3326
174,839,bike,218.07,66.77,241.74,116.24,0.6015
174,1277,bike,651.86,466.27,846.14,539.19,0.514
174,1278,bike,17.63,100.15,68.07,147.13,0.4451
175,1,car,659.91,172.51,777.36,268.8,0.9239
175,170,car,556.49,161.15,646.03,246.41,0.894
175,307,bike,289.62,41.31,314.11,73.4,0.5701
175,655,car,605.11,27.07,687.83,70.18,0.9269
175,909,car,896.59,96.58,956.34,160.06,0.8704
175,15,car,915.14,18.24,960.0,48.71,0.566
175,8,bike,260.44,91.57,299.08,148.01,0.6114
175,1036,bike,533.4,39.0,568.22,84.55,0.7715
175,1220,bike,777.07,25.23,801.96,55.85,0.3871
175,841,car,690.12,0.02,728.04,22.96,0.4859
175,406,car,380.14,7.34,450.1,50.63,0.5907
175,1258,bus,381.38,9.41,449.25,50.67,0.2794
175,1156,bike,144.17,62.41,165.22,92.99,0.2617
175,839,bike,218.73,67.83,242.48,117.09,0.6225
176,1,car,660.21,172.58,777.29,268.55,0.9233
176,170,car,556.58,161.16,645.96,246.34,0.8908
176,307,bike,290.78,41.16,314.46,72.71,0.5349
176,655,car,607.6,27.06,689.87,69.93,0.9182
176,909,car,895.62,94.61,956.97,159.2,0.8963
176,15,car,915.13,18.28,960.0,48.86,0.6574
176,8,bike,261.74,91.06,300.57,147.31,0.7834
176,1036,bike,536.85,38.46,571.87,84.53,0.7101
176,1220,bike,773.41,24.22,800.29,56.22,0.444
176,841,car,690.26,0.0,728.1,22.79,0.4347
176,406,car,379.82,6.98,450.33,50.72,0.4884
176,1258,bus,380.86,8.93,449.91,50.92,0.3658
176,1156,bike,146.87,61.59,167.89,92.58,0.2912
176,839,bike,219.14,66.8,243.26,116.56,0.6777
176,745,car,475.27,0.68,536.87,22.02,0.3103
176,1101,bike,811.83,31.8,828.34,69.14,0.2648
176,1278,bike,18.16,100.49,67.19,146.05,0.2596
177,1,car,659.83,172.38,777.24,268.63,0.9234
177,170,car,556.51,161.1,645.98,246.39,0.8908
177,307,bike,292.81,40.5,316.65,72.42,0.4715
177,655,car,609.33,27.05,691.76,70.03,0.9054
177,909,car,895.24,93.07,957.25,157.78,0.9164
177,15,car,915.27,18.39,960.0,48.72,0.6523
177,8,bike,263.81,91.02,303.66,148.46,0.7336
177,1036,bike,541.16,38.11,576.6,84.62,0.7253
177,1220,bike,772.07,24.1,799.44,55.93,0.6757
177,841,car,690.15,0.0,727.91,22.67,0.3788
177,406,car,379.69,6.67,451.21,50.99,0.5502
177,1258,bus,379.96,8.49,450.49,51.34,0.2842
177,1156,bike,151.13,59.93,173.64,92.85,0.5942
177,839,bike,219.54,66.2,244.71,118.12,0.8052
177,745,car,478.29,0.83,539.12,21.98,0.5289
178,1,car,659.92,171.98,777.4,268.33,0.9231
178,170,car,556.47,161.16,645.89,246.37,0.8897
178,307,bike,294.21,38.23,319.41,72.28,0.5248
178,655,car,611.5,27.22,694.86,70.54,0.8875
178,909,car,895.17,92.38,957.06,156.28,0.899
178,15,car,915.49,18.17,960.0,48.63,0.6867
178,8,bike,266.16,90.89,305.2,146.5,0.7984
178,1036,car,545.3,39.87,579.81,84.83,0.7516
178,1220,bike,770.18,23.3,798.38,55.41,0.5713
178,841,car,689.85,0.0,727.81,22.69,0.4933
178,406,car,379.5,6.5,451.85,51.12,0.5088
178,1258,bus,379.3,8.27,450.42,51.37,0.3725
178,1156,bike,154.41,58.16,177.78,92.51,0.5637
178,839,bike,220.03,65.51,245.91,119.13,0.8034
178,745,car,480.95,0.65,541.52,21.82,0.5044
178,1304,bike,750.6,10.4,774.17,45.67,0.3978
178,1307,bike,12.82,99.3,49.46,144.62,0.3487
178,1101,bike,811.66,33.25,827.62,69.24,0.3443
179,1,car,659.9,171.76,777.35,268.12,0.9224
179,170,car,556.59,160.92,646.12,246.15,0.8904
179,307,bike,295.17,36.24,321.22,72.08,0.5461
179,655,car,614.94,27.73,696.96,70.21,0.8983
179,909,car,895.68,92.49,956.49,154.44,0.9172
179,15,car,916.02,18.65,960.0,48.56,0.6153
179,8,bike,267.57,91.26,307.21,147.4,0.5099
179,1036,car,548.16,39.2,583.08,84.72,0.7241
179,1220,bike,768.23,22.72,797.23,55.15,0.534
179,841,car,689.62,0.0,727.51,22.55,0.4234
179,406,car,378.85,5.54,452.98,50.97,0.4989
179,1258,bus,378.08,6.9,451.68,51.34,0.3443
179,1156,bike,157.12,58.0,180.43,92.85,0.3591
179,839,bike,220.5,64.56,246.9,119.45,0.7818
179,745,car,482.04,0.57,542.45,21.78,0.5062
179,1307,bike,13.53,98.88,50.01,144.02,0.3819
180,1,car,659.75,171.67,777.55,268.43,0.9228
180,170,car,556.32,160.38,646.29,245.99,0.8881
180,307,bike,296.3,32.32,323.3,70.14,0.2867
180,655,car,617.55,27.81,699.54,70.11,0.9161
180,909,car,896.07,92.46,956.33,153.07,0.9226
180,15,car,915.77,18.37,960.0,48.54,0.6708
180,8,bike,269.59,91.28,308.59,146.04,0.4949
180,1036,car,552.19,40.16,586.91,85.09,0.8198
180,1220,bike,764.79,22.14,795.21,55.38,0.4909
180,841,car,689.51,0.0,727.6,22.55,0.4359
180,406,car,379.18,5.31,454.44,51.01,0.5002
180,1258,bus,378.11,6.65,452.47,51.37,0.3235
180,1156,bike,160.61,57.36,184.18,92.96,0.4217
180,839,bike,221.33,63.0,247.48,117.76,0.7586
180,745,car,484.4,0.3,543.94,21.29,0.5066
180,1307,bike,12.98,97.27,50.48,143.81,0.3797
180,1304,bike,750.02,10.96,774.17,47.16,0.2191
181,1,car,659.73,171.27,777.56,268.13,0.9223
181,170,car,556.37,160.44,646.32,245.93,0.89
181,307,bike,298.94,31.38,326.49,70.14,0.4656
181,655,car,619.63,28.09,701.53,70.2,0.9104
181,909,car,896.09,92.13,956.17,151.77,0.9191
181,15,car,916.16,18.64,960.0,48.58,0.6497
181,8,bike,271.21,90.49,310.48,145.21,0.7781
181,1036,car,555.99,40.46,590.64,85.09,0.8457
181,841,car,689.72,0.0,727.79,22.42,0.4315
181,1156,bike,163.75,56.67,187.21,92.52,0.4246
181,839,bike,222.58,62.59,248.52,117.41,0.7702
181,745,car,485.4,0.35,544.35,21.18,0.5254
181,1332,bike,5.11,74.48,31.28,118.44,0.323
181,1133,bike,756.73,17.34,788.52,54.68,0.3311
181,1277,car,566.67,412.19,893.69,538.82,0.5976
182,1,car,659.57,171.16,777.68,268.37,0.9231
182,170,car,556.19,160.29,646.34,246.08,0.8905
182,307,bike,300.93,30.89,328.8,70.32,0.4386
182,655,car,621.02,28.11,704.14,70.87,0.9104
182,909,car,895.86,90.55,956.51,150.12,0.9122
182,15,car,916.41,18.89,960.0,48.65,0.6192
182,8,bike,272.54,90.02,313.04,146.0,0.7302
182,1036,car,559.38,40.13,593.69,83.99,0.7882
182,841,car,689.43,0.19,727.43,22.48,0.2177
182,1156,bike,167.58,56.31,190.79,92.23,0.4157
182,839,bike,223.66,61.23,249.36,116.31,0.604
182,745,car,486.6,0.11,545.0,20.75,0.5077
182,1332,bike,5.09,74.38,31.06,118.02,0.2673
182,1277,car,560.08,404.97,894.25,538.89,0.5906
182,1220,bike,759.18,21.01,791.51,55.8,0.491
182,406,car,379.01,3.32,455.25,49.44,0.3283
182,1307,bike,12.84,94.56,50.54,141.68,0.4715
183,1,car,659.9,171.28,777.23,267.83,0.9222
183,170,car,555.89,159.6,646.66,246.17,0.8944
183,307,bike,302.05,30.68,329.17,69.45,0.4829
183,655,car,623.01,28.26,706.55,71.04,0.9017
183,909,car,895.72,89.18,957.11,148.98,0.9091
183,15,car,916.18,18.49,960.0,48.54,0.5542
183,8,bike,274.25,90.23,314.85,145.9,0.7181
183,1036,car,562.57,40.48,597.25,84.54,0.777
183,841,car,689.22,0.3,727.39,22.58,0.3208
183,1156,bike,170.85,56.47,193.1,91.49,0.4292
183,839,bike,225.28,60.72,250.52,115.7,0.5753
183,745,car,490.21,0.68,544.45,19.71,0.4306
183,1277,car,554.93,397.33,894.78,538.58,0.395
183,1304,bike,748.21,12.41,774.28,51.9,0.2949
183,1133,bike,755.76,18.12,788.76,55.74,0.5737
184,1,car,660.02,171.22,777.26,267.76,0.9249
184,170,car,556.34,160.18,646.41,246.1,0.8881
184,307,bike,303.81,31.51,330.51,69.63,0.3777
184,655,car,624.81,28.18,708.24,70.72,0.8937
184,909,car,895.05,87.68,957.38,147.95,0.9155
184,15,car,916.32,18.62,960.0,48.56,0.6093
184,8,bike,276.36,89.96,316.9,145.14,0.7991
184,1036,bike,566.42,39.9,601.8,84.92,0.7447
184,841,car,689.71,0.11,727.98,22.42,0.4031
184,1156,bike,174.59,54.99,196.32,89.66,0.3019
184,839,bike,226.35,60.82,251.51,116.35,0.6397
184,745,car,490.24,0.22,546.63,20.0,0.4339
184,1277,car,551.93,391.11,889.21,536.95,0.5384
184,1133,bike,753.84,16.66,788.46,55.75,0.6345
184,406,car,380.64,1.84,456.66,47.54,0.2776
184,1307,bike,15.56,92.1,54.13,140.75,0.3679
185,1,car,660.15,171.41,776.71,267.33,0.9226
185,170,car,556.37,160.31,646.3,246.13,0.8883
185,307,bike,306.03,31.67,332.88,70.02,0.3206
185,655,car,627.43,28.3,710.24,70.42,0.9252
185,909,car,895.19,87.31,957.48,147.16,0.9074
185,15,car,916.45,18.9,959.91,48.52,0.5765
185,8,bike,277.18,90.07,319.99,148.42,0.7761
185,1036,bike,569.88,38.96,605.83,84.81,0.8387
185,841,car,689.67,0.03,728.17,22.41,0.4606
185,1156,bike,178.07,55.69,198.71,88.71,0.285
185,839,bike,227.75,61.38,252.38,116.13,0.6944
185,745,car,491.37,0.06,548.64,20.14,0.4458
185,1133,bike,750.72,13.48,787.78,55.4,0.7023
185,406,car,378.96,1.7,456.23,48.01,0.3695
185,1191,bike,850.51,19.49,870.47,55.56,0.3559
185,1332,bike,8.8,74.91,34.35,117.79,0.3076
186,1,car,660.14,171.35,776.4,267.13,0.922
186,170,car,556.3,160.16,646.32,246.13,0.8906
186,655,car,629.8,28.35,712.23,70.08,0.9308
186,909,car,895.37,87.08,957.58,146.46,0.9115
186,15,car,915.84,16.9,960.0,48.25,0.5141
186,8,bike,279.24,89.92,321.95,148.31,0.5352
186,1036,bike,573.47,38.74,609.45,84.82,0.725
186,841,car,690.06,0.01,728.71,22.44,0.3798
186,1156,bike,182.52,50.69,205.33,87.2,0.4674
186,839,bike,228.94,61.55,253.24,115.73,0.6795
186,745,car,492.21,0.0,549.61,20.12,0.4642
186,1133,bike,748.12,11.54,786.37,55.03,0.7662
186,406,car,378.86,1.48,455.79,47.61,0.3633
186,1191,bike,849.41,20.17,868.72,55.48,0.3611
186,1332,bike,10.5,76.3,34.87,117.1,0.3186
186,1277,car,548.28,381.12,893.16,537.09,0.4331
186,1307,bike,17.22,91.36,55.53,140.28,0.5663
187,1,car,659.85,171.04,776.91,267.51,0.9226
187,170,car,556.04,159.5,646.59,246.1,0.8942
187,655,car,632.05,28.53,714.21,70.04,0.9131
187,909,car,895.56,86.18,957.69,145.11,0.9071
187,15,car,916.59,17.89,960.0,48.28,0.5228
187,8,bike,281.21,89.05,323.1,146.18,0.8144
187,1036,bike,577.28,38.9,613.76,85.52,0.7125
187,841,car,689.66,0.17,728.51,22.71,0.3407
187,1156,bike,185.64,48.62,209.31,86.58,0.5323
187,839,bike,230.35,62.13,254.3,115.29,0.7015
187,745,car,493.27,0.0,550.87,20.26,0.4962
187,1133,bike,746.45,10.8,784.79,54.68,0.7671
187,406,car,379.47,1.67,456.2,47.65,0.5004
187,1191,bike,848.34,19.48,867.66,55.37,0.3207
187,1332,bike,10.56,74.64,35.63,116.72,0.4221
187,1378,car,615.24,375.79,817.75,538.28,0.4491
187,1277,rickshaw,546.53,375.2,887.34,536.44,0.4752
187,1307,bike,16.25,88.7,55.55,139.57,0.5819
187,792,bike,74.35,95.89,117.84,154.17,0.3977
187,307,bike,307.49,29.91,334.34,68.72,0.3344
188,1,car,659.68,170.88,777.48,268.01,0.9248
188,170,car,555.9,158.91,646.82,246.03,0.8924
188,655,car,633.69,28.43,717.29,70.49,0.8847
188,909,car,896.02,85.97,957.21,143.53,0.9153
188,15,car,916.23,16.77,960.0,48.16,0.5234
188,8,bike,281.8,88.72,326.28,149.67,0.8239
188,1036,bike,580.66,38.94,617.59,86.35,0.7465
188,841,car,689.97,0.06,728.32,22.24,0.3035
188,1156,bike,188.5,47.96,212.54,86.86,0.6854
188,839,bike,232.06,63.37,255.8,115.41,0.7655
188,745,car,494.89,0.0,552.13,20.17,0.4329
188,1133,bike,744.86,10.69,783.02,54.61,0.7567
188,406,car,379.71,2.01,456.14,47.75,0.5552
188,1332,bike,11.26,73.33,37.19,116.85,0.4339
188,1378,car,609.7,371.82,817.07,538.7,0.7345
188,1307,bike,15.73,88.87,54.57,139.89,0.4959
188,1391,bike,826.67,13.46,845.18,47.29,0.43
188,307,bike,308.63,29.78,334.92,68.07,0.3797
189,1,car,659.57,170.94,777.44,268.22,0.9241
189,170,car,556.19,159.26,646.64,246.04,0.8896
189,655,car,634.63,28.33,719.68,70.95,0.8774
189,909,car,896.12,84.9,957.32,142.14,0.9183
189,15,car,916.85,18.14,960.0,48.26,0.5352
189,8,bike,284.03,89.1,327.23,148.08,0.7446
189,1036,bike,583.85,38.65,620.62,85.96,0.5588
189,841,car,689.38,0.07,728.15,22.58,0.2873
189,1156,bike,191.68,47.21,215.51,86.16,0.6322
189,839,bike,233.0,63.27,256.86,114.92,0.8103
189,745,car,496.83,0.0,553.75,20.05,0.33
189,1133,bike,743.76,10.58,781.72,54.73,0.7821
189,406,car,380.29,1.85,455.98,47.09,0.5013
189,1332,bike,12.84,73.67,39.0,117.39,0.433
189,1378,car,602.27,366.12,815.18,538.43,0.7589
189,1307,bike,16.89,84.74,57.73,139.45,0.339
189,1391,bike,827.23,15.4,844.97,47.77,0.3317
189,307,bike,312.82,26.7,340.98,67.62,0.3373
189,1402,bus,924.97,229.21,959.05,432.75,0.356
190,1,car,659.73,171.08,776.61,267.54,0.9224
190,170,car,556.61,159.53,646.45,245.62,0.8899
190,655,car,636.19,28.62,721.52,71.23,0.8795
190,909,car,895.91,83.92,957.35,141.04,0.9127
190,15,car,917.15,18.41,960.0,48.26,0.5335
190,8,bike,285.73,89.24,329.65,149.13,0.7721
190,1036,bike,587.82,38.58,625.07,86.79,0.8307
190,841,car,689.55,0.05,728.27,22.65,0.2925
190,1156,bike,195.06,51.31,216.25,86.28,0.4988
190,839,bike,233.87,62.67,257.99,114.61,0.8212
190,745,car,498.08,0.0,554.92,20.1,0.3605
190,1133,bike,742.65,10.88,779.63,54.3,0.8099
190,406,car,381.16,1.81,456.8,46.91,0.4756
190,1332,bike,12.9,73.62,38.88,117.19,0.3618
190,1378,car,598.92,361.12,811.67,534.56,0.8796
190,1307,bike,20.55,88.83,58.05,139.27,0.6774
190,1391,bike,828.04,16.39,845.25,47.69,0.2531
190,307,bike,315.49,27.55,343.09,67.45,0.4896
190,1402,bus,921.89,212.37,959.39,436.25,0.3521
191,1,car,659.81,170.92,776.94,267.62,0.9232
191,170,car,556.5,159.57,646.47,245.85,0.8897
191,655,car,638.43,28.68,723.39,71.05,0.8846
191,909,car,896.26,83.36,957.61,140.14,0.9084
191,15,car,916.17,16.39,960.0,48.19,0.4898
191,8,bike,288.23,88.51,331.38,147.25,0.6768
191,1036,bike,591.75,39.11,628.31,86.58,0.5279
191,841,car,689.53,0.01,728.22,22.54,0.331
191,1156,bike,197.84,47.83,220.93,86.45,0.5781
191,839,bike,234.56,62.28,258.47,113.55,0.7974
191,745,car,499.1,0.0,555.68,20.1,0.4429
191,1133,bike,741.27,10.9,777.91,54.19,0.7707
191,406,car,381.56,2.37,457.07,47.35,0.5328
191,1332,bike,13.57,73.13,39.52,116.66,0.4623
191,1378,car,596.98,356.55,807.83,530.08,0.9194
191,1307,bike,21.87,89.3,59.64,140.49,0.6119
191,307,bike,316.47,29.17,342.36,66.62,0.4288
191,1402,bus,918.44,202.88,959.35,446.82,0.448
191,792,bike,80.78,95.81,120.07,148.97,0.3116
192,1,car,659.95,171.08,776.81,267.56,0.9222
192,170,car,556.58,159.67,646.51,245.99,0.8933
192,655,car,640.0,28.55,725.17,70.98,0.8965
192,909,car,897.07,83.06,957.63,138.79,0.9024
192,15,car,916.92,17.64,960.0,48.15,0.4977
192,8,bike,290.77,87.63,332.01,143.48,0.7305
192,1036,bike,594.97,38.31,631.36,85.87,0.831
192,841,car,689.75,0.01,728.46,22.59,0.2854
192,1156,bike,202.03,44.44,227.36,87.23,0.3005
192,839,bike,235.11,60.91,258.9,111.89,0.7764
192,745,car,499.31,0.0,556.15,20.25,0.4187
192,1133,bike,739.13,11.69,774.95,54.16,0.7435
192,406,car,383.81,2.13,457.27,45.78,0.6318
192,1378,car,595.83,351.1,804.86,525.23,0.898
192,307,bike,318.48,28.6,344.85,66.63,0.4893
192,1402,bus,913.97,197.38,957.65,456.36,0.4834
193,1,car,660.16,170.9,776.67,267.11,0.9235
193,170,car,556.47,159.63,646.42,246.06,0.8922
193,655,car,641.82,28.83,726.3,70.84,0.9037
193,909,car,897.36,82.8,957.44,137.76,0.9059
193,15,car,916.38,16.58,960.0,48.18,0.4405
193,8,bike,292.5,87.42,333.71,143.05,0.6954
193,1036,bike,599.15,38.29,635.87,86.55,0.757
193,841,car,690.13,0.23,728.66,22.72,0.2736
193,1156,bike,205.15,45.98,229.35,87.42,0.3437
193,839,bike,236.04,60.63,259.81,111.79,0.7508
193,745,car,499.64,0.0,556.43,20.34,0.3817
193,1133,bike,737.65,14.21,771.3,53.66,0.665
193,406,car,383.91,1.71,456.43,44.62,0.4216
193,1378,car,594.26,346.06,800.3,519.95,0.8948
193,307,bike,320.56,30.39,345.58,66.35,0.3097
193,1402,bus,910.8,193.89,955.78,457.84,0.5253
193,1307,bike,25.68,91.66,61.2,139.95,0.5617
193,792,bike,77.03,93.17,119.25,148.43,0.3039
194,1,car,660.53,171.38,776.27,266.94,0.9239
194,170,car,556.35,159.57,646.46,246.22,0.8914
194,655,car,643.79,29.18,727.97,70.91,0.8955
194,909,car,897.95,82.45,957.35,136.5,0.9076
194,15,car,916.48,15.81,960.0,48.23,0.414
194,8,bike,294.67,87.74,335.43,142.45,0.7048
194,1036,bike,602.57,38.93,637.95,86.01,0.7729
194,841,car,690.96,0.31,729.82,22.89,0.3125
194,1156,bike,208.55,50.54,230.33,88.0,0.5122
194,839,bike,236.88,60.5,260.44,111.46,0.7257
194,745,car,500.44,0.0,556.81,20.3,0.2608
194,1133,bike,736.27,13.39,770.57,53.76,0.6953
194,406,car,385.55,2.25,456.74,44.1,0.3669
194,1378,car,596.64,342.26,793.23,510.12,0.8933
194,307,bike,322.06,31.89,346.34,66.82,0.2522
194,1402,bus,908.48,190.9,954.24,455.33,0.5156
194,1307,bike,26.42,90.21,62.55,139.84,0.5172
195,1,car,660.2,171.67,776.6,267.79,0.9207
195,170,car,556.61,159.92,646.32,246.21,0.8926
195,655,car,645.74,29.46,729.97,70.99,0.9041
195,909,car,898.15,82.14,957.24,135.6,0.9149
195,15,car,917.18,17.4,960.0,48.31,0.4574
195,8,bike,296.55,87.65,337.66,142.43,0.7932
195,1036,bike,606.54,38.85,642.03,86.21,0.4774
195,841,car,690.9,0.22,730.32,23.01,0.2824
195,1156,bike,212.64,53.74,232.12,87.26,0.5186
195,839,bike,238.04,60.09,261.47,111.17,0.6577
195,1133,bike,734.24,12.98,768.98,54.02,0.7298
195,406,car,385.15,2.17,456.19,43.67,0.3173
195,1378,car,597.41,338.08,788.51,503.23,0.8947
195,1402,bus,906.28,188.85,952.78,451.9,0.2915
195,1307,bike,26.78,88.21,63.98,139.87,0.6534
195,1431,rickshaw,928.86,191.7,959.14,265.29,0.6274
196,1,car,660.17,171.56,777.09,268.15,0.9223
196,170,car,556.49,159.72,646.52,246.47,0.8938
196,655,car,646.26,29.85,731.09,71.47,0.8901
196,909,car,898.34,81.7,956.9,134.35,0.8923
196,15,car,916.73,16.71,960.0,48.42,0.4113
196,8,bike,296.65,87.78,340.63,146.9,0.6228
196,1036,bike,610.84,38.41,645.83,85.61,0.7153
196,841,car,690.68,0.2,730.56,23.16,0.3007
196,1156,bike,216.25,52.62,235.05,85.26,0.4156
196,839,bike,238.99,60.24,262.54,112.27,0.3848
196,1133,bike,732.96,14.47,766.16,53.34,0.779
196,406,car,384.49,2.59,455.46,43.94,0.2308
196,1378,car,599.14,335.28,785.11,498.24,0.871
196,1402,bus,903.99,186.17,951.79,449.96,0.4017
196,1307,bike,28.17,89.73,64.81,140.92,0.6763
196,1431,rickshaw,926.2,189.43,957.76,265.88,0.5219
196,745,car,502.59,0.0,558.22,20.22,0.2853
197,1,car,660.18,171.34,776.81,267.78,0.9218
197,170,car,556.79,160.31,646.25,246.53,0.8921
197,655,car,646.86,30.09,732.27,71.76,0.8734
197,909,car,898.29,81.32,956.99,133.77,0.9036
197,15,car,916.67,16.15,960.0,48.42,0.3872
197,8,bike,298.5,87.34,342.88,147.25,0.7873
197,1036,car,616.35,39.92,649.69,84.46,0.2622
197,841,car,690.49,0.12,730.93,23.24,0.267
197,839,bike,240.25,60.77,263.26,112.1,0.3669
197,1133,bike,731.5,16.16,763.63,53.26,0.8158
197,406,car,384.85,3.09,456.33,44.66,0.256
197,1378,car,593.55,331.98,780.79,498.19,0.9049
197,1307,bike,27.81,87.2,65.66,140.69,0.7327
197,745,car,504.9,0.54,556.69,19.44,0.2958
198,1,car,660.37,171.9,777.14,268.46,0.9227
198,170,car,557.1,160.97,646.02,246.58,0.8856
198,655,car,647.23,30.51,732.62,71.81,0.866
198,909,car,898.41,80.77,957.12,132.95,0.9102
198,15,car,916.11,15.54,960.0,48.56,0.3455
198,8,bike,299.86,88.07,345.56,150.39,0.3484
198,841,car,689.89,0.1,730.85,23.28,0.2736
198,839,bike,241.36,61.56,264.17,112.41,0.6208
198,1133,bike,729.99,17.12,761.25,52.97,0.8112
198,406,car,385.64,3.43,456.28,44.37,0.2879
198,1378,car,598.68,328.25,775.35,487.06,0.9018
198,1307,bike,29.09,87.66,66.27,140.58,0.7558
198,745,car,506.21,0.48,556.39,18.92,0.3822
198,1402,bus,897.76,178.8,949.45,454.26,0.4305
198,1431,rickshaw,919.23,182.43,958.04,276.13,0.5304
199,1,car,660.68,172.51,776.74,268.44,0.9211
199,170,car,557.27,161.24,645.98,246.59,0.8895
199,655,car,647.08,30.01,734.84,72.3,0.8296
199,909,car,898.5,80.24,957.2,132.08,0.9175
199,15,car,917.1,16.54,960.0,48.51,0.3174
199,8,bike,302.67,88.13,345.91,147.29,0.4757
199,841,car,689.95,0.22,731.03,23.21,0.232
199,839,bike,242.65,62.03,265.17,111.9,0.6404
199,1133,bike,727.99,16.74,759.59,52.69,0.8238
199,406,car,386.04,3.86,456.84,44.83,0.2857
199,1378,car,600.16,323.67,771.46,479.41,0.9135
199,1307,bike,28.16,86.23,66.13,141.12,0.5237
199,1402,bus,895.2,176.45,948.74,451.24,0.4743
200,1,car,660.5,172.63,776.66,268.63,0.9231
200,170,car,557.08,161.15,646.05,246.77,0.8888
200,655,car,642.62,29.48,733.21,72.48,0.839
200,909,car,898.37,79.61,957.0,131.05,0.9119
200,15,car,916.77,16.31,960.0,48.62,0.3873
200,8,bike,305.28,88.1,347.54,145.75,0.5461
200,841,car,689.64,0.46,730.56,23.12,0.3339
200,839,bike,243.51,61.91,266.4,112.0,0.6873
200,1133,bike,727.03,16.58,757.98,51.56,0.5552
200,406,car,386.95,3.71,458.36,45.19,0.275
200,1378,car,601.34,320.21,767.68,473.37,0.934
200,1307,bike,30.81,88.95,67.13,141.3,0.6847
200,1402,bus,892.04,173.76,949.3,458.58,0.3091
201,1,car,660.38,172.56,776.72,268.72,0.9229
201,170,car,556.89,160.77,646.37,246.96,0.8891
201,655,car,640.92,30.43,732.82,73.29,0.8489
201,909,car,898.43,79.23,956.97,130.23,0.9083
201,15,car,917.66,17.52,960.0,48.72,0.3879
201,8,bike,308.11,88.72,348.62,143.45,0.7245
201,841,car,689.59,0.41,730.85,23.08,0.296
201,839,bike,243.39,62.15,266.64,111.71,0.7322
201,1133,bike,725.84,17.2,755.97,50.94,0.5443
201,1378,car,597.12,318.15,764.19,473.7,0.9173
201,1307,bike,34.46,92.03,68.54,140.87,0.5992
201,1402,bus,889.5,171.49,950.12,464.82,0.35
201,1480,car,878.33,166.15,959.95,449.63,0.3402
201,1332,bike,23.93,73.77,49.02,115.12,0.3846
201,745,car,508.73,0.29,558.23,18.79,0.3278
202,1,car,660.73,172.81,776.68,268.55,0.924
202,170,car,556.87,160.57,646.62,247.12,0.8876
202,655,car,644.43,29.96,736.69,72.77,0.8343
202,909,car,898.22,78.65,956.85,129.46,0.9047
202,15,car,917.5,17.07,960.0,48.72,0.3766
202,8,bike,310.27,88.42,350.03,141.77,0.6902
202,841,car,689.91,0.48,731.21,23.05,0.295
202,839,bike,244.37,62.99,267.3,110.59,0.6927
202,1133,bike,724.81,18.91,754.14,51.38,0.38
202,1378,car,599.07,315.11,759.45,465.65,0.9289
202,1307,bike,36.22,92.05,70.19,140.12,0.4672
202,1480,car,878.9,168.98,957.55,441.71,0.4043
202,1499,bike,395.45,69.25,422.26,111.84,0.3983
202,745,car,508.02,0.07,559.18,19.61,0.2797
202,406,bus,386.31,3.15,461.61,47.27,0.4918
203,1,car,660.53,172.76,776.96,268.94,0.924
203,170,car,557.18,161.39,646.2,247.15,0.8827
203,655,car,648.49,29.48,740.42,72.08,0.8331
203,909,car,898.26,78.05,957.17,128.82,0.9082
203,15,car,917.68,18.37,959.33,48.86,0.3611
203,8,bike,313.07,86.92,352.8,139.86,0.4729
203,841,car,689.38,0.84,731.36,23.48,0.2566
203,839,bike,245.68,62.27,269.31,110.71,0.6456
203,1133,bike,725.57,17.98,754.77,50.65,0.3771
203,1378,car,599.35,311.47,755.51,459.23,0.9277
203,1307,bike,36.99,91.62,72.15,141.15,0.6839
203,1480,truck,877.41,167.58,956.33,440.44,0.297
203,1499,bike,395.78,69.04,423.5,113.13,0.4938
203,745,car,508.7,0.0,559.42,19.74,0.3376
203,406,bus,385.08,3.16,461.04,48.32,0.5445
203,1402,car,885.03,162.3,947.62,452.24,0.3228
204,1,car,660.27,172.77,777.27,269.43,0.9251
204,170,car,556.99,161.6,645.97,247.27,0.8823
204,655,car,649.82,28.95,742.89,72.04,0.8052
204,909,car,898.12,76.85,957.78,128.08,0.9093
204,15,car,917.22,18.52,959.01,48.98,0.2886
204,8,bike,314.94,87.24,353.75,138.47,0.2734
204,839,bike,247.89,62.46,271.38,110.34,0.6614
204,1133,bike,723.69,17.14,752.55,49.44,0.3492
204,1378,car,601.18,308.67,752.82,453.5,0.9092
204,1307,bike,38.77,93.25,73.25,141.48,0.4251
204,1480,truck,874.01,161.68,956.73,447.0,0.4841
204,1499,bike,397.44,69.37,424.64,112.61,0.3806
204,406,bus,388.19,3.23,463.69,48.63,0.6012
205,1,car,660.26,172.82,777.17,269.39,0.925
205,170,car,556.82,161.38,645.95,247.19,0.8821
205,655,car,652.3,27.77,747.15,72.08,0.8072
205,909,car,897.95,75.99,958.07,127.5,0.9102
205,15,car,917.91,19.34,959.0,49.17,0.2871
205,8,bike,315.71,87.67,355.77,140.49,0.483
205,839,bike,248.07,61.72,271.97,109.96,0.6756
205,1133,bike,722.07,17.31,750.62,49.22,0.3951
205,1378,car,600.7,306.73,748.36,448.54,0.9073
205,1307,bike,38.02,89.01,76.06,142.95,0.6909
205,1480,car,872.11,163.06,955.25,448.13,0.3771
205,1499,bike,399.92,68.71,425.47,109.26,0.3044
205,1101,bike,810.16,33.0,827.01,71.01,0.3826
205,1036,bike,647.78,44.28,679.46,84.67,0.2738
205,841,car,688.1,0.71,730.67,23.44,0.3094
206,1,car,660.75,173.27,776.33,268.63,0.9224
206,170,car,556.69,161.03,646.21,247.28,0.8839
206,655,car,656.87,28.9,748.02,71.63,0.8892
206,909,car,897.83,75.18,958.4,126.96,0.901
206,15,car,918.29,20.02,958.71,49.16,0.3366
206,8,bike,318.77,87.76,356.78,137.27,0.5564
206,839,bike,248.8,61.7,272.77,110.02,0.555
206,1133,bike,721.15,17.55,749.48,49.09,0.2618
206,1378,car,599.92,304.46,746.01,445.61,0.9177
206,1307,bike,38.89,88.47,76.9,142.54,0.7432
206,1480,bus,870.84,162.03,953.71,443.65,0.4497
206,1499,bike,402.29,68.37,426.06,105.93,0.2538
206,1538,bike,843.23,22.07,868.14,53.02,0.4136
206,1101,bike,810.48,32.72,827.35,70.74,0.4446
206,1036,car,651.57,45.67,683.35,84.55,0.3868
206,841,car,688.27,1.32,730.72,23.74,0.3269
206,792,bike,77.69,88.23,117.29,142.21,0.5898
206,1402,car,877.0,154.36,946.06,458.65,0.3657
207,1,car,660.77,173.45,776.25,268.62,0.9248
207,170,car,556.75,161.22,646.03,247.24,0.8785
207,655,car,656.83,28.11,750.29,72.25,0.8463
207,909,car,898.13,75.22,958.09,126.28,0.8959
207,15,car,918.03,19.51,959.15,49.09,0.3371
207,8,bike,316.71,87.28,353.48,136.15,0.4242
207,839,bike,249.89,62.38,273.56,110.5,0.3609
207,1378,car,599.74,301.94,742.96,440.98,0.8897
207,1307,bike,40.55,88.73,77.89,141.95,0.6858
207,1480,bus,867.74,158.24,957.12,461.64,0.3926
207,1538,bike,843.18,21.72,868.34,52.95,0.3231
207,1101,bike,809.97,32.24,827.43,71.73,0.5759
207,841,car,686.19,1.61,729.39,23.9,0.2756
207,1402,car,873.23,149.86,946.71,459.86,0.2951
207,745,car,513.54,0.27,560.83,19.11,0.2764
208,1,car,660.86,173.24,776.56,268.53,0.9253
208,170,car,556.74,161.26,645.99,247.26,0.8825
208,655,car,655.13,27.84,753.54,74.98,0.8213
208,909,car,898.97,75.05,958.23,125.33,0.9003
208,15,car,917.98,19.61,959.33,49.3,0.4004
208,8,bike,321.06,86.9,359.55,137.73,0.6063
208,839,bike,251.66,63.47,274.45,110.27,0.4078
208,1378,car,600.92,299.05,741.15,436.13,0.8859
208,1307,bike,41.74,90.0,78.13,141.85,0.4684
208,1480,bus,864.44,155.7,958.39,474.23,0.3836
208,1538,bike,844.58,20.58,870.87,53.21,0.497
208,1101,bike,809.95,32.27,827.61,72.47,0.3636
208,841,car,684.57,2.25,727.43,23.69,0.2849
208,1402,car,871.46,153.77,946.41,455.94,0.3042
208,1499,bike,404.13,67.02,428.28,105.21,0.2661
209,1,car,660.91,173.19,776.58,268.35,0.9228
209,170,car,556.86,161.55,645.88,247.3,0.8776
209,655,car,655.3,27.58,756.77,76.95,0.8152
209,909,car,899.19,74.15,958.68,124.58,0.9079
209,15,car,917.4,19.31,959.42,49.44,0.2877
209,8,bike,321.03,86.24,358.13,135.83,0.6108
209,1378,car,600.92,296.8,738.91,432.45,0.9173
209,1307,bike,41.39,87.05,79.92,142.52,0.7995
209,1480,bus,862.89,152.89,956.09,466.16,0.427
209,1538,bike,845.48,19.35,872.71,53.22,0.5161
209,1101,bike,809.53,31.35,827.74,73.01,0.3136
209,841,car,682.48,2.33,726.07,23.65,0.305
209,1402,car,869.13,152.95,946.18,450.33,0.3577
209,406,bus,389.62,1.79,467.96,48.81,0.3613
209,792,bike,80.6,88.42,119.88,141.88,0.3222
210,1,car,660.97,173.12,776.27,267.86,0.9242
210,170,car,556.8,161.68,645.73,247.29,0.8777
210,655,car,657.4,27.06,757.05,76.06,0.8401
210,909,car,899.21,73.18,958.92,123.8,0.9115
210,15,car,917.48,20.1,958.68,49.4,0.3221
210,8,bike,323.3,86.49,358.94,134.65,0.5404
210,1378,car,601.36,294.56,736.12,427.69,0.9425
210,1307,bike,42.1,85.05,80.89,141.4,0.697
210,1480,bus,859.4,150.89,954.49,467.13,0.3574
210,1538,bike,845.91,20.07,872.53,53.19,0.2477
210,841,car,680.31,1.95,724.9,23.5,0.3513
210,1402,car,866.27,149.71,946.72,448.83,0.4052
210,406,bus,394.42,1.41,471.65,48.16,0.3624
211,1,car,660.73,173.08,776.69,268.32,0.9237
211,170,car,556.58,161.35,645.93,247.39,0.8783
211,655,car,656.76,27.34,759.3,78.46,0.852
211,909,car,898.88,72.14,959.76,123.83,0.9103
211,15,car,918.19,20.61,958.95,49.48,0.3805
211,1378,car,601.54,292.73,733.7,423.76,0.9338
211,1307,bike,43.13,84.59,82.05,141.25,0.6711
211,1480,car,858.16,147.3,952.88,457.85,0.6129
211,1538,bike,847.13,21.31,872.88,53.32,0.2967
211,406,bus,399.14,1.33,475.01,47.92,0.3075
211,1156,bike,266.96,46.46,284.59,76.37,0.3525
211,839,bike,253.8,60.46,277.53,109.8,0.3515
211,1499,bike,406.24,63.9,431.73,104.42,0.4458
212,1,car,660.51,172.71,777.04,268.42,0.9244
212,170,car,556.54,161.39,645.64,247.12,0.8802
212,655,car,660.71,27.31,759.78,77.16,0.839
212,909,car,898.76,71.01,959.8,122.98,0.917
212,15,car,917.44,19.32,959.62,49.21,0.3388
212,1378,car,598.34,288.76,732.11,422.05,0.9334
212,1307,bike,44.34,85.44,82.89,141.83,0.7902
212,1480,car,855.71,142.24,952.46,455.14,0.6672
212,406,bus,401.25,1.66,475.98,48.1,0.5787
212,1580,car,407.45,2.77,472.24,47.24,0.4352
212,1156,bike,270.51,45.03,288.69,76.28,0.4254
212,839,bike,255.75,60.37,279.4,109.42,0.6576
212,792,bike,88.27,87.64,126.34,139.43,0.3437
213,1,car,660.42,172.36,776.96,268.11,0.9259
213,170,car,556.52,160.83,645.8,246.69,0.8817
213,655,car,664.54,27.09,759.52,75.12,0.8121
213,909,car,899.35,70.48,959.78,122.09,0.9114
213,15,car,916.97,17.71,960.0,48.84,0.4277
213,1378,car,598.15,286.6,730.21,418.56,0.9253
213,1307,bike,46.9,87.74,84.18,142.62,0.7799
213,1480,car,852.75,136.48,952.64,455.4,0.599
213,406,bus,403.87,1.6,477.71,48.09,0.5273
213,1580,car,408.97,2.62,473.65,47.0,0.3486
213,1156,bike,274.42,44.04,293.16,76.11,0.6666
213,839,bike,257.01,59.73,281.05,109.26,0.715
213,1590,bike,116.24,97.68,151.92,145.62,0.374
213,792,bike,89.99,87.46,129.19,140.99,0.3927
213,1332,bike,34.09,72.43,59.12,112.06,0.3486
213,745,car,520.48,0.01,560.06,16.19,0.4495
213,1499,bike,409.24,63.12,434.7,103.9,0.3203
214,1,car,660.6,172.1,776.59,267.4,0.9242
214,170,car,556.55,160.86,645.8,246.68,0.8798
214,655,car,664.28,26.59,762.3,76.8,0.7787
214,909,car,899.97,69.92,959.8,121.14,0.9049
214,15,car,916.68,16.77,960.0,48.67,0.3844
214,1378,car,599.77,284.6,728.57,413.5,0.8873
214,1307,bike,47.84,87.88,84.76,142.49,0.7853
214,1480,car,850.54,133.71,952.63,455.32,0.377
214,1580,car,411.5,2.55,475.59,46.54,0.4373
214,1156,bike,278.7,43.93,296.89,74.79,0.5417
214,839,bike,257.76,59.09,282.21,109.06,0.7767
214,1590,bike,116.88,97.39,153.98,147.28,0.3034
214,792,bike,89.84,87.43,129.26,141.69,0.5788
214,1332,bike,35.15,71.68,61.43,111.81,0.3639
214,745,car,522.05,0.06,559.7,15.76,0.446
214,1499,bike,410.31,63.61,434.69,103.07,0.2575
214,8,bike,334.72,86.8,371.55,135.59,0.3442
214,1402,bus,858.59,144.65,945.11,451.2,0.4205
215,1,car,660.78,171.76,776.84,267.09,0.9276
215,170,car,556.64,160.67,645.98,246.55,0.8845
215,655,car,665.89,26.92,763.0,77.14,0.7617
215,909,car,901.49,69.15,959.95,119.3,0.9058
215,15,car,917.23,17.63,960.0,48.35,0.4743
215,1378,car,599.8,282.72,727.47,410.76,0.8997
215,1307,bike,49.63,88.31,85.86,142.32,0.769
215,1480,car,847.8,128.91,953.33,457.72,0.3703
215,1580,car,411.85,2.28,476.46,46.73,0.281
215,1156,bike,281.85,44.74,299.55,74.72,0.607
215,839,bike,258.5,59.48,282.61,108.41,0.7892
215,1590,bike,118.04,96.08,156.05,147.18,0.2496
215,792,bike,91.37,87.22,129.45,139.92,0.3716
215,1332,bike,35.52,71.34,62.59,111.93,0.4569
215,745,car,523.16,0.05,559.47,15.44,0.4909
215,8,bike,336.48,85.47,374.82,136.09,0.5318
215,1402,bus,854.97,142.23,946.78,455.82,0.3326
215,1538,bike,849.44,20.52,876.19,53.77,0.2875
216,1,car,661.25,171.3,776.94,266.35,0.9272
216,170,car,556.53,160.38,646.01,246.39,0.8846
216,655,car,666.68,27.2,764.13,78.19,0.8094
216,909,car,902.32,68.59,959.79,117.93,0.9106
216,15,car,917.61,18.29,959.33,48.02,0.5131
216,1378,car,599.31,280.44,726.64,408.7,0.9037
216,1307,bike,50.08,88.32,86.54,143.02,0.7531
216,1480,car,846.07,130.39,952.87,458.69,0.3472
216,1580,car,412.72,2.2,476.08,45.82,0.2825
216,1156,bike,285.39,44.05,304.59,76.47,0.6605
216,839,bike,259.22,59.45,283.36,108.14,0.7607
216,792,bike,95.78,87.4,135.07,140.71,0.396
216,1332,bike,36.03,70.57,64.04,112.23,0.3618
216,745,car,523.99,0.01,559.04,15.04,0.5555
216,1402,bus,852.33,142.94,947.06,454.96,0.2772
216,1538,bike,847.47,14.89,878.56,53.99,0.3922
217,1,car,661.18,171.4,776.95,266.46,0.929
217,170,car,556.71,160.92,645.63,246.31,0.8784
217,655,car,668.5,27.98,765.77,79.45,0.7855
217,909,car,903.11,68.8,959.39,117.11,0.9056
217,15,car,917.34,17.83,959.67,47.97,0.5427
217,1378,car,597.39,277.8,723.7,405.07,0.9166
217,1307,bike,51.47,87.1,87.43,141.62,0.7928
217,1480,car,843.56,131.34,952.96,463.45,0.4663
217,1580,car,414.05,2.56,475.23,44.58,0.3401
217,1156,bike,287.4,42.5,308.48,78.62,0.4221
217,839,bike,259.97,59.09,284.43,108.34,0.6746
217,792,bike,95.28,87.07,132.91,138.11,0.4459
217,1332,bike,35.83,70.16,64.59,112.75,0.5322
217,745,car,524.92,0.14,558.23,14.57,0.3984
217,1402,bus,848.99,144.07,946.98,457.84,0.4285
217,1538,bike,845.98,14.72,877.57,54.11,0.4627
217,406,bus,408.51,1.78,477.06,45.23,0.2493
217,1590,bike,121.74,98.35,158.05,147.44,0.5323
218,1,car,661.56,171.44,776.65,265.86,0.9269
218,170,car,556.22,159.86,646.14,246.33,0.8865
218,655,car,669.58,27.81,767.3,80.14,0.7487
218,909,car,903.71,68.05,959.51,116.0,0.8917
218,15,car,917.67,18.33,959.37,47.91,0.5099
218,1378,car,597.7,276.02,721.62,400.97,0.9125
218,1307,bike,52.25,85.95,88.53,141.43,0.7506
218,1480,car,841.22,130.22,952.75,464.36,0.2971
218,1580,bus,412.22,1.21,474.79,44.05,0.2473
218,1156,bike,290.55,41.49,310.03,75.7,0.4567
218,839,bike,260.85,58.65,285.38,108.04,0.6819
218,1332,bike,36.44,69.95,65.72,113.22,0.3888
218,745,car,525.44,0.14,557.51,14.22,0.2511
218,1402,bus,846.51,142.83,948.57,461.48,0.3921
218,1538,bike,846.98,13.36,879.53,54.13,0.7041
218,1615,bike,810.87,20.38,833.41,54.14,0.3634
218,1619,car,673.48,2.03,738.25,38.0,0.466
218,406,car,410.13,1.93,476.44,43.85,0.3884
218,1590,bike,123.2,98.06,158.74,146.35,0.267
219,1,car,661.75,171.33,776.92,265.77,0.9273
219,170,car,556.19,159.66,646.2,246.25,0.8809
219,655,car,672.0,27.61,766.62,78.47,0.7096
219,909,car,903.87,66.46,960.0,114.96,0.8778
219,15,car,917.75,18.42,959.23,47.73,0.5065
219,1378,car,598.23,274.96,720.67,398.6,0.9145
219,1307,bike,53.64,84.44,89.73,139.95,0.7314
219,1580,bus,412.58,1.01,475.96,44.25,0.3159
219,1156,bike,294.53,38.37,314.48,73.93,0.6814
219,839,bike,261.78,58.16,285.63,106.23,0.7045
219,745,car,526.11,0.04,557.61,14.05,0.2869
219,1538,bike,846.91,13.09,879.99,54.27,0.7399
219,1615,bike,810.03,19.69,833.0,54.1,0.5669
219,1619,car,672.46,0.84,742.41,39.84,0.4282
219,406,car,411.58,2.08,477.01,43.12,0.4734
219,792,bike,100.84,85.1,137.53,133.8,0.3341
220,1,car,661.25,171.14,776.61,265.71,0.9272
220,170,car,556.45,160.45,645.86,246.41,0.8802
220,655,car,673.44,26.61,768.07,77.75,0.7098
220,909,car,903.85,65.8,960.0,114.41,0.858
220,15,car,917.09,17.91,959.65,47.97,0.4077
220,1378,car,595.51,273.53,718.36,397.59,0.9089
220,1307,bike,55.27,85.95,90.17,140.07,0.7712
220,1580,bus,411.98,0.77,476.82,44.92,0.4813
220,1156,bike,296.95,36.76,317.84,74.75,0.4779
220,839,bike,262.59,57.63,286.11,105.15,0.5738
220,745,car,526.38,0.01,557.35,13.95,0.2807
220,1538,bike,846.41,11.39,881.33,54.85,0.7518
220,1615,bike,809.54,18.26,832.85,53.17,0.352
220,1619,car,671.88,1.31,743.64,41.58,0.4167
220,406,car,411.42,1.98,478.01,43.63,0.4207
220,792,bike,100.7,85.78,138.19,135.41,0.503
220,307,bike,362.81,24.35,386.98,59.0,0.3234
220,1332,bike,38.25,69.82,67.27,112.71,0.2555
220,1402,bus,840.76,136.12,949.52,467.98,0.675
221,1,car,660.87,171.14,776.93,266.38,0.9289
221,170,car,556.41,160.37,645.93,246.43,0.8855
221,655,car,673.98,26.74,770.05,79.03,0.6389
221,909,car,904.52,65.45,960.0,113.78,0.8673
221,15,car,917.13,17.97,959.77,48.07,0.4749
221,1378,car,594.55,271.74,717.28,395.74,0.9111
221,1307,bike,57.16,86.75,91.18,139.78,0.8194
221,1580,bus,412.99,1.1,477.13,44.55,0.5192
221,1156,bike,301.06,37.25,320.78,73.26,0.7259
221,839,bike,264.24,58.74,287.45,105.97,0.4563
221,745,car,527.11,0.0,557.03,13.6,0.4824
221,1538,bike,846.68,10.62,882.36,54.96,0.8045
221,1615,bike,809.98,18.92,831.81,51.62,0.312
221,1619,car,669.43,0.51,747.96,45.15,0.4103
221,406,car,412.47,2.22,478.29,43.06,0.3547
221,792,bike,101.91,86.34,140.74,137.15,0.3632
221,307,bike,364.89,25.53,388.39,58.17,0.2418
221,1332,bike,38.92,69.71,67.56,111.9,0.3533
221,1402,bus,838.53,134.14,950.23,467.94,0.7454
222,1,car,660.86,171.34,777.03,266.78,0.9272
222,170,car,556.51,160.1,646.11,246.22,0.8861
222,655,car,674.78,26.04,771.73,79.18,0.6209
222,909,car,904.96,64.24,960.0,112.94,0.8732
222,15,car,917.06,18.01,959.75,48.12,0.3954
222,1378,car,593.47,269.97,716.54,394.45,0.9193
222,1307,bike,58.84,87.56,92.22,139.85,0.8313
222,1580,bus,413.38,1.38,477.42,44.38,0.4311
222,1156,bike,304.65,39.6,322.41,72.08,0.5271
222,839,bike,265.69,59.91,287.77,105.25,0.3379
222,745,car,527.6,0.0,556.63,13.33,0.4716
222,1538,bike,847.65,10.2,883.82,55.12,0.8481
222,1615,bike,809.46,18.81,830.86,50.95,0.2611
222,1619,car,669.33,0.21,748.38,45.8,0.463
222,406,car,412.21,2.33,478.26,42.82,0.3697
222,792,bike,101.55,86.55,139.29,135.72,0.3607
222,1402,bus,835.69,135.49,950.58,473.35,0.6907
222,1499,bike,421.89,66.2,445.43,104.24,0.4393
222,1590,bike,127.78,96.51,163.93,146.23,0.3383
223,1,car,661.03,171.44,777.07,266.88,0.9273
223,170,car,556.22,160.12,646.0,246.43,0.8871
223,655,car,674.69,25.25,773.7,80.03,0.6287
223,909,car,905.95,63.43,960.0,112.15,0.8801
223,15,car,915.93,16.8,960.0,48.05,0.2454
223,1378,car,593.35,268.03,714.91,390.96,0.9098
223,1307,bike,58.94,86.7,93.38,140.89,0.8034
223,1580,bus,417.7,1.39,480.97,43.9,0.3751
223,1156,bike,309.48,41.66,325.73,70.92,0.5198
223,839,bike,265.86,58.68,287.94,104.45,0.3434
223,745,car,527.99,0.0,556.37,13.15,0.459
223,1538,bike,847.77,10.03,884.34,55.58,0.8063
223,1615,bike,808.4,18.11,830.26,51.13,0.3336
223,406,car,415.13,2.29,480.63,42.32,0.387
223,1402,bus,833.9,130.59,950.76,467.9,0.8252
224,1,car,660.9,171.27,776.71,266.55,0.9265
224,170,car,556.18,159.96,646.03,246.34,0.8832
224,655,car,677.23,25.73,773.6,79.35,0.6852
224,909,car,906.79,63.25,960.0,111.55,0.8834
224,15,car,916.08,16.49,960.0,47.92,0.4544
224,1378,car,592.82,265.73,713.63,387.88,0.9109
224,1307,bike,59.5,85.8,94.46,141.15,0.8174
224,1580,bus,419.99,1.6,482.01,43.33,0.3514
224,1156,bike,312.59,41.6,328.84,70.42,0.4269
224,839,bike,266.95,59.0,288.57,103.98,0.4707
224,745,car,528.13,0.0,556.07,13.05,0.4259
224,1538,bike,848.57,10.08,885.41,56.09,0.8197
224,1615,bike,807.6,18.63,829.11,51.42,0.2771
224,406,car,418.74,2.52,482.91,42.0,0.4
224,1402,bus,832.6,131.81,949.98,463.87,0.7778
225,1,car,661.35,171.92,776.29,266.42,0.9247
225,170,car,556.2,160.08,645.74,246.11,0.8898
225,655,car,679.41,26.8,774.26,79.91,0.7284
225,909,car,907.51,63.16,960.0,111.07,0.8933
225,15,car,916.16,16.96,959.95,47.96,0.4145
225,1378,car,591.51,264.32,712.11,386.13,0.9273
225,1307,bike,60.6,85.76,95.15,140.45,0.7848
225,1580,bus,422.19,1.69,483.55,43.03,0.4124
225,1156,bike,315.98,41.44,332.43,70.33,0.3816
225,839,bike,268.03,59.34,289.85,104.59,0.5217
225,745,car,528.3,0.0,555.88,13.0,0.3979
225,1538,bike,849.32,9.88,886.47,56.46,0.8019
225,1615,bike,807.62,18.04,827.75,48.86,0.2694
225,406,truck,418.99,1.91,484.7,42.66,0.3557
225,1402,bus,830.03,131.36,950.1,464.98,0.8084
225,1619,car,659.81,1.24,747.66,53.23,0.3103
225,1499,bike,424.78,66.82,450.48,107.95,0.3351
226,1,car,661.57,172.02,776.16,266.11,0.926
226,170,car,556.19,160.13,645.74,246.17,0.894
226,655,car,681.36,28.08,775.44,81.07,0.7869
226,909,car,908.04,62.94,960.0,110.57,0.8992
226,15,car,915.86,16.96,959.88,48.1,0.3919
226,1378,car,592.16,263.22,711.73,384.04,0.9196
226,1307,bike,61.55,85.69,95.98,140.1,0.7828
226,1580,car,425.59,2.79,483.68,41.91,0.4569
226,1156,bike,318.9,39.27,336.63,70.14,0.3814
226,839,bike,269.04,59.69,290.7,103.9,0.7449
226,745,car,528.48,0.0,555.85,13.01,0.3683
226,1538,bike,850.24,9.47,887.63,56.76,0.809
226,406,bus,422.58,2.8,486.07,42.48,0.25
226,1402,bus,828.21,130.8,950.11,463.51,0.8191
226,1499,bike,425.5,66.36,452.36,108.82,0.3288
226,792,bike,104.5,84.22,143.5,135.17,0.4207
226,1590,bike,141.44,95.75,184.53,153.26,0.5102
227,1,car,661.03,171.31,775.96,265.71,0.923
227,170,car,556.08,159.56,646.15,246.18,0.8964
227,655,car,683.23,28.43,775.58,80.7,0.8317
227,909,car,908.19,62.28,960.0,110.08,0.8952
227,15,car,916.77,17.59,959.31,47.53,0.3506
227,1378,car,592.71,262.42,710.93,381.78,0.9219
227,1307,bike,62.86,85.72,97.69,141.22,0.779
227,1580,car,428.38,3.39,484.64,41.34,0.4957
227,1156,bike,322.78,38.35,340.44,69.25,0.3547
227,839,bike,269.66,59.29,292.61,105.42,0.6667
227,745,car,528.43,0.0,555.76,13.1,0.4015
227,1538,bike,851.21,10.21,887.9,56.79,0.8131
227,406,bus,424.46,3.16,486.48,42.15,0.2975
227,1402,bus,825.07,130.05,952.29,473.64,0.7968
227,1499,bike,426.95,66.32,454.05,108.67,0.4665
227,792,bike,105.79,84.85,144.37,134.97,0.4349
227,1590,bike,144.05,96.07,188.04,153.09,0.3623
227,1332,bike,45.32,68.45,73.89,110.21,0.2545
228,1,car,661.24,171.83,775.46,265.54,0.9255
228,170,car,556.12,159.51,646.23,246.19,0.8941
228,655,car,685.22,28.36,775.7,79.56,0.8293
228,909,car,908.32,61.53,960.0,109.54,0.8954
228,15,car,916.86,17.54,959.2,47.24,0.3447
228,1378,car,592.14,261.55,709.3,379.43,0.9268
228,1307,bike,63.77,84.33,98.6,140.21,0.7381
228,1580,car,429.28,3.45,485.21,41.23,0.4303
228,1156,bike,325.5,39.59,342.78,69.8,0.3953
228,839,bike,270.88,59.71,293.66,104.85,0.5951
228,745,car,528.64,0.0,555.55,12.99,0.3328
228,1538,bike,851.93,10.86,888.1,56.94,0.7962
228,406,bus,425.39,2.94,486.86,41.69,0.3506
228,1402,bus,824.26,129.3,951.57,467.8,0.8186
228,1499,bike,427.85,66.52,455.15,108.61,0.4141
228,792,bike,106.64,83.78,145.48,134.53,0.6496
228,1590,bike,145.89,96.81,190.66,153.29,0.5363
228,1332,bike,45.33,68.0,73.84,109.69,0.2329
229,1,car,661.26,171.32,775.52,264.96,0.9252
229,170,car,556.27,160.06,645.8,246.1,0.8935
229,655,car,685.39,28.32,777.55,80.72,0.805
229,909,car,908.84,61.15,960.0,108.79,0.9017
229,15,car,916.41,17.89,959.05,47.65,0.4316
229,1378,car,592.15,260.63,708.34,377.27,0.9195
229,1307,bike,65.06,84.71,99.78,140.71,0.6856
229,1580,car,430.98,3.35,486.64,40.97,0.5821
229,1156,bike,327.14,39.03,344.68,70.06,0.3496
229,839,bike,271.8,59.92,294.25,103.93,0.6766
229,745,car,528.88,0.0,555.53,12.94,0.2674
229,1538,bike,853.74,13.23,888.26,57.14,0.7966
229,406,bus,427.64,2.49,488.49,41.2,0.2869
229,1402,bus,822.62,128.64,950.92,464.28,0.8281
229,792,bike,108.82,84.07,147.04,134.04,0.4234
229,1687,car,400.98,3.24,437.1,36.02,0.3742
229,1615,bike,802.61,17.97,825.83,54.06,0.4697
229,1619,car,653.35,1.49,737.29,52.37,0.4427
230,1,car,661.05,171.3,775.54,265.09,0.9243
230,170,car,556.29,160.09,645.83,246.09,0.8925
230,655,car,685.93,28.23,778.7,81.12,0.8479
230,909,car,909.06,60.1,960.0,108.1,0.9078
230,15,car,916.46,17.53,959.35,47.4,0.3981
230,1378,car,591.89,259.61,707.79,375.88,0.9169
230,1307,bike,66.29,85.92,100.65,141.57,0.7821
230,1580,car,432.57,3.13,487.65,40.3,0.5325
230,839,bike,272.17,59.6,294.95,103.98,0.6874
230,745,car,528.97,0.0,555.39,12.93,0.2357
230,1538,bike,856.54,18.74,887.49,57.31,0.7739
230,406,bus,429.43,2.2,489.19,40.4,0.4003
230,1402,bus,821.14,128.2,950.64,461.53,0.8286
230,792,bike,110.68,84.16,149.03,134.48,0.585
230,1687,car,403.5,3.16,439.35,35.73,0.2689
230,1692,bike,143.33,95.79,172.05,145.68,0.3453
231,1,car,661.2,171.87,775.01,264.97,0.9232
231,170,car,556.17,159.86,646.03,246.21,0.8926
231,655,car,687.87,27.76,779.9,80.29,0.8117
231,909,car,909.77,60.25,960.0,107.64,0.9072
231,15,car,916.33,17.66,959.51,47.68,0.5576
231,1378,car,592.55,258.79,707.75,374.34,0.9053
231,1307,bike,67.69,86.23,101.36,140.82,0.766
231,1580,car,434.41,3.02,488.59,39.61,0.5824
231,839,bike,272.39,58.67,295.62,103.76,0.6742
231,1538,bike,858.79,23.02,887.3,57.47,0.7965
231,406,bus,431.22,1.71,490.38,39.92,0.3531
231,1402,bus,819.52,127.7,950.81,460.59,0.8229
231,792,bike,112.56,83.8,151.32,134.96,0.487
231,1687,car,406.3,3.38,441.51,35.44,0.2525
232,1,car,660.92,171.61,775.39,265.21,0.9208
232,170,car,556.07,159.69,646.22,246.36,0.8948
232,655,car,689.04,27.85,781.84,81.0,0.8083
232,909,car,910.79,59.77,960.0,106.36,0.8902
232,15,car,916.21,18.02,959.32,47.89,0.4885
232,1378,car,592.81,257.58,707.81,373.05,0.9258
232,1307,bike,69.38,87.08,101.76,139.45,0.6993
232,1580,car,435.02,3.0,489.42,39.88,0.5128
232,839,bike,273.14,57.79,296.16,102.42,0.6774
232,1538,bike,859.94,24.79,887.96,57.68,0.7837
232,406,bus,432.5,2.0,490.69,39.83,0.5272
232,1402,bus,818.6,126.97,950.26,455.31,0.86
232,792,bike,114.32,83.31,151.43,132.5,0.374
232,1332,bike,50.21,67.45,79.67,109.48,0.2569
233,1,car,661.37,171.7,775.1,264.65,0.9234
233,170,car,556.18,159.86,646.14,246.32,0.8936
233,655,car,690.58,28.43,783.16,81.53,0.8398
233,909,car,911.57,59.65,960.0,105.58,0.9035
233,15,car,916.23,18.36,959.1,47.92,0.5226
233,1378,car,590.86,256.46,706.89,372.91,0.9299
233,1307,bike,70.85,86.63,103.28,139.19,0.7791
233,1580,car,436.59,2.79,490.27,39.24,0.4
233,839,bike,273.74,57.19,296.58,101.5,0.7634
233,1538,bike,859.14,21.5,890.3,57.59,0.7941
233,406,bus,433.88,2.27,490.88,39.44,0.5878
233,1402,bus,816.65,126.06,950.17,453.76,0.8649
233,792,bike,114.26,83.33,151.43,132.68,0.537
233,1720,bike,653.69,14.99,684.47,51.38,0.6042
233,1332,bike,49.98,67.2,79.89,109.42,0.4391
233,1499,bike,433.58,66.14,461.0,108.45,0.2879
233,1615,bike,797.89,19.7,821.84,58.18,0.3361
234,1,car,661.08,171.5,774.96,264.57,0.9202
234,170,car,556.43,160.18,646.14,246.4,0.8879
234,655,car,691.96,27.69,784.19,80.63,0.8157
234,909,car,912.56,59.23,960.0,105.07,0.8995
234,15,car,915.6,17.63,959.58,47.94,0.5396
234,1378,car,589.93,255.04,706.95,372.84,0.9355
234,1307,bike,71.7,86.99,104.14,139.72,0.756
234,839,bike,274.76,56.68,297.15,100.52,0.7058
234,1538,bike,859.82,22.41,891.19,58.15,0.7906
234,406,bus,434.96,2.2,492.18,39.47,0.6262
234,1402,bus,815.02,124.71,950.16,451.24,0.874
234,792,bike,117.58,83.08,153.76,131.51,0.5012
234,1720,bike,652.1,16.64,682.23,52.24,0.6411
234,1332,bike,48.96,66.1,79.67,109.84,0.2598
234,1615,bike,797.16,20.45,820.09,58.28,0.3591
235,1,car,660.71,171.17,774.99,264.58,0.9191
235,170,car,556.11,159.77,646.17,246.35,0.8926
235,655,car,693.77,27.55,785.03,79.83,0.8081
235,909,car,913.22,58.55,960.0,104.14,0.9001
235,15,car,915.84,17.96,959.34,47.82,0.5116
235,1378,car,589.6,253.83,706.95,372.34,0.9406
235,1307,bike,72.47,85.51,105.05,138.48,0.7375
235,839,bike,276.05,56.82,298.07,100.37,0.596
235,1538,bike,860.09,22.16,892.16,58.21,0.7565
235,406,bus,435.35,2.11,492.81,39.47,0.7434
235,1402,bus,812.74,122.62,950.71,451.4,0.8556
235,792,bike,118.71,83.0,154.87,131.73,0.5501
235,1720,bike,650.21,18.18,679.29,52.47,0.6008
235,1332,bike,50.02,65.93,80.39,109.07,0.4808
235,1615,bike,796.52,20.18,817.94,56.23,0.3021
235,1736,bus,303.83,2.6,346.39,42.57,0.3251
235,1737,bike,747.24,42.99,787.44,84.62,0.4837
235,1740,bike,0.39,98.92,24.08,141.1,0.3743
235,1499,bike,435.78,66.26,462.89,107.74,0.2467
236,1,car,660.29,171.01,775.22,265.12,0.9226
236,170,car,556.23,159.82,646.2,246.32,0.8919
236,655,car,694.49,25.8,786.39,78.44,0.8201
236,909,car,914.07,58.08,960.0,103.01,0.894
236,15,car,915.6,17.86,959.26,47.72,0.4002
236,1378,car,590.32,253.05,706.43,370.58,0.9406
236,1307,bike,73.48,84.07,107.24,138.8,0.6853
236,839,bike,276.9,56.57,298.61,99.96,0.505
236,1538,bike,861.0,24.16,892.29,58.59,0.7428
236,406,bus,436.1,2.28,493.1,39.23,0.6893
236,1402,bus,810.23,120.66,950.95,451.49,0.86
236,792,bike,119.48,83.45,156.07,132.61,0.3952
236,1720,bike,648.18,21.72,674.51,52.5,0.581
236,1332,bike,50.02,64.05,81.69,109.38,0.2398
236,1736,bus,303.64,2.24,346.73,42.66,0.2928
236,1737,bike,749.99,43.81,789.44,84.71,0.5433
236,1740,bike,2.57,99.7,24.81,139.15,0.2919
236,1499,bike,438.45,65.97,465.03,106.63,0.4999
237,1,car,660.07,171.01,774.93,265.11,0.9184
237,170,car,556.25,159.99,646.01,246.25,0.8907
237,655,car,694.71,24.36,780.95,73.88,0.8282
237,909,car,914.93,58.18,960.0,102.23,0.8908
237,15,car,915.39,17.28,959.79,47.67,0.4888
237,1378,car,590.3,252.99,705.11,369.14,0.9383
237,1307,bike,75.3,85.38,108.77,139.35,0.6364
237,839,bike,277.46,55.48,299.32,99.49,0.6294
237,1538,bike,861.77,24.95,893.45,59.27,0.7347
237,406,bus,438.88,2.34,494.88,38.78,0.5382
237,1402,bus,808.3,119.24,951.1,450.58,0.8746
237,1720,car,646.6,24.34,670.93,52.37,0.319
237,1332,bike,51.57,65.74,81.53,108.73,0.3168
237,1736,bus,303.01,2.02,346.39,42.67,0.34
237,1737,bike,753.36,45.04,791.84,84.99,0.773
237,1499,bike,440.45,66.13,467.32,107.33,0.2279
237,1615,bike,794.42,20.43,816.02,57.45,0.3106
238,1,car,659.63,170.51,775.16,265.34,0.92
238,170,car,556.31,159.87,646.08,246.14,0.889
238,655,car,696.31,23.26,782.31,72.29,0.7824
238,909,car,915.44,57.52,960.0,101.75,0.8809
238,15,car,915.47,17.39,959.68,47.6,0.5981
238,1378,car,589.33,252.9,704.3,369.19,0.9322
238,1307,bike,76.42,84.22,109.41,138.03,0.633
238,839,bike,278.29,54.65,300.61,99.45,0.6431
238,1538,bike,862.32,25.1,894.6,59.59,0.7563
238,406,bus,440.05,2.48,495.68,38.74,0.4809
238,1402,bus,806.73,118.21,951.62,450.47,0.868
238,1720,bike,642.52,20.78,669.98,52.34,0.3906
238,1332,bike,52.03,65.29,82.16,108.69,0.4287
238,1736,bus,302.96,2.2,346.1,42.6,0.2796
238,1737,bike,756.35,44.18,795.36,84.87,0.6654
238,1755,car,442.03,2.67,493.9,37.99,0.4718
238,1615,bike,792.75,21.19,816.04,62.16,0.3991
238,8,bike,386.66,80.38,419.96,122.22,0.2965
238,1590,bike,159.78,95.62,205.77,153.09,0.4068
238,792,bike,120.97,85.03,157.14,132.98,0.3348
238,1740,bike,6.7,101.44,28.04,138.95,0.4023
239,1,car,660.22,170.97,774.87,265.08,0.9209
239,170,car,556.23,159.93,645.89,246.08,0.8906
239,655,car,696.38,21.72,785.6,72.53,0.781
239,909,car,916.08,57.27,960.0,101.11,0.8886
239,15,car,915.94,17.93,959.36,47.5,0.4705
239,1378,car,590.06,252.44,703.24,366.71,0.9298
239,1307,bike,78.58,84.77,111.29,137.65,0.516
239,839,bike,279.34,54.62,302.13,99.9,0.7001
239,1538,bike,863.92,25.69,896.08,59.78,0.7481
239,406,bus,441.74,2.13,497.52,38.68,0.6815
239,1402,bus,805.57,117.1,952.17,449.63,0.8826
239,1720,bike,639.13,19.84,668.01,52.86,0.6307
239,1332,bike,53.24,64.48,84.05,108.84,0.5045
239,1737,bike,759.19,41.85,799.98,84.61,0.3988
239,1615,bike,791.14,20.86,816.11,65.96,0.4746
239,8,bike,387.22,80.85,421.17,122.22,0.3951
239,1590,bike,161.85,96.27,206.03,150.46,0.3708
239,1499,bike,442.73,65.92,469.64,107.52,0.5095
240,1,car,660.48,170.84,774.8,264.64,0.9196
240,170,car,556.12,159.82,645.86,246.05,0.891
240,655,car,697.14,20.87,787.02,72.16,0.769
240,909,car,916.84,57.52,960.0,100.78,0.899
240,15,car,915.58,17.77,959.49,47.62,0.5636
240,1378,car,590.64,252.08,702.95,365.42,0.9297
240,1307,bike,79.71,85.38,112.23,137.67,0.6817
240,839,bike,279.93,54.11,303.3,100.14,0.7168
240,1538,bike,864.87,26.33,896.97,60.17,0.7846
240,406,car,443.53,2.35,497.91,37.89,0.541
240,1402,bus,804.07,116.08,952.86,450.35,0.8781
240,1720,bike,636.13,19.4,665.52,52.83,0.6955
240,1332,bike,54.87,64.52,85.14,107.66,0.5633
240,1737,bike,764.41,42.15,805.24,84.77,0.372
240,1615,bike,791.11,20.56,814.53,63.28,0.4457
240,1590,bike,163.21,95.96,206.87,148.73,0.24
240,1499,bike,443.85,66.18,471.25,108.95,0.3131
240,1736,bus,302.96,2.92,345.45,42.69,0.2086
240,792,bike,123.02,84.97,161.71,135.83,0.2776
241,1,car,660.3,171.05,774.67,264.91,0.9207
241,170,car,555.83,159.47,646.0,246.14,0.8909
241,655,car,697.77,21.58,786.33,72.15,0.8008
241,909,car,917.34,56.8,960.0,100.36,0.8988
241,15,car,915.27,17.22,960.0,47.71,0.542
241,1378,car,590.33,251.66,702.28,364.45,0.9219
241,1307,bike,81.69,86.87,113.57,137.54,0.6677
241,839,bike,280.25,53.51,304.02,99.87,0.7767
241,1538,bike,865.74,26.86,897.83,60.44,0.7675
241,406,car,445.36,2.68,497.81,36.81,0.5234
241,1402,bus,803.07,114.72,953.12,448.62,0.8753
241,1720,bike,633.08,19.05,663.08,53.08,0.745
241,1332,bike,55.53,64.62,85.23,106.84,0.5219
241,1737,bike,766.63,38.25,811.21,85.07,0.6374
241,1615,bike,789.93,20.02,813.25,62.95,0.5172
241,1779,bus,445.69,2.37,496.98,37.06,0.4582
241,1736,bus,302.68,2.95,345.13,42.64,0.2331
241,792,bike,125.39,84.63,165.13,136.17,0.5699
242,1,car,660.32,171.22,774.85,265.28,0.9217
242,170,car,555.96,159.76,645.76,246.03,0.8896
242,655,car,698.24,21.64,787.07,72.44,0.8004
242,909,car,918.25,56.8,960.0,99.96,0.8951
242,15,car,915.34,17.32,960.0,47.77,0.5379
242,1378,car,590.22,251.39,701.61,363.33,0.9255
242,1307,bike,83.17,86.92,114.27,136.1,0.7446
242,839,bike,280.98,53.44,304.77,99.41,0.7503
242,1538,bike,866.2,26.99,898.3,60.29,0.8136
242,406,car,447.21,2.78,498.75,36.16,0.5248
242,1402,bus,802.12,113.65,953.51,447.56,0.8878
242,1720,bike,630.99,18.66,661.53,53.3,0.652
242,1332,bike,56.4,64.16,85.26,105.57,0.6688
242,1737,bike,768.97,36.99,814.36,84.93,0.5847
242,1615,bike,789.02,20.29,811.52,61.5,0.4323
242,1779,bus,446.89,2.31,497.74,36.69,0.4541
242,1736,bus,302.55,2.66,345.3,42.53,0.2228
242,792,bike,125.88,83.56,165.96,135.27,0.774
242,1590,bike,164.6,95.45,209.84,149.5,0.3949
243,1,car,660.52,170.81,775.46,265.2,0.9235
243,170,car,555.8,159.51,645.92,246.12,0.8976
243,655,car,700.97,21.89,789.45,72.46,0.795
243,909,car,918.99,56.75,960.0,99.82,0.8839
243,15,car,914.89,17.15,959.81,47.71,0.4513
243,1378,car,589.99,251.18,701.79,363.31,0.9258
243,1307,bike,84.96,87.26,115.74,135.85,0.6668
243,839,bike,282.21,53.78,306.2,99.68,0.7611
243,1538,bike,866.61,27.04,899.14,60.61,0.8354
243,406,car,448.52,2.79,499.4,35.65,0.4598
243,1402,bus,801.16,112.72,953.91,446.92,0.8999
243,1720,bike,628.09,18.2,658.72,52.99,0.594
243,1332,bike,57.77,64.37,86.55,106.23,0.2976
243,1737,bike,773.22,38.42,817.32,85.34,0.7253
243,1615,bike,789.06,20.06,809.75,57.31,0.561
243,1779,bus,448.45,2.39,497.91,35.8,0.5783
243,1736,bus,302.79,2.62,345.74,42.63,0.2355
243,792,bike,126.67,83.77,166.54,134.95,0.6785
243,1794,bike,0.49,92.97,33.28,137.8,0.3905
243,1499,bike,449.86,65.02,476.39,106.0,0.5261
244,1,car,660.08,170.84,775.04,265.31,0.9204
244,170,car,555.94,159.78,645.88,246.18,0.893
244,655,car,703.51,22.97,790.04,72.33,0.8268
244,909,car,919.31,55.59,960.0,99.69,0.8767
244,15,car,915.09,17.41,959.73,47.75,0.6301
244,1378,car,588.35,250.87,701.37,363.99,0.923
244,1307,bike,85.88,87.46,116.62,136.05,0.6511
244,839,bike,282.5,53.14,306.63,99.09,0.7605
244,1538,bike,866.77,26.52,899.87,60.48,0.8421
244,406,car,449.72,2.76,500.92,35.72,0.4668
244,1402,bus,800.31,111.87,954.36,446.43,0.8977
244,1720,bike,625.78,17.32,657.05,52.95,0.7477
244,1332,bike,58.58,63.37,88.54,107.26,0.4646
244,1737,bike,776.24,38.67,820.13,85.59,0.797
244,1615,bike,788.62,19.64,808.7,55.45,0.4181
244,1779,bus,449.8,2.47,499.27,35.82,0.5897
244,1736,bus,302.97,3.16,345.23,42.64,0.2241
244,792,bike,126.22,83.74,166.86,136.01,0.4993
244,1794,bike,1.61,93.55,34.06,137.84,0.3769
244,1499,bike,450.35,65.35,476.32,105.83,0.473
245,1,car,659.46,170.51,774.77,265.48,0.9177
245,170,car,556.16,160.15,645.7,246.12,0.8918
245,655,car,705.34,23.63,792.94,73.49,0.8157
245,909,car,920.23,55.88,960.0,99.42,0.8669
245,15,car,915.28,17.69,959.53,47.69,0.5989
245,1378,car,589.09,250.59,701.78,363.41,0.9064
245,1307,bike,86.8,87.73,118.73,138.19,0.7768
245,839,bike,283.15,53.52,306.89,98.65,0.7245
245,1538,bike,868.31,27.63,900.7,60.57,0.7251
245,406,car,451.19,2.47,503.19,35.96,0.4714
245,1402,bus,799.46,111.26,954.8,446.35,0.9056
245,1720,bike,624.97,17.54,654.03,50.46,0.6291
245,1332,bike,62.2,64.81,92.1,107.91,0.3526
245,1737,bike,779.09,38.99,822.43,85.46,0.7376
245,1615,bike,788.5,20.14,807.0,52.74,0.286
245,1779,bus,450.85,2.4,501.0,36.09,0.5366
245,792,bike,127.07,82.93,167.12,134.53,0.7666
245,1794,bike,2.66,93.81,35.04,137.86,0.6244
245,1499,bike,452.42,65.6,478.23,105.59,0.5715
246,1,car,659.58,170.71,774.7,265.68,0.9184
246,170,car,556.19,160.09,645.84,246.14,0.8915
246,655,car,705.53,23.88,793.25,73.93,0.8143
246,909,car,921.25,55.44,960.0,99.2,0.8468
246,15,car,914.57,17.41,959.32,47.64,0.5349
246,1378,car,587.65,250.26,701.29,363.88,0.8962
246,1307,bike,88.4,87.43,119.82,136.96,0.7053
246,839,bike,284.5,53.9,307.37,97.59,0.6271
246,1538,bike,868.59,28.39,900.76,60.98,0.7714
246,406,car,451.87,1.94,504.63,36.01,0.6094
246,1402,bus,798.68,110.45,954.85,444.95,0.9067
246,1720,bike,621.48,17.71,650.72,50.73,0.7532
246,1332,bike,62.34,64.13,92.75,107.75,0.4306
246,1737,bike,782.15,38.9,825.06,85.17,0.6882
246,1615,bike,787.27,19.65,805.59,51.45,0.5133
246,1779,bus,452.06,2.22,502.63,36.14,0.4773
246,792,bike,129.07,82.97,167.98,133.11,0.7776
246,1794,bike,1.67,92.47,35.74,138.7,0.7818
246,1499,bike,453.93,65.88,479.58,105.08,0.6916
246,1736,bus,303.06,3.3,344.99,42.64,0.2262
247,1,car,659.91,171.0,774.65,265.64,0.9167
247,170,car,556.35,160.18,645.98,246.17,0.8904
247,655,car,707.78,25.81,791.59,73.23,0.8055
247,909,car,921.9,54.81,960.0,98.92,0.8528
247,15,car,914.81,17.7,959.42,47.77,0.5787
247,1378,car,586.66,249.95,701.42,364.69,0.8847
247,1307,bike,90.36,87.39,121.78,136.9,0.7063
247,839,bike,285.09,53.27,307.65,96.69,0.6918
247,1538,bike,868.58,28.12,901.98,61.77,0.8264
247,406,car,452.24,1.53,505.26,35.82,0.4945
247,1402,bus,797.89,109.66,955.01,443.98,0.8928
247,1720,bike,617.6,16.86,649.04,52.41,0.6704
247,1332,bike,63.18,64.63,93.01,107.0,0.2318
247,1737,bike,785.67,39.43,828.62,85.77,0.8193
247,1615,bike,786.03,19.51,804.49,51.07,0.5046
247,1779,bus,451.76,1.85,502.68,35.84,0.6418
247,792,bike,129.89,82.26,169.39,133.33,0.7522
247,1794,bike,1.44,92.74,35.91,139.45,0.6361
247,1499,bike,454.65,65.96,481.22,105.81,0.6375
247,1736,bus,302.83,3.1,344.79,42.55,0.2442
247,1590,bike,170.12,94.43,222.93,158.24,0.434
248,1,car,660.19,171.09,774.45,265.32,0.9196
248,170,car,556.2,160.0,646.02,246.13,0.8953
248,655,car,708.93,27.4,792.5,74.38,0.8405
248,909,car,922.48,54.1,960.0,98.43,0.8466
248,15,car,915.19,18.05,959.28,47.66,0.6418
248,1378,car,585.24,249.76,701.01,365.37,0.8763
248,1307,bike,91.88,87.01,123.75,137.39,0.6869
248,839,bike,285.4,52.78,307.91,96.36,0.624
248,1538,bike,869.4,28.05,902.93,61.73,0.8153
248,406,car,449.83,1.38,503.84,35.9,0.5437
248,1402,bus,797.02,108.68,954.66,441.58,0.8968
248,1720,bike,614.31,15.18,647.1,52.63,0.7789
248,1332,bike,64.23,65.14,93.76,106.47,0.6829
248,1737,bike,787.95,40.08,830.94,86.31,0.8124
248,1779,bus,450.51,1.76,502.08,35.81,0.4559
248,792,bike,130.46,82.55,170.47,134.56,0.4774
248,1794,bike,3.71,93.25,37.26,138.35,0.6114
248,1499,bike,456.22,65.92,482.96,106.0,0.3688
248,1736,bus,302.78,2.99,344.75,42.56,0.2363
248,1823,bike,658.4,1.9,675.34,22.95,0.3561
249,1,car,660.01,171.16,774.86,265.9,0.9192
249,170,car,555.88,159.47,646.25,246.17,0.8948
249,655,car,710.48,28.19,794.42,75.06,0.8362
249,909,car,923.63,53.38,960.0,97.03,0.8388
249,15,car,914.08,17.38,959.31,47.67,0.5019
249,1378,car,585.05,249.57,701.29,365.65,0.8785
249,1307,bike,93.22,86.61,125.41,137.52,0.7725
249,839,bike,286.61,52.88,308.73,96.2,0.6124
249,1538,bike,869.8,28.45,903.31,62.01,0.7448
249,406,bus,450.1,1.23,504.11,35.52,0.6731
249,1402,bus,796.24,107.64,954.85,440.36,0.889
249,1720,bike,611.43,14.54,645.07,53.15,0.7683
249,1332,bike,64.8,63.83,95.13,105.79,0.614
249,1737,bike,791.02,42.77,832.24,86.57,0.8119
249,1779,car,450.0,1.26,502.31,35.46,0.459
249,792,bike,131.15,81.95,170.35,133.45,0.4355
249,1794,bike,3.54,93.77,36.97,138.56,0.6418
249,1499,bike,458.29,65.31,485.06,105.27,0.359
249,1736,bus,303.4,2.89,345.28,42.39,0.2432
249,1823,bike,657.75,1.98,674.73,23.08,0.4723
249,1590,bike,172.66,94.21,226.83,161.64,0.4215
250,1,car,659.47,170.77,774.85,266.08,0.9151
250,170,car,556.17,160.02,646.03,246.16,0.8948
250,655,car,712.18,28.74,796.41,75.48,0.8549
250,909,car,925.19,53.43,960.0,95.82,0.8234
250,15,car,913.83,17.61,958.87,47.59,0.6045
250,1378,car,583.55,249.72,700.93,367.04,0.887
250,1307,bike,94.6,87.33,126.22,137.59,0.8097
250,839,bike,287.21,52.55,309.32,96.23,0.341
250,1538,bike,870.4,28.35,903.68,61.57,0.7798
250,406,bus,451.48,1.64,504.74,35.19,0.6299
250,1402,bus,795.49,106.68,955.08,439.35,0.8665
250,1720,bike,609.15,13.78,641.15,50.39,0.6558
250,1332,bike,65.2,63.51,97.49,107.59,0.7333
250,1737,bike,796.91,44.21,837.0,86.78,0.7805
250,1779,car,450.02,1.28,502.85,35.47,0.4851
250,792,bike,132.43,82.26,171.74,134.45,0.5118
250,1794,bike,3.59,93.44,37.46,138.61,0.6649
250,1499,bike,459.94,64.96,487.28,105.48,0.3875
250,1823,bike,656.82,1.34,674.56,23.36,0.5888
251,1,car,659.5,171.19,774.74,266.46,0.9163
251,170,car,556.25,160.39,645.78,246.15,0.8876
251,655,car,711.65,28.73,797.05,76.07,0.8381
251,909,car,925.89,52.78,960.0,95.28,0.8088
251,15,car,913.92,17.92,958.82,47.65,0.4879
251,1378,car,584.41,250.06,700.4,365.89,0.8643
251,1307,bike,96.72,87.22,128.04,136.97,0.6209
251,839,bike,287.82,52.04,310.03,96.43,0.6594
251,1538,bike,870.88,28.88,903.72,61.55,0.7578
251,406,car,455.55,1.62,507.3,34.39,0.4471
251,1402,bus,794.69,105.78,955.35,438.74,0.8667
251,1720,bike,604.54,11.12,639.44,51.43,0.667
251,1332,bike,65.43,64.27,97.45,107.7,0.4448
251,1737,bike,800.75,44.71,840.4,86.8,0.8256
251,1779,bus,456.43,1.67,507.3,34.8,0.4572
251,792,bike,134.32,82.66,172.69,133.96,0.5454
251,1794,bike,4.19,92.75,39.07,139.0,0.6263
251,1499,bike,459.54,64.69,488.8,108.03,0.4045
251,1823,bike,655.25,0.83,673.74,23.73,0.67
251,1835,bike,676.26,7.33,703.45,44.58,0.5266
252,1,car,659.82,171.31,774.72,266.33,0.9158
252,170,car,555.96,159.95,645.97,246.19,0.8895
252,655,car,714.91,30.07,798.19,75.68,0.808
252,909,car,927.06,52.42,960.0,94.49,0.7945
252,15,car,914.85,18.57,958.98,47.67,0.5579
252,1378,car,584.33,249.96,701.06,366.42,0.89
252,1307,bike,98.93,87.2,129.85,136.32,0.7664
252,839,bike,288.54,51.64,311.02,96.68,0.5341
252,1538,bike,870.43,28.4,904.62,62.48,0.7586
252,406,car,452.8,1.35,506.32,34.85,0.5228
252,1402,bus,793.68,105.08,955.86,439.5,0.8487
252,1720,bike,601.76,9.22,637.46,51.0,0.5487
252,1332,bike,66.94,65.05,98.58,107.1,0.4901
252,1737,bike,803.19,43.98,844.07,87.37,0.8688
252,1779,bus,455.66,1.56,506.92,34.66,0.5309
252,792,bike,136.67,82.52,175.27,133.63,0.6071
252,1794,bike,5.16,92.67,40.48,139.14,0.8054
252,1499,bike,460.68,64.22,488.92,106.13,0.4813
252,1823,bike,653.58,0.86,672.24,23.88,0.7059
252,1835,bike,676.11,8.14,702.95,44.97,0.4446
252,1736,bus,303.36,3.26,344.66,42.38,0.2451
252,1590,bike,183.05,94.41,229.44,153.09,0.6636
253,1,car,660.08,171.32,774.66,266.03,0.9155
253,170,car,555.87,159.97,645.98,246.34,0.8934
253,655,car,715.52,31.05,796.41,75.02,0.8054
253,909,car,928.39,52.42,960.0,93.9,0.7687
253,15,car,914.67,18.17,959.52,47.73,0.5646
253,1378,car,584.57,249.89,701.92,367.11,0.8903
253,1307,bike,101.21,87.88,132.12,137.15,0.8176
253,839,bike,289.57,51.19,312.2,96.46,0.725
253,1538,bike,871.72,29.68,905.19,63.0,0.3635
253,406,car,452.4,1.12,506.95,34.97,0.687
253,1402,bus,792.96,104.58,955.93,438.89,0.8616
253,1720,bike,599.38,8.65,635.86,52.11,0.7142
253,1332,bike,68.6,65.2,99.56,105.52,0.4136
253,1737,bike,806.17,43.62,847.54,87.86,0.8522
253,792,bike,138.23,82.15,177.38,133.66,0.7134
253,1794,bike,6.01,92.07,41.63,138.9,0.7699
253,1499,bike,462.62,64.06,490.4,104.95,0.4733
253,1823,bike,652.37,0.96,671.23,24.12,0.6389
253,1846,bike,780.84,38.6,805.67,80.56,0.5381
253,1736,bus,302.75,2.93,344.46,42.6,0.2352
253,1590,bike,185.54,94.28,230.72,152.02,0.7304
254,1,car,660.29,171.51,774.3,265.74,0.9162
254,170,car,555.95,160.22,645.88,246.38,0.8869
254,655,car,717.43,31.49,796.56,74.18,0.878
254,909,car,929.91,52.5,960.0,93.55,0.7675
254,15,car,914.49,17.88,959.95,47.87,0.4991
254,1378,car,584.3,250.1,701.66,367.32,0.886
254,1307,bike,104.08,89.68,133.47,136.45,0.7171
254,839,bike,290.6,51.01,313.54,96.71,0.7152
254,1538,bike,872.29,29.29,906.65,63.74,0.7223
254,406,car,452.4,1.07,507.49,34.92,0.7337
254,1402,bus,791.92,104.27,955.92,438.97,0.8481
254,1720,bike,597.13,8.17,634.23,52.97,0.7315
254,1332,bike,71.99,66.04,100.66,102.56,0.2992
254,1737,bike,809.74,43.41,850.79,87.41,0.8365
254,792,bike,139.99,82.18,179.43,133.72,0.4975
254,1794,bike,7.0,92.4,42.06,138.32,0.8238
254,1499,bike,461.97,64.12,491.59,107.28,0.3088
254,1823,bike,651.19,0.52,670.61,24.36,0.7663
254,1736,bus,303.08,2.81,345.0,42.71,0.2405
254,1590,bike,188.15,93.94,230.39,148.2,0.6339
254,1835,bike,670.31,7.09,700.36,48.41,0.3209
255,1,car,660.33,171.49,774.08,265.5,0.9164
255,170,car,556.05,160.07,645.9,246.14,0.8905
255,655,car,717.81,30.76,797.43,73.58,0.8642
255,909,car,930.61,51.84,960.0,93.21,0.7534
255,15,car,914.47,18.03,959.87,47.95,0.6221
255,1378,car,584.74,250.26,701.53,366.79,0.8837
255,1307,bike,106.44,89.9,135.56,136.28,0.6563
255,839,bike,291.75,51.11,314.74,96.54,0.8083
255,1538,bike,872.9,29.28,907.28,63.96,0.7985
255,406,car,452.88,0.98,508.13,34.69,0.7085
255,1402,bus,790.74,104.08,956.27,440.38,0.8385
255,1720,bike,594.09,5.55,632.18,52.16,0.7129
255,1332,bike,72.8,65.17,101.93,101.88,0.788
255,1737,bike,813.37,43.31,854.79,87.71,0.8574
255,792,bike,140.11,82.16,180.82,135.41,0.6531
255,1794,bike,7.95,91.8,43.61,138.66,0.7605
255,1823,bike,650.33,0.45,670.14,24.63,0.8225
255,1736,bus,303.01,2.81,344.96,42.75,0.2607
255,1835,bike,670.43,6.84,700.42,48.14,0.3343
255,1846,bike,781.07,37.99,806.33,80.62,0.2717
256,1,car,660.42,171.48,774.38,265.64,0.9172
256,170,car,556.15,160.32,645.68,246.02,0.8869
256,655,car,714.19,24.67,806.03,74.65,0.7979
256,909,car,932.09,52.1,960.0,92.87,0.7265
256,15,car,914.67,18.12,959.84,47.87,0.6614
256,1378,car,585.36,250.45,702.03,366.92,0.9007
256,1307,bike,108.45,91.1,136.12,135.15,0.4596
256,839,bike,292.29,51.22,315.32,96.36,0.8293
256,1538,bike,873.15,28.83,907.38,63.48,0.8311
256,406,car,453.24,1.0,508.66,34.64,0.6034
256,1402,bus,790.35,103.64,956.13,438.83,0.8443
256,1720,bike,591.26,5.62,628.98,52.2,0.6626
256,1332,bike,72.88,64.78,102.74,102.35,0.2633
256,1737,bike,816.52,43.55,857.28,87.21,0.8798
256,1794,bike,9.48,92.46,44.42,138.24,0.7766
256,1823,bike,649.56,0.86,669.24,24.65,0.8107
256,1736,bus,303.1,2.79,344.89,42.74,0.2595
256,1835,bike,670.31,7.04,700.33,48.54,0.5357
256,1499,bike,466.12,62.92,494.85,105.06,0.4011
256,1590,bike,192.6,93.88,235.26,149.34,0.2867
257,1,car,660.06,171.01,774.93,266.01,0.9149
257,170,car,556.2,160.22,645.83,246.0,0.8902
257,655,car,717.18,26.41,805.28,74.24,0.8001
257,909,car,933.66,52.43,960.0,92.46,0.6619
257,15,car,914.36,17.84,959.99,47.91,0.626
257,1378,car,586.68,250.44,701.87,365.37,0.9023
257,1307,bike,110.15,91.04,137.43,134.38,0.2944
257,839,bike,293.23,51.48,315.99,95.74,0.8061
257,1538,bike,874.27,29.77,907.88,64.02,0.7959
257,406,car,457.71,1.21,510.52,33.3,0.5796
257,1402,bus,788.6,99.47,955.71,435.41,0.8462
257,1720,bike,589.49,5.67,626.55,51.91,0.7171
257,1332,bike,73.38,64.16,104.14,102.88,0.6556
257,1737,bike,820.25,43.58,861.21,87.29,0.8391
257,1794,bike,11.0,93.31,44.93,137.56,0.8189
257,1823,bike,648.52,0.93,668.71,25.04,0.8227
257,1835,bike,670.25,8.02,699.64,48.81,0.5555
257,1590,bike,194.81,93.35,237.29,148.96,0.4526
258,1,car,660.26,171.45,774.38,265.8,0.9163
258,170,car,556.34,160.46,645.77,246.0,0.8889
258,655,car,717.46,26.47,804.37,73.78,0.828
258,909,car,935.58,53.67,960.0,91.87,0.5558
258,15,car,914.43,17.78,960.0,47.95,0.7035
258,1378,car,587.83,250.55,702.46,365.01,0.9151
258,839,bike,293.82,51.49,316.66,95.76,0.7875
258,1538,bike,875.04,30.39,908.16,64.26,0.8144
258,406,car,457.76,1.11,510.41,32.96,0.6391
258,1402,bus,786.83,101.54,957.08,443.06,0.829
258,1720,bike,587.12,4.1,625.59,52.68,0.6255
258,1332,bike,74.06,64.07,104.77,102.79,0.3523
258,1737,bike,824.23,44.55,864.15,86.85,0.8276
258,1794,bike,11.83,93.94,45.55,137.5,0.794
258,1823,bike,647.78,1.11,668.11,25.0,0.723
258,1835,bike,668.47,8.78,697.5,49.08,0.6123
258,1590,bike,196.74,93.51,240.68,150.89,0.4112
258,1886,bike,434.96,63.91,493.38,118.07,0.4174
259,1,car,660.28,171.69,774.43,266.01,0.9164
259,170,car,556.56,161.06,645.62,246.13,0.8826
259,655,car,718.23,25.69,807.32,74.33,0.8264
259,909,car,937.2,54.35,960.0,91.52,0.4373
259,15,car,914.79,17.97,960.0,48.05,0.6206
259,1378,car,587.18,250.82,702.2,365.68,0.9107
259,839,bike,294.72,52.88,317.02,95.77,0.6291
259,1538,bike,875.47,30.73,908.45,64.49,0.8544
259,406,car,459.05,1.09,511.25,32.68,0.6291
259,1402,bus,786.41,102.13,956.43,441.63,0.8418
259,1720,bike,585.03,4.55,623.07,52.67,0.642
259,1737,bike,826.86,44.95,867.11,87.29,0.8591
259,1794,bike,11.86,94.01,45.75,137.75,0.6923
259,1823,bike,646.79,1.23,667.45,25.03,0.6056
259,1835,bike,667.47,9.47,695.6,48.67,0.4377
259,1896,bike,940.02,54.08,960.0,93.45,0.3987
260,1,car,660.41,171.58,774.67,265.97,0.9166
260,170,car,556.39,160.69,645.82,246.09,0.8902
260,655,car,721.72,28.27,806.72,74.38,0.8196
260,909,car,938.47,54.49,960.0,91.31,0.4485
260,15,car,914.62,17.83,960.0,48.1,0.7232
260,1378,car,587.7,250.82,701.73,364.5,0.9195
260,839,bike,295.83,52.32,317.95,94.88,0.7126
260,1538,bike,875.79,30.74,908.52,64.27,0.8565
260,406,car,460.4,1.01,512.42,32.57,0.6595
260,1402,bus,785.18,102.0,956.19,442.03,0.8348
260,1720,bike,582.54,6.56,619.59,53.9,0.7781
260,1737,bike,829.4,45.11,869.47,87.06,0.8536
260,1794,bike,13.04,94.11,47.04,137.91,0.75
260,1823,bike,645.44,1.04,666.59,25.02,0.5124
260,1835,bike,667.24,12.45,693.27,48.86,0.391
260,1896,bike,940.59,54.08,960.0,93.04,0.4362
260,1907,bike,415.79,19.85,443.75,51.66,0.4204
260,1916,bike,114.85,86.12,173.62,135.99,0.4597
260,1332,bike,78.01,62.8,107.67,99.66,0.3396
260,1590,bike,200.39,93.25,245.98,153.8,0.6696
260,1886,bike,434.92,63.86,496.05,120.34,0.264
261,1,car,659.85,171.26,775.19,266.65,0.9179
261,170,car,556.45,160.73,645.86,246.12,0.8895
261,655,car,721.51,27.34,807.98,74.27,0.787
261,909,car,939.98,54.31,960.0,90.06,0.4395
261,15,car,914.92,18.42,959.75,48.04,0.6229
261,1378,car,586.73,250.8,701.33,364.83,0.9095
261,839,bike,296.94,52.52,318.72,94.54,0.4793
261,1538,bike,875.9,31.04,908.42,64.45,0.8511
261,406,car,460.36,1.11,512.59,32.79,0.5555
261,1402,bus,784.04,101.82,956.13,442.46,0.8418
261,1720,bike,580.8,9.54,615.48,54.1,0.688
261,1737,bike,831.79,43.76,873.41,87.44,0.8485
261,1794,bike,13.44,93.46,49.18,139.2,0.807
261,1823,bike,643.21,1.08,664.65,25.25,0.3287
261,1835,bike,666.8,14.46,691.84,49.48,0.5763
261,1896,bike,941.68,53.93,960.0,91.41,0.3913
261,1332,bike,78.81,62.33,109.71,100.28,0.6817
261,1590,bike,204.09,92.94,248.41,152.27,0.3344
261,1736,bus,303.01,2.67,344.76,42.54,0.266
261,1499,bike,474.33,63.01,501.08,102.59,0.4311
262,1,car,660.28,171.54,774.69,266.11,0.916
262,170,car,556.3,160.66,645.91,246.29,0.8905
262,655,car,726.13,30.42,808.76,74.56,0.7887
262,15,car,914.5,18.47,959.46,48.09,0.6984
262,1378,car,586.96,250.81,701.49,364.64,0.9206
262,839,bike,297.45,52.21,319.54,95.02,0.618
262,1538,bike,876.43,31.96,908.54,65.03,0.8539
262,406,car,461.12,1.15,513.16,32.69,0.6204
262,1402,bus,783.3,101.63,956.19,442.4,0.8462
262,1720,bike,578.93,11.6,612.13,54.67,0.7594
262,1737,bike,835.6,45.1,876.12,87.36,0.8161
262,1794,bike,14.05,93.1,50.03,139.11,0.7577
262,1823,bike,641.68,1.47,663.55,25.89,0.4315
262,1835,bike,667.12,15.55,690.8,48.7,0.5875
262,1896,bike,943.4,53.79,960.0,89.69,0.4517
262,1332,bike,79.12,62.7,111.58,102.2,0.6654
262,1590,bike,206.28,93.2,250.68,153.13,0.5547
262,1736,bus,302.99,2.49,345.25,42.75,0.2273
262,1499,bike,475.61,63.48,502.97,104.57,0.3385
262,792,bike,146.01,80.87,188.4,135.42,0.5054
263,1,car,660.24,171.54,774.51,266.0,0.9156
263,170,car,556.04,160.37,646.1,246.52,0.8917
263,655,car,728.06,31.37,810.1,74.57,0.7787
263,15,car,914.67,18.04,960.0,48.12,0.6657
263,1378,car,586.27,250.86,701.59,365.41,0.9199
263,1538,bike,876.83,32.98,908.44,65.56,0.8256
263,406,car,462.6,0.95,514.66,32.7,0.6721
263,1402,bus,782.67,101.44,955.91,441.32,0.8523
263,1720,bike,576.52,12.99,608.75,54.93,0.6458
263,1737,bike,838.51,45.44,879.59,88.15,0.7419
263,1794,bike,15.54,93.04,51.28,138.66,0.7397
263,1823,bike,638.91,1.71,661.04,26.55,0.484
263,1835,bike,666.41,15.97,689.75,48.69,0.6431
263,1896,bike,944.5,53.65,960.0,89.22,0.4701
263,1332,bike,80.18,62.92,111.71,100.53,0.4889
263,1590,bike,208.23,93.25,252.4,153.18,0.5484
263,1736,bus,302.05,2.37,345.04,43.09,0.3249
263,1499,bike,478.26,63.9,505.51,104.69,0.2941
264,1,car,660.3,171.76,774.02,265.7,0.9152
264,170,car,556.04,160.19,646.05,246.37,0.8876
264,655,car,730.02,32.04,811.84,74.59,0.8227
264,15,car,914.99,18.67,959.69,48.13,0.5716
264,1378,car,586.99,250.94,701.68,364.79,0.9247
264,1538,bike,876.3,31.92,909.26,66.13,0.826
264,406,car,464.6,0.82,515.36,31.93,0.6572
264,1402,bus,781.29,101.18,956.39,443.58,0.8494
264,1720,bike,574.69,14.31,605.69,54.54,0.6378
264,1737,bike,840.98,45.53,881.78,87.85,0.7384
264,1794,bike,16.96,93.62,52.34,138.43,0.7691
264,1823,bike,637.04,2.55,658.4,26.62,0.4064
264,1835,bike,665.94,15.93,689.09,48.56,0.5055
264,1896,bike,945.61,54.04,960.0,89.93,0.4124
264,1332,bike,80.8,63.02,113.08,101.19,0.5144
264,1590,bike,209.65,93.62,254.52,154.34,0.7609
264,1736,bus,302.29,2.28,345.16,42.89,0.262
264,1499,bike,480.21,63.28,507.79,104.55,0.3154
264,1940,bike,424.0,15.55,450.71,49.97,0.3695
264,839,bike,299.26,51.56,321.2,94.66,0.3476
264,792,bike,143.16,81.55,189.19,138.51,0.4069
265,1,car,659.92,172.0,773.9,266.13,0.9162
265,170,car,556.42,161.12,645.71,246.51,0.8854
265,655,car,731.06,32.33,813.64,74.84,0.8454
265,15,car,914.79,18.16,960.0,48.03,0.6472
265,1378,car,586.58,251.14,701.44,364.99,0.9227
265,1538,bike,876.99,32.94,909.18,66.57,0.7734
265,406,car,466.07,0.84,515.78,31.48,0.7133
265,1402,bus,780.84,100.95,955.72,441.31,0.8527
265,1720,bike,572.0,14.09,603.81,55.09,0.6146
265,1737,bike,843.7,45.27,885.6,88.81,0.7602
265,1794,bike,18.03,93.48,53.34,137.84,0.815
265,1823,bike,635.48,3.22,656.58,27.07,0.4798
265,1835,bike,665.24,15.52,688.59,48.78,0.6907
265,1332,bike,81.25,63.15,113.41,100.68,0.5078
265,1590,bike,210.93,92.9,256.92,155.05,0.6822
265,1736,bus,302.63,2.27,345.45,42.94,0.2321
265,1499,bike,481.12,63.08,508.13,103.77,0.3568
265,1940,bike,425.16,12.34,452.39,47.55,0.3738
265,839,bike,300.23,50.92,322.6,95.26,0.5039
265,792,bike,149.85,80.74,192.91,134.81,0.404
266,1,car,659.78,172.37,774.09,266.85,0.9168
266,170,car,556.25,161.46,645.5,246.79,0.8837
266,655,car,731.97,33.11,815.38,75.68,0.8522
266,15,car,914.78,18.62,959.61,48.11,0.5598
266,1378,car,587.41,251.35,701.74,364.67,0.9241
266,1538,bike,877.04,32.98,909.54,67.29,0.8434
266,406,car,466.28,0.78,516.48,31.93,0.7117
266,1402,bus,779.99,100.74,955.98,441.95,0.8534
266,1720,bike,569.69,13.05,602.28,54.96,0.7208
266,1737,bike,847.77,46.21,888.7,88.54,0.8246
266,1794,bike,18.65,94.14,53.85,138.03,0.8306
266,1823,bike,633.36,3.27,654.88,27.64,0.5569
266,1835,bike,663.46,14.94,687.14,48.76,0.608
266,1332,bike,82.33,63.12,114.0,99.57,0.4118
266,1590,bike,212.14,93.22,258.48,156.1,0.586
266,1736,bus,303.51,2.36,346.12,43.01,0.2169
266,1499,bike,482.72,63.48,508.59,102.65,0.3246
266,1940,bike,426.57,14.68,453.87,50.16,0.4072
266,839,bike,301.43,50.7,324.04,95.38,0.591
266,792,bike,151.72,79.08,193.73,132.62,0.5881
266,1307,bike,124.69,90.48,158.58,143.88,0.4388
267,1,car,659.28,172.21,773.93,267.0,0.9154
267,170,car,556.24,161.42,645.48,246.72,0.8858
267,655,car,732.79,33.0,816.88,75.59,0.8678
267,15,car,914.35,17.68,960.0,48.2,0.615
267,1378,car,587.68,251.5,701.7,364.38,0.9232
267,1538,bike,877.85,33.48,909.78,67.42,0.7234
267,406,car,467.65,0.55,517.29,31.56,0.7538
267,1402,bus,778.79,100.37,955.46,441.25,0.8512
267,1720,bike,567.08,15.62,598.26,55.55,0.4827
267,1737,bike,851.05,46.31,891.89,88.31,0.8122
267,1794,bike,18.78,93.33,54.97,138.38,0.818
267,1823,bike,631.83,3.3,653.35,27.73,0.4954
267,1835,bike,661.0,14.97,685.12,49.17,0.6661
267,1332,bike,82.84,63.35,115.04,100.25,0.5759
267,1590,bike,214.06,93.37,260.59,156.54,0.5399
267,1499,bike,484.09,64.21,509.63,102.8,0.2411
267,839,bike,302.61,50.55,325.68,95.69,0.4785
267,1916,bike,123.6,84.3,192.82,143.24,0.4165
268,1,car,659.74,172.42,773.66,266.55,0.9159
268,170,car,556.18,161.85,645.19,246.87,0.8852
268,655,car,733.46,32.93,818.03,75.47,0.8576
268,15,car,914.45,17.86,960.0,48.22,0.6558
268,1378,car,586.64,251.43,701.94,365.64,0.9285
268,1538,bike,878.85,32.89,910.88,67.38,0.7501
268,406,car,468.75,0.54,517.42,31.1,0.7133
268,1402,bus,777.6,100.05,955.45,441.69,0.8502
268,1720,bike,565.88,18.17,594.5,54.54,0.3681
268,1737,bike,854.32,46.1,895.58,88.59,0.774
268,1794,bike,20.58,93.71,56.64,138.38,0.7567
268,1823,bike,630.23,3.95,651.05,27.67,0.3756
268,1835,bike,660.6,16.28,683.64,48.95,0.6944
268,1590,bike,216.3,93.65,262.93,157.18,0.5681
268,1499,bike,486.06,63.57,511.2,101.54,0.4231
268,839,bike,303.46,50.3,326.97,95.81,0.6368
268,1940,bike,431.64,17.56,457.37,51.2,0.3092
268,792,bike,151.17,80.96,196.37,137.76,0.4201
268,1307,bike,127.53,89.36,161.82,143.92,0.5595
269,1,car,659.84,172.51,774.41,267.23,0.9189
269,170,car,556.14,161.66,645.33,246.86,0.8853
269,655,car,734.26,33.04,819.52,75.51,0.8931
269,15,car,914.19,17.7,960.0,48.32,0.5625
269,1378,car,587.12,251.53,701.8,365.04,0.9269
269,1538,bike,878.41,33.6,909.93,67.6,0.4907
269,406,car,469.32,0.4,517.63,30.96,0.7138
269,1402,bus,776.05,99.65,955.36,442.54,0.8418
269,1720,bike,562.95,19.22,591.53,55.1,0.7368
269,1737,bike,856.96,45.42,899.26,88.89,0.6769
269,1794,bike,20.64,93.57,57.0,138.66,0.7826
269,1823,bike,628.01,3.11,649.82,28.06,0.2695
269,1835,bike,659.37,15.94,682.54,48.88,0.7402
269,1590,bike,219.52,93.59,264.61,155.06,0.3506
269,1499,bike,486.89,64.22,511.87,101.79,0.2382
269,839,bike,303.74,50.5,327.38,95.87,0.6731
269,1940,bike,433.44,16.79,458.53,49.89,0.5217
269,792,bike,151.47,82.61,196.1,137.69,0.5543
269,1307,bike,129.72,89.21,162.09,140.74,0.3915
269,1332,bike,84.48,63.13,116.87,100.58,0.3431
270,1,car,659.98,172.62,774.1,266.94,0.9164
270,170,car,556.25,161.75,645.44,246.94,0.8792
270,655,car,734.94,32.87,820.78,75.26,0.9066
270,15,car,914.49,18.04,960.0,48.38,0.5632
270,1378,car,587.95,251.6,701.88,364.44,0.9212
270,406,car,470.67,0.45,518.21,30.66,0.7268
270,1402,bus,774.86,99.22,955.36,442.8,0.8401
270,1720,bike,560.32,19.5,588.7,54.7,0.6853
270,1737,bike,859.74,43.28,903.8,88.67,0.5604
270,1794,bike,22.2,94.13,58.05,138.07,0.7842
270,1835,bike,657.74,15.14,681.78,49.37,0.6707
270,1590,bike,221.85,93.44,266.77,154.84,0.3865
270,839,bike,303.95,50.61,327.55,95.65,0.6279
270,1940,bike,434.57,15.78,460.31,50.01,0.6203
270,792,bike,157.53,81.31,199.29,133.88,0.3238
270,1332,bike,86.58,61.96,118.43,98.79,0.4741
270,1916,bike,127.04,86.77,190.42,141.86,0.3492
271,1,car,659.99,172.65,773.59,266.45,0.9142
271,170,car,556.34,162.0,645.31,246.95,0.8795
271,655,car,736.01,33.12,821.97,75.23,0.8997
271,15,car,914.02,17.25,960.0,48.48,0.6357
271,1378,car,586.77,251.54,701.2,364.69,0.9251
271,406,car,471.79,0.45,518.52,30.28,0.6362
271,1402,bus,773.74,98.68,955.47,442.97,0.8456
271,1720,bike,556.53,20.32,585.06,55.34,0.7022
271,1737,bike,862.27,42.03,907.53,88.85,0.7142
271,1794,bike,23.33,93.44,59.9,137.98,0.7825
271,1835,bike,656.88,15.23,681.15,49.84,0.66
271,1590,bike,223.95,92.9,268.27,153.42,0.7062
271,839,bike,304.78,51.52,327.65,94.98,0.5436
271,1940,bike,435.87,16.18,461.0,49.82,0.7205
271,1332,bike,88.16,61.43,120.07,98.32,0.4046
271,1916,bike,131.24,85.62,193.58,140.31,0.4877
271,1823,rickshaw,625.45,5.8,645.59,28.69,0.3489
271,1499,bike,490.4,63.21,515.25,100.62,0.3403
272,1,car,660.1,172.71,773.69,266.44,0.9166
272,170,car,556.1,161.57,645.67,247.15,0.8765
272,655,car,736.19,33.51,823.45,76.03,0.8779
272,15,car,914.22,17.39,960.0,48.51,0.6859
272,1378,car,587.48,251.58,701.65,364.56,0.9242
272,406,car,472.59,0.44,518.51,29.86,0.6643
272,1402,bus,772.99,98.18,955.39,442.04,0.8364
272,1720,bike,554.11,20.3,582.81,55.35,0.4467
272,1737,bike,864.01,39.55,911.33,88.9,0.7446
272,1794,bike,24.18,93.91,61.28,138.7,0.8115
272,1835,bike,656.27,14.54,680.65,49.44,0.681
272,1590,bike,225.46,92.7,270.55,154.07,0.5448
272,839,bike,305.27,51.61,327.71,94.07,0.5468
272,1940,bike,437.02,15.4,462.37,49.58,0.7713
272,1332,bike,90.17,62.52,121.03,97.65,0.3386
272,1823,rickshaw,623.65,5.63,644.14,28.85,0.2969
272,1307,bike,136.14,88.18,168.7,139.51,0.294
272,792,bike,166.4,80.52,203.37,127.74,0.3912
273,1,car,659.73,172.79,773.62,266.78,0.9161
273,170,car,556.27,161.74,645.52,246.97,0.8817
273,655,car,737.75,34.11,823.79,75.61,0.8999
273,15,car,914.51,17.73,960.0,48.64,0.5496
273,1378,car,587.53,251.61,701.53,364.41,0.9225
273,406,car,473.47,0.33,518.93,29.63,0.6114
273,1402,bus,772.24,97.68,955.49,441.54,0.8331
273,1720,bike,550.11,20.67,579.38,55.98,0.6896
273,1737,bike,866.43,40.44,913.53,90.04,0.6382
273,1794,bike,25.27,93.28,62.49,137.9,0.8059
273,1835,bike,654.85,13.79,679.46,49.07,0.6334
273,1590,bike,226.97,92.24,273.16,155.45,0.5441
273,839,bike,306.1,51.12,328.3,93.1,0.6273
273,1940,bike,438.25,14.77,464.14,50.0,0.6778
273,1332,bike,90.82,62.19,121.97,97.42,0.4036
273,1823,bike,622.28,7.48,642.14,29.62,0.326
273,1307,bike,136.51,89.89,167.69,140.13,0.3141
273,792,bike,169.35,80.54,205.98,127.62,0.3226
274,1,car,659.75,172.42,774.04,266.75,0.9155
274,170,car,556.4,162.1,645.29,246.91,0.8774
274,655,car,739.33,34.5,825.02,75.43,0.9048
274,15,car,914.59,17.99,960.0,48.67,0.4468
274,1378,car,587.36,251.53,701.51,364.48,0.9228
274,406,car,474.26,0.31,519.15,29.45,0.6688
274,1402,bus,771.43,97.33,955.8,441.83,0.8258
274,1720,bike,547.78,20.59,577.43,55.99,0.686
274,1737,bike,870.44,40.79,916.48,89.6,0.841
274,1794,bike,26.55,93.27,63.85,137.51,0.7779
274,1835,bike,652.81,12.16,678.9,49.72,0.6121
274,1590,bike,228.77,92.09,275.73,156.99,0.272
274,839,bike,307.6,50.75,329.53,92.53,0.5478
274,1940,bike,439.14,13.57,465.55,49.96,0.7141
274,1332,bike,91.2,63.06,122.55,98.28,0.4199
274,1823,bike,620.97,8.31,640.64,29.99,0.279
274,2015,bike,723.77,18.14,740.46,39.05,0.3771
274,1916,bike,137.0,85.31,199.75,141.19,0.5959
275,1,car,660.07,172.75,773.78,266.54,0.9152
275,170,car,556.51,162.43,645.17,246.91,0.8731
275,655,car,740.42,34.52,826.19,75.16,0.8964
275,15,car,914.4,17.93,960.0,48.81,0.6613
275,1378,car,588.12,251.58,701.95,364.34,0.927
275,406,car,474.98,0.21,519.51,29.43,0.6329
275,1402,bus,770.69,97.17,956.18,442.46,0.8339
275,1720,bike,544.96,21.25,574.27,56.12,0.5947
275,1737,bike,872.9,39.84,919.52,90.2,0.7654
275,1794,bike,27.8,93.03,65.52,137.48,0.7152
275,1835,bike,651.03,11.2,677.36,48.99,0.636
275,1590,bike,230.55,92.68,278.57,159.46,0.5405
275,839,bike,308.61,50.09,330.54,92.27,0.4522
275,1940,bike,441.24,13.87,467.59,50.38,0.6957
275,1332,bike,89.31,61.6,123.38,100.07,0.489
275,1823,bike,618.13,6.02,639.63,29.81,0.5295
275,2023,bike,0.18,93.08,8.58,136.72,0.3484
275,1916,bike,135.87,88.58,194.52,142.03,0.6471
275,792,bike,168.47,79.52,208.27,130.5,0.3115
276,1,car,659.89,172.79,773.54,266.46,0.9134
276,170,car,556.01,161.96,645.27,247.06,0.8746
276,655,car,740.49,33.98,827.81,75.16,0.8874
276,15,car,913.83,17.3,960.0,48.98,0.5895
276,1378,car,588.54,251.69,701.89,364.0,0.9239
276,406,car,476.09,0.22,519.98,29.27,0.6225
276,1402,bus,770.43,96.98,956.36,441.86,0.8202
276,1720,bike,542.57,21.98,571.66,56.28,0.6142
276,1737,bike,874.86,38.57,921.63,90.07,0.7928
276,1794,bike,28.7,93.08,66.32,137.22,0.7652
276,1835,bike,649.76,11.05,676.35,49.25,0.675
276,1590,bike,231.16,91.83,280.84,161.31,0.7507
276,839,bike,309.64,50.06,331.36,92.33,0.4656
276,1940,bike,443.88,15.19,468.99,50.17,0.6824
276,1332,bike,92.22,62.17,124.38,97.87,0.4119
276,1823,bike,615.86,3.67,639.12,29.62,0.3309
276,2023,bike,0.53,92.41,9.1,136.84,0.3392
276,1916,bike,139.17,85.87,197.79,140.13,0.586
277,1,car,659.7,172.77,773.47,266.5,0.914
277,170,car,556.16,162.1,645.31,247.09,0.8776
277,655,car,741.51,34.1,828.54,74.93,0.8979
277,15,car,913.55,17.97,960.0,49.48,0.364
277,1378,car,587.34,251.62,701.65,364.96,0.9227
277,406,car,476.88,0.37,519.95,29.1,0.6168
277,1402,bus,769.95,96.66,956.42,441.4,0.848
277,1720,bike,539.27,22.13,568.4,56.16,0.6847
277,1737,bike,875.3,37.19,920.85,88.82,0.5686
277,1794,bike,28.25,93.23,67.78,139.88,0.8024
277,1835,bike,649.08,12.48,674.68,49.14,0.7904
277,1590,bike,233.79,91.86,280.28,156.6,0.5179
277,1940,bike,446.17,15.89,470.22,49.43,0.6162
277,1332,bike,95.09,62.22,126.2,96.48,0.3649
277,2023,bike,0.64,91.74,9.3,136.42,0.3977
277,1916,bike,141.96,84.19,201.69,140.62,0.7406
278,1,car,659.33,172.99,774.01,267.51,0.9169
278,170,car,555.85,161.75,645.53,247.3,0.8793
278,655,car,741.82,33.97,829.74,75.12,0.8923
278,15,car,913.24,18.09,960.0,50.06,0.4809
278,1378,car,586.97,251.79,701.3,365.09,0.9243
278,406,car,477.71,0.58,519.74,28.83,0.6179
278,1402,bus,769.22,96.31,956.34,441.16,0.8473
278,1720,bike,536.72,22.27,565.88,56.05,0.8104
278,1737,bike,883.23,41.85,925.09,88.93,0.6914
278,1794,bike,29.2,93.32,69.48,140.52,0.8112
278,1835,bike,648.87,11.04,674.27,47.66,0.4271
278,1590,bike,234.82,91.21,282.81,158.04,0.5774
278,1940,bike,447.62,16.46,471.57,49.8,0.6603
278,1332,bike,95.14,62.24,127.02,97.14,0.5372
278,1916,bike,145.04,84.3,203.39,140.3,0.795
278,1538,bike,880.61,37.09,910.9,69.53,0.6406
278,839,bike,310.24,49.05,331.83,91.54,0.4265
279,1,car,659.81,173.09,773.84,267.02,0.9122
279,170,car,555.89,161.79,645.62,247.42,0.8731
279,655,car,742.45,34.25,830.75,75.48,0.8993
279,15,car,912.54,18.62,960.0,51.65,0.4873
279,1378,car,587.51,251.75,701.51,364.67,0.9236
279,406,car,478.03,0.96,519.18,28.85,0.5785
279,1402,bus,768.54,96.1,956.72,442.0,0.8477
279,1720,bike,533.86,22.52,563.54,56.62,0.6283
279,1737,bike,885.75,43.24,925.83,88.87,0.6584
279,1794,bike,30.06,93.06,69.9,139.52,0.8356
279,1835,bike,647.96,12.52,672.94,48.77,0.467
279,1590,bike,240.67,97.85,283.73,156.96,0.3197
279,1940,bike,448.56,16.14,472.5,49.55,0.7538
279,1332,bike,96.02,61.44,128.23,96.61,0.55
279,1916,bike,146.92,84.53,204.12,140.6,0.7776
279,1538,bike,880.97,36.52,912.08,69.59,0.6323
279,839,bike,311.46,48.81,332.95,91.21,0.351
279,1499,bike,505.63,61.3,528.51,95.52,0.4353
279,1823,rickshaw,610.19,3.8,633.97,30.23,0.2738
279,2023,bike,1.53,92.38,10.42,137.45,0.3134
280,1,car,659.27,172.82,774.25,267.6,0.9158
280,170,car,556.05,161.99,645.65,247.53,0.8729
280,655,car,742.97,34.55,831.9,75.99,0.8921
280,15,car,912.95,18.85,960.0,51.36,0.3936
280,1378,car,586.8,251.77,701.68,365.62,0.9279
280,406,car,479.0,1.09,519.3,28.6,0.5444
280,1402,bus,767.92,95.74,957.21,442.95,0.8533
280,1720,bike,531.58,22.34,561.2,56.26,0.688
280,1737,bike,890.56,43.04,931.21,89.06,0.5733
280,1794,bike,30.81,93.24,70.09,138.89,0.793
280,1835,bike,646.95,12.97,671.6,49.01,0.603
280,1940,bike,450.15,16.36,474.23,49.83,0.6604
280,1332,bike,97.1,62.51,129.59,98.12,0.5582
280,1916,bike,150.22,84.37,205.94,139.73,0.7996
280,1538,bike,881.52,37.19,912.81,70.09,0.6578
280,839,bike,312.41,48.97,334.03,91.55,0.4565
280,1499,bike,506.55,61.15,529.8,96.11,0.2857
280,1823,rickshaw,607.18,5.53,630.69,30.95,0.3808
281,1,car,659.35,172.89,773.86,267.26,0.914
281,170,car,556.45,162.62,645.36,247.37,0.8706
281,655,car,742.31,33.59,833.42,76.06,0.8826
281,15,car,912.5,19.25,960.0,51.76,0.4178
281,1378,car,587.21,251.84,701.68,365.27,0.9231
281,406,car,480.08,1.09,519.59,28.29,0.5122
281,1402,bus,767.5,95.48,957.08,442.33,0.8547
281,1720,bike,528.87,22.75,558.29,56.27,0.5712
281,1737,bike,895.39,43.85,935.81,89.39,0.7326
281,1794,bike,32.37,92.53,71.3,137.35,0.7908
281,1835,bike,646.15,14.35,670.43,50.18,0.5627
281,1940,bike,452.51,17.17,476.44,49.98,0.6052
281,1332,bike,98.17,63.67,130.36,98.68,0.4061
281,1916,bike,152.2,84.87,207.64,140.87,0.8441
281,1538,bike,881.11,37.26,912.7,70.53,0.5783
281,839,bike,313.42,49.32,335.68,93.02,0.2922
281,1499,bike,507.99,60.91,531.78,96.44,0.2637
281,2063,bike,0.19,101.17,15.45,138.93,0.4018
282,1,car,659.53,172.94,773.86,267.15,0.9152
282,170,car,556.52,162.81,645.25,247.31,0.8697
282,655,car,742.36,33.68,834.47,76.64,0.8886
282,15,car,913.27,18.97,960.0,51.14,0.2739
282,1378,car,587.64,251.84,702.0,365.28,0.9246
282,406,car,480.77,0.97,519.65,27.93,0.5334
282,1402,bus,767.14,95.23,956.92,441.56,0.8601
282,1720,bike,526.45,21.88,556.02,55.69,0.7814
282,1737,bike,899.0,44.77,938.73,89.42,0.7513
282,1794,bike,32.62,93.15,72.59,138.79,0.8131
282,1835,bike,645.6,14.6,669.75,50.57,0.4956
282,1940,bike,454.32,17.35,477.84,49.16,0.6323
282,1332,bike,99.43,63.12,131.39,97.61,0.3205
282,1916,bike,154.56,84.39,208.96,140.33,0.8385
282,1538,bike,881.18,38.48,912.17,71.39,0.2789
282,2063,bike,0.12,100.94,15.68,139.44,0.3384
282,2078,car,688.14,0.34,726.22,24.3,0.4284
282,1590,bike,244.2,96.82,290.25,159.81,0.35
283,1,car,659.53,173.26,773.69,267.27,0.9136
283,170,car,556.39,162.86,645.37,247.58,0.8678
283,655,car,743.39,34.1,834.83,76.68,0.8878
283,1378,car,586.68,251.74,701.49,365.59,0.9275
283,406,car,481.67,0.96,519.36,27.33,0.4431
283,1402,bus,766.55,95.09,956.95,441.74,0.8625
283,1720,bike,523.45,21.51,553.62,55.99,0.645
283,1737,bike,902.68,46.17,941.36,90.07,0.3491
283,1794,bike,33.02,93.19,72.64,138.29,0.7793
283,1835,bike,645.44,13.79,668.77,48.72,0.3134
283,1940,bike,455.45,18.0,478.38,48.55,0.6438
283,1332,bike,100.13,61.43,132.71,96.5,0.2513
283,1916,bike,154.92,84.13,209.48,141.65,0.7616
283,1538,bike,880.32,38.4,911.6,72.03,0.7321
283,2063,bike,0.37,101.45,15.68,139.27,0.4363
283,2078,car,688.62,0.62,725.31,23.71,0.2255
283,1590,bike,244.5,92.83,290.9,155.96,0.3798
283,839,bike,315.26,50.31,336.92,92.55,0.2275
283,1499,bike,510.99,61.25,534.28,96.05,0.2633
284,1,car,659.65,173.21,773.57,266.92,0.9129
284,170,car,556.38,162.82,645.48,247.65,0.8632
284,655,car,745.28,34.25,835.38,76.07,0.8484
284,1378,car,587.53,251.76,701.85,365.17,0.9269
284,406,car,482.21,1.02,519.24,27.22,0.4852
284,1402,bus,766.11,94.94,956.91,441.46,0.8624
284,1720,bike,520.24,20.53,550.87,55.78,0.7339
284,1737,bike,906.92,47.33,942.82,88.12,0.5351
284,1794,bike,34.11,93.16,74.31,138.75,0.8078
284,1835,bike,643.65,14.83,667.78,51.37,0.448
284,1940,bike,456.81,18.18,480.21,48.68,0.6891
284,1332,bike,99.93,60.06,133.91,96.54,0.2733
284,1916,bike,156.75,84.25,209.11,140.63,0.7662
284,1538,bike,880.1,38.13,911.48,72.28,0.7816
284,2063,bike,0.35,100.64,15.9,138.98,0.4506
284,2078,car,688.8,0.35,726.78,24.25,0.5333
284,839,bike,316.21,50.59,337.32,91.62,0.2381
284,1499,bike,511.94,60.17,535.68,96.09,0.2501
284,792,bike,183.15,77.38,221.17,127.23,0.403
284,1823,car,598.74,2.6,625.1,30.29,0.362
284,15,car,913.75,18.37,960.0,50.11,0.2373
285,1,car,659.02,173.38,773.69,267.76,0.9137
285,170,car,556.36,162.66,645.48,247.48,0.8638
285,655,car,745.42,33.48,836.98,75.97,0.8137
285,1378,car,586.79,251.76,701.38,365.41,0.9209
285,406,car,483.32,1.07,519.96,27.32,0.3911
285,1402,bus,765.59,94.68,956.99,441.36,0.86
285,1720,bike,517.51,19.55,547.9,54.64,0.7334
285,1737,bike,911.0,46.77,948.29,88.68,0.5166
285,1794,bike,35.51,93.13,76.26,139.18,0.8136
285,1835,bike,642.54,14.75,665.7,50.09,0.6841
285,1940,bike,459.04,17.44,483.13,47.93,0.6361
285,1916,bike,160.26,84.85,208.48,137.92,0.657
285,1538,bike,880.22,38.54,911.42,72.75,0.8379
285,2063,bike,1.07,101.34,16.37,138.74,0.4375
285,2078,car,688.68,0.35,726.53,24.18,0.5118
285,839,bike,317.38,51.41,337.84,91.09,0.2779
285,2093,rickshaw,485.14,0.18,518.4,27.31,0.3565
285,1823,car,597.87,2.25,624.67,29.91,0.4372
285,15,car,913.85,17.98,960.0,49.76,0.4556
285,1590,bike,248.36,90.73,292.63,149.62,0.4516
286,1,car,658.82,173.29,774.18,268.28,0.9161
286,170,car,556.1,162.43,645.73,247.8,0.8646
286,655,car,745.47,33.51,837.38,76.14,0.793
286,1378,car,587.99,251.79,701.94,365.08,0.9244
286,1402,bus,765.13,94.55,957.33,441.9,0.8596
286,1720,bike,514.53,19.03,545.67,55.37,0.758
286,1737,bike,913.63,45.79,951.74,88.82,0.5789
286,1794,bike,36.67,92.69,76.52,137.76,0.7923
286,1835,bike,640.66,15.3,664.88,52.53,0.693
286,1940,bike,460.91,15.95,486.64,47.87,0.3253
286,1916,bike,163.57,81.01,214.27,138.0,0.611
286,1538,bike,880.4,38.94,911.36,73.13,0.8263
286,2063,bike,1.57,101.83,16.82,138.65,0.4329
286,2078,car,687.61,0.33,725.58,24.32,0.4932
286,839,bike,318.06,51.48,338.14,90.35,0.2278
286,1823,rickshaw,596.29,2.12,623.82,30.33,0.4112
286,15,car,914.01,17.85,960.0,49.85,0.4712
286,1590,bike,249.41,90.58,295.32,150.42,0.7067
287,1,car,659.39,173.1,773.84,267.31,0.9134
287,170,car,556.22,162.64,645.62,247.72,0.863
287,655,car,745.18,33.97,837.7,77.0,0.7828
287,1378,car,588.07,251.83,701.76,364.91,0.9238
287,1402,bus,764.81,94.38,957.43,441.67,0.8583
287,1720,bike,511.42,18.61,542.12,54.27,0.6354
287,1794,bike,38.06,92.38,77.73,137.35,0.781
287,1835,bike,641.4,16.93,663.29,50.83,0.6821
287,1940,bike,462.4,14.88,489.37,47.72,0.4097
287,1916,bike,166.42,81.83,216.78,139.43,0.7561
287,1538,bike,880.22,39.6,910.77,73.6,0.7761
287,2078,car,687.32,0.28,725.06,24.22,0.5011
287,839,bike,318.75,50.71,338.37,88.68,0.3728
287,1823,rickshaw,595.1,2.48,622.59,30.53,0.4859
287,15,car,914.4,17.97,959.83,49.21,0.4087
287,1590,bike,250.8,90.84,296.31,148.82,0.3785
287,406,rickshaw,484.0,0.75,519.42,26.47,0.5333
288,1,car,659.35,172.82,774.02,267.23,0.9132
288,170,car,556.24,162.65,645.61,247.63,0.8637
288,655,car,745.44,34.25,837.38,77.04,0.8267
288,1378,car,587.55,251.91,701.27,364.88,0.9227
288,1402,bus,764.63,94.25,957.34,440.84,0.855
288,1794,bike,39.22,92.59,79.68,138.67,0.6595
288,1835,bike,641.69,17.31,661.39,48.02,0.4639
288,1940,bike,463.5,15.07,490.64,47.36,0.2888
288,1916,bike,169.86,81.66,220.74,140.22,0.7605
288,1538,bike,879.99,39.19,910.98,74.09,0.8257
288,2078,car,686.99,0.16,724.54,24.11,0.5162
288,839,bike,319.82,50.78,339.22,88.47,0.3465
288,1823,rickshaw,594.12,3.87,620.52,30.8,0.3718
288,15,car,914.91,18.09,959.32,48.51,0.4949
288,1590,bike,251.71,91.25,298.32,149.56,0.4579
288,406,rickshaw,484.43,0.56,518.99,26.0,0.3653
288,1332,bike,101.51,59.49,137.5,97.8,0.2696
289,1,car,659.37,172.93,773.89,267.16,0.9126
289,170,car,556.14,162.53,645.5,247.5,0.8712
289,655,car,744.32,34.21,837.87,77.77,0.8217
289,1378,car,586.75,251.83,701.21,365.58,0.9253
289,1402,bus,764.27,94.3,957.66,441.44,0.8549
289,1794,bike,40.03,93.07,79.8,138.45,0.7972
289,1835,bike,637.77,17.55,659.97,52.34,0.6564
289,1916,bike,170.23,82.23,220.73,141.44,0.6512
289,1538,bike,880.01,39.04,911.25,74.57,0.8291
289,2078,car,687.58,0.42,723.91,23.67,0.6194
289,839,bike,320.98,51.05,339.87,88.12,0.294
289,15,car,914.76,17.75,960.0,48.83,0.6751
289,1590,bike,254.7,90.76,302.24,149.59,0.6541
289,406,rickshaw,485.26,0.5,518.55,25.29,0.2647
289,2123,bike,496.2,70.22,542.58,123.11,0.4307
289,1332,bike,106.57,60.83,139.68,96.21,0.2929
289,1499,bike,521.61,61.33,544.51,95.23,0.3236
289,1737,bike,921.13,41.37,960.0,88.91,0.3931
289,2063,bike,2.9,102.35,18.67,139.23,0.325
289,1720,bike,507.58,23.3,534.4,53.86,0.3781
290,1,car,659.09,172.91,773.95,267.51,0.9128
290,170,car,556.26,162.86,645.47,247.65,0.8693
290,655,car,749.16,34.49,839.36,76.45,0.8355
290,1378,car,586.84,251.89,701.44,365.88,0.9159
290,1402,bus,763.86,94.17,957.97,442.04,0.8553
290,1794,bike,41.12,92.87,80.52,137.85,0.8018
290,1835,bike,635.04,17.39,658.25,53.71,0.7172
290,1916,bike,171.46,82.32,220.19,140.74,0.6773
290,1538,bike,880.07,38.9,911.74,75.34,0.8364
290,2078,car,687.85,0.44,723.77,23.48,0.6976
290,15,car,914.65,17.7,960.0,48.99,0.6819
290,1590,bike,256.49,90.63,304.8,149.88,0.4593
290,406,rickshaw,485.97,0.51,518.16,24.74,0.2587
290,2123,bike,498.35,66.52,546.15,120.94,0.5082
290,1332,bike,107.74,59.83,141.13,95.51,0.2656
290,1737,bike,925.97,41.78,960.0,87.83,0.3192
290,2063,bike,3.09,101.12,19.87,139.12,0.4578
290,1720,bike,504.81,23.71,532.02,54.55,0.5198
291,1,car,659.16,173.04,774.21,267.81,0.9147
291,170,car,556.11,162.74,645.64,247.84,0.8558
291,655,car,749.38,34.6,839.39,76.24,0.8267
291,1378,car,586.57,252.02,701.2,366.06,0.9247
291,1402,bus,763.56,94.1,958.01,442.06,0.8575
291,1794,bike,43.31,93.48,82.58,138.15,0.7614
291,1835,bike,635.09,17.29,658.46,54.49,0.5861
291,1916,bike,174.72,83.36,219.92,138.68,0.7021
291,1538,bike,880.05,39.41,911.8,76.3,0.8024
291,2078,car,688.31,0.65,723.75,23.39,0.6515
291,15,car,913.96,17.71,960.0,50.05,0.5268
291,406,rickshaw,486.73,0.41,518.34,24.45,0.2633
291,2123,bike,499.08,69.78,543.61,120.5,0.589
291,1332,bike,101.74,59.21,137.16,98.65,0.4831
291,1737,bike,928.63,42.69,960.0,88.58,0.4042
291,839,bike,322.07,49.78,341.42,88.22,0.3286
292,1,car,659.7,173.18,773.88,267.18,0.9132
292,170,car,556.14,162.73,645.51,247.63,0.8661
292,655,car,749.91,34.45,841.15,76.61,0.8301
292,1378,car,586.65,252.02,701.01,365.76,0.9227
292,1402,bus,763.48,94.06,958.12,441.84,0.8566
292,1794,bike,44.18,93.53,83.56,138.51,0.7338
292,1835,bike,634.71,17.4,657.62,54.29,0.5718
292,1916,bike,179.62,81.3,224.32,136.64,0.804
292,1538,bike,880.09,39.58,911.92,76.99,0.7905
292,2078,car,688.62,0.66,724.37,23.54,0.6551
292,15,car,913.47,17.24,960.0,50.35,0.6179
292,406,rickshaw,487.26,0.42,518.31,24.21,0.3735
292,2123,bike,501.22,67.78,548.57,121.64,0.4967
292,1737,bike,930.4,44.13,960.0,90.1,0.4016
293,1,car,659.41,173.39,773.96,267.7,0.9147
293,170,car,556.31,163.31,645.21,247.71,0.8706
293,655,car,751.86,34.77,841.54,76.18,0.8416
293,1378,car,587.46,252.03,701.11,365.1,0.9225
293,1402,bus,763.12,94.04,958.29,442.34,0.856
293,1794,bike,45.07,93.1,85.11,139.11,0.7752
293,1835,bike,633.44,17.72,656.73,55.37,0.7247
293,1916,bike,184.22,79.41,230.25,136.23,0.7384
293,1538,bike,880.21,39.62,912.17,77.56,0.8404
293,2078,car,689.05,0.62,725.31,23.74,0.6339
293,15,car,910.83,16.53,960.0,54.54,0.4523
293,406,rickshaw,487.7,0.53,517.86,23.78,0.3134
293,2123,bike,502.95,63.67,553.21,121.07,0.6342
293,839,bike,323.33,48.64,344.29,89.76,0.375
294,1,car,659.3,173.33,773.98,267.74,0.9131
294,170,car,556.33,163.36,645.48,247.98,0.8661
294,655,car,751.65,34.19,843.53,76.71,0.8291
294,1378,car,588.62,252.01,701.78,364.76,0.923
294,1402,bus,762.57,94.08,958.54,443.47,0.8514
294,1794,bike,46.55,93.18,86.91,139.52,0.7101
294,1835,bike,632.41,18.3,655.35,55.52,0.6237
294,1916,bike,187.27,78.62,233.59,135.51,0.7797
294,1538,bike,880.57,40.45,911.75,77.69,0.8376
294,2078,car,688.85,0.5,725.52,23.82,0.6665
294,15,car,910.3,16.5,960.0,55.76,0.3318
294,406,rickshaw,488.04,0.6,517.57,23.48,0.275
294,2123,bike,506.62,62.05,557.4,120.47,0.749
294,2156,bike,467.64,14.79,488.86,43.15,0.4894
294,839,bike,324.59,48.4,345.87,89.77,0.2389
294,1720,bike,490.23,19.05,521.85,55.05,0.4256
294,1332,bike,109.57,57.68,144.09,95.78,0.4226
295,1,car,659.45,173.56,773.87,267.71,0.9146
295,170,car,556.22,163.27,645.33,247.86,0.8658
295,655,car,752.38,35.03,842.57,76.69,0.8391
295,1378,car,586.44,252.06,701.2,366.32,0.9237
295,1402,bus,761.99,94.08,959.16,445.53,0.8503
295,1794,bike,47.65,92.52,89.09,139.99,0.8289
295,1835,bike,631.48,18.68,654.4,55.89,0.632
295,1916,bike,190.06,79.44,235.68,135.24,0.7819
295,1538,bike,880.67,39.95,911.95,77.5,0.8359
295,2078,car,688.9,0.46,725.76,23.85,0.6513
295,406,rickshaw,488.1,0.44,517.74,23.55,0.2758
295,2123,bike,508.47,61.01,559.84,120.68,0.7665
295,2156,bike,468.41,14.96,489.33,42.94,0.4113
295,2166,car,930.66,25.69,959.48,63.58,0.3627
295,1720,bike,487.51,18.98,519.26,55.32,0.5903
295,1332,bike,110.17,57.59,144.95,95.99,0.3601
296,1,car,659.04,173.6,773.86,268.06,0.914
296,170,car,555.99,163.15,645.39,247.99,0.8618
296,655,car,752.45,35.26,842.42,76.77,0.8404
296,1378,car,587.41,252.08,701.38,365.65,0.9148
296,1402,bus,762.57,93.98,958.5,442.67,0.8492
296,1794,bike,49.2,92.81,89.74,139.18,0.7895
296,1835,bike,630.78,19.39,653.7,56.56,0.5725
296,1916,bike,192.34,79.75,237.19,134.48,0.7879
296,1538,bike,881.1,40.41,912.18,77.94,0.8458
296,2078,car,688.75,0.27,726.34,24.13,0.5867
296,406,rickshaw,488.25,0.43,517.4,23.27,0.3248
296,2123,bike,510.83,61.35,561.6,120.68,0.6524
296,2156,bike,469.96,14.63,490.89,42.64,0.2512
296,2166,car,930.34,27.86,957.8,63.83,0.2895
296,1720,bike,484.77,17.88,517.58,55.84,0.6339
296,1332,bike,111.3,57.71,145.68,95.42,0.3531
297,1,car,659.08,173.84,773.85,268.25,0.9161
297,170,car,556.13,163.03,645.54,247.88,0.8669
297,655,car,751.3,35.51,842.56,77.51,0.8384
297,1378,car,587.38,252.08,701.19,365.48,0.9196
297,1402,bus,762.01,94.07,959.04,444.6,0.8462
297,1794,bike,50.1,92.97,91.64,140.66,0.8267
297,1835,bike,627.58,19.31,650.55,56.09,0.4068
297,1916,bike,195.58,81.2,238.58,133.54,0.6309
297,1538,bike,881.46,41.37,911.98,78.41,0.8404
297,2078,car,688.69,0.44,726.01,24.08,0.6144
297,2123,bike,511.76,61.91,562.92,122.21,0.4624
297,2166,car,929.68,29.49,956.11,63.8,0.2958
297,1720,bike,483.09,18.23,515.27,55.79,0.5589
297,1332,bike,111.61,57.4,146.19,95.24,0.328
297,2183,bike,1.55,102.79,28.12,139.13,0.3521
298,1,car,659.2,173.7,773.96,268.03,0.9145
298,170,car,556.28,163.1,645.38,247.62,0.8609
298,655,car,751.16,35.58,842.06,77.19,0.8395
298,1378,car,586.84,252.17,701.02,365.9,0.9192
298,1402,bus,761.55,94.02,959.23,445.51,0.839
298,1794,bike,51.98,92.39,93.72,140.14,0.8497
298,1835,bike,626.22,19.32,648.95,55.33,0.4514
298,1916,bike,198.11,82.14,240.81,133.81,0.6187
298,1538,bike,881.91,41.86,912.0,78.4,0.8523
298,2078,car,688.78,0.53,726.03,24.07,0.6234
298,2123,bike,514.17,61.65,564.56,121.57,0.5421
298,1720,bike,481.38,17.46,513.69,55.31,0.3434
298,1332,bike,110.66,57.44,145.06,95.43,0.3501
298,2183,bike,2.29,102.87,28.68,138.87,0.2601
299,1,car,659.02,173.6,773.95,268.12,0.9123
299,170,car,556.21,163.33,645.21,247.74,0.8597
299,655,car,749.95,35.21,841.69,77.06,0.8482
299,1378,car,588.23,252.17,701.58,365.34,0.9213
299,1402,bus,761.61,94.0,958.93,444.51,0.8469
299,1794,bike,53.34,92.45,96.63,141.75,0.8316
299,1835,bike,624.69,19.45,647.71,55.86,0.2958
299,1916,bike,198.07,80.0,243.56,135.39,0.697
299,1538,bike,882.14,42.43,912.2,78.99,0.8344
299,2078,car,688.83,0.6,726.1,24.11,0.701
299,2123,bike,515.02,61.3,565.0,121.4,0.6313
299,1720,bike,475.27,15.47,508.47,54.91,0.3215
299,1332,bike,112.06,57.03,146.67,94.97,0.3298
299,2183,bike,2.16,101.73,29.59,139.05,0.2956
299,15,car,913.05,24.01,960.0,63.15,0.4444
300,1,car,659.43,173.9,773.69,267.84,0.9133
300,170,car,556.09,163.33,645.26,247.94,0.8655
300,655,car,750.58,35.34,841.98,76.78,0.8417
300,1378,car,588.8,252.22,701.72,365.09,0.9252
300,1402,bus,761.75,93.9,958.57,443.05,0.8371
300,1794,bike,54.48,91.53,98.78,141.87,0.8707
300,1835,bike,623.09,18.8,646.7,55.96,0.5953
300,1916,bike,200.21,79.58,245.97,135.29,0.8564
300,1538,bike,882.19,43.16,912.58,80.11,0.8496
300,2078,car,688.66,0.56,726.08,24.13,0.6448
300,2123,bike,517.53,62.62,565.31,120.61,0.6802
300,1720,bike,472.78,14.76,506.42,55.28,0.5328
300,2183,bike,1.14,100.25,31.2,141.13,0.2548
300,15,car,915.18,27.08,960.0,63.87,0.4991
301,1,car,659.47,173.67,773.92,267.75,0.9124
301,170,car,556.18,163.39,645.17,247.79,0.8648
301,655,car,749.32,35.08,842.27,77.0,0.8145
301,1378,car,588.32,252.2,701.39,365.22,0.9214
301,1402,bus,761.4,93.86,958.8,443.76,0.8389
301,1794,bike,55.71,91.21,99.71,141.2,0.8734
301,1835,bike,621.88,18.22,646.05,56.18,0.7062
301,1916,bike,201.29,79.6,247.5,136.02,0.8497
301,1538,bike,882.18,42.8,913.05,80.43,0.863
301,2078,car,688.64,0.49,726.13,24.12,0.7458
301,2123,bike,519.54,65.55,565.48,121.63,0.5249
301,1720,bike,471.85,15.65,504.21,55.01,0.8035
301,15,car,914.2,26.52,960.0,64.01,0.4423
302,1,car,659.5,173.8,773.81,267.76,0.9117
302,170,car,556.3,163.39,645.43,247.93,0.8667
302,655,car,747.97,34.98,841.52,76.92,0.8083
302,1378,car,588.69,252.16,701.46,365.03,0.9253
302,1402,bus,761.15,93.8,959.01,444.34,0.832
302,1794,bike,56.59,91.5,100.21,141.25,0.839
302,1835,bike,620.35,17.23,645.13,56.11,0.6274
302,1916,bike,203.38,79.45,249.63,136.23,0.7902
302,1538,bike,881.99,42.89,913.51,81.43,0.8662
302,2078,car,688.66,0.44,726.11,24.06,0.6603
302,2123,bike,521.71,63.97,568.83,121.53,0.3566
302,1720,bike,471.08,15.18,503.23,54.85,0.837
302,15,car,914.09,27.56,960.0,64.33,0.4646
302,2225,bike,509.59,17.12,525.87,46.29,0.7181
302,406,car,490.08,0.0,516.99,21.1,0.2522
302,1332,bike,115.42,56.43,150.68,94.16,0.244
302,2183,bike,1.52,97.56,32.45,139.43,0.3751
303,1,car,659.13,173.85,774.09,268.43,0.9145
303,170,car,556.16,163.12,645.41,247.79,0.8658
303,655,car,748.68,35.29,841.99,76.76,0.8105
303,1378,car,587.69,252.14,701.18,365.72,0.9172
303,1402,bus,761.15,93.75,958.89,443.76,0.8452
303,1794,bike,58.4,91.53,101.26,140.4,0.8403
303,1835,bike,619.6,16.74,643.92,54.87,0.5637
303,1916,bike,204.0,78.9,250.04,135.83,0.7591
303,1538,bike,882.52,43.99,913.65,82.01,0.8361
303,2078,car,688.32,0.16,726.45,24.29,0.6592
303,2123,bike,523.08,63.47,572.24,124.09,0.6724
303,1720,bike,469.02,14.94,501.01,54.51,0.6567
303,15,car,913.57,28.34,960.0,64.8,0.5192
303,2225,bike,511.45,17.67,527.22,45.9,0.7758
303,406,car,490.67,0.0,516.51,20.26,0.2808
303,2183,bike,1.37,97.37,33.44,140.65,0.4542
304,1,car,659.25,174.03,773.91,268.31,0.914
304,170,car,556.23,163.11,645.61,247.87,0.8711
304,655,car,751.08,35.31,844.13,76.55,0.8385
304,1378,car,588.34,252.22,701.11,365.01,0.9162
304,1402,bus,761.05,93.63,958.64,443.02,0.8206
304,1794,bike,59.71,91.48,102.23,140.04,0.8482
304,1835,bike,618.95,16.78,642.05,52.78,0.4186
304,1916,bike,206.35,79.46,250.92,134.52,0.7208
304,1538,bike,882.1,43.38,914.3,82.89,0.7456
304,2078,car,688.68,0.13,726.68,24.2,0.6629
304,2123,bike,524.91,64.03,573.97,124.86,0.4601
304,1720,bike,467.77,16.23,499.13,55.09,0.4387
304,15,car,912.46,27.82,959.33,64.07,0.4119
304,2225,bike,514.01,17.23,529.88,45.55,0.7084
304,406,car,490.46,0.03,516.01,20.21,0.2778
304,2183,bike,2.33,97.01,35.47,141.28,0.5614
305,1,car,659.29,173.79,774.24,268.27,0.9118
305,170,car,556.38,163.43,645.35,247.75,0.8691
305,655,car,753.46,35.4,846.3,76.56,0.8844
305,1378,car,588.43,252.21,701.15,364.96,0.9172
305,1402,bus,760.98,93.46,958.61,442.6,0.846
305,1794,bike,60.45,91.74,103.36,140.89,0.8556
305,1916,bike,207.86,79.87,251.59,134.41,0.7085
305,1538,bike,882.19,43.41,914.87,83.66,0.6576
305,2078,car,688.82,0.07,726.84,24.24,0.6669
305,2123,bike,527.81,64.16,575.94,123.92,0.4645
305,15,car,911.3,26.97,959.0,63.74,0.2729
305,2225,bike,516.87,16.39,533.62,46.3,0.693
305,2242,bike,750.04,7.34,766.09,37.91,0.377
305,2156,bike,482.26,14.5,501.27,40.11,0.473
306,1,car,659.49,173.96,774.52,268.59,0.9122
306,170,car,556.17,163.17,645.39,247.73,0.8721
306,655,car,755.14,35.56,847.6,76.6,0.8968
306,1378,car,587.99,252.06,701.4,365.56,0.9226
306,1402,bus,760.93,93.48,958.72,442.56,0.8351
306,1794,bike,62.17,91.64,104.73,140.53,0.8518
306,1916,bike,207.99,79.84,250.88,134.33,0.7465
306,1538,bike,882.06,42.41,915.68,84.1,0.699
306,2078,car,688.62,0.16,726.68,24.37,0.6324
306,2123,bike,531.5,64.33,577.06,121.51,0.4403
306,15,car,909.17,25.98,959.03,64.3,0.3128
306,2225,bike,518.95,15.39,536.66,47.16,0.6675
306,2242,bike,750.17,7.32,766.39,38.2,0.4984
306,2156,bike,483.93,14.33,501.9,38.75,0.4135
306,1590,bike,295.03,88.54,342.84,148.57,0.3985
306,839,bike,334.0,47.34,353.62,85.62,0.276
306,406,rickshaw,492.06,0.0,515.94,18.66,0.326
306,2183,bike,3.54,98.16,36.59,141.57,0.4836
307,1,car,659.19,173.76,774.61,268.82,0.9129
307,170,car,556.4,163.7,645.17,247.73,0.8644
307,655,car,755.98,35.59,848.37,76.62,0.8937
307,1378,car,588.3,252.18,700.94,364.81,0.92
307,1402,bus,760.77,93.44,958.84,442.77,0.8388
307,1794,bike,63.46,91.46,106.06,140.43,0.8621
307,1916,bike,209.35,79.4,251.67,133.58,0.7558
307,1538,bike,882.3,42.34,916.05,84.43,0.7006
307,2078,car,688.86,0.35,726.4,24.22,0.6487
307,2123,bike,533.38,62.81,580.57,122.75,0.6805
307,15,car,908.75,25.37,959.54,64.47,0.2373
307,2225,bike,521.34,15.91,539.13,47.73,0.5829
307,2156,bike,485.87,14.83,502.9,38.19,0.4515
307,1590,bike,298.42,87.48,344.7,146.26,0.4487
307,406,rickshaw,492.5,0.0,515.76,18.06,0.3745
307,2183,bike,4.46,98.56,36.78,140.11,0.293
307,1835,bike,612.84,18.64,638.32,58.08,0.5358
308,1,car,659.54,173.69,774.66,268.52,0.9113
308,170,car,556.31,163.69,645.35,247.89,0.8715
308,655,car,756.37,35.54,848.62,76.5,0.8998
308,1378,car,586.63,252.2,700.92,366.38,0.9244
308,1402,bus,760.41,93.42,958.9,443.28,0.8196
308,1794,bike,64.8,91.23,107.71,140.72,0.8303
308,1916,bike,211.96,81.88,252.56,134.64,0.6985
308,1538,bike,882.23,42.28,916.02,84.55,0.7922
308,2078,car,688.7,0.21,726.65,24.35,0.6226
308,2123,bike,535.97,62.09,582.9,122.39,0.4707
308,15,car,907.49,23.18,960.0,63.88,0.3004
308,2225,bike,523.74,16.61,541.44,48.2,0.8
308,2156,bike,487.46,14.28,504.37,37.75,0.4054
308,1590,bike,299.94,87.05,345.03,145.27,0.367
308,406,rickshaw,492.87,0.0,515.69,17.51,0.3139
308,2183,bike,5.05,98.29,37.41,139.01,0.281
308,1835,bike,611.75,18.87,637.46,58.76,0.5825
308,1332,rickshaw,120.68,47.43,161.65,91.49,0.3296
309,1,car,659.18,173.72,774.89,269.03,0.9148
309,170,car,556.32,163.57,645.58,247.99,0.8638
309,655,car,756.18,35.65,848.47,76.67,0.8927
309,1378,car,587.72,252.27,701.35,365.98,0.9198
309,1402,bus,760.18,93.4,959.07,443.79,0.8319
309,1794,bike,66.06,91.44,108.79,140.82,0.8395
309,1916,bike,213.93,81.92,254.97,135.47,0.6892
309,1538,bike,882.2,42.54,916.18,85.26,0.7795
309,2078,car,688.65,0.18,726.75,24.48,0.6431
309,2123,bike,537.52,61.91,583.49,121.49,0.5869
309,15,car,907.81,24.04,959.23,63.64,0.3029
309,2225,bike,525.62,17.33,543.11,48.45,0.8177
309,2156,bike,488.54,12.69,506.76,38.08,0.4902
309,1590,bike,304.09,88.73,347.3,143.85,0.4711
309,406,rickshaw,493.38,0.0,515.78,17.04,0.3417
309,2183,bike,3.85,97.33,39.44,141.57,0.4486
309,1835,bike,611.34,18.35,636.87,58.55,0.6484
309,2242,bike,752.47,6.62,769.29,38.53,0.3517
310,1,car,659.19,173.81,774.83,269.06,0.9153
310,170,car,556.15,163.41,645.57,247.99,0.8718
310,655,car,756.72,35.79,848.75,76.76,0.8977
310,1378,car,587.95,252.16,701.34,365.79,0.9207
310,1402,bus,760.1,93.3,959.1,443.73,0.8311
310,1794,bike,66.7,91.52,109.56,141.27,0.82
310,1916,bike,218.68,83.5,259.0,136.45,0.4897
310,1538,bike,882.24,42.53,916.26,85.65,0.7154
310,2078,car,688.52,0.36,726.1,24.33,0.6852
310,2123,bike,540.4,61.31,585.38,120.06,0.6727
310,15,car,903.55,24.43,957.41,65.42,0.2604
310,2225,bike,527.37,17.0,544.89,47.98,0.7611
310,2156,bike,489.25,11.95,507.51,37.6,0.4482
310,1590,bike,306.98,92.27,348.79,145.18,0.3438
310,406,rickshaw,492.6,0.6,515.58,18.02,0.3105
310,2183,bike,3.37,98.02,40.42,143.59,0.5494
310,1835,bike,610.79,17.89,635.73,57.71,0.522
310,2242,bike,752.67,6.72,769.5,38.56,0.244
311,1,car,659.67,173.78,774.64,268.46,0.9124
311,170,car,556.42,163.53,645.63,247.9,0.8733
311,655,car,757.41,35.84,849.11,76.72,0.8917
311,1378,car,588.43,252.26,701.46,365.71,0.9203
311,1402,bus,759.75,93.34,959.67,445.51,0.8393
311,1794,bike,69.21,91.81,110.47,139.55,0.7956
311,1916,bike,217.35,80.3,260.17,136.6,0.4286
311,1538,bike,882.82,42.8,916.94,86.46,0.3053
311,2078,car,688.64,0.47,725.82,24.19,0.6434
311,2123,bike,542.06,61.63,588.7,122.68,0.636
311,2225,bike,528.58,16.19,546.81,48.43,0.7524
311,2156,bike,489.51,9.05,509.52,37.65,0.3929
311,2183,bike,4.22,96.52,40.75,140.92,0.6255
311,1835,bike,610.05,18.5,633.92,56.94,0.5031
311,2291,bus,300.35,1.24,349.16,45.49,0.3556
311,1720,bike,449.43,26.45,475.2,57.34,0.4152
312,1,car,659.39,173.71,774.56,268.55,0.9132
312,170,car,556.36,163.77,645.46,247.98,0.8695
312,655,car,757.69,35.73,849.68,76.86,0.8884
312,1378,car,589.45,252.27,701.71,365.18,0.9216
312,1402,bus,759.44,93.37,959.93,446.73,0.8192
312,1794,bike,70.76,91.97,112.34,139.99,0.8109
312,1538,bike,883.42,42.69,918.27,87.36,0.7208
312,2078,car,688.69,0.39,726.27,24.43,0.6498
312,2123,bike,544.98,61.14,591.07,121.55,0.667
312,2225,bike,530.85,15.62,549.06,47.91,0.6889
312,2156,bike,490.75,8.61,510.83,37.58,0.3326
312,2183,bike,4.39,96.39,41.06,140.36,0.5733
312,1835,bike,608.84,19.68,632.47,57.97,0.6455
312,2291,bus,300.98,1.07,349.99,45.48,0.4396
312,1720,bike,446.73,23.23,474.57,56.45,0.483
312,1590,bike,310.56,91.05,351.55,143.67,0.3725
312,2242,bike,753.53,8.14,770.0,38.89,0.2627
313,1,car,659.53,174.06,774.43,268.63,0.9123
313,170,car,556.36,163.78,645.62,248.12,0.8641
313,655,car,758.03,34.97,852.23,77.19,0.8835
313,1378,car,589.4,252.33,701.69,365.44,0.9224
313,1402,bus,759.43,93.31,959.98,446.87,0.8261
313,1794,bike,72.53,92.16,113.86,139.79,0.8284
313,1538,bike,884.21,42.39,919.7,87.86,0.555
313,2078,car,688.74,0.41,726.16,24.32,0.6545
313,2123,bike,547.47,61.03,592.52,119.92,0.7922
313,2225,bike,533.73,15.84,550.95,46.17,0.456
313,2183,bike,6.15,96.14,43.24,140.03,0.5004
313,1835,bike,608.15,20.29,631.66,58.83,0.5591
313,1720,bike,445.59,22.86,472.76,55.58,0.5015
313,2311,bike,729.73,41.67,746.84,85.6,0.4047
313,1590,bike,311.24,88.62,352.69,142.84,0.2439
313,1332,bike,138.23,55.42,168.44,88.75,0.477
313,1916,bike,220.02,80.88,261.98,135.52,0.2718
314,1,car,659.51,173.91,774.89,268.92,0.9141
314,170,car,556.15,163.35,645.75,248.04,0.8735
314,655,car,759.15,34.94,853.44,77.25,0.8789
314,1378,car,589.19,252.28,701.53,365.57,0.924
314,1402,bus,759.35,93.34,959.91,447.02,0.8316
314,1794,bike,73.1,91.5,115.24,140.26,0.8235
314,1538,bike,884.56,42.75,919.87,87.97,0.6063
314,2078,car,688.96,0.3,726.78,24.53,0.6382
314,2123,bike,550.42,60.67,595.47,119.96,0.8618
314,2225,bike,536.4,14.16,554.24,45.25,0.3246
314,2183,bike,7.48,96.35,45.25,140.45,0.5655
314,1835,bike,606.83,20.17,630.0,58.48,0.4886
314,1720,bike,443.09,21.93,470.6,55.62,0.2976
314,2311,bike,729.0,41.71,745.99,85.31,0.3967
314,1590,bike,314.64,87.12,355.55,140.71,0.2598
314,2318,bike,721.5,18.99,737.86,49.25,0.3825
314,1332,bike,138.61,55.76,168.37,88.72,0.3659
314,2156,bike,493.1,6.6,514.33,37.52,0.45
314,2291,bus,300.58,1.12,349.83,45.6,0.336
315,1,car,659.69,173.82,774.87,268.62,0.9125
315,170,car,556.07,163.04,645.93,248.05,0.8639
315,655,car,760.26,35.22,853.96,77.26,0.8773
315,1378,car,589.65,252.38,701.59,365.38,0.924
315,1402,bus,758.87,93.38,960.0,448.82,0.8089
315,1794,bike,74.91,91.73,116.35,139.87,0.6529
315,1538,bike,884.85,42.42,920.83,88.49,0.744
315,2078,car,688.67,0.28,726.85,24.78,0.6267
315,2123,bike,551.5,59.63,597.13,120.57,0.7843
315,2225,bike,540.58,12.6,559.44,44.27,0.3706
315,2183,bike,7.76,96.55,46.77,141.64,0.4665
315,1835,bike,605.48,20.44,628.22,58.43,0.3282
315,1720,bike,439.4,22.64,466.01,55.08,0.2658
315,1590,bike,316.42,86.4,357.48,140.32,0.4622
315,2318,bike,720.88,19.98,736.11,48.13,0.3729
315,1332,bike,140.03,57.26,168.61,88.74,0.2794
315,2156,bike,493.8,3.96,515.83,36.59,0.4501
315,2291,bus,300.47,1.44,349.64,45.56,0.2575
315,15,car,901.33,22.4,955.89,63.06,0.3199
315,1916,bike,219.22,79.38,254.97,127.11,0.5203
316,1,car,659.79,173.97,774.96,268.71,0.9127
316,170,car,556.31,163.37,645.86,248.11,0.868
316,655,car,761.11,35.66,854.09,77.3,0.8758
316,1378,car,589.79,252.32,701.4,365.04,0.923
316,1402,bus,759.49,93.29,959.53,446.18,0.833
316,1794,bike,76.3,91.64,117.44,139.48,0.814
316,1538,bike,884.96,43.04,920.73,88.9,0.7031
316,2078,car,688.81,0.46,726.48,24.6,0.6669
316,2123,bike,554.0,59.89,598.46,119.94,0.8667
316,2225,bike,544.55,8.97,565.61,43.68,0.7323
316,2183,bike,8.48,96.27,48.23,142.01,0.7017
316,1835,bike,603.99,20.71,626.42,58.26,0.469
316,1720,bike,435.72,22.98,462.33,54.94,0.38
316,1590,bike,319.96,90.13,360.76,143.28,0.4096
316,1332,bike,141.13,54.96,171.2,88.61,0.3686
316,2156,bike,495.67,5.19,516.45,36.34,0.5125
316,2291,bus,299.28,1.43,348.96,45.72,0.3126
316,15,car,899.49,23.01,954.56,62.8,0.4529
317,1,car,659.59,173.92,774.72,268.57,0.913
317,170,car,556.22,163.47,645.81,248.22,0.8687
317,655,car,761.88,35.88,852.93,76.49,0.8848
317,1378,car,590.08,252.32,701.72,365.22,0.9245
317,1402,bus,759.74,93.35,959.51,445.68,0.8381
317,1794,bike,78.01,91.89,118.87,139.4,0.6477
317,1538,bike,885.36,44.59,920.2,89.19,0.7549
317,2078,car,688.48,0.41,726.13,24.52,0.6794
317,2123,bike,556.41,60.47,599.93,119.41,0.8186
317,2225,bike,545.29,6.97,567.63,43.56,0.8295
317,2183,bike,9.59,96.32,49.38,141.73,0.7295
317,1835,bike,601.99,20.51,624.58,58.12,0.5562
317,1720,bike,432.4,21.51,460.48,55.23,0.3724
317,1590,bike,323.54,89.47,363.49,141.07,0.5233
317,1332,bike,141.38,55.42,171.21,88.69,0.2772
317,2156,bike,496.93,5.25,517.12,35.77,0.5202
317,2291,bus,299.8,1.4,349.65,45.59,0.3703
317,15,car,895.56,23.94,952.4,63.35,0.3798
318,1,car,659.75,174.01,774.63,268.42,0.913
318,170,car,556.13,163.39,645.98,248.4,0.8693
318,655,car,762.6,36.27,853.07,76.47,0.8904
318,1378,car,590.1,252.36,701.9,365.64,0.9232
318,1402,bus,759.81,93.47,959.47,445.54,0.8246
318,1794,bike,80.33,92.3,119.16,137.03,0.7619
318,1538,bike,886.41,46.34,920.49,89.58,0.7079
318,2078,car,688.5,0.42,726.02,24.41,0.7102
318,2123,bike,558.99,61.18,601.94,119.29,0.8825
318,2225,bike,544.81,7.24,567.29,43.39,0.7917
318,2183,bike,10.82,97.36,49.77,141.39,0.6061
318,1835,bike,600.31,20.09,623.18,58.16,0.681
318,1720,bike,429.1,20.1,459.01,56.14,0.5902
318,1590,bike,325.16,86.82,367.27,141.09,0.5768
318,1332,bike,144.9,54.33,174.35,88.14,0.4359
318,2156,bike,497.63,3.88,517.78,34.54,0.6057
318,15,car,890.92,24.18,951.79,65.03,0.5513
319,1,car,659.51,174.0,774.78,268.72,0.9138
319,170,car,556.01,163.44,645.81,248.45,0.8638
319,655,car,763.42,36.37,854.08,76.58,0.8945
319,1378,car,590.5,252.38,701.81,365.34,0.926
319,1402,bus,760.12,93.5,959.17,444.28,0.8334
319,1794,bike,81.5,92.49,121.46,138.25,0.7606
319,1538,bike,887.37,47.67,920.84,90.0,0.7553
319,2078,car,688.36,0.23,726.08,24.37,0.7921
319,2123,bike,560.92,61.32,602.89,118.38,0.8498
319,2225,bike,543.29,6.88,566.39,43.23,0.7205
319,2183,bike,10.46,98.1,49.84,141.95,0.5434
319,1835,bike,598.96,19.96,621.93,58.29,0.6957
319,1720,bike,426.91,19.81,457.11,56.5,0.4268
319,1590,bike,327.15,86.66,368.58,139.87,0.4854
319,1332,bike,146.36,54.19,175.56,88.34,0.3589
319,2156,bike,498.26,3.16,518.51,34.19,0.5395
319,15,car,886.94,24.85,950.95,66.36,0.5709
319,1916,bike,224.25,77.62,257.57,123.11,0.3556
320,1,car,659.08,173.83,774.66,268.81,0.9137
320,170,car,556.25,163.77,645.64,248.36,0.8726
320,655,car,763.83,36.37,855.09,76.81,0.8961
320,1378,car,590.44,252.43,701.58,365.32,0.9237
320,1402,bus,760.07,93.49,959.2,444.29,0.8323
320,1794,bike,83.31,91.94,122.44,136.33,0.7835
320,1538,bike,888.11,48.18,921.77,90.62,0.7976
320,2078,car,688.33,0.22,726.17,24.43,0.7776
320,2123,bike,562.11,61.09,605.37,119.72,0.8759
320,2225,bike,543.05,8.59,566.16,44.09,0.6179
320,2183,bike,8.96,98.75,48.5,141.6,0.3378
320,1835,bike,597.8,19.99,620.72,58.31,0.7681
320,1720,bike,426.39,19.51,455.92,56.16,0.3549
320,2156,bike,500.24,4.24,519.59,34.37,0.6783
320,15,car,886.63,26.25,949.24,65.1,0.6847
320,1916,bike,226.25,77.52,259.11,123.07,0.4553
321,1,car,658.95,173.76,774.69,268.84,0.9122
321,170,car,556.23,163.78,645.77,248.5,0.8723
321,655,car,764.57,36.62,855.79,76.97,0.9107
321,1378,car,589.83,252.4,701.62,366.05,0.924
321,1402,bus,759.79,93.59,959.41,445.27,0.8348
321,1794,bike,84.96,92.05,124.05,136.03,0.8195
321,1538,bike,889.23,49.16,922.84,91.34,0.5815
321,2078,car,688.1,0.27,726.09,24.6,0.7654
321,2123,bike,565.0,60.19,609.0,120.24,0.8776
321,2225,bike,542.75,9.56,566.53,45.54,0.4561
321,2183,bike,11.8,98.86,51.1,141.31,0.5817
321,1835,bike,596.73,21.08,619.2,58.45,0.7457
321,1720,bike,425.36,19.56,453.75,55.57,0.4495
321,2156,bike,501.9,4.86,520.51,34.39,0.7222
321,15,car,884.79,26.61,948.9,64.89,0.639
321,1916,bike,228.36,77.78,260.17,122.61,0.3359
322,1,car,659.75,173.98,774.47,268.06,0.9112
322,170,car,556.03,163.76,645.56,248.44,0.8724
322,655,car,765.16,36.4,856.97,76.94,0.9029
322,1378,car,589.72,252.51,701.52,366.24,0.9241
322,1402,bus,760.08,93.69,958.97,443.8,0.8316
322,1794,bike,86.7,91.93,124.72,134.22,0.8322
322,1538,bike,890.16,49.35,923.94,91.54,0.5054
322,2078,car,688.15,0.51,725.93,24.75,0.6832
322,2123,bike,566.45,60.53,611.97,122.7,0.872
322,2225,bike,545.85,11.15,568.74,46.12,0.4681
322,2183,bike,11.45,97.05,52.31,140.73,0.6706
322,1835,bike,594.97,20.84,617.56,58.29,0.7812
322,1720,bike,425.23,20.0,452.43,55.38,0.3457
322,2156,bike,503.46,6.27,520.9,34.35,0.6788
322,15,car,882.4,27.12,948.1,64.87,0.5776
322,1590,bike,335.17,93.76,373.35,141.64,0.4243
322,1332,bike,150.0,54.49,178.45,88.36,0.3611
323,1,car,659.86,174.02,774.96,268.35,0.9147
323,170,car,556.09,164.03,645.51,248.53,0.864
323,655,car,766.13,36.72,857.85,77.13,0.9063
323,1378,car,589.3,252.6,701.49,366.81,0.925
323,1402,bus,760.02,93.68,958.92,443.61,0.8242
323,1794,bike,88.14,91.74,126.51,134.12,0.8278
323,1538,bike,890.76,50.1,925.63,93.51,0.7523
323,2078,car,688.31,0.51,725.69,24.51,0.6965
323,2123,bike,568.51,61.09,614.33,123.57,0.8286
323,2225,bike,549.27,12.73,570.56,45.46,0.4157
323,2183,bike,9.96,97.59,50.97,140.29,0.6446
323,1835,bike,593.86,20.44,616.38,57.89,0.7384
323,2156,bike,505.23,8.75,520.93,34.1,0.51
323,15,car,878.14,26.97,946.84,65.26,0.6316
323,1332,bike,151.24,53.88,178.99,87.5,0.3683
323,1916,bike,229.69,78.29,266.81,132.11,0.3939
324,1,car,659.79,174.22,775.05,268.64,0.9142
324,170,car,556.05,164.09,645.44,248.55,0.8666
324,655,car,765.9,36.44,858.3,77.12,0.9131
324,1378,car,590.31,252.55,701.43,365.71,0.9248
324,1402,bus,760.14,93.59,958.79,442.79,0.8354
324,1794,bike,89.26,91.67,128.44,134.8,0.8324
324,1538,bike,891.65,51.28,926.68,94.73,0.6675
324,2078,car,688.2,0.47,725.76,24.6,0.7545
324,2123,bike,571.35,61.57,615.3,121.05,0.8624
324,2183,bike,9.79,96.58,52.29,140.1,0.723
324,1835,bike,592.18,19.48,614.74,57.07,0.7434
324,2156,bike,505.76,7.74,521.88,34.07,0.5195
324,15,car,874.33,27.36,944.35,65.36,0.594
324,1332,bike,151.18,53.8,178.41,86.72,0.3335
324,1916,bike,231.27,79.82,269.2,136.35,0.6506
324,1720,bike,420.88,20.7,446.78,55.08,0.3822
325,1,car,659.64,174.14,775.0,268.64,0.9124
325,170,car,555.91,163.88,645.92,248.98,0.8648
325,655,car,766.16,36.39,859.19,77.4,0.9235
325,1378,car,589.8,252.63,701.05,365.89,0.923
325,1402,bus,760.16,93.59,958.85,442.63,0.8267
325,1794,bike,90.38,91.57,130.02,134.88,0.8387
325,1538,bike,892.42,51.61,928.03,95.61,0.7459
325,2078,car,688.16,0.52,725.69,24.65,0.6888
325,2123,bike,573.24,61.91,617.55,121.72,0.8432
325,2183,bike,11.34,95.33,54.52,139.27,0.6641
325,1835,bike,590.33,19.27,612.95,56.71,0.7526
325,15,car,871.16,28.41,943.17,66.43,0.6523
325,1332,bike,149.17,51.92,178.44,87.12,0.318
325,1916,bike,231.4,79.4,271.13,140.55,0.6782
326,1,car,659.7,174.18,774.84,268.45,0.9134
326,170,car,555.93,163.68,645.87,248.75,0.8691
326,655,car,767.23,36.77,859.12,77.23,0.9303
326,1378,car,589.6,252.65,701.32,366.43,0.9253
326,1402,bus,759.43,93.6,959.51,445.19,0.8258
326,1794,bike,91.03,90.78,130.6,134.0,0.7821
326,1538,bike,893.2,52.78,928.58,96.17,0.73
326,2078,car,688.19,0.46,725.91,24.76,0.7794
326,2123,bike,573.94,60.65,620.75,124.22,0.8316
326,1835,bike,589.09,19.35,611.32,56.16,0.6783
326,15,car,868.08,27.18,943.25,66.09,0.6083
326,1332,bike,150.19,52.98,179.28,87.69,0.3769
326,1916,bike,234.12,77.9,270.68,134.98,0.5104
326,2291,bus,303.71,1.68,354.21,45.56,0.2695
326,1720,bike,413.82,17.5,441.63,55.1,0.2679
327,1,car,659.04,173.97,775.14,269.09,0.9148
327,170,car,556.06,163.61,645.86,248.53,0.868
327,655,car,768.26,37.15,859.2,77.11,0.93
327,1378,car,590.0,252.59,701.21,365.9,0.9215
327,1402,bus,759.56,93.64,959.42,444.79,0.8255
327,1794,bike,92.89,91.15,131.41,133.04,0.8209
327,1538,bike,893.64,53.94,928.9,96.84,0.6759
327,2078,car,688.13,0.4,725.91,24.76,0.7584
327,2123,bike,577.44,62.06,622.87,124.0,0.7691
327,1835,bike,588.34,18.45,610.36,55.15,0.744
327,15,car,864.0,26.19,944.0,67.04,0.7332
327,1332,bike,150.86,54.12,179.45,87.94,0.3902
327,1916,bike,235.4,77.51,272.36,136.37,0.6128
327,2420,bike,710.88,39.21,733.39,86.27,0.4432
327,2422,bike,288.61,83.95,324.69,158.01,0.3953
327,2291,bus,300.33,1.51,351.57,45.65,0.2749
327,2242,bike,767.29,10.19,784.1,40.14,0.4464
327,2156,bike,510.47,9.49,527.69,37.14,0.3448
327,2183,bike,16.91,97.22,56.57,137.38,0.279
328,1,car,658.83,173.98,775.08,269.32,0.913
328,170,car,556.04,163.77,645.66,248.54,0.876
328,655,car,769.5,37.23,859.5,76.7,0.9221
328,1378,car,589.11,252.7,700.64,366.12,0.9225
328,1402,bus,759.9,93.63,959.04,443.25,0.8338
328,1794,bike,94.53,90.95,132.22,131.89,0.7639
328,1538,bike,893.09,53.15,930.16,98.27,0.7732
328,2078,car,688.05,0.41,726.13,24.99,0.6543
328,2123,bike,580.15,61.4,623.98,121.14,0.8502
328,1835,bike,587.77,18.88,609.13,54.6,0.7033
328,15,car,862.29,26.67,942.4,66.88,0.7598
328,1332,bike,150.03,53.59,179.93,88.77,0.4041
328,1916,bike,236.49,76.82,273.52,136.93,0.6291
328,2420,bike,709.42,39.14,732.05,86.59,0.6407
328,2422,bike,293.77,88.77,325.9,154.63,0.3071
328,2156,bike,510.43,9.45,528.62,38.87,0.4035
328,2183,bike,17.73,96.44,59.84,139.28,0.6157
329,1,car,659.45,173.89,775.34,268.97,0.9139
329,170,car,555.74,163.4,645.73,248.6,0.868
329,655,car,771.14,37.29,860.65,76.49,0.905
329,1378,car,589.95,252.56,700.79,365.3,0.9189
329,1402,bus,759.79,93.63,959.14,443.51,0.8314
329,1794,bike,95.31,91.21,133.7,132.92,0.8019
329,1538,bike,893.3,52.83,931.35,99.14,0.7648
329,2078,car,688.3,0.36,726.3,24.94,0.7834
329,2123,bike,582.98,62.97,625.44,120.73,0.8309
329,1835,bike,586.53,19.15,607.81,54.68,0.7535
329,15,car,860.63,27.38,938.68,66.05,0.7159
329,1332,bike,150.93,53.7,180.35,87.82,0.4256
329,1916,bike,238.21,76.62,275.83,138.56,0.5329
329,2420,bike,707.67,39.99,729.72,86.31,0.3752
329,2422,bike,292.32,84.81,326.45,154.33,0.6472
329,2156,bike,513.03,8.84,532.56,39.37,0.6777
329,2183,bike,19.36,96.32,61.22,138.64,0.6652
329,2291,bus,298.93,1.34,351.06,45.68,0.2665
330,1,car,659.24,173.76,774.89,268.66,0.9105
330,170,car,555.65,163.33,645.56,248.47,0.8715
330,655,car,772.36,37.41,862.08,76.63,0.8753
330,1378,car,590.61,252.61,701.17,365.17,0.9235
330,1402,bus,759.81,93.54,959.11,443.17,0.8418
330,1794,bike,96.44,90.98,136.19,134.2,0.8089
330,1538,bike,894.29,52.66,932.82,99.45,0.7095
330,2078,car,688.37,0.41,726.46,25.09,0.7487
330,2123,bike,584.65,62.2,626.49,118.84,0.9065
330,1835,bike,584.87,19.56,606.1,54.81,0.6643
330,15,car,860.49,28.31,936.58,65.52,0.6894
330,1332,bike,151.58,53.45,181.28,87.29,0.4411
330,1916,bike,242.64,76.23,277.65,133.36,0.5277
330,2420,bike,706.14,40.06,728.07,86.3,0.5379
330,2422,bike,293.98,83.18,329.0,154.03,0.7833
330,2156,bike,513.03,7.94,533.66,39.41,0.7352
330,2183,bike,19.33,96.45,62.44,139.89,0.5999
330,2291,bus,297.73,1.28,350.42,45.82,0.2683
330,1720,bike,405.62,15.56,432.83,53.65,0.3521
331,1,car,659.19,173.85,774.88,268.79,0.9134
331,170,car,555.55,163.05,645.66,248.42,0.8713
331,655,car,773.91,37.72,862.8,76.32,0.881
331,1378,car,589.97,252.63,700.93,365.61,0.9187
331,1402,bus,759.38,93.57,959.73,445.22,0.8176
331,1794,bike,97.99,89.93,138.25,133.81,0.7775
331,1538,bike,895.51,53.9,933.62,99.91,0.7045
331,2078,car,688.58,0.38,726.57,25.04,0.7082
331,2123,bike,586.28,61.45,628.48,118.22,0.8971
331,1835,bike,583.3,19.49,604.53,54.69,0.5477
331,15,car,857.74,27.51,937.41,66.24,0.7285
331,1332,bike,152.22,53.85,182.31,87.82,0.4291
331,1916,bike,245.67,75.98,282.24,135.15,0.6557
331,2420,bike,704.99,40.51,726.8,86.58,0.2519
331,2422,bike,295.9,82.77,330.54,152.23,0.727
331,2156,bike,511.47,7.74,532.74,39.66,0.769
331,2183,bike,19.3,95.54,64.04,140.79,0.4453
331,2448,car,773.95,2.12,853.52,42.08,0.3378
332,1,car,659.32,173.69,774.89,268.56,0.9151
332,170,car,555.53,162.58,645.89,248.28,0.8619
332,655,car,775.1,37.52,865.13,76.43,0.8722
332,1378,car,590.31,252.43,701.26,365.48,0.9255
332,1402,bus,759.47,93.42,959.37,444.2,0.7989
332,1794,bike,99.26,88.71,140.0,133.38,0.7709
332,1538,bike,895.37,51.35,935.62,100.13,0.7979
332,2078,car,688.61,0.35,726.34,24.84,0.7479
332,2123,bike,587.81,61.45,630.95,119.59,0.8707
332,1835,bike,579.75,17.86,602.51,55.23,0.4315
332,15,car,858.97,27.53,936.38,65.05,0.6808
332,1916,bike,248.5,75.63,284.37,132.79,0.5861
332,2422,bike,298.46,82.27,332.31,149.58,0.311
332,2156,bike,509.2,5.97,531.27,38.93,0.6678
332,2291,bus,299.05,1.52,351.49,45.58,0.2889
333,1,car,659.37,173.59,774.64,268.2,0.9101
333,170,car,555.74,162.99,645.68,248.27,0.8635
333,655,car,776.47,37.7,866.77,76.55,0.884
333,1378,car,590.48,252.27,701.19,365.07,0.9251
333,1402,bus,759.34,93.33,959.62,444.83,0.8165
333,1794,bike,100.53,87.85,142.01,133.41,0.7685
333,1538,bike,896.1,50.81,936.94,100.38,0.7949
333,2078,car,688.75,0.3,726.14,24.55,0.7145
333,2123,bike,589.48,60.82,632.45,118.86,0.8649
333,1835,bike,578.19,15.33,599.8,50.09,0.5779
333,15,car,857.95,27.49,934.33,64.28,0.6314
333,1916,bike,248.23,75.2,283.04,130.74,0.62
333,2422,bike,299.12,81.96,333.27,149.85,0.2938
333,2156,bike,507.04,6.8,529.56,40.04,0.5584
333,2291,bus,299.52,1.17,352.22,45.48,0.2839
333,2183,bike,18.18,95.75,65.91,144.16,0.5237
334,1,car,659.25,173.29,774.71,268.07,0.9126
334,170,car,555.91,162.79,645.8,248.03,0.8585
334,655,car,778.02,38.0,868.19,76.61,0.8924
334,1378,car,590.98,252.21,701.2,364.56,0.9221
334,1402,bus,759.42,93.21,959.65,444.69,0.8265
334,1794,bike,101.66,89.56,143.3,135.4,0.7562
334,1538,bike,897.57,49.52,939.42,100.43,0.8316
334,2078,car,688.72,0.26,725.91,24.31,0.7108
334,2123,bike,591.09,60.01,633.85,117.79,0.8566
334,1835,bike,574.95,14.0,599.86,54.11,0.6247
334,15,car,854.82,26.19,932.86,63.71,0.6453
334,1916,bike,250.84,75.12,283.02,125.73,0.6233
334,2422,bike,305.28,81.33,340.51,149.97,0.3482
334,2291,bus,299.99,0.81,352.58,45.22,0.4038
334,2467,car,918.38,17.9,959.83,49.1,0.3457
334,2183,bike,21.05,96.48,65.56,141.49,0.5691
335,1,car,659.43,173.2,774.29,267.46,0.9083
335,170,car,555.9,162.6,645.78,247.85,0.8669
335,655,car,778.16,37.2,870.14,76.51,0.8952
335,1378,car,590.16,252.16,700.95,365.03,0.9254
335,1402,bus,759.29,93.02,959.76,445.04,0.8041
335,1794,bike,102.96,89.48,144.82,135.79,0.7632
335,1538,bike,898.8,48.43,941.76,101.04,0.8403
335,2078,car,688.83,0.29,725.86,24.16,0.6743
335,2123,bike,592.86,60.44,635.51,118.09,0.7828
335,1835,bike,573.0,13.28,599.48,56.18,0.6699
335,15,car,854.82,26.27,931.27,62.77,0.6174
335,1916,bike,251.84,74.96,283.82,124.71,0.6633
335,2422,bike,309.22,80.05,345.0,148.41,0.5557
335,2291,bus,300.04,0.83,352.66,45.18,0.2722
335,2467,car,919.09,18.36,959.74,48.96,0.3603
335,2183,bike,23.94,95.94,65.51,137.81,0.6735
336,1,car,659.27,173.02,774.31,267.46,0.9095
336,170,car,555.96,162.66,645.58,247.62,0.8667
336,655,car,778.47,37.32,870.63,76.65,0.9019
336,1378,car,590.55,252.1,700.85,364.48,0.9212
336,1402,bus,758.53,92.97,960.0,448.4,0.8319
336,1794,bike,104.37,88.59,146.54,135.24,0.8145
336,1538,bike,899.63,47.78,942.75,100.77,0.8482
336,2078,car,689.12,0.18,726.06,23.98,0.662
336,2123,bike,594.59,59.45,637.66,117.58,0.8633
336,1835,bike,574.26,11.75,598.9,52.13,0.4571
336,15,car,851.46,25.93,931.02,64.02,0.5405
336,1916,bike,253.03,74.77,284.39,123.12,0.7105
336,2422,bike,312.38,79.37,348.96,147.92,0.3914
336,2291,bus,299.8,0.47,352.46,45.2,0.3287
336,2467,car,918.85,18.24,959.44,48.77,0.4198
336,2183,bike,25.49,95.02,66.41,136.24,0.7165
336,2480,bike,5.9,108.76,41.21,158.73,0.4064
336,2482,bike,518.61,2.57,533.41,29.3,0.4384
337,1,car,659.11,172.89,774.47,267.67,0.9088
337,170,car,556.04,162.55,645.49,247.35,0.8604
337,655,car,779.34,37.03,872.13,76.71,0.9084
337,1378,car,590.72,252.01,700.84,364.19,0.9294
337,1402,bus,759.36,92.71,959.72,445.01,0.8184
337,1794,bike,106.11,87.55,148.72,134.87,0.8254
337,1538,bike,901.2,49.71,943.74,101.99,0.8488
337,2078,car,689.27,0.09,726.13,23.77,0.6492
337,2123,bike,597.29,58.71,639.07,114.69,0.8221
337,1835,bike,574.04,11.38,598.69,51.92,0.3777
337,15,car,846.06,26.2,926.6,64.73,0.4554
337,1916,bike,253.19,74.68,285.23,124.02,0.7248
337,2422,bike,314.88,78.46,352.96,149.17,0.4945
337,2291,bus,299.67,1.18,350.19,44.61,0.3204
337,2467,car,919.46,18.99,959.05,48.71,0.4464
337,2183,bike,25.98,93.76,68.57,136.95,0.7226
337,2480,bike,5.71,107.68,42.74,160.14,0.3983
337,2482,bike,519.99,2.15,534.75,28.78,0.6182
338,1,car,659.34,172.87,774.3,267.34,0.9084
338,170,car,556.08,162.5,645.54,247.32,0.8759
338,655,car,780.21,36.82,873.46,76.67,0.9237
338,1378,car,590.55,251.85,700.82,364.2,0.923
338,1402,bus,759.41,92.58,959.78,445.03,0.8093
338,1794,bike,107.71,86.55,150.55,134.37,0.7991
338,1538,bike,902.7,50.72,945.31,103.02,0.8379
338,2078,car,689.24,0.02,726.25,23.83,0.6721
338,2123,bike,599.8,57.45,641.97,113.84,0.7537
338,15,car,842.58,25.7,922.44,63.83,0.4386
338,1916,bike,255.11,74.79,289.04,126.79,0.5389
338,2467,car,918.33,17.37,959.75,48.48,0.5295
338,2183,bike,27.4,94.29,69.26,136.86,0.6604
338,2482,bike,521.02,1.91,535.52,28.06,0.5862
338,2495,bike,489.28,16.72,511.67,40.15,0.4252
338,2242,bike,779.58,17.91,793.33,39.73,0.3981
339,1,car,659.7,172.97,774.27,267.1,0.9086
339,170,car,555.95,162.2,645.58,247.19,0.8745
339,655,car,780.85,36.46,874.75,76.52,0.9056
339,1378,car,590.0,251.81,700.5,364.28,0.9254
339,1402,bus,759.54,92.48,960.0,445.46,0.8351
339,1794,bike,109.38,86.99,151.54,134.1,0.7909
339,1538,bike,904.67,53.15,946.02,103.42,0.8583
339,2078,car,689.62,0.0,726.17,23.47,0.6068
339,2123,bike,601.73,56.92,644.25,113.67,0.8341
339,15,car,840.7,25.36,919.23,62.91,0.5603
339,1916,bike,257.01,74.3,289.26,123.64,0.6224
339,2467,car,917.91,17.34,959.36,48.41,0.5502
339,2183,bike,28.03,94.01,70.86,137.71,0.5065
339,2482,bike,521.96,2.01,536.09,27.46,0.6479
339,2242,bike,779.56,18.12,794.43,39.88,0.4594
339,2225,bike,583.87,5.28,603.63,36.13,0.5606
339,1835,bike,569.93,17.32,592.9,55.18,0.4164
339,2291,bus,299.47,1.25,349.57,44.68,0.2193
340,1,car,659.5,172.73,774.83,267.5,0.9097
340,170,car,556.06,162.23,645.47,246.98,0.8808
340,655,car,782.42,36.46,875.97,76.26,0.9046
340,1378,car,589.94,251.69,700.48,364.04,0.9258
340,1402,bus,760.21,92.38,959.26,442.53,0.8135
340,1794,bike,110.87,86.52,153.28,134.08,0.8264
340,1538,bike,906.77,55.36,946.98,103.48,0.8354
340,2078,car,689.83,0.0,726.28,23.34,0.6041
340,2123,bike,604.66,57.35,646.86,113.7,0.8023
340,15,car,842.02,25.01,916.68,60.65,0.4706
340,1916,bike,257.11,74.33,292.49,128.99,0.67
340,2467,car,916.7,17.29,958.54,48.48,0.6064
340,2183,bike,29.27,94.36,71.13,136.94,0.5671
340,2482,bike,522.89,1.87,536.34,26.0,0.3761
340,2242,bike,779.93,17.16,796.0,39.72,0.4234
340,2225,bike,586.77,6.94,605.26,36.49,0.6133
340,1835,bike,568.05,18.97,590.47,55.57,0.5109
340,2291,bus,301.52,1.09,351.46,44.4,0.3043
340,2495,bike,482.68,15.09,506.98,40.51,0.3964
341,1,car,659.55,172.54,774.64,267.12,0.9059
341,170,car,555.88,161.86,645.67,247.06,0.8786
341,655,car,783.64,36.39,877.53,76.2,0.9178
341,1378,car,589.44,251.68,700.92,365.02,0.928
341,1402,bus,759.94,92.23,959.28,442.88,0.8179
341,1794,bike,111.83,85.7,154.6,133.86,0.7603
341,1538,bike,908.66,57.13,948.52,104.08,0.8726
341,2078,car,689.73,0.0,726.05,23.2,0.6378
341,2123,bike,607.44,57.28,649.67,113.75,0.6974
341,15,car,841.07,24.71,915.95,60.91,0.3781
341,1916,bike,258.15,74.35,292.75,127.92,0.6971
341,2467,car,916.17,16.85,958.6,48.35,0.6025
341,2183,bike,31.22,93.8,73.48,136.83,0.5553
341,2482,bike,523.43,2.22,536.12,24.83,0.2652
341,2242,bike,781.3,17.92,797.16,39.6,0.355
341,2225,bike,588.82,7.28,606.94,36.72,0.5797
341,1835,bike,567.39,19.03,589.85,55.73,0.6593
341,2291,bus,301.68,1.14,351.33,44.32,0.2866
341,2495,bike,477.72,11.92,505.45,41.02,0.3435
341,2480,bike,10.21,107.55,46.65,159.52,0.5464
342,1,car,659.57,172.22,774.33,266.61,0.9084
342,170,car,555.9,161.64,645.71,246.93,0.8796
342,655,car,785.61,36.24,880.11,76.17,0.9148
342,1378,car,590.51,251.76,701.1,364.22,0.9296
342,1402,bus,759.85,92.33,959.55,443.68,0.8422
342,1794,bike,112.29,85.64,157.03,136.36,0.8069
342,1538,bike,909.79,58.0,949.49,104.0,0.7792
342,2078,car,689.8,0.0,725.98,23.04,0.709
342,2123,bike,608.01,57.44,650.59,114.27,0.7106
342,15,car,837.68,24.93,912.95,61.65,0.4991
342,1916,bike,259.58,74.51,294.29,128.64,0.6766
342,2467,car,916.58,17.7,958.07,48.27,0.6273
342,2183,bike,32.42,93.68,74.9,137.0,0.6439
342,2225,bike,590.67,5.74,608.21,34.48,0.6557
342,1835,bike,565.69,18.51,588.89,56.61,0.6635
342,2291,bus,301.74,1.28,351.19,44.4,0.2774
342,2495,bike,472.77,7.98,504.57,41.74,0.7157
342,2480,bike,13.34,107.2,49.02,158.02,0.5729
343,1,car,659.57,171.8,774.52,266.34,0.9126
343,170,car,556.07,161.72,645.68,246.82,0.8831
343,655,car,787.81,36.42,881.96,76.05,0.8934
343,1378,car,590.21,251.56,701.12,364.28,0.9264
343,1402,bus,759.89,92.36,959.61,443.77,0.8581
343,1794,bike,113.58,85.29,157.41,135.25,0.8085
343,1538,bike,910.57,58.08,950.81,104.08,0.8066
343,2078,car,690.0,0.0,726.05,22.82,0.6344
343,2123,bike,611.51,57.04,653.34,113.37,0.6085
343,15,car,835.18,25.05,910.96,62.43,0.5178
343,1916,bike,262.25,74.3,294.53,124.35,0.6678
343,2467,car,916.64,18.25,957.66,48.18,0.6706
343,2183,bike,33.24,93.32,75.96,137.09,0.6909
343,2225,bike,591.8,4.2,609.24,32.99,0.6211
343,1835,bike,564.37,18.27,587.6,56.69,0.6598
343,2291,bus,301.9,1.48,350.97,44.39,0.2711
343,2495,bike,469.77,6.83,501.81,41.29,0.6999
343,2480,bike,13.94,106.17,49.27,156.91,0.5304
343,2242,bike,782.88,14.83,799.45,37.99,0.3692
344,1,car,659.31,171.42,774.63,266.44,0.9111
344,170,car,555.83,161.3,645.74,246.76,0.8908
344,655,car,788.8,36.07,884.09,76.15,0.9
344,1378,car,589.81,251.41,700.9,364.2,0.9288
344,1402,bus,759.63,92.4,959.86,444.9,0.8463
344,1794,bike,116.23,84.59,159.97,134.34,0.8431
344,1538,bike,911.46,58.4,952.33,104.54,0.774
344,2078,car,690.18,0.0,726.08,22.61,0.7275
344,2123,bike,612.55,56.16,654.54,112.77,0.8021
344,15,car,834.17,24.76,908.2,61.72,0.396
344,1916,bike,264.26,74.01,294.6,120.73,0.6849
344,2467,car,916.82,18.49,957.72,48.08,0.7014
344,2183,bike,29.4,93.86,75.24,140.52,0.6399
344,2225,bike,593.59,4.46,610.21,31.99,0.6859
344,1835,bike,563.41,17.96,586.43,56.17,0.6721
344,2480,bike,13.72,104.43,49.86,157.21,0.3799
344,2242,bike,783.45,12.46,800.51,36.87,0.3154
345,1,car,659.47,171.24,774.49,266.12,0.9119
345,170,car,555.66,160.65,645.98,246.61,0.8934
345,655,car,789.65,35.85,885.21,76.04,0.882
345,1378,car,589.68,251.35,700.65,363.83,0.9281
345,1402,bus,760.35,92.3,959.43,442.66,0.8586
345,1794,bike,118.88,85.02,161.05,132.61,0.7871
345,1538,bike,912.43,58.43,953.87,104.57,0.4862
345,2078,car,690.2,0.0,726.23,22.63,0.7168
345,2123,bike,614.22,55.52,656.97,113.83,0.6938
345,1916,bike,265.82,73.67,294.88,118.0,0.5759
345,2467,car,916.34,18.08,958.04,48.04,0.6949
345,2183,bike,32.34,93.4,76.42,138.33,0.7316
345,2225,bike,594.72,5.47,611.05,32.48,0.6947
345,1835,bike,561.98,17.5,585.16,55.99,0.6532
346,1,car,659.67,171.1,774.01,265.46,0.9114
346,170,car,555.8,160.84,645.75,246.46,0.8903
346,655,car,790.15,35.41,886.82,75.94,0.8529
346,1378,car,589.58,251.3,701.05,364.22,0.9277
346,1402,bus,760.37,92.13,959.3,442.13,0.8474
346,1794,bike,120.14,84.94,162.59,132.7,0.8495
346,1538,bike,913.45,59.04,955.99,105.83,0.7307
346,2078,car,690.05,0.0,725.95,22.45,0.7339
346,2123,bike,616.57,55.81,658.22,113.07,0.671
346,1916,bike,267.99,73.92,296.46,116.62,0.3577
346,2467,car,915.93,17.66,958.16,47.79,0.672
346,2183,bike,35.32,93.29,76.85,135.58,0.7296
346,2225,bike,596.08,6.08,612.34,32.78,0.6649
346,1835,bike,560.48,17.71,583.47,55.89,0.5626
346,2561,bike,1.29,98.27,19.92,146.14,0.4171
346,2495,car,455.72,1.49,492.42,41.11,0.3025
346,2480,bike,18.05,102.21,54.82,156.11,0.2667
347,1,car,659.85,171.32,774.21,265.74,0.9136
347,170,car,555.86,160.78,645.69,246.31,0.8909
347,655,car,791.65,34.84,889.45,75.79,0.8555
347,1378,car,590.52,251.42,701.41,363.72,0.9275
347,1402,bus,759.56,92.11,960.0,445.29,0.8537
347,1794,bike,120.66,84.7,163.79,133.54,0.7722
347,1538,bike,914.31,59.44,957.91,107.18,0.5234
347,2078,car,690.18,0.0,725.94,22.27,0.6903
347,2123,bike,617.91,56.44,658.76,112.69,0.6491
347,1916,bike,268.58,73.17,298.16,117.23,0.5019
347,2467,car,915.45,17.15,958.41,47.63,0.6882
347,2183,bike,36.21,93.36,77.51,135.35,0.7036
347,2225,bike,597.4,5.0,614.43,33.08,0.7682
347,1835,bike,559.06,17.31,582.26,56.09,0.7171
347,2561,bike,1.05,98.19,19.63,145.82,0.3378
347,2291,bus,301.6,1.69,349.45,43.63,0.2319
348,1,car,659.72,171.15,774.46,265.93,0.9152
348,170,car,555.77,160.65,645.69,246.29,0.8898
348,655,car,790.09,31.83,894.44,75.88,0.8607
348,1378,car,589.56,251.28,701.06,364.04,0.9228
348,1402,bus,759.76,91.95,959.72,444.09,0.845
348,1794,bike,122.57,84.05,164.6,131.58,0.5719
348,1538,bike,915.5,59.82,959.06,107.45,0.6247
348,2078,car,690.09,0.0,725.83,22.19,0.7088
348,2123,bike,620.06,56.62,661.19,113.18,0.6231
348,1916,bike,269.62,73.24,302.14,121.64,0.5389
348,2467,car,915.29,16.79,958.92,47.66,0.6512
348,2183,bike,37.86,93.19,78.73,134.8,0.7111
348,2225,bike,598.57,5.79,616.31,35.36,0.6788
348,1835,bike,555.75,17.11,579.28,55.82,0.6733
348,2242,bike,786.82,12.81,803.77,36.68,0.3117
348,2480,bike,20.22,102.87,56.42,156.0,0.2565
349,1,car,659.26,171.16,774.33,266.34,0.91
349,170,car,555.86,160.66,645.75,246.3,0.8928
349,655,car,791.43,31.4,896.06,75.86,0.861
349,1378,car,588.42,251.2,700.66,364.47,0.9258
349,1402,bus,759.74,91.81,959.9,444.46,0.8482
349,1794,bike,123.07,83.69,166.73,133.49,0.6824
349,1538,bike,916.08,60.4,960.0,108.95,0.62
349,2078,car,690.1,0.0,726.07,22.27,0.6903
349,2123,bike,621.63,56.4,659.91,109.34,0.5245
349,1916,bike,270.78,73.38,302.63,120.87,0.5992
349,2467,car,915.52,16.98,958.85,47.49,0.6635
349,2183,bike,38.41,93.15,79.75,135.22,0.6869
349,2225,bike,599.59,6.67,617.47,36.73,0.7176
349,1835,bike,555.68,16.37,579.14,55.39,0.5903
349,2242,bike,787.41,12.29,805.32,36.75,0.4412
349,2480,bike,19.68,102.9,56.32,156.79,0.2523
350,1,car,659.76,171.36,774.23,266.08,0.9135
350,170,car,555.51,160.2,645.8,246.34,0.8975
350,655,car,792.91,31.82,896.23,75.84,0.8548
350,1378,car,588.79,251.19,701.01,364.37,0.9274
350,1402,bus,759.77,91.88,959.9,444.56,0.8479
350,1794,bike,124.67,83.88,169.68,135.35,0.7051
350,1538,bike,917.34,61.39,960.0,108.55,0.6159
350,2078,car,690.02,0.0,725.97,22.18,0.7024
350,2123,bike,622.9,56.66,659.49,107.26,0.641
350,1916,bike,272.54,73.16,304.43,120.7,0.6093
350,2467,car,915.67,17.48,958.68,47.58,0.6281
350,2183,bike,40.02,93.62,81.13,135.5,0.6918
350,2225,bike,600.65,6.48,618.62,36.99,0.5384
350,1835,bike,553.69,15.75,577.28,55.01,0.2339
350,2242,bike,788.55,14.62,805.5,36.67,0.4243
350,2480,bike,21.16,103.83,57.4,157.11,0.4628
351,1,car,660.03,171.23,774.42,265.88,0.9158
351,170,car,555.74,160.62,645.65,246.43,0.8941
351,655,car,793.64,31.46,897.15,75.74,0.868
351,1378,car,588.74,251.22,700.68,363.9,0.9276
351,1402,bus,759.91,92.01,959.81,444.33,0.8489
351,1794,bike,125.9,84.01,170.59,135.09,0.7386
351,1538,rickshaw,918.65,61.78,960.0,109.54,0.328
351,2078,car,690.0,0.0,726.07,22.2,0.731
351,2123,bike,624.46,56.57,663.03,109.4,0.736
351,1916,bike,273.15,73.52,311.56,131.56,0.7053
351,2467,car,915.4,17.91,958.09,47.48,0.6205
351,2183,bike,41.15,93.23,82.15,135.02,0.7249
351,2225,bike,601.3,5.91,619.84,37.81,0.6324
351,1835,bike,553.02,16.06,574.77,51.94,0.318
351,2242,bike,789.19,15.88,805.81,36.53,0.2832
351,2480,bike,21.28,102.43,58.79,157.69,0.4524
351,2422,bike,363.09,76.55,390.58,123.83,0.3754
352,1,car,660.36,171.56,773.76,265.34,0.9123
352,170,car,555.77,160.6,645.58,246.36,0.8945
352,655,car,795.16,31.37,898.62,75.97,0.8926
352,1378,car,587.63,251.13,700.86,365.09,0.9284
352,1402,bus,760.09,91.91,959.47,443.24,0.8627
352,1794,bike,127.12,83.37,170.53,132.88,0.726
352,1538,rickshaw,920.41,62.18,960.0,110.52,0.2966
352,2078,car,690.1,0.0,726.11,22.09,0.7006
352,2123,bike,626.84,55.67,666.17,109.31,0.6644
352,1916,bike,274.08,73.71,312.72,132.71,0.6975
352,2467,car,914.89,17.95,957.98,47.53,0.6533
352,2183,bike,41.98,93.18,83.26,135.27,0.7285
352,2225,bike,602.0,4.45,620.81,37.35,0.2785
352,1835,bike,551.27,16.55,573.36,52.89,0.3909
353,1,car,659.96,171.16,774.17,265.68,0.9139
353,170,car,555.78,160.75,645.41,246.33,0.8887
353,655,car,798.43,32.32,899.65,76.24,0.8917
353,1378,car,588.41,251.21,700.82,364.23,0.9233
353,1402,bus,760.1,91.89,959.36,442.93,0.8463
353,1794,bike,129.23,83.93,172.45,133.17,0.6033
353,1538,bike,921.83,62.56,960.0,110.3,0.4654
353,2078,car,690.13,0.0,726.27,22.11,0.6626
353,2123,bike,629.79,55.47,669.35,109.67,0.6844
353,1916,bike,275.9,75.61,315.69,137.08,0.4984
353,2467,car,915.14,17.76,958.59,47.45,0.6977
353,2183,bike,42.83,93.03,84.68,135.83,0.6604
353,1835,bike,550.36,16.9,572.65,53.6,0.3519
353,2615,bike,685.66,20.15,699.73,48.52,0.4207
354,1,car,659.72,170.87,774.4,265.86,0.9136
354,170,car,555.8,160.33,645.64,246.14,0.8918
354,655,car,801.34,33.74,899.9,76.45,0.8531
354,1378,car,587.68,251.02,701.02,364.94,0.9269
354,1402,bus,760.17,91.68,959.12,442.02,0.8536
354,1794,bike,131.52,84.14,173.24,131.66,0.4809
354,1538,bike,922.89,63.19,960.0,111.08,0.4084
354,2078,car,689.89,0.0,726.15,22.16,0.6886
354,2123,bike,631.27,56.55,671.63,111.64,0.6959
354,1916,bike,276.62,74.55,315.78,136.52,0.4651
354,2467,car,915.61,18.22,958.58,47.4,0.6871
354,2183,bike,43.73,92.9,85.66,135.61,0.7159
354,2615,bike,684.5,20.43,699.17,50.01,0.427
354,2627,car,784.36,27.05,847.61,63.05,0.4083
354,2480,bike,24.43,102.72,59.99,155.31,0.4802
354,2422,bike,370.12,70.59,399.22,120.72,0.5462
355,1,car,660.27,171.35,774.11,265.56,0.9128
355,170,car,555.9,160.86,645.24,246.14,0.8885
355,655,car,803.11,34.74,899.46,76.09,0.8162
355,1378,car,587.72,251.18,700.91,364.85,0.9214
355,1402,bus,759.84,91.6,959.5,443.25,0.857
355,1794,bike,133.25,83.8,174.87,131.05,0.73
355,1538,rickshaw,924.34,63.98,960.0,111.35,0.3727
355,2078,car,689.94,0.0,726.29,22.16,0.6802
355,2123,bike,635.57,56.15,677.03,113.14,0.5638
355,1916,bike,278.93,73.55,317.52,135.2,0.6524
355,2467,car,915.63,17.98,958.83,47.19,0.6758
355,2183,bike,44.71,92.45,86.69,135.22,0.7304
355,2615,bike,683.12,20.57,698.3,51.16,0.2978
355,2627,car,781.22,27.82,843.97,63.54,0.4205
355,2637,bike,180.62,50.92,208.67,80.65,0.3905
355,2480,bike,26.05,103.32,60.27,154.3,0.3919
355,2422,bike,371.61,70.38,401.75,122.19,0.523
355,2420,bike,678.37,46.23,697.36,86.59,0.4494
356,1,car,660.32,171.23,774.1,265.38,0.9139
356,170,car,555.98,160.84,645.31,246.1,0.8905
356,655,car,805.96,35.2,900.99,75.75,0.8763
356,1378,car,588.21,251.1,701.42,364.83,0.9267
356,1402,bus,759.46,91.61,959.97,445.02,0.849
356,1794,bike,133.52,83.63,177.51,133.53,0.6451
356,1538,rickshaw,925.62,64.64,960.0,111.82,0.3646
356,2078,car,689.83,0.0,726.12,22.13,0.6847
356,2123,bike,639.13,56.29,681.53,114.21,0.7181
356,1916,bike,280.68,72.94,317.8,132.83,0.6396
356,2467,car,915.25,17.73,958.9,47.12,0.6345
356,2183,bike,45.38,92.53,87.46,135.44,0.7751
356,2627,car,775.88,26.88,841.11,64.11,0.5369
356,2637,bike,182.03,51.3,209.97,80.94,0.3651
356,2480,bike,27.45,102.37,60.58,152.15,0.4919
356,2422,bike,376.29,69.23,404.27,117.57,0.5389
356,2650,bike,429.03,12.78,453.75,45.92,0.3412
356,2420,bike,677.06,47.6,695.45,87.0,0.3453
357,1,car,660.32,171.14,774.17,265.29,0.9179
357,170,car,555.73,160.21,645.62,246.08,0.8944
357,655,car,809.8,35.53,904.41,75.8,0.8947
357,1378,car,587.66,250.96,701.7,365.57,0.9206
357,1402,bus,758.97,91.61,960.0,447.39,0.8481
357,1794,bike,134.9,83.4,179.54,134.16,0.574
357,2078,car,689.96,0.0,726.12,21.98,0.616
357,2123,bike,641.18,56.05,684.32,114.22,0.6855
357,1916,bike,281.98,72.25,315.36,126.48,0.6376
357,2467,car,915.27,17.77,958.87,46.98,0.6169
357,2183,bike,43.87,92.11,87.9,136.99,0.7513
357,2627,car,771.46,25.91,839.35,64.83,0.6186
357,2637,bike,185.01,50.71,213.09,80.71,0.3308
357,2422,bike,378.2,68.26,407.34,118.49,0.528
357,2650,bike,427.55,12.96,452.19,46.04,0.469
357,2225,bike,608.39,2.93,625.8,33.24,0.4794
358,1,car,659.91,170.74,774.55,265.6,0.9177
358,170,car,555.8,160.17,645.67,246.06,0.895
358,655,car,811.78,35.73,906.46,76.03,0.8964
358,1378,car,587.51,250.83,701.32,365.15,0.9203
358,1402,bus,759.34,91.35,960.0,446.05,0.8488
358,1794,bike,135.79,83.15,180.32,134.18,0.7794
358,2078,car,689.83,0.0,725.84,21.88,0.6458
358,2123,bike,642.06,55.25,685.53,113.45,0.7758
358,1916,bike,283.58,71.97,316.81,126.24,0.5986
358,2467,car,915.0,17.4,959.09,46.85,0.5639
358,2183,bike,45.68,92.81,88.83,136.95,0.6927
358,2627,car,768.33,25.38,836.09,64.37,0.5893
358,2422,bike,380.19,68.6,410.02,119.64,0.4856
358,2225,bike,609.53,3.08,626.84,32.86,0.6177
358,1835,bike,540.9,11.51,566.75,54.84,0.3618
358,1538,bike,928.54,64.59,960.0,111.19,0.4928
358,2420,bike,674.6,47.75,692.22,85.71,0.2317
359,1,car,659.67,170.55,775.02,266.14,0.9181
359,170,car,555.88,160.33,645.56,246.03,0.8927
359,655,car,814.29,35.81,908.37,75.76,0.8824
359,1378,car,588.08,250.87,701.36,364.63,0.9139
359,1402,bus,759.67,91.21,959.61,444.09,0.8462
359,1794,bike,137.41,82.91,182.34,134.61,0.717
359,2078,car,690.08,0.0,725.84,21.68,0.6553
359,2123,bike,644.01,54.13,687.91,112.55,0.6756
359,1916,bike,285.93,71.74,317.8,123.55,0.62
359,2467,car,914.78,17.39,958.88,46.69,0.5885
359,2183,bike,44.59,92.73,88.94,137.82,0.6346
359,2627,car,766.63,25.31,833.91,64.12,0.7862
359,2422,bike,384.38,67.56,413.8,118.05,0.6118
359,2225,bike,610.46,3.24,627.64,32.53,0.718
359,1835,bike,537.09,5.84,564.78,53.08,0.4946
359,1538,car,929.36,64.04,960.0,113.05,0.3543
359,2615,bike,678.56,24.08,693.29,53.48,0.3738
360,1,car,660.11,170.52,774.75,265.52,0.9178
360,170,car,555.83,160.45,645.33,245.94,0.8933
360,655,car,816.01,35.63,910.71,75.8,0.8681
360,1378,car,587.32,250.97,701.0,364.97,0.9135
360,1402,bus,759.98,91.04,959.41,442.95,0.8544
360,1794,bike,138.67,82.87,183.93,134.85,0.5546
360,2078,car,690.19,0.0,726.16,21.75,0.5301
360,2123,bike,645.14,54.82,689.52,112.41,0.8519
360,1916,bike,288.19,71.83,317.64,119.59,0.5553
360,2467,car,914.67,17.69,958.59,46.67,0.6631
360,2183,bike,45.88,93.07,88.68,135.76,0.525
360,2627,car,765.11,25.05,832.95,64.24,0.7852
360,2422,bike,388.18,66.74,417.08,116.59,0.6016
360,2225,bike,611.83,4.2,628.76,33.01,0.6715
360,1835,bike,535.5,3.73,563.53,52.46,0.5121
360,2615,bike,677.58,24.97,692.37,54.11,0.3297
361,1,car,660.02,170.63,774.36,265.42,0.917
361,170,car,555.66,159.9,645.67,245.91,0.8929
361,655,car,817.77,35.82,912.65,75.82,0.8833
361,1378,car,588.23,250.98,701.16,364.21,0.9088
361,1402,bus,759.79,91.04,959.54,443.51,0.8464
361,1794,bike,139.1,82.69,184.91,135.78,0.6364
361,2078,car,690.04,0.0,725.98,21.68,0.5785
361,2123,bike,647.61,55.37,691.61,111.09,0.8264
361,1916,bike,288.24,71.36,319.6,122.49,0.4257
361,2467,car,914.73,17.63,958.9,46.67,0.6454
361,2183,bike,44.13,93.04,88.05,136.0,0.5481
361,2627,car,762.07,24.28,831.32,64.53,0.592
361,2422,bike,391.07,66.64,419.99,116.75,0.4923
361,2225,bike,613.05,3.93,630.16,33.3,0.7247
362,1,car,659.57,170.44,774.59,265.9,0.917
362,170,car,555.9,160.15,645.65,245.88,0.8932
362,655,car,820.39,35.98,915.06,75.76,0.8928
362,1378,car,587.54,250.8,700.94,364.37,0.9044
362,1402,bus,759.78,90.88,959.35,442.95,0.851
362,1794,bike,141.28,82.36,186.28,134.62,0.4828
362,2078,car,690.17,0.0,726.03,21.61,0.5113
362,2123,bike,651.25,54.29,696.23,110.98,0.7489
362,1916,bike,289.75,71.58,323.58,127.48,0.4346
362,2467,car,914.22,17.4,958.88,46.63,0.691
362,2183,bike,44.47,93.11,88.87,135.6,0.5735
362,2627,car,761.04,24.22,830.95,64.71,0.6653
362,2422,bike,393.71,68.79,421.96,117.12,0.2418
362,2225,bike,613.82,3.9,630.93,33.54,0.6828
362,2615,bike,675.77,23.14,691.46,53.74,0.3493
363,1,car,659.61,170.24,775.04,266.14,0.9183
363,170,car,555.81,160.35,645.42,245.95,0.898
363,655,car,822.39,35.93,917.4,75.8,0.8932
363,1378,car,586.68,250.7,700.91,364.96,0.906
363,1402,bus,759.48,90.88,959.57,443.92,0.8578
363,1794,bike,141.59,82.71,187.12,136.07,0.6328
363,2078,car,690.26,0.0,726.08,21.53,0.6534
363,2123,bike,652.77,51.24,699.63,110.4,0.8102
363,1916,bike,291.56,71.37,326.38,129.17,0.4876
363,2467,car,914.81,17.64,959.2,46.63,0.6853
363,2183,bike,43.15,92.92,92.05,139.57,0.6473
363,2627,car,760.76,24.05,831.45,64.65,0.6763
363,2225,bike,614.53,3.55,631.77,33.79,0.5649
363,2615,bike,674.96,21.7,691.18,53.13,0.4971
364,1,car,659.98,170.44,774.61,265.7,0.9173
364,170,car,555.68,160.12,645.37,245.83,0.9006
364,655,car,823.48,35.86,918.4,75.64,0.9174
364,1378,car,586.27,250.58,701.11,365.4,0.9202
364,1402,bus,759.37,90.82,959.81,444.63,0.8588
364,1794,bike,144.11,82.65,188.91,135.41,0.6825
364,2078,car,690.3,0.0,726.13,21.45,0.4463
364,2123,bike,653.27,47.08,703.35,110.73,0.797
364,1916,bike,293.39,70.38,326.1,124.99,0.5143
364,2467,car,914.28,17.63,958.87,46.57,0.5617
364,2183,bike,43.99,92.16,94.64,140.6,0.5771
364,2627,car,760.04,25.48,829.6,64.84,0.7131
364,2225,bike,615.07,3.18,632.12,33.37,0.636
364,2615,bike,673.68,21.23,690.21,53.16,0.3491
365,1,car,659.92,170.56,774.3,265.63,0.9154
365,170,car,555.66,160.17,645.28,245.83,0.8968
365,655,car,823.84,35.86,919.15,75.7,0.9187
365,1378,car,585.98,250.56,700.96,365.42,0.9125
365,1402,bus,758.63,90.8,960.0,447.54,0.8407
365,1794,bike,145.12,81.65,190.66,135.77,0.6327
365,2078,car,690.13,0.0,726.12,21.5,0.5853
365,2123,bike,654.45,46.58,703.6,109.09,0.737
365,1916,bike,294.35,69.12,325.1,120.46,0.6173
365,2467,car,913.84,17.18,959.19,46.56,0.6684
365,2183,bike,46.63,91.87,95.81,138.92,0.5904
365,2627,car,758.15,25.47,828.43,64.78,0.7551
365,2225,bike,615.72,2.96,632.62,33.03,0.7364
365,2615,bike,672.18,20.61,689.17,53.31,0.3704
366,1,car,659.76,170.17,774.69,265.79,0.9186
366,170,car,555.52,159.93,645.28,245.73,0.8968
366,655,car,826.2,35.84,921.73,75.63,0.8635
366,1378,car,586.58,250.53,701.23,365.07,0.9066
366,1402,bus,759.16,90.71,959.94,445.55,0.8441
366,1794,bike,148.03,82.16,192.17,134.6,0.5324
366,2078,car,690.25,0.0,726.22,21.4,0.6159
366,2123,bike,655.47,44.65,707.38,110.61,0.8043
366,1916,bike,295.66,67.07,325.65,117.1,0.557
366,2467,car,914.03,17.33,959.13,46.44,0.6331
366,2183,bike,46.06,90.93,96.59,139.06,0.5738
366,2627,car,756.48,26.27,826.95,65.0,0.6661
366,2225,bike,616.05,2.37,632.93,32.55,0.7305
366,2615,bike,670.84,19.71,688.04,52.55,0.5035
367,1,car,660.05,170.26,774.42,265.39,0.9185
367,170,car,555.42,159.17,645.67,245.57,0.8986
367,655,car,828.0,35.73,924.53,75.79,0.831
367,1378,car,586.24,250.42,701.4,365.46,0.9074
367,1402,bus,759.53,90.73,959.54,444.13,0.8425
367,1794,bike,149.82,82.36,194.2,135.01,0.7694
367,2078,car,690.18,0.0,726.09,21.29,0.5981
367,2123,bike,652.1,45.04,700.02,107.75,0.5968
367,1916,bike,295.75,69.17,324.31,117.04,0.3608
367,2467,car,914.29,17.21,959.47,46.34,0.553
367,2183,bike,45.46,90.36,97.69,140.16,0.6273
367,2627,car,753.89,25.16,827.42,64.95,0.5969
367,2225,bike,616.65,3.16,632.9,32.5,0.7346
367,2615,bike,669.6,18.66,687.47,52.49,0.6218
368,1,car,660.07,169.94,774.8,265.39,0.9179
368,170,car,555.24,158.95,645.54,245.48,0.8987
368,655,car,828.52,35.08,927.07,75.85,0.823
368,1378,car,586.21,250.23,701.49,365.34,0.8933
368,1402,bus,759.36,90.56,959.65,444.46,0.8519
368,1794,bike,151.22,82.36,195.27,134.57,0.7908
368,2078,car,690.12,0.0,725.77,21.06,0.6696
368,2123,bike,651.18,42.0,697.15,104.01,0.702
368,1916,bike,296.39,69.54,323.34,115.1,0.2887
368,2467,car,914.57,17.31,959.6,46.31,0.5375
368,2183,bike,43.41,88.98,100.14,143.67,0.7563
368,2627,car,752.05,24.77,827.5,65.0,0.7532
368,2225,bike,617.66,2.94,633.63,31.9,0.7729
368,2615,bike,669.15,18.23,686.92,51.45,0.486
369,1,car,659.74,169.91,774.69,265.63,0.9158
369,170,car,555.7,159.78,645.18,245.46,0.8945
369,655,car,832.76,35.49,929.76,75.58,0.8676
369,1378,car,584.38,250.19,701.63,367.59,0.8954
369,1402,bus,759.32,90.47,959.68,444.52,0.8541
369,1794,bike,152.72,82.2,196.4,134.0,0.8129
369,2078,car,690.36,0.0,726.02,20.93,0.6273
369,2123,bike,652.32,42.41,696.35,103.16,0.585
369,2467,car,914.88,17.42,959.64,46.21,0.6024
369,2183,bike,45.56,88.5,100.97,142.36,0.8039
369,2627,car,750.25,25.51,826.35,65.35,0.8171
369,2225,bike,618.58,2.5,634.36,31.19,0.7379
369,2615,bike,668.58,18.63,686.18,51.0,0.3993
369,2765,bike,0.66,64.77,37.32,107.27,0.4449
370,1,car,660.04,169.96,774.37,265.16,0.9167
370,170,car,555.69,159.72,645.24,245.48,0.8968
370,655,car,835.57,35.7,931.66,75.45,0.8675
370,1378,car,585.02,249.91,701.25,366.17,0.9046
370,1402,bus,759.44,90.52,959.69,444.41,0.85
370,1794,bike,153.6,82.56,198.81,136.56,0.6968
370,2078,car,690.25,0.0,726.04,20.94,0.5741
370,2123,bike,652.94,42.38,695.08,102.05,0.6947
370,2467,car,914.51,16.84,959.93,46.09,0.6313
370,2183,bike,49.85,88.32,102.04,139.54,0.8226
370,2627,car,747.39,25.15,825.56,65.49,0.776
370,2225,bike,619.85,2.24,635.16,30.1,0.766
370,2615,bike,668.0,18.81,685.11,49.66,0.3484
371,1,car,659.74,169.61,774.49,265.28,0.9183
371,170,car,555.59,159.37,645.36,245.44,0.8981
371,655,car,839.13,35.68,934.96,75.2,0.8723
371,1378,car,584.41,249.96,700.97,366.69,0.8884
371,1402,bus,759.82,90.49,959.11,442.41,0.8561
371,1794,bike,155.62,82.7,200.73,136.63,0.8072
371,2078,car,690.09,0.0,725.71,20.76,0.5396
371,2123,bike,653.95,42.37,695.77,102.64,0.7849
371,2467,car,914.79,16.96,959.74,45.87,0.5287
371,2183,bike,51.43,87.15,103.32,138.73,0.8449
371,2627,car,746.05,26.22,824.4,66.01,0.7651
371,2225,bike,620.93,1.67,635.92,28.83,0.693
371,2615,bike,666.68,18.19,683.93,48.86,0.3547
371,2781,bike,426.83,66.34,484.49,123.04,0.5014
371,2783,bike,525.89,13.81,544.61,47.78,0.408
372,1,car,659.94,169.24,774.18,264.46,0.916
372,170,car,555.63,159.39,645.22,245.3,0.8945
372,655,car,841.89,35.81,937.58,75.15,0.8526
372,1378,car,586.07,249.93,701.47,365.55,0.906
372,1402,bus,759.45,90.27,959.66,443.92,0.8503
372,1794,bike,156.07,81.64,201.53,136.57,0.7546
372,2078,car,690.15,0.0,725.65,20.6,0.4825
372,2123,bike,654.34,40.82,695.31,100.74,0.5828
372,2467,car,914.61,16.72,959.68,45.69,0.5247
372,2183,bike,53.1,86.08,104.68,138.02,0.8332
372,2627,car,743.1,26.38,822.14,65.97,0.7885
372,2225,bike,621.71,1.38,636.82,28.44,0.7195
372,2615,bike,664.79,17.15,682.98,49.46,0.2432
372,2781,bike,429.37,66.05,485.2,121.0,0.6207
372,2783,bike,524.69,14.11,543.46,48.12,0.4919
372,2794,bike,691.98,61.73,721.56,109.72,0.4797
372,1916,bike,303.51,68.9,330.81,114.85,0.5439
373,1,car,659.59,169.22,774.42,265.06,0.9163
373,170,car,555.88,159.43,645.21,245.06,0.8941
373,655,car,843.04,34.49,942.02,75.33,0.8561
373,1378,car,585.38,250.04,701.02,365.8,0.9054
373,1402,bus,759.74,90.17,959.33,442.6,0.8599
373,1794,bike,157.39,82.04,202.24,136.89,0.6555
373,2078,car,690.0,0.0,725.52,20.5,0.5542
373,2123,bike,654.37,39.05,695.95,100.55,0.6392
373,2467,car,913.53,14.94,960.0,46.22,0.4098
373,2183,bike,55.06,85.07,106.25,137.32,0.8225
373,2627,car,740.76,26.72,820.46,66.16,0.808
373,2225,bike,622.94,1.12,637.85,27.44,0.738
373,2615,bike,664.65,17.22,681.44,46.68,0.2474
373,2781,bike,432.49,66.15,487.54,120.46,0.7774
373,2783,bike,523.84,12.89,542.71,47.04,0.4043
373,1916,bike,306.36,69.01,334.12,114.92,0.5517
374,1,car,659.81,169.21,774.12,264.65,0.9163
374,170,car,555.92,159.8,645.13,245.27,0.8943
374,655,car,845.34,34.35,944.46,75.33,0.8573
374,1378,car,586.02,249.84,701.06,365.05,0.8997
374,1402,bus,759.78,90.16,959.32,442.4,0.8582
374,1794,bike,158.32,82.0,202.88,137.22,0.4833
374,2078,car,689.91,0.0,725.47,20.48,0.5124
374,2123,bike,655.59,41.55,695.63,100.33,0.2749
374,2467,car,913.39,16.3,960.0,47.65,0.4056
374,2183,bike,55.79,84.8,107.39,138.0,0.8143
374,2627,car,736.75,25.68,819.07,66.15,0.8244
374,2225,bike,623.74,1.03,638.63,27.24,0.5814
374,2615,bike,664.22,16.76,680.63,45.68,0.2976
374,2781,bike,434.84,65.6,490.19,120.47,0.871
374,2783,bike,521.88,9.55,542.0,45.88,0.4749
374,1916,bike,307.35,68.68,335.1,114.7,0.4454
374,2802,bike,298.31,31.93,316.77,62.85,0.4013
374,2803,bike,543.31,0.31,557.59,16.68,0.3447
375,1,car,659.21,168.8,774.22,264.9,0.9149
375,170,car,555.81,159.76,645.05,245.27,0.8991
375,655,car,846.61,34.07,947.2,75.81,0.8567
375,1378,car,586.81,249.82,701.28,364.44,0.9008
375,1402,bus,759.4,90.12,959.6,443.57,0.8543
375,1794,bike,160.21,82.08,203.61,136.16,0.6058
375,2078,car,689.74,0.0,725.39,20.51,0.4695
375,2467,car,909.83,16.29,960.0,52.93,0.3186
375,2183,bike,58.54,83.99,109.5,137.16,0.6999
375,2627,car,734.29,25.75,816.74,66.06,0.8304
375,2225,bike,624.54,1.06,639.5,27.47,0.5123
375,2615,bike,663.32,15.42,680.01,45.14,0.3182
375,2781,bike,437.13,64.54,492.87,120.25,0.8276
375,2783,bike,519.01,7.4,540.21,45.43,0.2505
375,2802,bike,294.97,31.43,313.99,63.13,0.3154
376,1,car,659.44,168.82,774.31,264.89,0.916
376,170,car,555.66,159.5,644.98,245.16,0.8964
376,655,car,850.75,35.14,946.74,74.77,0.8474
376,1378,car,585.77,249.76,701.13,365.27,0.9142
376,1402,bus,759.28,90.06,959.68,443.88,0.8534
376,1794,bike,161.33,81.46,203.36,134.1,0.5811
376,2078,car,689.97,0.0,725.63,20.46,0.3735
376,2183,bike,62.01,84.0,111.15,135.58,0.6838
376,2627,car,732.71,25.9,815.27,66.04,0.8023
376,2225,bike,625.22,1.17,639.86,27.02,0.3338
376,2615,bike,662.06,15.28,679.56,46.72,0.4064
376,2781,bike,441.05,64.55,495.59,119.34,0.8106
376,2794,bike,696.23,61.55,727.03,110.6,0.3218
376,1916,bike,310.28,69.24,338.65,116.65,0.2899
377,1,car,659.48,168.88,774.04,264.72,0.9133
377,170,car,555.68,159.83,644.76,245.24,0.8972
377,655,car,853.34,35.51,948.41,74.82,0.8221
377,1378,car,585.61,249.67,700.88,365.0,0.9163
377,1402,bus,759.43,90.06,959.41,443.02,0.8501
377,1794,bike,163.15,82.33,205.21,135.32,0.6746
377,2078,car,689.81,0.0,725.48,20.43,0.4645
377,2183,bike,66.25,83.9,113.24,133.28,0.2665
377,2627,car,729.96,25.07,814.63,66.16,0.7895
377,2225,bike,625.47,1.13,640.22,27.23,0.416
377,2615,bike,661.05,15.63,679.23,48.62,0.4241
377,2781,bike,442.8,64.02,497.98,120.11,0.8182
377,1916,bike,312.36,69.34,341.31,117.47,0.2793
377,2802,bike,288.65,29.3,309.38,63.69,0.3704
378,1,car,659.66,169.11,773.66,264.51,0.9131
378,170,car,555.95,160.12,644.77,245.17,0.8942
378,655,car,854.94,35.45,951.1,75.32,0.833
378,1378,car,585.81,249.61,700.98,364.85,0.8923
378,1402,bus,759.35,90.05,959.24,442.7,0.8605
378,1794,bike,166.91,82.68,205.13,130.28,0.5994
378,2078,car,689.39,0.0,725.06,20.43,0.5245
378,2183,bike,68.26,84.11,114.26,132.28,0.3135
378,2627,car,727.71,25.15,812.91,66.37,0.7892
378,2615,bike,660.08,16.65,678.5,50.29,0.3124
378,2781,bike,443.87,63.95,498.19,120.09,0.7889
378,1916,bike,314.66,68.5,344.58,117.98,0.2639
378,2802,bike,287.06,29.88,307.55,63.83,0.3789
378,2765,car,5.33,64.22,39.21,102.39,0.4173
379,1,car,659.57,168.81,774.18,264.83,0.9158
379,170,car,555.85,160.09,644.74,245.17,0.8957
379,655,car,857.04,35.26,953.93,75.4,0.8364
379,1378,car,584.92,249.46,701.24,365.89,0.9074
379,1402,bus,758.76,90.09,959.85,445.06,0.8419
379,1794,bike,168.1,81.82,207.1,130.37,0.6909
379,2078,car,689.24,0.0,724.97,20.49,0.4889
379,2183,bike,70.25,84.31,115.56,131.52,0.5332
379,2627,car,726.06,25.37,811.36,66.61,0.7856
379,2615,bike,658.46,17.02,677.37,51.62,0.4295
379,2781,bike,448.35,63.93,502.08,120.11,0.7694
379,1916,bike,315.89,68.34,346.06,118.43,0.2751
380,1,car,659.79,168.81,774.0,264.54,0.9152
380,170,car,555.34,159.48,644.89,245.26,0.8987
380,655,car,859.63,35.33,956.12,75.29,0.8281
380,1378,car,585.92,249.38,701.87,365.67,0.898
380,1402,bus,758.87,90.1,959.58,444.37,0.8629
380,1794,bike,169.4,81.06,208.57,129.7,0.7565
380,2078,car,689.27,0.0,724.97,20.48,0.5817
380,2183,bike,73.11,82.85,120.18,131.54,0.5686
380,2627,car,725.75,26.02,809.98,66.79,0.7013
380,2615,bike,657.72,18.02,676.18,51.84,0.4406
380,2781,bike,451.71,64.81,504.05,120.3,0.8082
380,1916,bike,316.91,67.79,346.84,117.99,0.3984
381,1,car,659.57,168.74,774.09,264.84,0.9141
381,170,car,555.0,158.77,645.09,245.18,0.8992
381,655,car,860.93,34.56,958.56,75.06,0.83
381,1378,car,586.54,249.56,701.62,365.11,0.9134
381,1402,bus,759.15,90.05,959.38,443.35,0.8605
381,1794,bike,172.3,81.17,208.73,126.0,0.6373
381,2078,car,689.11,0.0,724.9,20.54,0.6609
381,2183,bike,74.35,82.11,123.15,132.19,0.5737
381,2627,car,723.88,26.12,807.92,66.79,0.7109
381,2615,bike,656.87,17.34,674.81,50.08,0.3987
381,2781,bike,456.68,65.34,507.03,119.15,0.8373
381,1916,bike,318.71,66.7,348.82,117.27,0.3904
381,1835,bike,503.03,6.83,524.59,43.55,0.4575
382,1,car,659.6,168.92,773.77,264.8,0.9116
382,170,car,555.57,159.76,644.61,245.05,0.8952
382,655,car,863.19,34.65,960.0,75.01,0.8005
382,1378,car,585.38,249.47,701.31,365.91,0.9174
382,1402,bus,759.05,90.09,959.69,444.21,0.8558
382,1794,bike,174.44,81.9,208.84,123.63,0.5645
382,2078,car,689.0,0.0,724.7,20.5,0.5479
382,2183,bike,77.19,81.86,126.27,132.0,0.6097
382,2627,car,720.77,26.37,805.25,67.12,0.7761
382,2615,bike,655.75,18.3,674.17,51.85,0.3955
382,2781,bike,459.53,65.24,510.35,119.99,0.8387
382,1916,bike,317.99,68.25,346.81,117.44,0.3395
382,2872,bike,683.21,49.52,710.23,95.25,0.3872
382,1835,bike,501.61,4.97,523.53,42.76,0.4416
382,2802,bike,276.62,38.2,293.27,64.84,0.417
383,1,car,659.83,169.01,773.83,264.83,0.9135
383,170,car,555.44,159.69,644.53,245.0,0.8955
383,655,car,864.43,34.59,960.0,75.46,0.7942
383,1378,car,586.06,249.47,701.56,365.62,0.9064
383,1402,bus,758.93,90.17,959.53,444.16,0.8599
383,1794,bike,176.42,82.32,210.46,122.96,0.5045
383,2078,car,688.91,0.0,724.63,20.53,0.4764
383,2183,bike,82.06,82.38,129.37,129.98,0.5328
383,2627,car,719.59,27.83,802.38,67.49,0.7243
383,2615,bike,654.45,18.24,673.07,52.24,0.3949
383,2781,bike,461.07,65.31,512.08,121.07,0.7543
383,2872,bike,685.7,49.6,710.64,91.81,0.3069
383,2765,car,19.46,66.74,59.43,105.34,0.6204
384,1,car,659.8,169.17,773.39,264.7,0.9111
384,170,car,555.24,160.0,644.28,245.26,0.8972
384,655,car,865.84,34.21,960.0,75.53,0.8002
384,1378,car,586.03,249.31,701.31,365.3,0.909
384,1402,bus,758.87,90.21,959.55,444.33,0.853
384,1794,bike,178.3,82.21,212.93,122.78,0.6415
384,2078,car,688.92,0.0,724.63,20.54,0.62
384,2183,bike,91.56,81.16,135.89,126.44,0.6596
384,2627,car,718.45,28.48,800.12,67.4,0.7679
384,2615,bike,653.52,18.72,671.75,51.94,0.3065
384,2781,bike,463.21,64.67,513.93,121.1,0.6923
384,2872,bike,684.8,50.3,711.59,95.55,0.3828
384,2895,bike,716.16,59.25,753.92,107.6,0.4668
384,2765,car,18.5,66.87,64.31,106.5,0.6439
385,1,car,659.59,169.09,773.46,264.92,0.9121
385,170,car,555.0,159.16,644.76,245.22,0.8988
385,655,car,868.51,34.62,960.0,75.17,0.8144
385,1378,car,585.58,249.44,700.85,365.39,0.9189
385,1402,bus,758.87,90.2,959.63,444.49,0.8426
385,1794,bike,179.78,81.71,215.0,122.45,0.6149
385,2078,car,688.81,0.0,724.44,20.51,0.6038
385,2183,bike,95.76,80.36,139.47,125.51,0.7265
385,2627,car,716.45,27.98,799.36,67.41,0.742
385,2781,bike,466.8,64.14,518.06,121.75,0.7789
385,2765,car,19.44,66.58,69.34,106.41,0.6938
385,2902,bike,62.48,85.97,96.54,144.75,0.3782
386,1,car,659.97,169.52,772.86,264.48,0.9115
386,170,car,555.03,159.38,644.66,245.34,0.898
386,655,car,871.03,35.2,960.0,74.91,0.8189
386,1378,car,585.29,249.49,701.24,366.27,0.9198
386,1402,bus,758.91,90.15,959.61,444.33,0.8562
386,1794,bike,180.54,82.15,217.78,124.74,0.6618
386,2078,car,688.69,0.0,724.41,20.58,0.6692
386,2183,bike,101.05,79.95,141.04,121.72,0.6831
386,2627,car,714.44,28.26,796.56,67.0,0.7701
386,2781,bike,470.29,63.74,520.95,121.14,0.8266
386,2765,car,20.04,66.55,72.98,106.02,0.4787
387,1,car,660.15,169.58,772.88,264.4,0.9129
387,170,car,555.35,159.8,644.38,245.13,0.8936
387,655,car,873.34,35.09,960.0,74.74,0.8397
387,1378,car,586.42,249.52,700.9,364.74,0.9105
387,1402,bus,758.9,90.16,959.56,444.24,0.8562
387,1794,bike,180.62,81.56,220.61,127.39,0.6061
387,2078,car,688.62,0.0,724.31,20.6,0.4221
387,2183,bike,102.38,79.81,143.07,122.37,0.742
387,2627,car,713.35,28.55,794.7,66.64,0.7881
387,2781,bike,472.55,63.51,523.16,121.45,0.8646
387,2765,car,14.82,65.16,68.85,105.06,0.3307
387,2895,bike,722.89,58.74,759.07,104.82,0.3093
387,2902,bike,62.49,83.2,99.43,147.0,0.2406
388,1,car,660.36,169.64,772.75,264.15,0.9113
388,170,car,554.76,159.23,644.33,245.16,0.8975
388,655,car,875.03,35.04,960.0,74.64,0.7539
388,1378,car,586.04,249.4,700.8,364.93,0.9096
388,1402,bus,758.44,90.11,959.98,445.97,0.8506
388,1794,bike,180.24,80.53,224.44,131.93,0.6742
388,2078,car,688.85,0.0,724.24,20.42,0.5423
388,2183,bike,105.16,78.84,147.06,122.83,0.6607
388,2627,car,709.25,27.7,794.3,67.54,0.7392
388,2781,bike,474.59,64.03,524.93,122.12,0.8587
388,2765,car,17.65,64.6,75.87,105.77,0.5069
388,2895,bike,725.0,59.53,762.66,107.46,0.3091
388,1916,bike,327.58,64.91,357.53,116.56,0.5515
388,2802,bike,260.8,42.66,277.27,67.21,0.3896
389,1,car,660.14,169.54,772.98,264.43,0.9124
389,170,car,554.52,158.71,644.68,245.36,0.9023
389,655,car,877.07,35.05,960.0,74.57,0.7554
389,1378,car,585.27,249.37,700.37,365.13,0.9144
389,1402,bus,758.73,90.11,959.72,444.96,0.8577
389,1794,bike,182.54,80.67,224.36,129.49,0.5525
389,2078,car,688.98,0.0,724.3,20.4,0.5474
389,2183,bike,104.41,79.05,148.04,124.47,0.7676
389,2627,car,705.83,27.85,792.8,68.58,0.716
389,2781,bike,477.16,63.96,526.98,121.49,0.8596
389,2765,car,18.01,64.74,75.32,104.22,0.5358
389,2895,bike,728.05,59.59,766.2,108.26,0.4947
389,1916,bike,330.41,65.82,360.1,116.87,0.6049
389,2615,bike,648.13,21.46,670.46,62.04,0.3684
390,1,car,660.35,169.97,772.85,264.46,0.9134
390,170,car,554.78,159.03,644.42,245.22,0.8999
390,655,car,879.66,35.34,960.0,74.67,0.7916
390,1378,car,586.23,249.36,700.62,364.49,0.9047
390,1402,bus,758.59,90.2,959.76,445.47,0.8475
390,1794,bike,182.77,81.13,227.59,134.18,0.6681
390,2078,car,688.73,0.0,724.27,20.56,0.6468
390,2183,bike,107.86,78.82,151.61,124.57,0.7546
390,2627,car,706.61,28.75,791.23,68.4,0.8019
390,2781,bike,481.1,63.57,530.94,121.24,0.8918
390,2765,car,24.83,65.69,83.55,103.96,0.6366
390,1916,bike,332.94,67.31,362.25,117.18,0.4969
390,2615,bike,648.23,21.82,670.16,61.64,0.338
390,2802,bike,253.68,43.16,271.82,68.46,0.3916
391,1,car,660.23,170.28,772.76,264.74,0.9111
391,170,car,555.04,159.53,644.16,245.2,0.8955
391,655,car,881.4,35.03,960.0,74.67,0.796
391,1378,car,586.16,249.55,700.71,364.83,0.9173
391,1402,bus,758.84,90.16,959.61,444.74,0.8515
391,1794,bike,184.19,81.44,229.49,135.77,0.7566
391,2078,car,688.63,0.0,724.3,20.68,0.6492
391,2183,bike,112.26,79.08,154.73,123.83,0.7107
391,2627,car,700.91,28.57,791.9,71.75,0.8038
391,2781,bike,483.2,63.33,532.49,120.53,0.8321
391,2765,car,26.6,66.18,87.11,104.17,0.6846
391,1916,bike,335.43,67.73,365.28,117.81,0.5258
391,2615,bike,647.16,21.03,669.6,62.46,0.2352
391,2802,bike,250.48,42.92,269.33,68.12,0.3559
391,2895,bike,733.15,60.28,769.55,106.35,0.2543
392,1,car,660.33,170.5,772.92,264.92,0.9119
392,170,car,554.93,159.44,644.22,245.32,0.8997
392,655,car,876.1,27.11,960.0,74.49,0.6327
392,1378,car,585.99,249.36,700.55,364.67,0.9129
392,1402,bus,758.54,90.09,959.94,445.99,0.8574
392,1794,bike,186.83,81.46,233.54,138.21,0.6045
392,2078,car,688.51,0.0,724.34,20.81,0.6813
392,2183,bike,113.85,78.43,158.26,125.42,0.492
392,2627,car,698.73,28.79,791.96,73.64,0.831
392,2781,bike,487.72,63.68,536.97,120.18,0.771
392,2765,car,26.01,66.16,86.38,103.46,0.6554
392,1916,bike,337.18,67.49,367.16,117.37,0.585
392,2902,bike,70.09,81.26,111.2,151.38,0.4586
393,1,car,659.98,170.22,773.24,265.22,0.9109
393,170,car,554.86,159.77,643.99,245.49,0.9005
393,655,car,879.88,28.43,960.0,74.44,0.6864
393,1378,car,586.18,249.52,700.37,364.4,0.9196
393,1402,bus,758.29,90.16,960.0,446.98,0.8536
393,1794,bike,189.18,81.6,233.18,135.46,0.543
393,2078,car,688.6,0.0,724.34,20.8,0.6952
393,2183,bike,119.88,76.87,162.43,122.56,0.7742
393,2627,car,699.17,29.7,790.39,73.89,0.8562
393,2781,bike,489.67,63.65,540.07,121.63,0.4092
393,2765,car,26.63,66.05,87.36,103.15,0.8277
393,1916,bike,338.19,66.46,368.88,117.48,0.3913
393,2902,bike,73.08,81.29,113.98,149.45,0.604
393,1835,bike,487.62,4.05,509.3,41.26,0.3393
393,2615,bike,646.14,20.37,663.69,52.29,0.5676
394,1,car,659.97,170.66,772.92,265.39,0.9088
394,170,car,554.7,159.62,644.08,245.63,0.9022
394,655,car,884.79,30.52,960.0,74.38,0.6531
394,1378,car,586.41,249.59,700.56,364.54,0.9012
394,1402,bus,758.32,90.45,960.0,447.84,0.845
394,1794,bike,190.74,81.26,235.71,136.58,0.3248
394,2078,car,688.61,0.0,724.49,20.94,0.6651
394,2183,bike,123.88,77.57,164.47,121.53,0.7211
394,2627,car,698.38,30.05,789.46,74.59,0.8573
394,2765,car,31.17,65.88,93.44,102.85,0.7542
394,2902,bike,75.54,81.59,115.72,146.8,0.4058
394,2615,bike,645.06,19.74,661.56,49.55,0.5336
394,2895,bike,741.13,59.48,778.78,107.18,0.6448
395,1,car,659.67,170.45,773.25,265.78,0.91
395,170,car,554.46,159.11,644.25,245.63,0.9046
395,655,car,889.81,32.28,960.0,74.38,0.6186
395,1378,car,586.28,249.73,700.85,365.26,0.9053
395,1402,bus,758.46,90.37,959.9,446.89,0.8493
395,1794,bike,192.82,81.63,236.38,135.59,0.3539
395,2078,car,688.55,0.0,724.48,21.01,0.6124
395,2183,bike,128.35,77.49,167.01,119.68,0.7826
395,2627,car,696.65,30.28,788.75,75.92,0.8286
395,2765,car,31.44,65.72,92.79,101.86,0.6148
395,2902,bike,78.33,81.57,119.06,145.63,0.8095
395,2615,bike,643.78,19.38,660.42,49.47,0.5509
395,1916,bike,342.0,66.47,373.24,118.28,0.5531
395,1835,bike,487.57,6.78,508.5,42.26,0.4006
396,1,car,659.91,170.66,772.88,265.46,0.9104
396,170,car,554.6,159.48,643.9,245.54,0.9035
396,655,car,892.24,32.99,960.0,74.53,0.5829
396,1378,car,585.97,249.71,700.98,365.83,0.9144
396,1402,bus,758.82,90.51,959.55,445.74,0.849
396,1794,bike,193.8,82.31,239.9,140.0,0.3695
396,2078,car,688.6,0.0,724.36,20.94,0.6935
396,2183,bike,131.53,76.27,170.59,119.16,0.5564
396,2627,car,697.85,30.19,784.04,72.96,0.7952
396,2765,car,34.17,64.44,99.74,102.75,0.4902
396,2902,bike,79.53,82.57,120.71,145.68,0.7827
396,2615,bike,643.06,19.41,659.26,48.63,0.61
396,1916,bike,343.5,66.13,375.23,118.27,0.6047
396,1835,bike,487.44,9.37,508.24,43.47,0.3142
396,2781,bike,501.38,64.09,552.24,121.91,0.4129
397,1,car,659.75,170.43,772.86,265.38,0.9113
397,170,car,554.72,159.82,643.78,245.64,0.9039
397,655,car,894.98,33.6,960.0,74.41,0.5918
397,1378,car,586.66,249.68,700.31,364.4,0.927
397,1402,bus,758.96,90.43,959.51,445.28,0.8448
397,2078,car,688.68,0.0,724.31,20.89,0.6458
397,2183,bike,135.44,76.08,174.99,119.86,0.5983
397,2627,car,698.23,30.4,781.03,71.42,0.6675
397,2765,car,35.0,64.55,99.72,102.38,0.5406
397,2902,bike,80.93,84.31,121.74,145.29,0.6069
397,2615,bike,641.91,18.61,658.51,48.41,0.6237
397,1916,bike,345.42,66.44,377.8,118.73,0.5803
397,2781,bike,512.27,63.79,561.98,121.97,0.4239
397,2467,car,884.02,23.41,942.28,60.96,0.664
398,1,car,659.7,170.33,772.98,265.48,0.9089
398,170,car,554.48,159.05,644.12,245.54,0.9061
398,655,car,897.68,33.17,960.0,74.58,0.5609
398,1378,car,587.16,249.65,700.97,364.73,0.9234
398,1402,bus,758.65,90.53,959.81,446.61,0.8432
398,2078,car,688.45,0.0,724.24,21.04,0.6362
398,2183,bike,138.83,75.72,176.8,118.06,0.7662
398,2627,car,695.53,30.16,780.17,72.25,0.7234
398,2765,car,44.23,63.4,108.62,99.89,0.482
398,2902,bike,81.07,84.02,123.47,146.12,0.7475
398,2615,bike,639.28,18.55,660.09,56.63,0.5212
398,1916,bike,345.69,67.15,377.1,118.0,0.5383
398,2467,car,880.5,22.35,941.68,61.08,0.7098
399,1,car,659.69,170.25,773.02,265.45,0.9127
399,170,car,554.43,158.81,644.21,245.56,0.907
399,655,car,900.5,32.92,960.0,74.44,0.6311
399,1378,car,587.01,249.84,700.86,365.01,0.9106
399,1402,bus,758.36,90.56,960.0,448.04,0.8533
399,2078,car,688.38,0.0,724.25,21.13,0.6968
399,2183,bike,142.1,75.88,179.6,117.79,0.7131
399,2627,car,691.86,29.59,779.76,73.8,0.7223
399,2765,car,47.31,63.39,115.34,101.16,0.5979
399,2902,bike,81.92,85.64,123.87,145.5,0.531
399,2615,bike,638.6,19.12,660.28,59.33,0.4941
399,1916,bike,347.55,67.2,380.27,119.79,0.4996
399,2467,car,877.7,22.13,940.88,61.62,0.8145
399,2994,bike,219.99,44.53,254.14,74.81,0.392
400,1,car,659.72,170.2,773.07,265.42,0.9113
400,170,car,554.58,159.5,643.74,245.63,0.9026
400,655,car,903.94,32.69,960.0,74.14,0.5359
400,1378,car,587.8,250.01,700.56,364.13,0.9198
400,1402,bus,758.84,90.64,959.37,445.67,0.8569
400,2078,car,688.28,0.0,724.49,21.41,0.7373
400,2183,bike,145.42,74.55,183.8,117.73,0.8031
400,2627,car,692.36,30.61,777.93,73.65,0.755
400,2765,car,50.77,62.46,119.45,99.74,0.6625
400,2902,bike,86.76,84.21,127.11,140.76,0.2889
400,2615,bike,638.71,20.87,660.24,61.09,0.499
400,1916,bike,348.73,66.93,380.96,118.55,0.5257
400,2467,car,874.78,22.91,938.81,62.44,0.7594
400,2994,bike,218.65,43.73,251.86,73.27,0.2813
400,1794,bike,202.94,86.34,247.92,142.61,0.2965
401,1,car,659.7,170.13,773.02,265.35,0.9128
401,170,car,554.61,159.54,643.81,245.76,0.908
401,655,car,906.31,33.03,960.0,74.17,0.5674
401,1378,car,586.97,250.13,700.3,364.77,0.923
401,1402,bus,758.43,90.79,959.76,447.39,0.8614
401,2078,car,688.31,0.0,724.54,21.49,0.6675
401,2183,bike,148.28,74.32,186.81,117.81,0.7934
401,2627,car,692.68,31.11,776.26,73.1,0.7421
401,2765,car,50.46,62.57,119.78,100.03,0.5545
401,2902,bike,86.37,86.17,128.1,143.06,0.3254
401,1916,bike,351.34,66.7,385.03,119.7,0.5373
401,2467,car,874.21,26.19,935.08,62.3,0.7805
401,3010,bike,277.2,42.02,296.39,80.09,0.5833
401,3015,bike,77.09,96.58,113.3,146.61,0.555
401,1794,bike,204.18,83.74,251.02,142.35,0.404
402,1,car,659.58,170.32,772.79,265.44,0.9089
402,170,car,555.01,160.31,643.44,245.76,0.9024
402,655,car,909.39,33.43,960.0,73.94,0.4339
402,1378,car,587.59,250.13,700.51,364.43,0.9277
402,1402,bus,758.85,90.86,959.46,446.1,0.8598
402,2078,car,688.32,0.0,724.52,21.54,0.7262
402,2183,bike,151.48,74.88,189.6,117.81,0.7421
402,2627,car,691.21,30.9,776.17,73.8,0.7993
402,2765,car,54.23,62.19,125.78,100.26,0.6825
402,2902,bike,85.82,86.41,129.37,144.73,0.4056
402,1916,bike,352.43,67.08,386.18,119.85,0.389
402,2467,car,872.68,30.06,929.73,62.49,0.6753
402,3010,bike,274.86,41.99,293.47,78.52,0.5814
402,3015,bike,76.51,96.16,114.52,148.76,0.6614
402,3023,bike,204.18,76.97,227.29,112.86,0.4688
403,1,car,659.66,170.34,772.55,265.16,0.9075
403,170,car,554.94,160.41,643.42,245.89,0.9077
403,655,car,913.93,34.23,960.0,73.39,0.4785
403,1378,car,587.79,250.24,700.28,364.1,0.9273
403,1402,bus,758.63,90.94,959.65,446.97,0.8695
403,2078,car,688.31,0.0,724.45,21.61,0.7205
403,2183,bike,154.62,74.56,192.85,117.78,0.7277
403,2627,car,690.72,31.18,774.57,73.71,0.8482
403,2765,car,55.51,62.19,130.37,101.65,0.6751
403,2902,bike,94.54,86.52,131.78,135.97,0.439
403,1916,bike,354.58,67.45,388.69,120.24,0.386
403,2467,car,868.59,30.86,925.79,62.74,0.6695
403,3010,bike,274.63,44.23,291.93,77.87,0.4623
403,3015,bike,75.95,93.87,117.06,150.99,0.6521
403,3023,bike,205.65,76.33,228.8,112.34,0.3149
403,2895,bike,769.81,61.75,800.05,100.16,0.3518
403,1794,bike,208.81,85.43,254.56,142.28,0.4304
404,1,car,659.64,170.32,772.59,265.24,0.9114
404,170,car,554.95,160.52,643.47,246.0,0.905
404,655,car,914.95,34.23,960.0,74.45,0.5316
404,1378,car,587.25,250.49,700.12,364.7,0.9277
404,1402,bus,759.19,91.04,959.08,444.82,0.8657
404,2078,car,688.18,0.0,724.44,21.8,0.7623
404,2183,bike,157.48,73.75,196.78,118.29,0.8242
404,2627,car,689.74,31.57,772.49,73.81,0.875
404,2765,car,57.11,62.45,133.61,102.6,0.7623
404,2902,bike,91.44,89.91,128.49,137.12,0.34
404,2467,car,865.52,30.88,924.58,63.24,0.6461
404,3015,bike,76.78,93.63,118.09,151.31,0.4751
404,3034,bike,636.16,17.56,652.52,46.35,0.4571
404,2895,bike,772.04,61.86,803.04,100.92,0.3423
404,1794,bike,210.08,86.44,256.06,142.9,0.3141
405,1,car,659.3,170.61,772.42,265.66,0.91
405,170,car,554.86,160.36,643.65,246.15,0.9059
405,655,car,916.74,34.1,960.0,74.32,0.509
405,1378,car,588.06,250.77,700.28,364.39,0.9262
405,1402,bus,758.97,91.11,959.44,445.93,0.8627
405,2078,car,688.18,0.0,724.56,21.97,0.7819
405,2183,bike,160.7,74.59,199.0,117.82,0.6049
405,2627,car,688.26,31.98,770.77,74.28,0.8747
405,2765,car,56.23,62.22,139.02,106.0,0.7788
405,2902,bike,93.75,90.18,129.43,134.7,0.4512
405,2467,car,865.76,31.18,927.08,63.4,0.7567
405,3015,bike,78.08,93.02,118.88,150.31,0.3367
405,3034,bike,635.65,18.45,651.44,46.22,0.338
405,3041,bike,236.18,44.27,253.46,71.25,0.4752
405,1916,bike,356.58,67.72,390.93,120.1,0.2324
405,3023,bike,211.5,80.22,231.9,111.9,0.4655
406,1,car,659.16,170.68,772.29,265.78,0.9065
406,170,car,554.75,160.52,643.55,246.31,0.902
406,655,car,919.81,33.42,960.0,73.65,0.4195
406,1378,car,587.72,250.84,700.23,364.72,0.9285
406,1402,bus,758.68,91.18,959.73,447.12,0.864
406,2078,car,688.07,0.0,724.55,22.12,0.7823
406,2183,bike,163.99,74.2,202.53,117.74,0.6866
406,2627,car,687.11,32.18,769.48,74.64,0.8672
406,2765,car,57.9,61.81,144.47,107.86,0.7704
406,2902,bike,92.01,90.69,128.97,135.43,0.5038
406,2467,car,864.09,31.07,928.38,63.5,0.7293
406,3015,bike,79.42,92.91,118.97,148.84,0.5802
406,3034,bike,634.84,18.77,650.44,46.14,0.4116
406,3041,bike,237.0,43.52,253.69,69.56,0.283
406,3051,bike,234.96,94.45,261.74,142.3,0.3604
406,1916,bike,356.91,68.69,390.9,119.94,0.3498
406,3023,bike,213.34,80.04,234.19,112.4,0.34
406,2781,bike,538.91,63.28,593.42,126.96,0.3341
406,2895,bike,776.41,62.07,806.73,99.99,0.3019
407,1,car,658.93,170.66,772.52,266.21,0.9086
407,170,car,554.84,161.03,643.26,246.38,0.9017
407,1378,car,588.65,250.79,700.63,364.22,0.9272
407,1402,bus,759.07,91.17,959.14,445.13,0.8593
407,2078,car,687.67,0.0,724.29,22.31,0.7771
407,2183,bike,167.69,74.78,205.75,117.87,0.6333
407,2627,car,685.3,32.3,767.0,74.73,0.8044
407,2765,car,62.26,61.57,146.28,106.21,0.7083
407,2902,bike,89.85,90.82,130.0,138.44,0.6421
407,2467,car,861.79,31.22,930.24,64.51,0.7768
407,3034,bike,633.52,19.21,649.37,46.94,0.5566
407,1916,bike,360.51,67.81,396.32,121.02,0.3997
407,3058,bike,250.12,54.0,274.52,89.05,0.4907
407,3059,bus,300.04,1.68,346.83,43.93,0.3285
407,2781,bike,541.66,63.31,595.81,125.8,0.3856
407,2895,bike,780.2,61.75,809.89,98.58,0.3983
407,1794,bike,212.77,83.39,262.03,144.02,0.3883
408,1,car,659.07,171.26,771.75,266.06,0.9054
408,170,car,554.59,161.16,643.15,246.59,0.9032
408,1378,car,587.87,250.88,700.1,364.51,0.9286
408,1402,bus,759.14,91.21,958.94,444.46,0.8518
408,2078,car,687.76,0.0,724.53,22.52,0.715
408,2183,bike,169.98,73.54,208.78,117.52,0.7611
408,2627,car,682.59,32.52,768.3,77.43,0.8255
408,2765,car,65.15,61.97,146.07,105.06,0.7286
408,2902,bike,90.93,91.05,131.93,138.76,0.6974
408,2467,car,859.28,31.6,930.99,65.38,0.7848
408,3034,bike,633.09,19.92,648.26,46.22,0.5053
408,1916,bike,361.6,67.56,397.67,120.57,0.2933
408,3059,bus,299.5,1.77,346.5,44.25,0.2764
408,2781,bike,537.65,62.55,594.54,125.06,0.3202
408,2895,bike,783.09,62.0,812.35,97.64,0.6035
408,3023,bike,216.77,79.83,238.08,112.77,0.2804
409,1,car,659.29,171.81,771.38,265.96,0.9042
409,170,car,554.92,161.68,643.14,246.69,0.9016
409,1378,car,588.53,251.02,700.4,364.35,0.9289
409,1402,bus,758.85,91.43,959.01,445.18,0.8577
409,2078,car,687.81,0.0,724.69,22.7,0.7163
409,2183,bike,171.56,72.28,211.5,117.83,0.7973
409,2627,car,680.87,32.82,768.12,78.98,0.7857
409,2765,car,67.4,61.49,149.25,105.25,0.7344
409,2902,bike,89.81,90.53,134.89,142.53,0.7596
409,2467,car,853.48,30.59,929.01,65.46,0.7562
409,3034,bike,631.92,20.5,648.24,48.61,0.3491
409,1916,bike,362.4,67.43,399.3,121.13,0.2367
409,2781,bike,536.71,66.73,593.84,126.67,0.5048
409,2895,bike,785.26,61.39,815.15,97.14,0.3098
409,1794,bike,218.72,89.73,264.41,144.96,0.4603
410,1,car,659.22,172.13,771.12,266.01,0.9033
410,170,car,554.81,161.73,643.16,246.86,0.8988
410,1378,car,587.63,251.21,699.95,364.91,0.9314
410,1402,bus,758.5,91.71,959.67,447.41,0.8625
410,2078,car,687.57,0.0,724.61,22.9,0.7569
410,2183,bike,174.04,72.2,213.65,117.7,0.6734
410,2627,car,679.71,33.1,766.43,79.32,0.7392
410,2765,car,72.15,61.84,151.53,104.06,0.7424
410,2902,bike,88.68,88.94,136.45,143.8,0.7756
410,2467,car,849.4,30.43,928.09,66.12,0.825
410,3034,bike,630.51,20.93,647.92,50.74,0.2901
410,1916,bike,363.95,67.62,401.24,121.34,0.2768
410,2895,bike,788.09,61.47,817.86,96.88,0.5649
410,3076,bike,237.17,49.14,268.51,88.78,0.437
410,2802,bike,196.54,42.93,220.9,75.35,0.4907
410,3059,bus,299.25,1.49,346.75,44.5,0.33
411,1,car,659.22,172.11,771.26,266.08,0.9083
411,170,car,554.38,161.03,643.42,246.9,0.903
411,1378,car,588.39,251.4,700.35,364.82,0.9323
411,1402,bus,758.19,91.48,960.0,448.75,0.8641
411,2078,car,687.55,0.0,724.67,23.02,0.7565
411,2183,bike,177.09,70.5,217.78,117.85,0.3025
411,2627,car,679.97,33.24,764.24,78.47,0.7105
411,2765,car,76.76,60.79,152.68,100.84,0.657
411,2902,bike,89.07,88.17,137.17,143.06,0.8479
411,2467,car,843.94,28.13,928.2,66.15,0.8329
411,3034,bike,628.68,21.09,648.46,55.09,0.3312
411,3076,bike,233.15,48.44,264.31,87.78,0.4182
412,1,car,659.49,172.47,770.96,265.82,0.9052
412,170,car,554.36,161.06,643.35,246.92,0.9003
412,1378,car,588.34,251.38,700.34,364.87,0.9318
412,1402,bus,758.83,91.39,959.26,445.76,0.8695
412,2078,car,687.66,0.0,724.71,23.07,0.742
412,2183,bike,181.62,70.82,220.33,116.13,0.3573
412,2627,car,680.02,34.08,762.12,78.35,0.8468
412,2765,car,80.78,61.05,155.58,100.11,0.6601
412,2902,bike,89.08,87.84,138.68,144.1,0.7745
412,2467,car,841.45,29.34,924.57,66.49,0.834
412,3034,bike,628.63,21.13,647.57,53.49,0.3159
412,3076,bike,234.9,48.92,265.38,87.73,0.4617
412,2615,bike,628.66,26.76,650.33,67.69,0.2986
412,3023,bike,221.91,69.04,247.78,109.98,0.3409
412,1916,bike,365.86,65.85,403.49,119.75,0.3599
412,3059,bus,299.47,1.16,347.55,44.75,0.267
413,1,car,659.25,172.69,771.78,266.92,0.9083
413,170,car,554.34,161.28,643.34,247.16,0.8979
413,1378,car,587.58,251.4,699.97,365.2,0.9323
413,1402,bus,758.75,91.38,959.29,445.89,0.8715
413,2078,car,687.54,0.0,724.39,23.02,0.7668
413,2183,bike,182.44,64.41,226.13,116.55,0.6666
413,2627,car,678.34,34.26,760.23,78.82,0.8904
413,2765,car,79.73,61.4,153.77,100.41,0.4308
413,2902,bike,89.01,87.41,139.41,144.24,0.6778
413,2467,car,839.2,31.04,920.3,66.88,0.8506
413,3034,bike,627.7,20.61,646.77,53.12,0.2928
413,3023,bike,221.91,65.48,249.21,109.58,0.3388
414,1,car,659.02,172.66,772.09,267.3,0.9085
414,170,car,554.09,160.87,643.49,247.22,0.9003
414,1378,car,586.43,251.35,699.58,365.82,0.9291
414,1402,bus,758.7,91.31,959.39,445.99,0.8636
414,2078,car,687.38,0.0,724.31,23.13,0.7788
414,2183,bike,184.93,61.75,230.25,116.74,0.3643
414,2627,car,677.31,34.48,759.3,79.49,0.9033
414,2765,car,84.39,59.85,158.76,98.86,0.5721
414,2902,bike,88.82,86.17,141.46,145.34,0.7552
414,2467,car,835.3,30.72,918.55,67.31,0.8276
414,3034,bike,627.19,20.53,645.62,51.68,0.4125
414,2802,bike,181.01,37.87,209.88,77.28,0.3956
414,1916,bike,369.29,66.53,408.71,122.1,0.3134
415,1,car,658.4,172.66,772.2,267.94,0.9072
415,170,car,554.22,161.61,643.09,247.37,0.8985
415,1378,car,587.47,251.39,699.52,364.69,0.9294
415,1402,bus,758.43,91.21,959.64,446.92,0.8671
415,2078,car,687.4,0.0,724.33,23.19,0.7693
415,2183,bike,190.0,66.82,231.84,117.48,0.5863
415,2627,car,675.59,34.75,757.53,80.05,0.929
415,2765,car,90.35,59.37,162.72,96.88,0.2735
415,2902,bike,87.6,84.49,145.2,149.53,0.5883
415,2467,car,832.4,30.74,916.57,67.54,0.8467
415,3110,bike,589.7,51.28,620.7,93.76,0.551
415,2802,bike,177.73,37.13,206.51,76.7,0.4933
415,1916,bike,370.99,66.21,411.08,122.69,0.3215
415,2781,bike,549.15,74.06,600.22,124.25,0.2802
415,2615,bike,623.66,21.97,648.07,69.48,0.4195
415,3059,bus,299.08,1.4,347.09,45.02,0.2181
415,3023,bike,220.02,61.42,250.1,109.6,0.5195
416,1,car,658.97,173.0,771.72,267.28,0.9064
416,170,car,554.23,161.93,642.85,247.39,0.8952
416,1378,car,588.89,251.48,700.42,364.47,0.9309
416,1402,bus,758.57,91.35,959.26,445.99,0.8623
416,2078,car,687.32,0.0,724.2,23.19,0.7876
416,2183,bike,194.96,71.4,233.21,117.34,0.6287
416,2627,car,674.73,35.03,756.03,80.32,0.9347
416,2902,bike,88.98,84.33,145.25,147.77,0.7209
416,2467,car,830.05,30.54,914.91,67.62,0.8681
416,3110,bike,588.6,52.71,628.1,107.06,0.4687
416,2802,bike,175.7,38.03,203.61,76.29,0.4686
416,1916,bike,371.73,65.82,411.31,121.69,0.3713
416,3120,bike,246.66,43.67,264.38,69.8,0.3995
416,2781,bike,544.95,74.47,594.87,123.73,0.518
416,2615,bike,623.52,23.31,646.94,69.59,0.3045
416,3059,bus,299.28,1.22,347.34,44.94,0.2371
416,3023,bike,223.73,63.51,251.97,109.26,0.5243
416,1794,bike,246.85,93.18,286.72,144.5,0.545
416,3034,bike,625.02,19.58,642.87,49.46,0.4667
417,1,car,659.02,173.13,771.69,267.3,0.9098
417,170,car,554.11,161.91,642.8,247.42,0.8942
417,1378,car,588.69,251.45,700.26,364.51,0.9318
417,1402,bus,758.46,91.29,959.02,445.46,0.8721
417,2078,car,687.11,0.0,724.15,23.32,0.7855
417,2183,bike,196.83,70.45,235.53,117.23,0.6528
417,2627,car,674.0,35.47,754.5,80.63,0.9148
417,2902,bike,89.65,83.19,146.33,147.34,0.7947
417,2467,car,826.54,30.44,912.14,67.72,0.7997
417,2802,bike,173.75,41.25,199.65,76.59,0.679
417,1916,bike,372.91,65.43,412.28,120.88,0.2938
417,2781,bike,545.6,74.7,594.29,122.9,0.4264
417,3059,bus,298.75,1.3,346.7,45.01,0.2851
417,3126,bike,0.17,58.42,17.16,109.18,0.4761
417,1794,bike,250.62,93.73,287.57,143.35,0.5746
417,3034,bike,624.39,19.57,641.72,48.35,0.6137
417,2765,bike,96.91,58.78,168.55,95.37,0.3243
418,1,car,659.05,173.18,771.09,266.63,0.9045
418,170,car,554.5,162.63,642.61,247.46,0.8912
418,1378,car,588.83,251.45,700.24,364.37,0.9349
418,1402,bus,757.95,91.46,959.49,447.44,0.8666
418,2078,car,687.11,0.0,724.26,23.45,0.7795
418,2183,bike,201.95,70.67,241.26,117.47,0.6292
418,2627,car,672.04,35.78,752.62,81.28,0.915
418,2902,bike,90.59,81.67,147.55,146.47,0.751
418,2467,car,820.65,29.16,910.38,68.28,0.7859
418,2802,bike,172.3,41.72,197.74,76.56,0.406
418,2781,bike,545.95,73.69,596.49,124.28,0.6113
418,3059,bus,299.33,1.18,347.42,45.06,0.2835
418,3126,car,0.84,58.22,18.07,109.56,0.5406
418,3034,bike,622.76,19.15,640.45,48.51,0.6406
418,3139,bike,745.21,49.63,773.48,90.81,0.5053
418,2765,car,99.76,60.26,168.6,94.73,0.655
418,3110,bike,591.44,53.27,635.12,113.74,0.4346
418,3120,bike,249.02,45.06,266.92,71.4,0.4261
418,2615,bike,622.12,23.96,644.19,68.49,0.5056
419,1,car,658.79,173.23,771.5,267.21,0.9081
419,170,car,554.56,162.88,642.56,247.49,0.8927
419,1378,car,588.66,251.46,700.46,364.99,0.9308
419,1402,bus,758.14,91.28,959.09,445.96,0.8612
419,2078,car,687.09,0.0,724.32,23.56,0.7811
419,2183,bike,201.89,69.91,241.71,117.41,0.7333
419,2627,car,670.92,35.97,751.48,81.7,0.9205
419,2902,bike,92.48,80.94,149.0,145.63,0.8543
419,2467,car,815.86,27.76,908.93,68.5,0.7837
419,2802,bike,170.85,41.81,195.88,76.59,0.4405
419,2781,bike,548.59,73.45,597.78,122.69,0.5786
419,3059,bus,299.12,0.89,347.49,45.02,0.3264
419,3126,car,2.5,59.59,19.55,109.94,0.5067
419,3034,bike,621.3,18.6,639.27,48.4,0.708
419,3139,bike,748.98,49.68,778.07,92.17,0.6208
419,2765,car,98.9,60.2,166.65,94.25,0.6093
419,3110,bike,592.58,52.98,636.77,114.26,0.4843
419,3120,bike,249.76,45.21,267.87,71.85,0.3744
419,2615,bike,621.09,22.72,642.56,66.85,0.3467
419,1916,bike,373.92,64.9,412.55,119.86,0.4505
420,1,car,658.83,173.32,771.53,267.18,0.9046
420,170,car,554.4,162.75,642.5,247.35,0.8911
420,1378,car,588.82,251.57,700.24,364.84,0.9314
420,1402,bus,758.13,91.63,959.2,446.46,0.8665
420,2078,car,687.13,0.03,724.2,23.53,0.793
420,2183,bike,205.2,71.34,243.92,117.41,0.5321
420,2627,car,669.92,36.18,750.45,82.15,0.9337
420,2902,bike,93.56,81.81,150.05,146.67,0.7244
420,2467,car,812.53,26.78,907.81,68.68,0.8395
420,3059,bus,299.62,0.77,348.2,45.05,0.3773
420,3126,car,4.11,60.48,21.1,109.73,0.5969
420,3034,bike,620.15,18.5,638.33,48.61,0.7579
420,3139,bike,751.58,49.68,781.48,93.5,0.6476
420,2765,car,100.05,60.3,165.95,93.62,0.7269
420,3151,bike,154.25,57.08,184.66,92.81,0.4836
420,3152,car,923.46,16.97,958.41,48.74,0.3355
420,1916,bike,375.19,65.37,413.31,119.83,0.5213
421,1,car,658.54,173.2,771.73,267.45,0.9082
421,170,car,554.28,162.64,642.62,247.38,0.889
421,1378,car,588.17,251.74,699.8,365.17,0.9297
421,1402,bus,758.0,91.98,959.42,447.47,0.8706
421,2078,car,687.17,0.04,724.25,23.58,0.782
421,2183,bike,207.48,73.6,244.32,117.88,0.3416
421,2627,car,668.87,36.56,749.05,82.53,0.9218
421,2902,bike,95.56,83.32,150.03,145.8,0.6547
421,2467,car,808.83,25.22,907.24,68.86,0.8204
421,3059,bus,300.14,0.81,348.88,45.13,0.4513
421,3126,car,5.11,60.96,22.33,109.48,0.6927
421,3034,bike,619.09,18.99,637.7,49.69,0.644
421,3139,bike,753.47,49.83,782.96,93.17,0.7024
421,2765,car,102.54,60.3,166.64,92.92,0.5777
421,3151,bike,156.91,58.06,186.05,92.3,0.3042
421,1916,bike,375.68,65.88,412.25,118.7,0.6314
421,3158,bike,553.09,55.97,636.02,121.68,0.4537
422,1,car,658.2,173.33,771.76,267.9,0.9092
422,170,car,554.21,163.08,642.32,247.45,0.8871
422,1378,car,587.69,251.73,699.73,365.49,0.93
422,1402,bus,758.14,92.18,959.51,447.58,0.8725
422,2078,car,687.03,0.06,724.2,23.69,0.7887
422,2627,car,668.05,37.13,747.38,82.77,0.9148
422,2902,bike,97.08,83.33,150.79,144.98,0.7937
422,2467,car,805.61,24.34,905.07,68.87,0.8417
422,3059,bus,298.99,0.79,348.12,45.33,0.4569
422,3126,car,6.7,62.57,23.9,108.8,0.5703
422,3034,bike,617.66,19.83,637.27,52.15,0.4227
422,3139,bike,755.25,49.53,784.78,93.13,0.7115
422,2765,car,105.81,59.42,171.28,92.78,0.6981
422,1916,bike,376.74,64.93,413.23,117.97,0.7098
422,3158,bike,547.74,56.5,633.97,125.17,0.2906
423,1,car,657.89,173.11,771.69,267.88,0.9056
423,170,car,554.0,162.98,642.5,247.62,0.8893
423,1378,car,588.02,251.76,699.76,365.28,0.9302
423,1402,bus,758.31,92.35,959.27,446.86,0.8645
423,2078,car,687.02,0.15,724.18,23.77,0.797
423,2627,car,667.27,37.92,745.98,83.27,0.9228
423,2902,bike,97.12,82.14,151.91,145.22,0.8518
423,2467,car,802.67,24.53,901.37,69.17,0.8348
423,3059,bus,299.49,0.88,348.45,45.25,0.4747
423,3126,car,7.42,61.92,25.72,108.79,0.5658
423,3034,bike,617.35,20.71,635.86,50.83,0.3907
423,3139,bike,757.22,49.68,786.73,93.46,0.649
423,2765,car,109.34,59.22,176.5,93.34,0.6202
423,1916,bike,378.42,66.08,413.92,118.13,0.5786
423,3023,bike,238.72,77.95,260.01,111.51,0.4947
423,2781,bike,556.96,72.65,607.75,123.95,0.462
423,3152,car,916.03,16.4,952.61,49.09,0.3388
424,1,car,657.81,173.12,771.64,267.88,0.9085
424,170,car,554.03,163.08,642.65,247.79,0.8864
424,1378,car,587.73,251.77,699.43,365.18,0.9271
424,1402,bus,758.51,92.52,958.92,445.79,0.8665
424,2078,car,687.19,0.23,724.27,23.78,0.7448
424,2627,car,666.03,38.27,744.74,83.99,0.9199
424,2902,bike,98.14,81.23,153.33,144.96,0.7711
424,2467,car,802.0,26.01,895.85,68.59,0.8416
424,3059,bus,299.77,0.94,348.73,45.31,0.3778
424,3126,car,8.33,59.66,28.5,108.43,0.6852
424,3034,bike,616.2,21.2,635.54,52.72,0.3845
424,3139,bike,758.12,49.83,787.84,93.99,0.6064
424,2765,car,111.18,59.05,178.9,93.54,0.5808
424,1916,bike,380.45,66.21,415.92,118.43,0.4716
424,3023,bike,241.21,78.66,262.24,111.47,0.4306
424,2781,bike,558.79,71.61,613.16,127.16,0.427
424,3152,car,917.41,17.3,953.13,48.69,0.5221
424,2183,bike,219.79,76.2,254.31,117.36,0.3957
425,1,car,657.63,173.09,771.74,268.1,0.9069
425,170,car,553.99,163.06,642.71,247.79,0.8925
425,1378,car,587.37,251.9,699.52,365.79,0.9302
425,1402,bus,758.48,92.48,959.0,445.77,0.8606
425,2078,car,687.04,0.25,724.16,23.83,0.7851
425,2627,car,664.37,38.69,743.46,85.03,0.9181
425,2902,bike,100.1,77.5,156.13,142.73,0.7373
425,2467,car,800.89,27.32,892.83,69.07,0.7543
425,3059,bus,299.22,1.11,347.94,45.26,0.4415
425,3126,car,8.78,60.56,30.35,109.64,0.8273
425,3139,bike,759.11,49.44,789.06,93.98,0.656
425,2765,car,113.87,58.11,181.25,92.72,0.5512
425,1916,bike,381.7,66.15,417.86,119.42,0.6291
425,3023,bike,243.51,78.9,264.44,111.59,0.244
425,2781,bike,559.56,67.25,616.25,126.51,0.6323
425,3152,car,917.6,17.37,953.85,48.69,0.6025
425,3196,bike,170.11,64.28,211.13,103.83,0.4906
425,2615,bike,614.78,21.98,636.49,66.83,0.5368
426,1,car,657.73,173.07,771.39,267.63,0.9081
426,170,car,554.08,163.02,642.71,247.63,0.8917
426,1378,car,587.54,251.89,699.43,365.45,0.9293
426,1402,bus,758.27,92.49,959.16,446.37,0.8722
426,2078,car,687.26,0.37,724.28,23.87,0.7756
426,2627,car,663.06,38.61,742.18,85.39,0.9215
426,2902,bike,103.94,79.32,156.42,140.5,0.7403
426,2467,car,799.26,27.56,890.33,68.99,0.7609
426,3059,bus,299.8,1.05,348.39,45.14,0.5705
426,3126,car,9.11,59.0,32.57,109.18,0.7787
426,3139,bike,762.18,49.67,791.44,93.48,0.5808
426,2765,car,116.3,58.17,182.27,92.2,0.7605
426,1916,bike,382.62,66.46,417.87,118.59,0.3317
426,3023,bike,246.28,78.35,267.03,110.72,0.5676
426,2781,bike,561.36,62.89,619.93,126.01,0.6299
426,3152,car,917.79,17.91,953.97,48.55,0.5912
426,3196,bike,169.29,65.85,208.87,104.03,0.6628
426,3199,car,852.31,18.73,904.79,50.98,0.4962
426,2615,bike,614.02,22.29,635.08,65.7,0.6824
427,1,car,658.07,173.23,771.09,267.22,0.9065
427,170,car,554.29,163.21,642.75,247.65,0.8876
427,1378,car,588.84,251.96,700.02,364.94,0.9327
427,1402,bus,758.14,92.46,959.25,446.66,0.8692
427,2078,car,687.11,0.33,724.13,23.85,0.8026
427,2627,car,662.37,38.94,741.22,85.97,0.9134
427,2902,bike,102.92,80.37,156.52,142.85,0.7769
427,2467,car,798.99,29.85,886.38,69.34,0.8077
427,3059,bus,299.25,1.46,347.24,45.11,0.4377
427,3126,car,9.79,58.87,34.7,108.62,0.811
427,3139,bike,763.9,50.3,792.12,92.38,0.4363
427,2765,car,117.75,58.04,183.16,92.0,0.7912
427,3023,bike,247.79,78.53,267.84,109.74,0.4471
427,2781,bike,564.12,60.35,622.5,124.87,0.5808
427,3152,car,917.21,17.66,954.39,48.55,0.6253
427,3196,bike,165.44,65.4,204.74,103.42,0.6565
427,3199,car,848.74,19.78,898.77,50.49,0.3028
427,2615,bike,613.2,22.63,634.01,65.65,0.6885
427,3210,car,190.64,25.81,223.92,55.77,0.3342
428,1,car,658.04,173.22,771.66,267.71,0.9099
428,170,car,554.34,163.25,642.73,247.63,0.8931
428,1378,car,587.38,251.95,699.67,365.96,0.9279
428,1402,bus,758.17,92.45,959.18,446.35,0.8755
428,2078,car,686.99,0.21,724.02,23.8,0.7517
428,2627,car,661.51,39.24,739.92,86.36,0.8956
428,2902,bike,103.25,79.27,157.98,143.39,0.7789
428,2467,car,797.29,31.26,883.15,69.81,0.8116
428,3059,bus,299.64,1.28,347.78,45.09,0.4622
428,3126,car,10.53,58.02,37.82,109.0,0.7464
428,3139,bike,766.5,49.95,793.69,90.57,0.2657
428,2765,car,118.29,58.03,182.74,92.0,0.7518
428,3152,car,916.1,17.7,954.24,48.69,0.6299
428,3196,bike,161.98,63.48,202.64,102.94,0.6755
428,3199,car,844.32,19.21,893.7,49.52,0.2612
428,2615,bike,612.01,23.04,633.17,67.27,0.527
428,3210,car,191.01,26.09,223.99,55.8,0.2803
428,1916,bike,384.2,66.24,418.23,117.59,0.2907
429,1,car,658.07,173.22,771.07,267.08,0.9063
429,170,car,553.88,162.78,642.91,247.84,0.8932
429,1378,car,588.03,251.89,699.95,365.61,0.9283
429,1402,bus,757.87,92.36,959.42,447.17,0.873
429,2078,car,687.0,0.17,724.0,23.77,0.7604
429,2627,car,659.68,39.94,737.46,86.76,0.8287
429,2902,bike,102.61,78.44,159.08,144.75,0.8754
429,2467,car,793.98,31.58,880.75,70.38,0.7645
429,3059,bus,301.04,1.26,349.45,45.04,0.3836
429,3126,car,10.75,58.37,40.51,110.51,0.7069
429,2765,car,121.93,59.04,183.76,92.2,0.5359
429,3152,car,915.88,18.39,954.06,48.65,0.568
429,3196,bike,157.13,63.38,199.77,104.99,0.646
429,3199,car,840.49,19.41,887.15,47.91,0.3959
429,2615,bike,611.19,23.25,632.5,68.61,0.5569
429,3210,car,192.24,26.38,224.96,55.84,0.2582
429,1916,bike,386.37,67.36,419.97,118.55,0.5058
429,3023,bike,251.63,76.86,272.58,109.72,0.3982
430,1,car,657.56,173.14,771.45,267.83,0.9104
430,170,car,554.04,162.87,642.84,247.69,0.8886
430,1378,car,588.56,252.03,699.92,365.23,0.9303
430,1402,bus,758.43,92.29,958.97,445.07,0.8688
430,2078,car,687.12,0.22,724.06,23.79,0.7193
430,2627,car,658.38,39.85,736.46,87.06,0.8728
430,2902,bike,104.47,82.4,158.48,145.41,0.7479
430,2467,car,792.86,33.04,878.34,70.95,0.7932
430,3059,bus,300.92,1.08,349.73,45.05,0.495
430,3126,car,11.04,57.91,43.13,110.7,0.7982
430,3152,car,915.9,17.87,955.12,48.41,0.5003
430,3196,bike,153.05,63.89,195.26,105.45,0.657
430,2615,bike,610.2,23.59,630.98,68.56,0.4918
430,3210,car,192.81,26.43,225.31,55.69,0.272
430,1916,bike,388.89,66.93,422.97,118.77,0.258
430,2183,bike,241.99,73.21,273.48,110.88,0.516
431,1,car,657.27,173.13,771.37,268.03,0.9092
431,170,car,553.98,162.96,642.64,247.6,0.8862
431,1378,car,589.25,252.09,700.19,364.96,0.9306
431,1402,bus,757.6,92.28,959.97,448.59,0.8709
431,2078,car,687.15,0.28,724.13,23.89,0.7606
431,2627,car,659.26,40.13,736.51,87.18,0.8703
431,2902,bike,105.36,83.73,159.27,146.36,0.8335
431,2467,car,787.47,33.5,874.73,71.92,0.6717
431,3059,bus,302.18,0.99,351.71,45.05,0.437
431,3126,car,11.64,57.9,45.42,109.96,0.9056
431,3152,car,914.6,17.81,954.97,48.56,0.5636
431,3196,bike,147.99,62.2,190.95,104.64,0.4862
431,2615,bike,609.05,23.43,629.71,68.83,0.5372
431,3210,car,193.1,26.26,225.71,55.62,0.3069
431,3249,bike,255.39,90.85,305.3,152.76,0.4407
431,2183,bike,244.19,72.1,275.95,110.47,0.3544
432,1,car,657.87,173.07,771.38,267.43,0.9066
432,170,car,553.81,162.95,642.73,247.79,0.8882
432,1378,car,589.29,252.06,699.97,364.7,0.9313
432,1402,bus,757.62,92.33,959.69,448.1,0.8707
432,2078,car,687.23,0.28,724.23,23.9,0.7306
432,2627,car,657.81,40.13,734.97,87.32,0.8685
432,2902,bike,107.14,85.2,159.58,145.74,0.7849
432,2467,car,782.94,33.7,872.19,72.9,0.7065
432,3059,bus,303.25,0.82,353.94,45.15,0.4955
432,3126,car,13.06,57.65,48.6,108.99,0.817
432,3152,car,914.56,17.53,955.98,48.63,0.5771
432,2615,bike,608.3,23.63,628.53,68.53,0.6781
432,3210,car,193.47,26.35,225.85,55.52,0.2196
432,2895,bike,845.2,60.09,878.39,99.12,0.4771
433,1,car,657.97,172.8,771.55,267.17,0.9058
433,170,car,553.78,162.89,642.6,247.65,0.8922
433,1378,car,589.44,252.0,699.99,364.6,0.9298
433,1402,bus,757.19,92.39,960.0,449.78,0.8719
433,2078,car,687.21,0.25,724.13,23.82,0.7348
433,2627,car,655.57,40.42,733.45,88.38,0.8908
433,2902,bike,110.29,84.56,161.18,143.18,0.757
433,2467,car,781.58,34.3,871.23,73.73,0.7535
433,3059,bus,302.69,0.72,354.42,45.29,0.4837
433,3126,car,12.52,57.64,50.79,109.63,0.7849
433,3152,car,915.11,17.66,956.73,48.53,0.6322
433,2615,bike,607.62,23.95,627.65,68.89,0.5327
433,2183,bike,248.92,75.26,279.21,112.15,0.3239
434,1,car,657.89,173.27,771.07,267.28,0.9042
434,170,car,553.84,162.97,642.62,247.67,0.8896
434,1378,car,589.13,251.84,700.0,364.84,0.9326
434,1402,bus,758.05,92.38,959.29,446.73,0.8664
434,2078,car,687.4,0.24,724.14,23.72,0.7513
434,2627,car,654.96,41.33,732.4,89.36,0.8973
434,2902,bike,111.49,85.96,161.32,142.84,0.7896
434,2467,car,780.1,34.51,869.98,74.11,0.7227
434,3059,bus,303.74,0.41,356.65,45.13,0.4361
434,3126,car,12.27,57.57,53.1,109.85,0.4919
434,3152,car,914.2,17.37,956.78,48.53,0.5814
434,2615,bike,607.0,24.6,626.56,68.39,0.6903
434,2183,bike,252.36,74.05,281.7,110.36,0.4669
434,3196,bike,132.14,63.12,171.81,102.81,0.4277
435,1,car,658.14,173.26,771.26,267.12,0.9037
435,170,car,553.92,163.02,642.67,247.63,0.8895
435,1378,car,588.51,251.71,699.63,364.87,0.9296
435,1402,bus,758.39,92.36,959.03,445.46,0.8743
435,2078,car,687.54,0.26,724.18,23.7,0.7429
435,2627,car,654.88,41.94,730.79,89.28,0.8705
435,2902,bike,111.96,85.25,162.01,141.97,0.825
435,2467,car,778.54,34.62,869.06,74.6,0.6535
435,3059,bus,303.67,0.23,357.5,45.05,0.4268
435,3126,car,13.16,57.45,55.76,108.7,0.7031
435,3152,car,913.74,16.47,957.86,48.55,0.6458
435,2615,bike,606.25,24.11,625.84,67.83,0.413
435,2183,bike,253.88,71.98,285.69,112.15,0.5005
435,3301,car,120.93,33.71,185.24,83.21,0.4067
435,3196,bike,128.87,63.71,169.07,104.56,0.4091
435,2895,bike,853.12,60.94,886.22,99.67,0.6636
436,1,car,658.16,173.57,771.19,267.24,0.9077
436,170,car,553.8,162.88,642.81,247.72,0.8956
436,1378,car,588.38,251.74,699.46,364.71,0.9299
436,1402,bus,758.35,92.22,959.0,445.15,0.8648
436,2078,car,687.77,0.38,724.14,23.62,0.7653
436,2627,car,653.89,42.02,729.08,89.15,0.8492
436,2902,bike,111.15,81.71,164.22,141.88,0.7697
436,2467,car,775.21,34.42,867.93,75.7,0.6895
436,3059,bus,304.16,0.62,358.16,44.91,0.3785
436,3126,car,12.98,57.33,58.29,108.73,0.8114
436,3152,car,913.67,16.95,957.57,48.49,0.635
436,2615,bike,605.44,24.17,624.58,66.77,0.2699
436,2183,bike,259.32,71.35,292.49,112.85,0.4119
436,3301,car,121.02,35.04,184.2,83.46,0.4316
436,2895,bike,855.99,61.75,889.57,100.93,0.7195
437,1,car,658.63,173.69,771.11,266.75,0.9076
437,170,car,553.92,162.74,642.85,247.51,0.893
437,1378,car,587.98,251.66,699.21,364.6,0.9298
437,1402,bus,758.01,92.26,959.2,446.06,0.8709
437,2078,car,687.83,0.38,724.13,23.57,0.7615
437,2627,car,652.75,42.04,727.98,89.42,0.84
437,2902,bike,112.4,82.49,164.25,141.04,0.8498
437,2467,car,772.69,34.66,863.71,75.33,0.6928
437,3059,bus,303.83,0.82,358.25,44.87,0.3143
437,3126,car,12.96,56.84,61.57,109.02,0.7949
437,3152,car,913.42,17.75,956.91,48.52,0.6568
437,2615,bike,604.37,24.23,623.78,67.45,0.3065
437,2183,bike,261.35,72.49,292.62,112.09,0.4616
437,2895,bike,858.49,61.59,892.47,101.55,0.8091
438,1,car,658.67,173.71,771.39,266.91,0.9051
438,170,car,554.06,162.74,642.99,247.5,0.8919
438,1378,car,587.31,251.63,699.4,365.37,0.9297
438,1402,bus,757.79,92.28,959.59,447.26,0.8688
438,2078,car,687.73,0.35,723.81,23.42,0.6976
438,2627,car,653.4,42.26,726.28,88.24,0.8522
438,2902,bike,113.16,83.31,165.55,142.37,0.7834
438,2467,car,771.65,34.12,859.88,73.5,0.646
438,3059,bus,301.95,1.0,356.33,44.87,0.4273
438,3126,car,12.64,56.54,64.42,109.4,0.7762
438,3152,car,913.66,17.63,957.6,48.45,0.7054
438,2615,bike,603.04,23.96,623.18,69.29,0.4851
438,2895,bike,860.85,61.78,894.56,101.63,0.7931
438,2765,car,150.61,56.02,216.63,91.17,0.5162
438,3023,bike,265.6,72.62,289.88,110.69,0.3338
439,1,car,658.62,173.71,771.42,266.85,0.9047
439,170,car,553.8,162.67,642.96,247.63,0.8916
439,1378,car,588.41,251.6,700.06,365.04,0.9315
439,1402,bus,758.14,92.32,959.0,445.41,0.871
439,2078,car,687.71,0.46,723.64,23.39,0.7293
439,2627,car,651.66,42.56,725.3,89.24,0.8733
439,2902,bike,113.42,81.02,167.49,142.07,0.8257
439,2467,car,771.18,33.56,858.36,72.59,0.7154
439,3059,bus,297.42,1.74,350.28,45.05,0.3089
439,3126,car,12.47,56.58,66.82,109.48,0.7797
439,3152,car,913.19,17.09,958.04,48.31,0.6222
439,2615,bike,602.1,23.59,621.68,68.12,0.4414
439,2895,bike,863.23,61.64,898.16,102.89,0.7887
439,2765,car,153.31,55.59,220.73,91.2,0.746
439,2183,bike,271.26,72.8,303.68,112.6,0.503
440,1,car,658.02,173.51,771.67,267.35,0.9059
440,170,car,553.78,162.71,642.74,247.43,0.8914
440,1378,car,589.21,251.59,700.19,364.54,0.9293
440,1402,bus,758.03,92.35,959.31,446.15,0.8579
440,2078,car,687.59,0.35,723.81,23.47,0.7732
440,2627,car,649.85,42.93,723.99,90.16,0.8348
440,2902,bike,113.19,78.95,168.31,141.28,0.6571
440,2467,car,768.47,33.66,854.47,72.02,0.7142
440,3059,bus,297.19,2.22,348.51,44.86,0.3336
440,3126,car,12.31,56.68,69.08,109.46,0.8257
440,3152,car,912.69,16.88,958.16,48.31,0.6405
440,2615,bike,601.11,23.39,620.92,69.04,0.433
440,2895,bike,864.52,61.77,900.63,104.14,0.7119
440,2765,car,155.94,55.58,223.87,90.96,0.7704
440,3351,bike,101.61,55.62,130.71,83.81,0.6632
440,2183,bike,275.88,74.2,308.1,112.49,0.4538
441,1,car,657.96,173.55,771.31,267.02,0.9055
441,170,car,553.72,162.91,642.77,247.67,0.8886
441,1378,car,587.88,251.5,700.07,365.74,0.9296
441,1402,bus,758.1,92.12,959.5,446.13,0.8655
441,2078,car,687.74,0.42,723.73,23.39,0.7239
441,2627,car,648.11,43.43,721.69,90.65,0.8383
441,2902,bike,117.26,81.19,168.21,138.06,0.619
441,2467,car,766.14,34.45,850.6,71.96,0.6027
441,3059,bus,295.41,2.37,345.98,45.02,0.2686
441,3126,car,12.4,56.07,72.02,109.1,0.798
441,3152,car,912.41,17.3,957.82,48.36,0.646
441,2615,bike,599.84,23.22,619.92,70.12,0.4278
441,2895,bike,865.93,62.03,903.78,106.61,0.4074
441,2765,car,157.61,55.16,226.69,90.82,0.747
441,3351,bike,98.96,57.16,127.89,85.13,0.3176
441,2183,bike,281.45,74.43,313.14,112.06,0.2924
441,2781,bike,605.75,70.88,652.4,122.57,0.4035
441,3023,bike,271.09,67.82,296.94,109.49,0.3507
442,1,car,657.68,173.26,771.58,267.2,0.9043
442,170,car,553.87,162.83,642.85,247.54,0.8899
442,1378,car,587.45,251.46,699.68,365.77,0.9291
442,1402,bus,758.05,92.3,959.58,446.58,0.8589
442,2078,car,687.77,0.28,723.98,23.4,0.7582
442,2627,car,647.28,44.15,721.12,91.81,0.8517
442,2902,bike,117.77,83.27,167.98,138.76,0.4566
442,2467,car,758.36,31.86,848.57,71.97,0.635
442,3059,bus,297.14,2.46,346.75,44.74,0.3256
442,3126,car,12.47,55.67,74.89,108.87,0.796
442,3152,car,912.87,17.47,958.22,48.27,0.6304
442,2615,bike,598.92,22.95,618.76,69.81,0.5699
442,2895,bike,869.33,62.03,906.85,106.44,0.6893
442,2765,car,159.79,54.82,228.94,90.15,0.7086
442,3368,bike,677.39,57.3,723.15,109.93,0.4089
442,2781,bike,606.11,71.11,652.96,124.6,0.319
443,1,car,657.8,173.2,771.6,267.01,0.9033
443,170,car,553.93,162.82,642.75,247.3,0.8893
443,1378,car,588.71,251.51,699.95,364.87,0.9319
443,1402,bus,758.08,92.29,959.32,445.93,0.8615
443,2078,car,687.85,0.34,723.91,23.37,0.7346
443,2627,car,646.4,44.57,721.03,92.88,0.8641
443,2902,bike,118.3,84.13,169.02,139.71,0.6303
443,2467,car,747.11,22.76,855.89,72.29,0.6872
443,3059,bus,295.93,2.04,345.57,44.81,0.2926
443,3126,car,12.43,55.48,78.22,109.37,0.5428
443,3152,car,912.78,17.65,958.21,48.26,0.5547
443,2615,bike,597.91,23.07,617.36,69.3,0.6794
443,2895,bike,872.34,62.27,909.37,106.03,0.3438
443,2765,car,161.04,54.23,230.59,89.6,0.7225
443,2781,bike,610.21,72.15,654.44,122.6,0.2658
443,3196,bike,92.36,67.24,140.02,118.6,0.4761
444,1,car,657.77,173.2,771.17,266.65,0.9044
444,170,car,553.53,162.57,642.74,247.35,0.8919
444,1378,car,588.74,251.52,699.81,364.68,0.9292
444,1402,bus,758.13,92.2,959.11,445.22,0.8654
444,2078,car,687.83,0.3,723.83,23.28,0.7301
444,2627,car,645.55,44.86,721.41,94.17,0.8737
444,2902,bike,119.4,85.49,170.05,140.64,0.7277
444,2467,car,752.14,29.75,848.55,73.47,0.6382
444,3059,bus,295.56,2.22,344.47,44.94,0.2625
444,3126,truck,11.35,54.97,81.73,110.81,0.5834
444,3152,car,910.96,17.64,957.17,48.33,0.5745
444,2615,bike,597.01,23.6,616.18,69.18,0.7531
444,2895,bike,873.74,62.01,912.29,107.63,0.697
444,2765,car,161.67,53.69,232.21,89.6,0.7499
444,3391,car,3.55,55.12,87.62,110.11,0.4208
444,3397,car,744.55,16.4,830.86,48.94,0.3917
444,3196,bike,90.84,70.92,134.96,119.85,0.5771
445,1,car,657.65,173.36,771.43,267.15,0.9037
445,170,car,553.73,162.73,642.82,247.38,0.8823
445,1378,car,587.75,251.52,699.28,364.96,0.9283
445,1402,bus,757.54,92.16,959.91,447.89,0.8449
445,2078,car,687.78,0.38,723.76,23.35,0.7508
445,2627,car,643.15,44.84,722.03,96.63,0.7925
445,2902,bike,120.79,85.43,171.79,140.56,0.722
445,2467,car,753.13,33.22,843.51,74.23,0.6977
445,3126,car,11.86,55.31,83.58,110.23,0.3644
445,3152,car,910.78,16.91,958.46,48.49,0.6513
445,2615,bike,595.97,23.87,615.15,69.3,0.6969
445,2895,bike,875.14,61.34,914.96,108.46,0.8462
445,2765,car,163.9,53.47,234.1,89.27,0.7459
445,3391,truck,5.33,55.17,89.43,110.02,0.6529
445,3397,car,737.96,13.01,828.81,47.33,0.5569
445,3196,bike,87.14,68.01,132.4,119.28,0.7384
446,1,car,657.64,173.62,771.58,267.62,0.9055
446,170,car,553.48,162.56,642.92,247.57,0.8848
446,1378,car,587.32,251.56,699.24,365.24,0.9249
446,1402,bus,757.95,92.01,959.47,446.17,0.8427
446,2078,car,688.02,0.33,724.03,23.31,0.7694
446,2627,car,643.43,44.96,720.12,95.49,0.7638
446,2902,bike,121.19,85.31,173.67,141.83,0.7541
446,2467,car,752.94,34.66,841.63,74.98,0.6447
446,3126,car,11.51,54.67,86.44,110.36,0.2781
446,3152,car,911.19,16.58,959.33,48.47,0.6465
446,2615,bike,595.19,24.18,613.88,68.01,0.5021
446,2895,bike,876.58,60.98,917.33,109.21,0.857
446,2765,car,165.96,53.3,237.32,89.79,0.6865
446,3391,truck,5.38,53.96,92.01,110.27,0.628
446,3397,car,732.95,11.63,825.49,46.69,0.6892
446,3196,bike,82.03,64.87,127.26,117.79,0.708
446,2183,bike,286.73,66.8,329.27,116.99,0.4601
447,1,car,658.26,173.46,771.47,266.76,0.9031
447,170,car,553.89,162.93,642.93,247.52,0.8825
447,1378,car,587.94,251.54,700.11,365.66,0.9312
447,1402,bus,758.03,92.08,959.35,445.75,0.8635
447,2078,car,687.82,0.27,723.94,23.31,0.7433
447,2627,car,642.18,45.25,717.32,94.7,0.8655
447,2902,bike,122.27,85.79,175.06,142.22,0.8264
447,2467,car,751.75,35.42,838.93,75.1,0.7733
447,3152,car,911.41,17.03,959.03,48.42,0.6197
447,2615,bike,594.5,24.51,612.98,67.33,0.6244
447,2895,bike,878.33,60.78,919.38,109.5,0.8533
447,2765,car,169.83,52.13,240.42,88.14,0.438
447,3391,truck,5.85,52.92,94.9,110.51,0.6254
447,3397,car,729.55,11.11,822.03,46.26,0.6769
447,3196,bike,79.9,64.14,123.94,116.71,0.6695
447,2183,bike,284.18,66.45,336.54,129.83,0.3338
448,1,car,657.92,173.46,771.89,267.45,0.908
448,170,car,553.93,163.05,642.85,247.49,0.8851
448,1378,car,588.45,251.55,700.0,365.03,0.9275
448,1402,bus,758.15,92.05,959.23,445.21,0.8392
448,2078,car,687.72,0.16,723.99,23.34,0.7738
448,2627,car,639.51,45.4,714.89,95.05,0.8611
448,2902,bike,122.67,85.86,176.66,143.52,0.8538
448,2467,car,748.88,35.55,835.61,74.97,0.7436
448,3152,car,910.75,16.78,959.01,48.48,0.5703
448,2615,bike,593.17,24.72,611.54,66.8,0.4649
448,2895,bike,880.61,60.64,921.69,109.36,0.7886
448,3391,truck,5.35,51.51,99.43,112.05,0.7227
448,3397,car,726.23,11.1,817.19,45.82,0.7231
448,3196,bike,76.95,66.06,119.53,117.39,0.6416
448,2183,bike,284.97,65.55,338.99,131.97,0.4644
448,3059,bus,294.68,3.2,342.05,45.22,0.2784
448,3126,car,13.06,53.35,94.62,111.94,0.478
449,1,car,657.76,173.43,771.98,267.67,0.9067
449,170,car,553.52,162.88,642.9,247.73,0.8888
449,1378,car,588.69,251.54,700.04,364.86,0.9303
449,1402,bus,758.11,92.09,959.37,445.57,0.8494
449,2078,car,688.07,0.36,724.13,23.4,0.7339
449,2627,car,639.42,46.23,714.33,95.75,0.9207
449,2902,bike,123.72,86.01,178.37,144.22,0.8288
449,2467,car,747.3,35.74,833.31,74.76,0.7849
449,3152,car,910.62,17.28,958.69,48.66,0.5283
449,2615,bike,592.38,24.5,611.05,67.23,0.6059
449,2895,bike,883.6,60.33,924.48,108.76,0.85
449,3391,truck,7.24,51.51,100.92,111.21,0.6797
449,3397,car,718.75,7.8,817.86,45.99,0.6429
449,3196,bike,74.23,66.98,115.94,117.61,0.5752
449,3433,bus,174.2,19.77,257.06,84.67,0.4728
449,3438,bike,709.13,56.68,737.72,108.1,0.4995
449,2765,truck,159.99,28.7,267.82,85.83,0.5031
450,1,car,657.86,173.49,772.03,267.76,0.9094
450,170,car,553.39,163.02,642.67,247.66,0.8857
450,1378,car,587.79,251.75,699.76,365.67,0.9294
450,1402,bus,758.18,92.27,959.42,445.65,0.8602
450,2078,car,687.93,0.56,723.87,23.49,0.6815
450,2627,car,639.87,46.96,713.48,95.8,0.9357
450,2902,bike,124.87,86.03,179.35,143.82,0.824
450,2467,car,745.81,36.08,831.38,74.75,0.8278
450,3152,car,910.51,17.35,958.58,48.54,0.5654
450,2615,bike,591.62,24.36,610.04,66.65,0.5032
450,2895,bike,886.65,60.61,926.56,107.61,0.8186
450,3391,truck,7.36,51.34,102.51,111.4,0.6897
450,3397,car,717.86,8.85,813.15,45.74,0.6583
450,3196,bike,72.08,65.86,113.87,117.21,0.678
450,3433,bus,175.35,19.72,257.88,84.39,0.4826
450,2765,truck,160.47,23.63,272.7,85.23,0.4608
450,1916,bike,419.97,64.7,456.81,120.13,0.3242
451,1,car,657.6,173.33,771.96,267.8,0.9083
451,170,car,553.58,163.02,642.92,247.73,0.8801
451,1378,car,587.45,251.83,699.54,365.82,0.9292
451,1402,bus,758.27,92.36,959.4,445.52,0.8541
451,2078,car,687.79,0.49,723.93,23.47,0.5597
451,2627,car,638.67,47.41,713.24,97.24,0.9272
451,2902,bike,125.9,85.81,180.85,143.82,0.8507
451,2467,car,744.62,36.2,829.97,74.51,0.7231
451,3152,car,910.04,17.34,958.17,48.29,0.5065
451,2615,bike,590.7,24.31,608.91,66.63,0.4528
451,2895,bike,890.06,61.07,929.55,107.57,0.8033
451,3391,truck,6.52,51.04,104.76,112.53,0.6646
451,3397,car,717.49,10.74,807.5,45.66,0.6926
451,3433,truck,176.96,21.9,257.15,84.8,0.4221
451,2765,bus,161.74,19.67,274.92,84.06,0.3139
451,3452,bike,718.96,58.47,744.05,104.35,0.4156
451,3059,bus,295.32,2.52,342.39,45.28,0.2822
452,1,car,657.69,173.44,771.89,267.79,0.9085
452,170,car,553.48,163.09,643.08,248.09,0.878
452,1378,car,587.94,251.93,700.11,366.18,0.9309
452,1402,bus,758.49,92.36,959.17,444.59,0.8539
452,2078,car,687.58,0.53,723.81,23.53,0.6393
452,2627,car,637.29,47.49,712.29,97.94,0.8937
452,2902,bike,126.78,85.69,182.13,143.98,0.8425
452,2467,car,743.56,37.68,826.93,74.6,0.6861
452,3152,car,910.32,16.97,959.52,48.67,0.5871
452,2615,bike,589.63,24.12,607.8,66.89,0.5225
452,2895,bike,890.76,60.59,932.32,109.73,0.7835
452,3391,truck,7.68,51.24,105.25,111.52,0.7206
452,3397,car,718.18,13.06,800.9,45.06,0.6181
452,3433,truck,178.62,22.53,257.94,84.81,0.4279
452,2765,bus,164.47,19.11,274.84,83.95,0.4009
452,3059,bus,295.61,2.69,341.79,45.33,0.2913
452,3196,bike,65.52,75.38,101.89,119.35,0.5216
453,1,car,657.48,173.49,771.97,268.11,0.9101
453,170,car,553.74,163.29,643.05,247.94,0.8739
453,1378,car,587.23,252.06,700.16,367.12,0.9285
453,1402,bus,757.94,92.34,959.54,446.23,0.8537
453,2078,car,687.24,0.68,723.18,23.45,0.6368
453,2627,car,635.79,47.5,710.85,98.23,0.8986
453,2902,bike,127.5,85.55,182.9,143.77,0.8175
453,2467,car,740.69,37.58,825.63,75.03,0.7822
453,3152,car,910.61,17.15,959.78,48.84,0.5638
453,2615,bike,588.7,24.4,605.89,65.15,0.4227
453,2895,bike,893.45,60.67,934.71,109.31,0.8257
453,3391,truck,6.11,51.39,106.45,112.89,0.3871
453,3397,car,717.94,15.17,794.79,44.62,0.5129
453,3433,bus,179.29,21.86,259.5,85.02,0.3081
453,3196,bike,62.77,77.93,99.46,121.79,0.7054
454,1,car,657.56,173.58,771.61,267.86,0.9076
454,170,car,553.92,163.44,643.11,247.93,0.8701
454,1378,car,587.23,252.24,700.24,367.47,0.9322
454,1402,bus,758.02,92.38,959.3,445.6,0.8404
454,2078,car,687.33,0.64,723.28,23.42,0.6264
454,2627,car,635.81,47.94,708.18,96.88,0.8313
454,2902,bike,129.4,85.35,183.15,141.5,0.7523
454,2467,car,738.7,37.57,824.32,75.31,0.7208
454,3152,car,911.25,17.56,959.9,48.93,0.6171
454,2615,bike,589.04,24.08,603.52,57.88,0.3337
454,2895,bike,896.09,60.66,936.79,108.31,0.8349
454,3391,truck,5.8,50.48,108.55,112.87,0.5618
454,3397,car,711.4,14.39,792.95,45.84,0.7413
454,3433,car,180.67,21.07,261.76,85.23,0.3877
454,3196,bike,60.03,79.78,96.2,121.95,0.5416
454,3486,bike,726.51,55.0,763.41,108.36,0.5798
454,3139,bike,813.94,47.71,843.47,89.51,0.4115
454,2781,bike,636.73,63.86,685.37,118.89,0.3304
455,1,car,657.35,173.64,771.73,268.23,0.9111
455,170,car,553.95,163.55,643.08,247.95,0.8668
455,1378,car,587.98,252.26,700.51,367.11,0.9299
455,1402,bus,757.93,92.45,959.19,445.52,0.8286
455,2078,car,687.25,0.75,723.13,23.4,0.5864
455,2627,car,635.46,48.28,706.49,96.34,0.7966
455,2902,bike,131.32,85.57,182.75,138.69,0.6788
455,2467,car,737.24,37.64,822.75,75.44,0.8105
455,3152,car,911.36,17.57,959.94,48.91,0.6139
455,2615,bike,588.86,23.69,602.44,54.8,0.3235
455,2895,bike,899.26,60.72,939.22,107.13,0.8548
455,3391,truck,5.6,50.52,112.46,114.84,0.7537
455,3397,car,708.75,14.77,787.98,45.34,0.6343
455,3433,car,191.14,39.08,251.67,85.97,0.4288
455,3139,bike,816.07,47.59,846.69,90.2,0.5046
455,2781,bike,638.92,67.49,686.28,119.23,0.521
456,1,car,657.44,173.62,771.75,268.12,0.9124
456,170,car,553.84,163.65,642.88,247.89,0.8727
456,1378,car,588.14,252.28,700.59,367.16,0.9281
456,1402,bus,758.05,92.57,959.45,445.9,0.8589
456,2078,car,687.61,0.7,723.16,23.05,0.3941
456,2627,car,632.28,48.26,705.37,97.88,0.825
456,2902,bike,129.76,85.85,184.96,142.82,0.7334
456,2467,car,738.57,37.98,822.24,75.33,0.7645
456,3152,car,911.01,17.07,960.0,49.01,0.4816
456,2895,bike,902.5,61.02,942.48,107.21,0.8343
456,3391,truck,5.49,49.32,115.81,115.12,0.6894
456,3397,car,705.76,14.31,785.47,45.19,0.7182
456,3433,car,195.37,47.25,246.0,85.74,0.4959
456,3139,bike,818.47,47.91,849.54,90.71,0.5898
456,2781,bike,642.61,70.23,687.99,118.45,0.4107
456,3034,bike,584.18,23.84,605.0,60.37,0.3885
456,3059,bus,295.86,4.1,339.82,45.52,0.2946
456,3196,bike,51.59,83.05,87.55,124.08,0.4007
456,3486,bike,732.88,54.74,767.97,105.45,0.6665
457,1,car,657.57,173.37,771.95,267.94,0.9077
457,170,car,553.87,163.7,642.97,247.91,0.873
457,1378,car,587.58,252.31,700.67,368.03,0.932
457,1402,bus,758.09,92.81,959.42,445.97,0.8533
457,2627,car,630.88,48.64,703.37,97.89,0.8606
457,2902,bike,129.26,85.92,186.71,145.32,0.8016
457,2467,car,734.56,38.06,818.71,75.6,0.7627
457,3152,car,911.83,17.71,960.0,49.08,0.5544
457,2895,bike,904.7,61.16,945.66,108.35,0.7897
457,3391,truck,3.34,48.5,120.8,118.35,0.8367
457,3397,car,701.22,14.11,782.8,45.93,0.8495
457,3433,car,198.08,49.48,245.71,84.96,0.5788
457,3139,bike,822.57,47.81,852.66,89.6,0.6077
457,3034,bike,583.34,24.38,603.85,62.03,0.4122
457,3196,bike,46.81,84.16,82.98,124.2,0.3662
457,3486,bike,737.31,56.19,770.19,103.65,0.4499
458,1,car,657.57,173.42,771.8,267.88,0.9079
458,170,car,553.87,163.69,643.05,247.95,0.8692
458,1378,car,586.34,252.34,700.09,368.72,0.9252
458,1402,bus,758.07,92.87,959.4,445.98,0.8549
458,2627,car,629.05,49.08,702.79,99.33,0.8625
458,2902,bike,129.8,85.69,187.57,145.5,0.8224
458,2467,car,732.74,37.8,817.15,75.58,0.7968
458,3152,car,911.89,18.19,959.9,49.26,0.5821
458,2895,bike,907.28,61.24,948.0,107.85,0.8235
458,3391,truck,2.97,48.68,123.73,120.17,0.6522
458,3397,car,697.7,13.73,780.8,46.5,0.8798
458,3433,car,201.01,48.48,252.07,85.69,0.6016
458,3139,bike,825.66,47.92,854.55,88.13,0.6407
458,3034,bike,581.84,25.3,603.1,65.48,0.5932
458,3196,bike,42.56,84.92,79.45,125.17,0.3975
458,3486,bike,741.42,57.66,774.41,105.22,0.5751
458,1916,bike,433.14,66.97,470.53,120.73,0.2785
459,1,car,657.68,173.49,771.8,267.86,0.9067
459,170,car,553.74,163.82,643.22,248.29,0.8752
459,1378,car,586.44,252.45,699.48,367.92,0.921
459,1402,bus,757.52,92.94,959.76,447.8,0.8437
459,2627,car,628.11,49.62,702.0,100.07,0.8835
459,2902,bike,131.36,86.02,188.43,144.97,0.8199
459,2467,car,731.07,38.43,813.82,75.46,0.787
459,3152,car,912.46,19.45,958.39,48.9,0.5161
459,2895,bike,909.86,61.01,950.22,106.86,0.8053
459,3391,truck,2.97,48.84,127.61,122.27,0.832
459,3397,car,694.21,13.36,777.24,46.38,0.8261
459,3433,car,205.13,49.57,254.28,84.42,0.7011
459,3139,bike,827.28,48.15,856.21,88.45,0.5789
459,3034,bike,581.09,25.96,601.93,66.03,0.5424
459,3196,bike,37.85,85.65,75.34,125.88,0.4387
459,3486,bike,745.65,56.93,777.84,103.29,0.4685
459,1916,bike,432.33,66.51,469.53,120.41,0.2594
459,2078,car,688.51,0.36,723.65,22.32,0.2376
460,1,car,657.85,173.65,771.69,267.79,0.9093
460,170,car,553.47,163.68,643.23,248.42,0.8783
460,1378,car,588.18,252.46,700.01,366.8,0.9292
460,1402,bus,757.04,93.01,960.0,449.87,0.8416
460,2627,car,626.72,49.86,700.6,100.31,0.8747
460,2902,bike,133.3,86.04,189.22,143.59,0.7302
460,2467,car,725.76,38.2,809.8,75.59,0.8036
460,3152,car,911.54,18.38,959.23,48.94,0.6088
460,2895,bike,911.74,61.2,952.58,107.27,0.7336
460,3391,truck,3.39,47.74,130.45,122.16,0.7233
460,3397,car,690.72,13.06,772.66,45.83,0.7641
460,3433,car,206.7,49.14,254.87,82.66,0.5809
460,3139,bike,829.79,48.29,857.98,87.67,0.3009
460,3034,bike,579.8,26.67,600.63,67.09,0.4035
460,3196,bike,34.57,86.59,71.93,125.87,0.441
460,3486,bike,749.51,56.07,782.01,102.62,0.4515
460,1916,bike,433.3,66.92,470.04,120.04,0.4652
460,3528,bike,196.2,53.86,218.75,90.44,0.519
460,2781,bike,653.21,72.98,699.67,122.16,0.4407
461,1,car,657.94,173.71,771.81,267.86,0.9104
461,170,car,553.51,163.71,643.29,248.49,0.8788
461,1378,car,588.04,252.27,700.28,367.18,0.9301
461,1402,bus,757.54,92.98,959.69,447.93,0.846
461,2627,car,625.39,50.47,700.03,101.49,0.8753
461,2902,bike,135.85,86.24,189.75,141.3,0.7243
461,2467,car,723.11,38.38,807.5,75.77,0.86
461,3152,car,910.33,17.62,959.59,49.18,0.5385
461,2895,bike,913.97,62.07,954.46,107.5,0.6166
461,3391,truck,5.78,48.52,130.54,120.71,0.2951
461,3397,car,687.38,13.09,767.61,45.31,0.822
461,3433,car,208.99,48.94,256.92,81.6,0.6239
461,3034,bike,578.7,26.29,599.82,67.77,0.4897
461,3196,bike,30.72,86.79,68.48,126.21,0.6703
461,3486,bike,753.22,57.68,785.3,103.39,0.7
461,1916,bike,434.08,67.29,470.27,120.04,0.3991
461,3528,bike,198.46,54.57,220.84,90.87,0.5797
461,2781,bike,655.8,72.54,702.03,121.19,0.3927
462,1,car,657.57,173.53,771.76,267.95,0.907
462,170,car,553.67,163.93,643.29,248.51,0.8737
462,1378,car,588.01,252.19,700.46,367.42,0.9305
462,1402,bus,757.73,92.96,959.66,447.53,0.8415
462,2627,car,624.48,51.29,699.0,102.26,0.855
462,2902,bike,136.35,86.19,190.9,141.62,0.7624
462,2467,car,719.21,38.06,806.74,76.91,0.8615
462,3152,car,910.98,17.92,959.72,49.13,0.6139
462,2895,bike,916.64,61.97,956.92,107.09,0.7513
462,3391,truck,11.1,48.43,131.14,116.82,0.3877
462,3397,car,684.67,12.97,763.79,44.93,0.8113
462,3433,car,209.99,49.4,257.91,81.44,0.6232
462,3034,bike,577.13,25.95,598.67,69.35,0.4834
462,3196,bike,27.22,86.89,65.92,127.15,0.5235
462,3486,bike,759.19,61.08,788.71,102.97,0.5332
462,1916,bike,438.28,68.3,476.07,121.2,0.5057
462,3528,bike,200.77,55.63,222.7,91.17,0.4861
462,2781,bike,656.99,71.63,704.73,122.18,0.405
462,3139,bike,831.72,48.7,861.82,89.71,0.5013
463,1,car,657.91,173.63,771.53,267.54,0.9074
463,170,car,553.72,163.88,643.47,248.57,0.8775
463,1378,car,587.26,252.26,700.17,367.97,0.9276
463,1402,bus,757.7,93.01,959.74,447.81,0.8478
463,2627,car,619.99,51.93,702.59,109.0,0.8304
463,2902,bike,136.83,86.2,192.79,142.98,0.7683
463,2467,car,717.03,38.63,805.42,77.87,0.8436
463,3152,car,910.3,17.3,959.68,48.92,0.5652
463,2895,bike,918.36,61.6,959.08,107.4,0.6714
463,3391,truck,10.4,48.86,134.39,118.74,0.3477
463,3397,car,681.92,12.41,761.76,44.84,0.8052
463,3433,car,209.54,49.54,259.59,82.66,0.6797
463,3034,bike,577.31,25.99,597.07,66.56,0.3144
463,3196,bike,24.26,87.76,63.25,127.88,0.5665
463,3486,bike,764.15,63.07,792.54,102.9,0.5855
463,1916,bike,437.98,68.86,475.5,120.91,0.5876
463,2781,bike,659.26,71.48,706.82,121.59,0.2334
463,3139,bike,833.26,48.28,863.8,89.32,0.5446
464,1,car,657.97,173.74,771.54,267.54,0.9067
464,170,car,553.6,163.96,643.52,248.83,0.8698
464,1378,car,587.69,252.3,700.66,368.28,0.9277
464,1402,bus,757.68,92.91,959.49,447.21,0.8411
464,2627,car,614.87,52.4,706.56,116.86,0.7832
464,2902,bike,137.97,86.3,194.08,143.17,0.8094
464,2467,car,714.62,39.56,801.82,78.07,0.8627
464,3152,car,910.42,17.1,960.0,48.96,0.5505
464,2895,bike,920.72,61.46,960.0,107.05,0.3484
464,3391,truck,5.94,46.11,140.37,121.72,0.5992
464,3397,car,679.34,12.69,757.94,44.75,0.7943
464,3433,car,211.68,49.26,265.07,84.07,0.6831
464,3196,bike,20.54,87.91,60.39,128.56,0.3551
464,3486,bike,766.56,61.15,796.47,103.06,0.5036
464,1916,bike,439.42,69.07,478.51,122.26,0.7216
464,3139,bike,835.03,48.13,866.22,89.59,0.377
465,1,car,657.58,173.65,771.66,267.88,0.9098
465,170,car,553.72,164.01,643.55,248.8,0.8743
465,1378,car,586.92,252.47,700.19,368.68,0.9237
465,1402,bus,757.94,92.79,959.15,445.93,0.8444
465,2627,car,613.03,52.98,706.31,119.53,0.7933
465,2902,bike,139.3,86.25,195.49,143.19,0.8428
465,2467,car,712.09,39.27,799.73,77.9,0.8782
465,3152,car,910.63,16.96,960.0,49.19,0.6363
465,3391,truck,6.81,45.56,143.28,122.05,0.542
465,3397,car,675.93,12.4,753.52,44.28,0.8379
465,3433,car,214.43,48.78,271.65,85.43,0.5685
465,3486,bike,769.82,59.38,800.66,102.53,0.5291
465,1916,bike,441.27,69.23,481.13,122.35,0.6435
466,1,car,657.82,173.69,771.64,267.63,0.9105
466,170,car,553.64,163.74,643.6,248.66,0.8735
466,1378,car,587.86,252.54,700.79,368.59,0.9292
466,1402,bus,758.04,92.85,958.98,445.31,0.8533
466,2627,car,611.4,53.5,703.64,120.32,0.8276
466,2902,bike,141.26,87.01,196.19,142.47,0.7537
466,2467,car,709.44,39.65,797.66,78.5,0.8873
466,3152,car,910.96,17.63,959.95,49.15,0.5964
466,3391,truck,14.89,47.03,141.2,116.67,0.3639
466,3397,car,672.73,12.46,748.91,43.91,0.7814
466,3433,car,217.03,48.71,275.36,85.38,0.7208
466,3486,bike,772.57,58.8,803.11,101.68,0.4004
466,1916,bike,441.21,68.85,480.65,121.06,0.6246
466,3556,bike,576.97,25.91,591.34,57.56,0.393
467,1,car,657.76,173.83,771.61,267.71,0.9131
467,170,car,553.79,163.88,643.51,248.6,0.8777
467,1378,car,588.47,252.54,700.89,368.26,0.9324
467,1402,bus,757.69,92.89,959.45,446.84,0.8606
467,2627,car,614.88,54.51,695.74,112.79,0.9084
467,2902,bike,143.33,86.24,196.4,139.41,0.7446
467,2467,car,706.94,39.57,796.48,79.01,0.8937
467,3152,car,910.78,17.17,960.0,49.14,0.585
467,3391,truck,21.94,47.24,141.52,111.98,0.332
467,3397,car,669.19,11.69,745.96,43.62,0.7439
467,3433,car,217.11,48.26,274.18,83.87,0.7002
467,3486,bike,775.03,58.66,804.88,100.72,0.3728
467,1916,bike,441.68,68.67,480.57,120.27,0.6124
467,3556,bike,574.54,26.84,591.85,65.05,0.537
467,3196,bike,6.18,82.55,51.48,129.02,0.6331
467,3139,bike,839.36,48.81,872.5,92.29,0.2646
468,1,car,657.36,173.81,771.56,267.94,0.9105
468,170,car,553.66,163.89,643.43,248.64,0.8763
468,1378,car,588.53,252.35,700.5,367.69,0.9291
468,1402,bus,757.81,92.99,959.32,446.44,0.8496
468,2627,car,615.4,54.93,692.51,110.22,0.8431
468,2902,bike,147.85,85.73,197.9,135.89,0.5865
468,2467,car,705.07,39.67,795.41,79.4,0.9129
468,3152,car,910.75,17.25,960.0,49.25,0.5141
468,3397,car,665.38,10.38,743.23,43.19,0.789
468,3433,car,216.37,48.05,273.33,83.63,0.6369
468,3486,bike,777.02,57.69,807.74,100.89,0.533
468,1916,bike,443.04,69.38,481.51,120.31,0.3489
468,3556,bike,572.71,26.45,591.14,67.17,0.5625
468,3570,car,362.6,58.54,401.07,103.59,0.4523
468,3196,bike,2.5,82.13,47.09,128.2,0.4666
468,3139,bike,842.45,48.28,875.01,90.42,0.3141
469,1,car,657.13,173.82,772.06,268.59,0.9108
469,170,car,553.77,163.96,643.4,248.6,0.8751
469,1378,car,588.57,252.46,700.55,367.86,0.9314
469,1402,bus,757.62,92.95,959.5,447.08,0.8421
469,2627,car,612.44,55.75,690.66,112.0,0.8678
469,2902,bike,153.41,85.38,200.81,133.62,0.4356
469,2467,car,703.51,40.25,793.78,79.96,0.9047
469,3152,car,910.73,16.68,960.0,49.4,0.433
469,3397,car,659.85,6.95,742.74,42.58,0.8203
469,3433,car,216.67,47.97,274.28,84.32,0.4999
469,3486,bike,781.32,58.16,811.02,99.63,0.5965
469,1916,bike,446.7,68.76,487.29,121.27,0.5559
469,3556,bike,571.38,26.51,590.29,68.27,0.6546
469,3196,bike,0.0,84.55,43.43,129.45,0.5488
469,3139,bike,843.6,47.97,877.78,91.91,0.5366
469,3582,bike,508.25,4.92,528.72,33.52,0.4564
470,1,car,656.9,173.63,772.48,269.01,0.914
470,170,car,553.3,163.33,643.75,248.86,0.881
470,1378,car,587.05,252.31,699.9,368.56,0.9191
470,1402,bus,757.69,92.86,959.3,446.4,0.844
470,2627,car,611.81,56.71,686.88,110.53,0.8951
470,2902,bike,147.35,84.82,201.78,140.35,0.6458
470,2467,car,700.6,40.67,790.25,80.02,0.9174
470,3152,car,910.09,16.02,960.0,49.55,0.4888
470,3397,car,656.72,5.83,739.96,42.15,0.8114
470,3486,bike,786.4,58.48,815.34,98.6,0.6467
470,1916,bike,447.08,67.66,487.83,120.29,0.4706
470,3556,bike,570.36,26.7,589.55,69.07,0.5455
470,3196,bike,0.0,80.45,40.2,129.18,0.5787
470,3139,bike,845.0,48.05,880.86,94.1,0.6869
470,3582,bike,509.6,5.75,529.32,33.25,0.3346
471,1,car,656.91,173.78,772.47,269.19,0.9172
471,170,car,553.47,163.69,643.56,248.92,0.8761
471,1378,car,586.71,252.42,699.69,368.69,0.9246
471,1402,bus,757.64,92.94,959.34,446.61,0.8445
471,2627,car,610.36,57.5,683.81,109.92,0.8918
471,2902,bike,145.08,84.82,202.93,144.15,0.6638
471,2467,car,697.43,40.8,787.72,80.43,0.8883
471,3152,car,910.09,15.76,960.0,49.6,0.4597
471,3397,car,653.92,5.09,737.22,42.02,0.8139
471,3486,bike,789.63,59.22,818.12,98.3,0.7206
471,1916,bike,447.53,66.95,487.84,119.35,0.5975
471,3556,bike,569.38,27.68,588.5,69.75,0.5267
471,3139,bike,846.56,47.97,882.8,94.21,0.6185
471,3582,bike,511.38,6.13,530.53,32.73,0.3093
471,3570,bike,369.34,61.66,405.65,104.38,0.426
472,1,car,657.26,173.87,772.46,268.97,0.9191
472,170,car,553.47,163.57,643.58,248.86,0.8735
472,1378,car,586.06,252.58,699.68,369.42,0.9132
472,1402,bus,757.98,92.83,958.79,444.64,0.8522
472,2627,car,609.22,58.26,681.69,109.71,0.882
472,2902,bike,144.84,84.02,204.34,145.52,0.7964
472,2467,car,695.64,40.79,786.07,80.58,0.8951
472,3152,car,910.81,16.84,960.0,49.59,0.6187
472,3397,car,649.52,2.7,734.94,41.37,0.6099
472,3486,bike,792.06,58.17,821.2,97.86,0.5573
472,1916,bike,448.95,66.69,489.68,119.76,0.5386
472,3556,bike,568.36,28.66,587.07,69.63,0.4136
472,3139,bike,848.0,47.73,885.15,94.81,0.6919
472,3582,bike,512.41,5.94,531.61,32.39,0.6406
472,3570,car,371.27,61.26,406.76,103.07,0.3829
472,3391,truck,15.42,41.43,149.47,112.03,0.3097
472,3433,car,224.99,46.87,284.96,84.5,0.5446
473,1,car,657.1,173.63,772.48,268.93,0.9154
473,170,car,553.4,163.82,643.4,249.01,0.8741
473,1378,car,586.48,252.65,699.54,368.76,0.9238
473,1402,bus,757.22,92.77,959.58,447.45,0.8378
473,2627,car,607.93,59.09,679.55,109.74,0.8592
473,2902,bike,146.17,83.52,205.25,144.75,0.8049
473,2467,car,693.8,40.03,785.25,80.46,0.9198
473,3152,car,911.76,17.3,960.0,49.43,0.46
473,3397,car,645.99,1.59,731.48,40.99,0.6664
473,3486,bike,795.69,58.05,825.45,97.98,0.5665
473,1916,bike,451.38,67.42,491.54,119.49,0.418
473,3556,bike,567.27,27.94,585.91,68.86,0.4497
473,3139,bike,851.74,47.96,887.23,92.66,0.4788
473,3582,bike,513.16,6.76,532.18,32.72,0.6356
473,3433,car,224.14,39.52,294.56,84.16,0.5319
474,1,car,656.81,173.54,772.51,269.22,0.9167
474,170,car,553.29,163.81,643.4,249.17,0.8758
474,1378,car,586.15,252.67,699.7,369.2,0.9229
474,1402,bus,757.56,92.79,959.13,445.88,0.8451
474,2627,car,605.85,59.29,678.13,110.35,0.8562
474,2902,bike,147.23,83.34,206.27,144.58,0.7871
474,2467,car,693.44,41.14,782.61,80.53,0.8944
474,3152,car,911.23,16.74,960.0,49.63,0.3827
474,3397,car,645.05,2.47,727.08,40.72,0.619
474,3486,bike,799.64,57.93,829.18,97.15,0.3133
474,1916,bike,452.43,67.81,492.12,119.56,0.5251
474,3556,bike,566.55,28.34,585.12,69.01,0.4795
474,3139,bike,853.46,47.89,889.99,93.54,0.8018
474,3582,bike,513.24,6.22,533.0,33.03,0.7058
474,3433,car,226.54,43.09,290.17,83.71,0.3363
474,3643,bike,334.78,72.2,357.21,116.5,0.3899
474,2781,bike,686.06,69.71,736.13,123.22,0.5688
475,1,car,656.93,173.52,772.12,268.81,0.913
475,170,car,553.22,163.73,643.4,249.22,0.8727
475,1378,car,586.56,252.71,700.03,369.22,0.9244
475,1402,bus,757.45,92.77,959.3,446.33,0.8548
475,2627,car,603.7,59.81,676.64,111.31,0.8669
475,2902,bike,148.18,83.33,207.32,144.75,0.8028
475,2467,car,693.07,42.46,779.76,80.58,0.9091
475,3152,car,910.82,16.28,960.0,49.6,0.4211
475,3397,car,644.51,4.05,721.53,40.24,0.6356
475,3486,bike,803.53,57.65,833.01,96.73,0.3227
475,1916,bike,453.56,68.1,493.12,119.9,0.4286
475,3556,bike,566.12,28.96,584.13,68.46,0.4033
475,3139,bike,856.67,48.15,893.71,94.33,0.7562
475,3582,bike,513.79,5.18,533.9,32.46,0.7195
475,3643,bike,336.53,73.25,357.66,114.87,0.4333
475,2781,bike,687.84,68.05,739.2,124.01,0.7454
475,3391,bus,0.0,21.62,171.1,113.78,0.42
476,1,car,656.86,173.57,771.89,268.79,0.9154
476,170,car,552.8,163.17,643.59,249.43,0.8786
476,1378,car,587.65,252.64,700.32,368.47,0.9312
476,1402,bus,757.57,92.82,959.33,446.18,0.8645
476,2627,car,601.02,60.34,674.72,112.36,0.8699
476,2902,bike,149.01,82.88,208.94,145.45,0.837
476,2467,car,692.15,43.38,777.08,80.5,0.8719
476,3152,car,911.7,17.29,960.0,49.6,0.5815
476,3397,car,642.91,5.06,716.46,39.82,0.7282
476,1916,bike,453.31,67.4,492.76,119.63,0.4466
476,3556,bike,566.06,30.51,583.15,67.97,0.3363
476,3139,bike,858.37,48.65,894.79,93.86,0.7545
476,3582,bike,514.47,4.48,534.34,31.59,0.7522
476,3643,bike,337.99,74.17,358.72,114.8,0.2696
476,2781,bike,689.88,67.32,741.43,124.61,0.7653
476,3664,truck,0.0,29.7,175.29,114.23,0.4937
476,3391,bus,0.0,22.3,172.12,114.5,0.5459
476,3570,bike,381.91,60.91,418.08,103.77,0.6226
476,3433,car,229.3,46.23,288.79,84.64,0.3378
477,1,car,656.81,173.64,772.0,269.07,0.9161
477,170,car,552.89,163.25,643.3,249.23,0.8801
477,1378,car,586.58,252.63,699.82,368.94,0.9252
477,1402,bus,757.58,92.84,959.21,445.87,0.8621
477,2627,car,599.13,61.24,674.08,114.03,0.8912
477,2902,bike,150.13,83.02,209.74,145.5,0.7839
477,2467,car,689.95,43.58,775.68,80.95,0.8347
477,3152,car,910.84,16.68,960.0,49.73,0.4709
477,3397,car,639.96,5.08,712.51,39.49,0.6721
477,1916,bike,455.38,67.13,494.42,119.3,0.475
477,3556,bike,565.49,32.06,582.03,68.2,0.3408
477,3139,bike,860.01,49.29,896.25,94.03,0.6975
477,3582,bike,516.62,4.59,536.6,31.72,0.6316
477,2781,bike,692.32,67.79,742.7,124.45,0.5227
477,3664,truck,3.23,34.76,169.94,114.11,0.2592
477,3391,bus,0.0,20.75,173.5,114.56,0.4129
477,3570,bike,385.12,60.7,422.03,104.37,0.5808
477,3486,bike,810.71,58.63,839.82,96.93,0.2445
478,1,car,656.83,173.64,771.78,268.95,0.9138
478,170,car,552.96,163.27,643.26,249.22,0.8796
478,1378,car,586.77,252.62,699.91,368.88,0.9291
478,1402,bus,757.54,92.82,959.38,446.2,0.8532
478,2627,car,597.58,62.02,672.71,114.87,0.8842
478,2902,bike,151.41,82.24,210.44,144.3,0.7799
478,2467,car,687.18,43.49,773.68,81.18,0.8875
478,3152,car,910.73,16.11,960.0,49.62,0.4958
478,3397,car,636.04,3.02,709.37,38.13,0.6808
478,1916,bike,456.93,65.83,496.22,119.09,0.5532
478,3556,bike,564.54,32.22,580.65,67.36,0.262
478,3139,bike,863.5,48.9,900.24,94.21,0.6449
478,3582,bike,518.15,4.58,538.08,31.45,0.6007
478,2781,bike,694.98,66.89,745.18,124.07,0.5867
478,3664,truck,3.1,32.45,171.41,112.54,0.4674
478,3391,bus,2.27,23.11,171.55,113.8,0.2264
478,3679,bike,233.41,52.25,255.94,88.12,0.3834
478,3433,car,235.44,45.41,298.09,85.6,0.3137
479,1,car,657.09,173.59,771.3,268.23,0.911
479,170,car,553.35,163.51,643.15,249.0,0.8815
479,1378,car,586.79,252.66,700.02,369.02,0.9296
479,1402,bus,757.36,92.85,959.43,446.63,0.8529
479,2627,car,595.72,63.33,670.67,115.82,0.8756
479,2902,bike,152.82,82.18,211.37,144.06,0.7861
479,2467,car,684.79,42.99,772.23,81.1,0.9129
479,3152,car,909.46,14.59,960.0,49.68,0.42
479,3397,car,634.4,3.13,705.01,37.1,0.7342
479,1916,bike,459.32,66.21,498.05,119.09,0.3993
479,3139,bike,865.52,49.12,902.5,94.42,0.6233
479,3582,bike,519.73,5.58,538.98,31.38,0.5806
479,2781,bike,699.21,71.01,746.11,123.92,0.5244
479,3664,truck,6.76,34.07,169.98,111.52,0.2594
479,3679,bike,235.58,53.37,257.38,88.07,0.4835
480,1,car,656.92,173.52,771.73,268.72,0.9105
480,170,car,553.06,163.37,643.01,249.04,0.8858
480,1378,car,587.74,252.64,700.37,368.51,0.932
480,1402,bus,757.29,92.91,959.69,447.33,0.8587
480,2627,car,592.95,64.0,668.8,117.0,0.874
480,2902,bike,154.0,81.8,212.27,143.64,0.6989
480,2467,car,682.37,43.13,771.19,81.93,0.9303
480,3152,car,909.56,15.03,960.0,49.7,0.2732
480,3397,car,632.79,2.95,702.42,36.63,0.741
480,1916,bike,460.66,66.18,499.21,119.03,0.5086
480,3139,bike,867.5,48.62,905.3,94.69,0.8113
480,3582,bike,519.99,4.69,540.06,31.53,0.6213
480,2781,bike,701.03,69.11,749.7,124.21,0.7406
480,3679,bike,237.85,51.44,260.52,87.59,0.3304
480,2078,car,687.62,0.77,724.64,24.32,0.3158
480,3570,bike,390.61,61.44,425.84,103.43,0.3522
480,3433,car,241.12,46.65,298.73,83.42,0.4442
481,1,car,656.87,173.56,772.18,269.18,0.9155
481,170,car,553.0,163.19,643.32,249.3,0.8849
481,1378,car,587.7,252.59,700.15,368.35,0.9287
481,1402,bus,757.1,92.96,959.7,447.79,0.856
481,2627,car,590.81,64.71,666.8,117.64,0.8795
481,2467,car,680.3,43.32,770.02,82.6,0.9379
481,3152,car,907.45,13.73,960.0,49.9,0.3452
481,3397,car,631.12,3.85,698.48,36.52,0.7343
481,1916,bike,461.5,65.76,500.13,119.58,0.6181
481,3139,bike,870.15,48.7,907.26,94.19,0.6997
481,3582,bike,520.53,4.89,540.2,31.17,0.6179
481,2781,bike,703.79,70.46,750.77,123.57,0.8148
481,3679,bike,240.03,52.09,262.27,87.6,0.4237
481,2078,car,686.93,1.97,723.4,24.75,0.3053
481,3433,car,242.08,46.54,296.83,81.6,0.4185
482,1,car,657.11,173.46,772.17,268.87,0.9137
482,170,car,553.2,163.11,643.3,249.06,0.8855
482,1378,car,588.02,252.57,700.45,368.42,0.9323
482,1402,bus,757.35,92.91,959.42,446.7,0.866
482,2627,car,587.82,65.07,665.99,119.59,0.8892
482,2467,car,678.59,43.61,767.99,82.81,0.9346
482,3152,car,908.71,14.42,960.0,49.66,0.4076
482,3397,car,628.47,4.02,695.37,36.63,0.6381
482,1916,bike,463.23,66.26,501.47,120.22,0.6635
482,3139,bike,872.76,48.59,909.48,93.89,0.6542
482,3582,bike,521.18,5.08,540.64,31.01,0.6867
482,2781,bike,706.67,71.97,752.24,123.5,0.6595
482,3679,bike,242.58,50.69,265.04,86.6,0.2982
482,2078,car,686.05,2.29,723.12,25.16,0.3057
482,3433,car,244.71,46.33,300.34,81.85,0.6112
482,3486,bike,831.86,59.14,862.0,97.81,0.3589
482,2902,bike,155.11,81.56,214.13,144.71,0.633
483,1,car,657.16,173.56,771.79,268.57,0.9137
483,170,car,553.38,163.63,642.96,249.03,0.8866
483,1378,car,586.74,252.52,699.88,369.04,0.9238
483,1402,bus,756.89,92.99,959.83,448.51,0.8359
483,2627,car,585.35,65.89,664.49,121.08,0.8921
483,2467,car,675.27,43.35,765.19,82.95,0.917
483,3152,car,907.07,12.83,960.0,49.62,0.3319
483,3397,car,625.5,3.37,692.57,36.21,0.6047
483,1916,bike,464.9,66.75,502.4,120.19,0.6338
483,3139,bike,874.49,48.74,911.43,94.3,0.7997
483,3582,bike,521.64,5.01,541.13,30.97,0.7146
483,2781,bike,710.97,73.73,755.1,123.17,0.6504
483,3679,bike,244.78,51.44,266.48,86.08,0.455
483,2078,car,684.76,2.41,722.8,25.51,0.2896
483,3433,car,248.14,45.99,305.57,82.37,0.5183
483,3486,bike,834.45,59.2,865.93,98.19,0.331
483,2902,bike,155.85,81.53,215.32,145.61,0.5762
483,3391,truck,0.0,13.68,181.11,115.16,0.3648
483,3664,bus,0.0,8.82,197.8,117.28,0.3179
484,1,car,657.05,173.5,771.89,268.73,0.9161
484,170,car,553.47,163.26,643.13,248.79,0.8866
484,1378,car,587.58,252.47,700.55,369.02,0.9334
484,1402,bus,756.73,93.11,959.82,448.98,0.8391
484,2627,car,583.02,66.72,661.33,121.28,0.9235
484,2467,car,672.97,43.39,763.11,83.22,0.9102
484,3152,car,909.89,15.21,960.0,49.42,0.5398
484,3397,car,622.16,2.87,689.42,35.99,0.6485
484,1916,bike,467.09,66.95,504.05,119.97,0.6274
484,3139,bike,876.29,48.23,913.59,94.34,0.6509
484,3582,bike,522.5,5.05,542.49,31.46,0.5301
484,2781,bike,713.14,73.16,758.22,123.36,0.642
484,3679,bike,247.25,51.81,268.65,86.05,0.3946
484,2078,car,685.16,1.06,724.3,25.01,0.5517
484,3433,car,249.05,45.8,306.24,82.2,0.53
484,3486,bike,837.1,59.17,868.65,97.98,0.2939
484,2902,bike,157.54,80.12,217.44,145.07,0.7249
484,3391,bus,0.0,12.96,183.0,114.14,0.4384
484,3664,truck,0.0,13.86,194.0,114.95,0.4498
484,3556,bike,558.27,33.32,574.27,67.76,0.2696
485,1,car,656.59,173.36,771.78,268.93,0.9157
485,170,car,553.27,163.22,643.12,248.91,0.8891
485,1378,car,587.55,252.41,700.29,368.72,0.9314
485,1402,bus,756.94,93.14,959.86,448.8,0.8607
485,2627,car,580.25,67.18,658.89,121.96,0.9221
485,2467,car,671.12,43.24,761.78,83.43,0.9029
485,3152,car,910.25,15.2,960.0,49.37,0.4318
485,3397,car,619.63,2.65,685.75,35.36,0.6827
485,1916,bike,467.99,66.77,504.84,120.07,0.6851
485,3139,bike,880.27,47.4,916.5,92.89,0.7379
485,3582,bike,523.55,5.59,543.59,31.71,0.6758
485,2781,bike,714.7,71.84,761.28,123.79,0.6727
485,3679,bike,248.67,51.55,269.93,85.75,0.423
485,2078,car,685.32,1.24,724.63,25.34,0.5232
485,3433,car,249.92,45.32,307.22,82.03,0.581
485,3486,bike,841.02,59.12,872.98,98.14,0.6141
485,2902,bike,159.1,79.41,218.56,144.06,0.8273
486,1,car,656.39,173.4,771.66,269.11,0.914
486,170,car,552.95,163.06,643.02,248.93,0.8914
486,1378,car,587.27,252.51,699.9,368.68,0.9276
486,1402,bus,757.41,93.0,959.44,446.96,0.8585
486,2627,car,577.52,67.84,656.88,123.09,0.9154
486,2467,car,668.69,43.07,760.18,83.8,0.9069
486,3152,car,910.69,15.94,959.73,49.37,0.3331
486,3397,car,616.72,2.23,681.13,34.2,0.7545
486,1916,bike,469.23,66.62,505.66,119.69,0.741
486,3139,bike,884.47,48.35,918.35,91.28,0.6803
486,3582,bike,524.01,5.85,544.33,32.15,0.6042
486,2781,bike,715.48,68.24,764.36,123.31,0.738
486,3679,bike,250.69,51.4,271.96,85.69,0.3855
486,2078,car,685.99,0.74,724.84,24.68,0.7072
486,3433,car,251.23,45.29,307.03,81.35,0.3459
486,3486,bike,843.35,58.97,876.52,98.79,0.4912
486,2902,bike,159.51,79.24,219.96,145.3,0.6771
487,1,car,656.57,173.4,771.76,269.13,0.9139
487,170,car,552.85,162.68,643.22,248.86,0.8995
487,1378,car,587.49,252.63,699.89,368.54,0.9309
487,1402,bus,757.38,92.8,959.38,446.6,0.8545
487,2627,car,575.46,68.51,654.94,123.74,0.9025
487,2467,car,667.01,43.16,758.39,83.95,0.9153
487,3152,car,910.61,16.23,959.38,49.38,0.2959
487,3397,car,614.36,1.87,677.91,33.48,0.7771
487,1916,bike,470.14,66.39,506.45,119.6,0.6653
487,3139,bike,887.57,48.52,920.52,90.57,0.7584
487,3582,bike,524.56,5.21,545.72,32.49,0.6889
487,2781,bike,717.46,64.64,767.62,121.82,0.8051
487,2078,car,686.22,0.51,725.01,24.47,0.7074
487,3433,car,253.57,45.59,310.57,82.51,0.6192
487,3486,bike,847.08,58.58,881.45,99.42,0.583
487,2902,bike,160.87,78.41,221.17,144.71,0.7669
487,3753,bike,356.49,68.74,378.56,100.83,0.3487
487,3556,bike,554.82,24.62,573.16,64.83,0.4227
488,1,car,656.96,173.3,771.67,268.59,0.9096
488,170,car,553.03,162.71,643.21,248.71,0.8975
488,1378,car,587.9,252.61,699.68,367.78,0.9291
488,1402,bus,757.53,92.63,959.2,445.68,0.8519
488,2627,car,573.33,69.47,653.56,125.16,0.91
488,2467,car,663.48,42.65,756.46,84.58,0.9068
488,3152,car,911.07,16.98,958.96,49.36,0.2674
488,3397,car,612.45,1.87,675.18,33.12,0.7849
488,1916,bike,470.8,66.18,507.13,119.86,0.6457
488,3139,bike,889.9,48.48,923.12,90.79,0.7884
488,3582,bike,524.57,5.48,545.56,32.62,0.5436
488,2781,bike,719.27,63.15,770.46,122.28,0.5703
488,2078,car,686.13,0.49,724.85,24.42,0.7244
488,3433,car,258.47,44.94,318.21,82.97,0.5403
488,3486,bike,849.75,58.3,885.62,100.7,0.6799
488,2902,bike,160.21,78.27,223.49,148.6,0.8126
488,3753,bike,358.42,68.9,379.76,99.92,0.2673
488,3556,bike,554.88,22.28,571.38,58.38,0.4686
488,3570,bike,412.79,58.09,448.99,100.76,0.6179
488,3391,truck,18.84,33.24,174.35,114.02,0.5286
489,1,car,656.97,173.39,771.61,268.58,0.911
489,170,car,553.02,162.25,643.52,248.7,0.9032
489,1378,car,588.53,252.54,700.03,367.49,0.9314
489,1402,bus,757.27,92.59,959.47,446.61,0.8345
489,2627,car,571.13,70.65,651.81,126.49,0.903
489,2467,car,662.15,43.23,754.44,85.11,0.9148
489,3152,car,910.61,16.35,959.42,49.31,0.3419
489,3397,car,610.27,1.8,672.98,33.17,0.8041
489,1916,bike,475.95,63.28,515.37,120.18,0.5315
489,3139,bike,893.47,48.23,926.08,89.81,0.7457
489,3582,bike,525.65,5.26,546.57,32.45,0.3771
489,2781,bike,722.25,63.84,771.59,121.18,0.5564
489,2078,car,686.09,0.28,724.77,24.27,0.8059
489,3433,car,261.77,41.04,324.15,80.08,0.5114
489,3486,bike,852.8,58.57,889.09,101.44,0.4589
489,2902,bike,162.47,77.61,224.01,146.42,0.8317
489,3753,bike,359.93,69.12,380.7,99.32,0.3139
489,3556,bike,554.71,24.24,569.53,56.11,0.3595
489,3570,bike,415.65,58.13,451.61,99.96,0.6372
489,3391,truck,21.31,38.26,174.46,114.49,0.4514
489,3664,bus,0.3,21.81,195.68,116.65,0.2987
489,3679,bike,256.71,51.19,277.97,85.25,0.3846
490,1,car,657.05,173.66,771.55,268.69,0.9135
490,170,car,552.82,161.48,643.84,248.6,0.9054
490,1378,car,588.34,252.53,700.41,368.22,0.9304
490,1402,bus,757.37,92.58,959.33,446.07,0.8442
490,2627,car,569.19,71.33,650.12,127.17,0.9006
490,2467,car,661.2,44.01,752.53,85.6,0.9135
490,3152,car,909.88,14.83,960.0,49.11,0.3129
490,3397,car,608.29,1.81,670.25,32.95,0.7529
490,1916,bike,478.36,62.35,519.1,120.32,0.6594
490,3139,bike,897.02,48.51,927.97,87.96,0.727
490,3582,bike,527.06,5.01,547.94,32.57,0.3044
490,2781,bike,725.73,65.64,772.25,119.94,0.5932
490,2078,car,686.27,0.4,724.66,24.19,0.7378
490,3433,car,265.51,39.93,325.14,76.32,0.3523
490,3486,bike,855.63,58.1,893.36,102.08,0.4578
490,2902,bike,164.94,78.01,223.73,143.93,0.8602
490,3556,bike,553.62,27.03,568.86,59.68,0.4765
490,3570,bike,418.35,57.87,454.56,99.5,0.6286
490,3766,bike,558.22,14.27,572.4,37.11,0.3924
490,3679,bike,258.9,50.5,280.34,84.65,0.3603
491,1,car,656.84,173.7,771.3,268.63,0.912
491,170,car,553.19,162.18,643.44,248.57,0.8994
491,1378,car,587.57,252.49,700.48,369.18,0.9317
491,1402,bus,757.59,92.8,959.39,445.96,0.8553
491,2627,car,565.95,71.74,647.58,128.0,0.8878
491,2467,car,659.61,44.28,750.73,85.85,0.9071
491,3152,car,911.77,16.48,959.74,48.94,0.3299
491,3397,car,606.62,1.59,667.89,32.46,0.7223
491,1916,bike,478.77,61.35,521.75,122.34,0.7014
491,3139,bike,900.09,48.49,930.21,87.13,0.7195
491,3582,bike,528.49,5.16,549.23,32.81,0.2947
491,2781,bike,728.86,66.49,773.97,119.33,0.6115
491,2078,car,686.16,0.45,724.6,24.25,0.745
491,3433,car,263.57,40.65,320.54,75.43,0.3234
491,3486,bike,860.19,57.6,898.63,102.53,0.6613
491,2902,bike,167.17,76.88,224.27,140.89,0.7857
491,3556,bike,552.27,27.34,568.42,62.16,0.369
491,3570,bike,420.09,58.03,456.73,99.54,0.7196
491,3766,bike,558.87,13.94,572.98,36.63,0.2506
491,3679,bike,260.58,47.75,283.46,84.23,0.4552
492,1,car,657.29,174.02,770.91,268.09,0.9132
492,170,car,553.45,162.24,643.41,248.41,0.9052
492,1378,car,588.95,252.44,700.31,367.63,0.9345
492,1402,bus,757.76,92.95,959.36,445.72,0.8375
492,2627,car,563.52,72.55,645.32,128.78,0.8917
492,2467,car,657.86,44.69,748.43,86.08,0.8882
492,3152,car,911.41,16.81,959.14,48.95,0.2709
492,3397,car,606.81,1.7,666.8,32.11,0.5709
492,1916,bike,478.95,61.89,521.05,121.61,0.7107
492,3139,bike,902.41,48.15,932.28,86.59,0.6744
492,2781,bike,732.12,67.6,776.19,119.26,0.7788
492,2078,car,686.37,0.38,724.7,24.14,0.7596
492,3486,bike,862.74,57.39,901.23,102.67,0.307
492,2902,bike,168.63,76.41,226.32,141.52,0.7829
492,3556,bike,551.13,26.91,567.43,62.15,0.4242
492,3570,bike,421.73,57.37,458.89,99.36,0.5557
492,3679,bike,262.53,46.01,286.21,84.05,0.4132
493,1,car,657.21,173.71,771.34,268.16,0.9087
493,170,car,553.75,162.54,643.06,248.05,0.9052
493,1378,car,589.2,252.39,700.36,367.45,0.9321
493,1402,bus,757.32,92.92,959.84,447.47,0.8295
493,2627,car,560.44,72.97,643.81,130.24,0.9105
493,2467,car,655.65,44.89,746.19,86.45,0.8803
493,3152,car,911.87,17.8,958.66,49.09,0.3614
493,3397,car,603.7,1.79,662.89,31.58,0.5515
493,1916,bike,478.51,60.88,520.2,120.78,0.643
493,3139,bike,904.37,47.61,934.92,87.29,0.3855
493,2781,bike,735.83,68.68,778.35,118.26,0.6596
493,2078,car,686.64,0.46,724.76,24.11,0.7595
493,2902,bike,169.84,76.92,227.91,142.92,0.7328
493,3556,bike,550.67,24.53,565.82,56.88,0.4371
493,3570,bike,423.94,57.68,461.04,99.26,0.2812
493,3679,bike,264.98,45.63,288.39,83.38,0.4298
493,3778,car,191.28,25.99,226.66,56.61,0.3449
493,3582,bike,529.95,5.21,550.68,33.19,0.3696
493,3433,car,269.82,37.14,329.19,73.0,0.2965
494,1,car,656.86,173.78,771.3,268.45,0.9115
494,170,car,553.76,162.61,643.05,248.06,0.9032
494,1378,car,587.66,252.37,699.82,368.34,0.9269
494,1402,bus,757.74,92.81,959.6,446.14,0.8447
494,2627,car,557.09,73.47,642.5,132.24,0.9087
494,2467,car,654.14,44.85,744.23,86.35,0.9026
494,3152,car,911.92,17.85,958.7,48.98,0.3914
494,3397,car,600.71,1.89,659.29,31.24,0.6713
494,1916,bike,477.41,59.84,519.34,121.15,0.7891
494,3139,bike,906.65,46.88,937.82,87.73,0.4115
494,2781,bike,737.48,68.83,781.06,119.61,0.7924
494,2078,car,686.68,0.54,724.59,24.05,0.7208
494,2902,bike,171.48,77.1,228.73,142.28,0.7556
494,3570,bike,425.46,58.08,462.61,99.42,0.4899
494,3679,bike,267.34,45.98,290.1,82.62,0.5908
494,3778,car,190.47,25.23,226.88,56.82,0.2343
494,3582,bike,531.66,5.06,552.42,33.2,0.3056
494,3433,car,272.58,35.92,334.48,73.0,0.4384
494,3486,bike,870.14,56.29,909.56,103.21,0.3339
495,1,car,657.06,173.62,771.19,268.02,0.906
495,170,car,553.93,162.52,643.29,248.01,0.9063
495,1378,car,587.67,252.25,700.11,368.54,0.9309
495,1402,bus,757.82,92.76,959.63,446.05,0.8487
495,2627,car,554.56,73.96,640.4,132.89,0.9243
495,2467,car,651.36,44.8,741.42,86.46,0.924
495,3152,car,911.41,17.02,959.58,49.11,0.3787
495,3397,car,597.82,1.93,654.9,30.42,0.5811
495,1916,bike,478.13,59.31,519.93,121.34,0.7508
495,3139,bike,909.04,46.69,940.0,87.4,0.4266
495,2781,bike,739.71,67.59,783.11,118.21,0.8434
495,2078,car,686.95,0.62,724.65,23.98,0.7176
495,2902,bike,174.5,77.67,228.7,138.99,0.7188
495,3570,bike,427.7,57.52,465.32,99.22,0.3025
495,3679,bike,269.43,46.38,291.88,82.32,0.5318
495,3433,car,274.09,36.33,335.55,72.94,0.4399
495,3556,bike,545.98,24.23,565.5,66.25,0.3897
496,1,car,656.83,173.38,771.38,268.15,0.9053
496,170,car,553.79,162.42,643.1,247.83,0.9095
496,1378,car,588.36,252.28,699.64,367.21,0.9296
496,1402,bus,758.06,92.61,959.56,445.35,0.8492
496,2627,car,551.85,74.38,638.15,133.59,0.9244
496,2467,car,649.53,45.17,739.2,86.75,0.9092
496,3152,car,911.28,16.69,959.72,48.94,0.372
496,3397,car,594.43,1.9,651.08,30.03,0.6308
496,1916,bike,481.3,59.44,522.31,120.68,0.7171
496,3139,bike,912.06,46.23,942.77,86.96,0.5013
496,2781,bike,742.46,67.64,784.92,117.16,0.7644
496,2078,car,687.11,0.6,724.71,23.92,0.681
496,2902,bike,175.13,77.81,229.83,139.6,0.7745
496,3570,bike,429.15,56.42,467.41,99.01,0.2749
496,3679,bike,271.33,45.58,293.98,81.7,0.3891
496,3433,car,272.73,34.59,338.33,73.94,0.3678
496,3800,bike,939.47,102.95,958.26,143.32,0.4316
496,3556,bike,544.36,25.23,563.96,67.34,0.3381
496,3486,bike,878.7,55.06,918.08,103.01,0.3197
497,1,car,656.89,173.3,771.62,268.26,0.908
497,170,car,553.54,162.24,643.02,247.86,0.9141
497,1378,car,589.12,252.19,699.88,366.56,0.9314
497,1402,bus,757.76,92.54,960.0,446.82,0.8442
497,2627,car,549.16,75.02,635.85,134.43,0.9226
497,2467,car,648.11,45.57,737.22,86.95,0.9028
497,3152,car,911.18,16.09,960.0,48.81,0.3644
497,3397,car,591.71,1.67,648.63,29.9,0.5573
497,1916,bike,481.39,58.79,521.78,120.24,0.768
497,3139,bike,914.28,46.52,944.56,86.93,0.3262
497,2781,bike,743.24,67.93,788.5,121.27,0.5317
497,2078,car,687.09,0.56,724.66,23.86,0.6314
497,2902,bike,175.13,77.36,231.55,141.23,0.8003
497,3570,bike,430.42,55.67,469.42,98.73,0.4225
497,3433,car,271.29,33.37,343.91,77.38,0.4912
497,3800,bike,938.87,103.15,956.41,140.51,0.3923
497,3556,bike,543.46,25.73,562.83,67.38,0.3738
497,3804,rickshaw,590.91,1.49,651.39,30.32,0.3966
497,3486,bike,881.67,55.62,921.67,104.98,0.2742
497,3778,bike,191.43,23.35,229.95,57.15,0.2779
498,1,car,657.07,173.19,771.62,268.02,0.9078
498,170,car,553.78,162.3,643.1,247.79,0.9091
498,1378,car,588.98,252.14,700.0,366.76,0.9324
498,1402,bus,757.56,92.31,960.0,447.41,0.8425
498,2627,car,547.18,76.01,633.72,135.22,0.9296
498,2467,car,646.42,45.76,735.18,86.97,0.9009
498,3152,car,911.1,16.52,959.56,48.78,0.2714
498,3397,rickshaw,589.04,0.99,646.66,29.69,0.5867
498,1916,bike,482.85,58.08,522.19,118.56,0.4967
498,3139,bike,915.76,46.17,946.92,87.98,0.2929
498,2781,bike,747.48,68.55,790.0,118.42,0.5985
498,2078,car,687.12,0.64,724.56,23.81,0.7501
498,2902,bike,174.03,76.34,233.51,144.26,0.7035
498,3570,bike,432.33,53.81,472.35,97.9,0.4185
498,3433,car,274.66,33.39,343.39,74.93,0.4781
498,3556,bike,542.56,26.02,562.07,67.86,0.5122
498,3804,car,588.81,1.14,650.0,30.34,0.538
498,3679,bike,274.55,43.58,297.97,80.85,0.3563
499,1,car,657.22,173.18,771.67,267.94,0.9062
499,170,car,553.82,162.09,643.09,247.57,0.9035
499,1378,car,589.25,252.08,700.08,366.49,0.9322
499,1402,bus,757.5,92.14,959.97,447.17,0.8374
499,2627,car,544.39,77.65,631.27,136.89,0.9271
499,2467,car,644.26,46.15,733.38,87.49,0.9041
499,3152,car,912.02,17.46,959.46,49.02,0.258
499,3397,car,587.1,1.08,643.8,29.32,0.6377
499,1916,bike,487.37,61.0,525.24,118.26,0.3977
499,2781,bike,750.39,68.48,791.94,117.21,0.6028
499,2078,car,686.84,0.56,724.38,23.78,0.7311
499,2902,bike,175.53,76.85,234.14,144.05,0.7605
499,3433,car,279.25,32.02,346.11,72.43,0.6126
499,3556,bike,542.15,25.85,561.53,67.29,0.6085
499,3804,rickshaw,585.73,1.08,644.54,29.18,0.3213
499,3679,bike,276.57,44.1,299.76,80.91,0.4763
499,3486,bike,887.91,51.87,930.81,105.88,0.2799
500,1,car,657.36,173.2,771.53,267.74,0.906
500,170,car,554.04,161.96,643.34,247.55,0.8949
500,1378,car,588.92,252.05,700.32,367.05,0.9333
500,1402,bus,757.82,92.15,959.66,446.06,0.8532
500,2627,car,541.82,78.95,629.05,138.29,0.9227
500,2467,car,642.03,46.23,731.63,87.86,0.9022
500,3152,car,911.79,17.24,959.68,49.11,0.2948
500,3397,car,584.89,1.11,640.93,29.04,0.6501
500,2781,bike,752.71,66.97,794.33,115.7,0.7474
500,2078,car,687.08,0.58,724.36,23.64,0.7038
500,2902,bike,176.81,76.93,235.76,145.07,0.7954
500,3433,car,280.74,31.72,348.31,72.64,0.6373
500,3556,bike,542.29,28.58,560.39,67.03,0.4129
500,3804,rickshaw,583.51,0.93,641.69,28.75,0.3068
500,3679,bike,278.72,44.47,301.55,80.46,0.4049
500,3486,bike,891.99,52.26,933.6,105.17,0.2798
501,1,car,657.16,173.27,771.3,267.77,0.9077
501,170,car,554.34,162.1,643.66,247.81,0.8875
501,1378,car,589.81,251.98,700.33,366.12,0.934
501,1402,bus,757.88,92.12,959.72,446.14,0.8603
501,2627,car,539.52,79.76,627.78,139.62,0.9204
501,2467,car,638.98,45.77,729.29,87.9,0.8927
501,3152,car,910.07,14.54,960.0,48.63,0.3187
501,3397,car,583.29,0.97,638.6,28.56,0.6457
501,2781,bike,755.5,67.74,796.01,114.67,0.7082
501,2078,car,687.06,0.39,724.56,23.63,0.7531
501,2902,bike,178.84,75.75,236.64,142.87,0.8198
501,3433,car,285.32,33.96,350.47,73.36,0.5196
501,3556,bike,541.58,29.92,559.47,67.6,0.2969
501,3804,rickshaw,581.92,0.85,639.49,28.41,0.2515
501,3679,bike,280.92,44.57,303.62,80.03,0.5476
501,3486,bike,894.27,52.16,936.01,105.54,0.3389
502,1,car,657.02,173.21,771.65,268.25,0.9061
502,170,car,554.52,162.31,643.42,247.7,0.8749
502,1378,car,589.41,251.94,700.52,366.8,0.9349
502,1402,bus,758.08,92.02,959.4,445.03,0.8615
502,2627,car,537.03,80.36,626.73,141.2,0.8952
502,2467,car,637.16,46.02,727.5,88.27,0.8946
502,3152,car,910.59,15.06,960.0,48.67,0.2746
502,3397,car,581.51,0.97,636.3,28.45,0.6487
502,2781,bike,758.05,67.97,798.83,115.14,0.585
502,2078,car,686.92,0.47,724.35,23.65,0.6923
502,2902,bike,179.59,71.94,238.57,141.06,0.8245
502,3433,car,285.08,33.66,352.81,74.59,0.7338
502,3556,bike,540.72,26.21,558.83,64.24,0.2961
502,3804,rickshaw,580.21,0.72,638.14,28.59,0.334
502,3486,bike,900.84,50.32,946.01,106.51,0.4759
502,3570,bike,440.56,49.84,482.8,97.34,0.3207
503,1,car,657.06,173.09,771.54,268.07,0.9043
503,170,car,554.41,162.49,643.41,247.91,0.8719
503,1378,car,587.88,251.82,699.29,366.66,0.9259
503,1402,bus,757.94,91.79,959.52,445.3,0.8567
503,2627,car,534.96,81.62,624.21,142.05,0.8784
503,2467,car,635.26,46.17,725.22,88.25,0.8861
503,3397,car,579.62,0.97,633.69,28.23,0.4938
503,2781,bike,760.58,68.65,801.1,115.06,0.4343
503,2078,car,687.08,0.43,724.47,23.59,0.6911
503,2902,bike,180.97,73.17,239.91,142.56,0.7506
503,3433,car,285.14,33.17,354.7,75.26,0.7047
503,3804,rickshaw,579.1,0.62,636.25,28.35,0.3806
504,1,car,656.94,173.08,771.5,268.17,0.9055
504,170,car,553.78,162.45,643.31,248.31,0.8736
504,1378,car,587.76,251.73,699.87,367.27,0.9352
504,1402,bus,757.69,91.8,959.51,445.73,0.8624
504,2627,car,530.81,81.91,621.99,143.51,0.8165
504,2467,car,632.71,45.9,723.52,88.47,0.8966
504,3397,rickshaw,577.79,0.53,632.21,28.22,0.5119
504,2078,car,687.15,0.46,724.48,23.59,0.705
504,2902,bike,182.8,76.28,240.48,144.3,0.8228
504,3433,car,286.87,31.77,356.86,74.21,0.4621
504,3804,car,576.71,0.61,633.76,28.51,0.4028
504,3679,bike,285.33,38.14,311.49,79.13,0.4497
504,3486,bike,909.27,47.41,955.37,104.04,0.5167
505,1,car,657.11,173.01,771.75,268.22,0.9052
505,170,car,554.05,162.47,643.47,248.16,0.8767
505,1378,car,587.49,251.77,699.93,367.59,0.9331
505,1402,bus,757.92,91.64,959.33,444.77,0.8574
505,2627,car,527.7,82.45,619.75,144.5,0.82
505,2467,car,630.29,46.03,721.22,88.72,0.9096
505,3397,car,576.44,0.55,629.75,27.87,0.4169
505,2078,car,687.41,0.52,724.53,23.52,0.6499
505,2902,bike,185.82,77.32,240.95,141.97,0.8283
505,3433,car,288.01,31.0,359.46,74.5,0.518
505,3804,rickshaw,574.82,0.92,631.46,28.83,0.3041
505,3679,bike,287.48,38.8,312.99,78.83,0.4727
505,3486,bike,911.36,46.37,957.97,103.32,0.4011
505,3582,bike,543.15,3.37,563.64,30.89,0.2623
505,3152,car,910.54,15.32,960.0,49.28,0.2926
505,3556,bike,538.69,22.38,555.76,58.25,0.307
505,2781,bike,765.49,68.17,806.48,115.1,0.4471
506,1,car,657.38,173.12,771.46,267.9,0.9066
506,170,car,553.87,162.49,643.48,248.29,0.8695
506,1378,car,588.42,251.67,700.02,366.66,0.935
506,1402,bus,758.06,91.5,959.38,444.43,0.8531
506,2627,car,524.4,83.44,616.52,145.27,0.8203
506,2467,car,627.55,46.23,718.88,89.18,0.9119
506,3397,car,574.44,0.64,626.86,27.59,0.4018
506,2078,car,687.51,0.52,724.58,23.53,0.7031
506,2902,bike,187.4,75.98,241.71,139.46,0.8108
506,3433,car,289.51,32.16,359.96,75.12,0.3034
506,3804,rickshaw,572.74,0.54,628.4,28.16,0.3774
506,3679,bike,289.15,39.48,313.86,78.4,0.5332
506,3849,car,185.37,35.98,224.64,81.12,0.4713
506,3152,car,911.99,16.88,960.0,49.29,0.3006
506,3556,bike,537.49,17.85,555.45,55.73,0.3744
507,1,car,657.4,172.98,771.51,267.82,0.9061
507,170,car,554.04,162.46,643.46,248.02,0.8742
507,1378,car,588.68,251.59,699.92,366.19,0.9322
507,1402,bus,758.04,91.44,959.69,445.05,0.8586
507,2627,car,521.51,83.54,614.02,145.37,0.8149
507,2467,car,625.07,46.39,716.65,89.63,0.8951
507,3397,car,572.85,0.9,623.71,26.97,0.3636
507,2078,car,687.37,0.45,724.49,23.52,0.6331
507,2902,bike,187.98,74.03,242.77,138.16,0.794
507,3433,car,291.26,33.06,362.07,76.34,0.5171
507,3804,rickshaw,570.78,0.54,625.03,27.54,0.3894
507,3679,bike,292.58,40.9,316.28,78.16,0.2761
507,3849,car,186.42,35.95,225.61,80.88,0.2841
507,3152,car,912.23,17.34,959.54,49.16,0.3375
507,3556,bike,536.82,18.54,553.67,53.94,0.3886
507,3486,bike,916.69,46.07,960.0,105.77,0.3309
507,2781,bike,771.61,66.57,812.41,113.44,0.3865
508,1,car,657.64,173.0,771.94,268.1,0.9083
508,170,car,554.21,162.5,643.48,247.85,0.8746
508,1378,car,588.08,251.48,700.05,366.82,0.9346
508,1402,bus,757.56,91.34,960.0,446.72,0.8571
508,2627,car,516.95,83.84,610.89,146.19,0.7678
508,2467,car,622.83,46.51,714.11,89.73,0.9234
508,3397,car,571.41,1.04,619.99,25.94,0.3192
508,2078,car,687.28,0.3,724.51,23.47,0.7255
508,2902,bike,187.35,73.09,245.13,141.26,0.8039
508,3433,car,293.85,32.74,364.27,75.87,0.4738
508,3804,rickshaw,568.09,0.64,622.18,27.77,0.3272
508,3679,bike,294.75,41.7,317.71,77.54,0.3042
508,3849,car,186.43,32.92,228.77,81.3,0.3551
508,3152,car,912.23,16.85,960.0,49.45,0.3158
508,3556,bike,536.68,22.48,551.75,53.42,0.3049
509,1,car,658.0,172.93,771.78,267.62,0.9072
509,170,car,554.4,162.94,643.23,247.8,0.8673
509,1378,car,588.27,251.35,700.03,366.46,0.9323
509,1402,bus,757.67,91.2,960.0,446.4,0.8581
509,2627,car,512.58,84.28,610.09,149.0,0.6527
509,2467,car,621.21,46.66,712.06,89.75,0.9267
509,2078,car,687.67,0.33,724.6,23.36,0.6934
509,2902,bike,186.44,71.79,247.38,144.61,0.7493
509,3433,car,297.35,33.04,364.46,73.98,0.4154
509,3152,car,912.25,16.93,959.6,48.81,0.3883
509,3556,bike,535.3,24.73,550.12,54.7,0.327
509,3486,bike,923.9,46.99,960.0,100.38,0.4308
510,1,car,657.93,172.72,771.94,267.61,0.9053
510,170,car,554.28,163.01,643.13,247.88,0.8657
510,1378,car,588.27,251.4,700.28,366.81,0.9337
510,1402,bus,757.25,91.17,960.0,448.58,0.8527
510,2627,car,509.29,84.07,608.78,150.34,0.825
510,2467,car,618.12,46.77,710.28,90.57,0.9286
510,2078,car,687.57,0.14,724.57,23.27,0.679
510,2902,bike,186.7,72.49,248.59,147.33,0.7947
510,3433,car,299.61,33.09,366.7,74.16,0.3825
510,3152,car,911.06,15.21,960.0,48.75,0.2834
510,3556,bike,534.48,26.2,548.82,54.73,0.4081
510,3486,bike,926.54,46.93,960.0,99.89,0.3653
510,3570,bike,459.96,51.21,504.1,104.5,0.5741
511,1,car,657.69,172.71,771.81,267.73,0.9055
511,170,car,553.98,162.84,643.16,247.92,0.8714
511,1378,car,588.94,251.48,700.29,366.23,0.9373
511,1402,bus,757.95,90.98,959.94,446.02,0.8629
511,2627,car,506.28,83.49,608.06,151.76,0.7906
511,2467,car,615.82,46.94,707.75,90.62,0.9317
511,2078,car,687.92,0.23,724.6,23.24,0.5627
511,2902,bike,187.35,72.16,249.98,148.76,0.8718
511,3433,car,302.53,33.85,367.85,73.71,0.4111
511,3152,car,911.42,16.25,959.9,49.02,0.2514
511,3556,bike,532.75,27.11,548.38,58.09,0.3045
511,3486,bike,930.1,48.99,960.0,99.3,0.4239
511,3679,bike,299.25,39.97,322.27,75.93,0.4688
512,1,car,657.52,172.32,772.12,267.89,0.9041
512,170,car,553.76,162.61,643.1,247.88,0.8656
512,1378,car,588.7,251.55,699.67,365.69,0.9333
512,1402,bus,757.64,91.03,960.0,447.3,0.8525
512,2627,car,503.55,83.93,605.78,152.71,0.8335
512,2467,car,613.98,46.94,706.21,90.77,0.9248
512,2078,car,687.84,0.18,724.51,23.26,0.7015
512,2902,bike,188.92,70.3,251.49,147.61,0.8743
512,3433,car,303.14,34.27,368.58,74.0,0.2851
512,3152,car,911.87,16.27,959.68,48.55,0.4383
512,3556,bike,532.69,27.47,547.69,56.73,0.3651
512,3679,bike,300.38,38.13,323.87,74.88,0.3502
512,3570,bike,462.12,53.36,501.31,104.7,0.4912
513,1,car,657.59,172.76,771.77,268.05,0.9017
513,170,car,553.93,162.54,643.2,247.76,0.8652
513,1378,car,589.04,251.46,699.69,365.27,0.9337
513,1402,bus,757.06,90.91,960.0,449.14,0.8415
513,2627,car,501.73,86.92,602.23,154.57,0.6676
513,2467,car,611.14,47.15,704.56,91.71,0.9111
513,2078,car,687.97,0.21,724.48,23.21,0.6529
513,2902,bike,191.53,71.89,251.23,146.1,0.8281
513,3433,car,304.62,34.58,369.58,73.81,0.2309
513,3152,car,912.26,16.68,959.42,48.43,0.461
513,3556,bike,531.93,27.18,546.98,56.25,0.3621
513,3679,bike,301.83,38.52,324.99,74.54,0.4532
514,1,car,657.52,173.12,770.9,267.67,0.9014
514,170,car,553.68,162.21,643.27,247.81,0.8676
514,1378,car,589.39,251.51,700.36,365.78,0.933
514,1402,bus,757.7,91.09,959.91,447.09,0.8432
514,2627,car,498.42,89.82,597.91,156.52,0.7293
514,2467,car,608.51,47.2,703.07,92.48,0.9346
514,2078,car,687.84,0.28,724.31,23.26,0.7659
514,2902,bike,193.85,73.34,251.74,145.57,0.7368
514,3433,car,307.55,34.98,373.45,74.89,0.3855
514,3152,car,912.2,16.53,959.46,48.3,0.4083
514,3556,bike,530.91,26.82,546.53,56.79,0.2778
514,3679,bike,304.41,39.38,327.27,74.81,0.4139
515,1,car,657.42,172.7,771.37,267.72,0.9014
515,170,car,553.82,162.4,643.22,247.79,0.8758
515,1378,car,588.86,251.44,700.01,365.76,0.9321
515,1402,bus,757.81,91.03,959.65,446.34,0.8538
515,2627,car,496.04,91.89,594.16,157.36,0.7973
515,2467,car,606.19,47.34,701.72,93.34,0.939
515,2078,car,687.83,0.31,724.11,23.16,0.6538
515,2902,bike,195.72,71.87,252.68,143.38,0.827
515,3433,car,309.03,34.44,375.82,74.98,0.3398
515,3152,car,911.39,14.96,960.0,48.29,0.2337
515,3556,bike,529.67,26.85,545.72,57.34,0.2582
515,3679,bike,305.7,38.91,328.98,74.56,0.3169
516,1,car,657.46,172.85,771.46,267.89,0.9026
516,170,car,553.73,162.15,643.3,247.79,0.8789
516,1378,car,589.0,251.33,700.01,365.51,0.935
516,1402,bus,757.71,90.83,959.73,446.48,0.8456
516,2627,car,492.12,92.56,591.39,158.42,0.791
516,2467,car,603.85,47.61,699.49,93.82,0.9351
516,2078,car,687.82,0.34,724.17,23.23,0.6543
516,2902,bike,198.37,72.27,252.17,139.88,0.8046
516,3433,car,309.68,34.41,377.25,75.49,0.2984
516,3152,car,911.19,14.13,960.0,48.25,0.3765
516,3556,bike,528.68,26.43,545.24,57.8,0.2801
517,1,car,657.65,172.51,771.79,267.66,0.9025
517,170,car,553.51,162.02,643.06,247.66,0.8812
517,1378,car,588.97,251.29,699.59,364.92,0.9304
517,1402,bus,757.51,90.91,960.0,447.61,0.8419
517,2627,car,487.16,93.57,588.72,160.7,0.6174
517,2467,car,601.56,47.61,697.63,94.17,0.9264
517,2078,car,687.95,0.37,724.11,23.1,0.6807
517,2902,bike,201.51,73.74,252.45,137.35,0.8148
517,3433,car,310.91,34.91,377.92,75.62,0.7119
517,3152,car,910.33,15.27,959.16,48.25,0.2434
518,1,car,657.62,172.89,771.41,267.69,0.9044
518,170,car,553.47,161.85,643.05,247.54,0.8851
518,1378,car,589.43,251.35,699.88,364.83,0.9358
518,1402,bus,757.26,90.74,960.0,448.86,0.8403
518,2627,car,483.86,93.97,587.78,162.52,0.7821
518,2467,car,599.02,47.77,696.13,95.04,0.9202
518,2078,car,687.8,0.13,724.82,23.56,0.4946
518,2902,bike,201.19,73.38,254.9,140.69,0.769
518,3433,car,311.85,35.39,377.92,75.37,0.6559
518,3152,car,910.24,15.44,959.05,48.3,0.2935
518,3556,bike,526.72,25.67,542.98,56.07,0.3063
519,1,car,657.32,172.98,771.46,268.06,0.9047
519,170,car,553.75,161.81,643.21,247.41,0.8815
519,1378,car,588.96,251.53,699.38,364.76,0.929
519,1402,bus,757.69,90.62,960.0,447.3,0.8428
519,2627,car,481.15,94.57,585.52,163.28,0.7508
519,2467,car,597.45,47.91,692.87,94.53,0.9484
519,2078,car,687.9,0.23,724.34,23.28,0.7093
519,2902,bike,203.89,74.54,254.74,137.94,0.4288
519,3433,car,312.97,35.59,378.83,75.3,0.5864
519,3152,car,910.8,15.43,959.68,48.37,0.3361
519,3556,bike,525.76,25.16,542.13,55.44,0.42
519,3570,bike,489.36,50.56,523.24,92.64,0.7362
520,1,car,657.11,172.93,771.71,268.44,0.905
520,170,car,553.6,161.71,643.28,247.58,0.8901
520,1378,car,589.11,251.44,699.81,364.94,0.9355
520,1402,bus,757.48,90.64,960.0,448.56,0.8377
520,2627,car,477.63,94.67,582.78,164.04,0.6763
520,2467,car,596.02,48.16,690.42,94.38,0.9458
520,2078,car,688.09,0.3,724.2,23.2,0.5806
520,2902,bike,205.51,73.18,255.72,135.73,0.5896
520,3433,car,315.45,35.51,380.9,74.81,0.6595
520,3152,car,910.22,15.0,959.88,48.49,0.3479
520,3556,bike,524.95,25.06,541.44,55.37,0.4962
520,3570,bike,491.32,51.18,525.57,92.58,0.5158
521,1,car,657.78,173.14,771.7,268.03,0.9059
521,170,car,553.72,161.89,643.3,247.68,0.8797
521,1378,car,589.44,251.46,699.89,364.73,0.9321
521,1402,bus,757.78,90.66,960.0,447.61,0.8441
521,2627,car,473.22,95.35,580.67,166.33,0.8364
521,2467,car,593.46,48.14,688.28,94.7,0.9429
521,2078,car,688.1,0.25,724.25,23.2,0.6763
521,2902,bike,205.3,73.8,257.69,139.35,0.5645
521,3433,car,317.28,35.05,383.61,74.93,0.7042
521,3152,car,911.31,15.28,960.0,48.36,0.5443
521,3556,bike,524.28,25.74,540.57,55.38,0.3026
521,3570,bike,494.37,50.02,528.1,90.08,0.317
521,3906,car,217.2,35.12,255.65,79.93,0.4115
522,1,car,657.22,172.61,772.07,268.35,0.9049
522,170,car,553.85,161.76,643.52,247.71,0.8814
522,1378,car,588.97,251.41,699.74,364.89,0.9331
522,1402,bus,757.84,90.93,959.99,447.74,0.8345
522,2627,car,467.33,96.31,579.82,171.05,0.8832
522,2467,car,590.71,48.06,686.03,94.93,0.9215
522,2078,car,688.16,0.31,724.21,23.2,0.6564
522,2902,bike,206.62,74.93,258.4,139.69,0.7329
522,3433,car,319.16,34.78,385.48,74.71,0.5931
522,3152,car,909.6,15.12,959.11,48.38,0.4313
522,3556,bike,523.15,26.51,538.88,54.69,0.264
522,3570,bike,497.32,51.05,532.74,92.53,0.5782
522,3906,car,218.91,35.58,257.22,80.25,0.302
522,3907,bike,287.85,27.87,311.28,67.13,0.3423
523,1,car,657.49,172.79,771.64,267.91,0.9041
523,170,car,553.6,161.7,643.36,247.78,0.8839
523,1378,car,588.83,251.52,700.18,365.62,0.9325
523,1402,bus,757.46,90.92,960.0,449.18,0.8265
523,2627,car,464.78,97.49,575.47,171.09,0.8636
523,2467,car,588.61,47.98,683.9,94.89,0.9129
523,2078,car,687.98,0.35,723.97,23.2,0.6853
523,2902,bike,208.31,73.89,258.12,135.87,0.7414
523,3433,car,321.46,34.4,386.71,73.55,0.5874
523,3152,car,910.32,14.88,959.91,48.28,0.4675
523,3570,bike,498.83,47.94,537.32,92.97,0.5899
523,3906,car,220.8,35.68,259.08,80.36,0.4102
523,3582,bike,559.01,0.6,582.35,31.01,0.317
524,1,car,657.64,172.69,772.15,268.15,0.9064
524,170,car,553.53,161.72,643.21,247.75,0.8837
524,1378,car,587.73,251.48,700.59,367.18,0.9328
524,1402,bus,757.83,90.85,959.81,447.55,0.8222
524,2627,car,462.52,98.87,571.81,171.38,0.7792
524,2467,car,586.07,48.32,682.33,95.87,0.9057
524,2078,car,687.95,0.4,724.03,23.26,0.7228
524,2902,bike,206.83,72.15,261.78,141.05,0.7795
524,3433,car,323.25,33.91,388.63,72.97,0.5474
524,3152,car,910.49,14.95,960.0,48.48,0.4257
524,3570,bike,500.71,45.39,541.1,93.26,0.6709
524,3582,bike,559.41,0.45,582.97,30.88,0.6082
525,1,car,657.46,172.55,771.98,268.09,0.9024
525,170,car,553.48,161.81,643.14,247.79,0.889
525,1378,car,588.87,251.43,700.79,366.29,0.9351
525,1402,bus,758.16,90.96,959.45,446.26,0.8453
525,2627,car,459.29,100.52,568.31,172.53,0.8088
525,2467,car,584.36,48.95,680.02,96.31,0.9208
525,2078,car,687.97,0.38,724.07,23.26,0.6287
525,2902,bike,208.49,73.05,262.59,141.03,0.7806
525,3433,car,325.21,33.26,388.4,70.62,0.5734
525,3152,car,910.61,15.03,960.0,48.49,0.4701
525,3570,bike,501.9,41.61,544.15,92.8,0.5301
525,3582,bike,559.8,0.61,583.39,31.2,0.3587
526,1,car,657.83,172.98,771.49,267.79,0.9036
526,170,car,553.94,161.79,643.47,247.74,0.8935
526,1378,car,589.33,251.47,700.99,366.26,0.9364
526,1402,bus,758.09,91.08,959.58,446.74,0.8285
526,2627,car,456.35,101.92,565.67,173.55,0.7813
526,2467,car,581.92,49.51,677.95,97.15,0.9229
526,2078,car,687.82,0.27,724.14,23.32,0.6904
526,2902,bike,209.75,76.76,263.62,144.67,0.6926
526,3433,car,326.74,33.33,388.84,69.63,0.4726
526,3152,car,910.73,15.5,959.75,48.56,0.4073
526,3570,bike,503.62,39.78,546.99,93.24,0.6635
526,3917,car,160.91,29.33,252.45,86.1,0.4744
527,1,car,658.09,173.34,771.12,267.55,0.9045
527,170,car,554.25,161.93,643.46,247.62,0.8927
527,1378,car,589.87,251.57,700.38,365.16,0.9351
527,1402,bus,757.89,91.28,959.65,447.42,0.8304
527,2627,car,452.57,103.03,563.29,175.07,0.8227
527,2467,car,579.69,49.66,675.27,97.09,0.8913
527,2078,car,687.8,0.32,724.25,23.45,0.6628
527,2902,bike,213.52,76.28,263.05,138.18,0.6984
527,3433,car,326.92,33.31,393.51,72.23,0.3819
527,3152,car,910.94,15.44,959.8,48.39,0.4097
527,3570,bike,506.82,41.51,547.86,92.66,0.6867
527,3917,car,162.09,29.51,252.61,85.39,0.5514
527,3923,bike,212.28,84.54,241.03,145.29,0.5465
528,1,car,658.02,173.17,771.22,267.54,0.9044
528,170,car,553.83,161.66,643.47,247.82,0.8969
528,1378,car,588.52,251.5,700.08,366.14,0.9335
528,1402,bus,758.06,91.29,959.28,446.28,0.8341
528,2627,car,450.15,103.36,563.23,176.5,0.8727
528,2467,car,577.56,50.67,672.68,97.79,0.8948
528,2078,car,687.86,0.27,724.38,23.46,0.6431
528,2902,bike,215.55,76.8,263.72,136.48,0.678
528,3433,car,327.31,33.47,396.91,74.47,0.4061
528,3152,car,909.89,15.85,958.78,48.58,0.2827
528,3570,bike,510.37,46.44,548.15,93.1,0.7249
528,3923,bike,213.56,83.71,242.86,145.59,0.4743
528,3934,car,534.1,0.0,572.28,17.57,0.3211
528,3556,bike,518.15,26.23,533.93,54.57,0.3116
528,3906,car,228.01,35.29,265.82,79.75,0.2852
529,1,car,657.8,173.07,771.5,267.89,0.9059
529,170,car,553.66,161.39,643.34,247.64,0.9009
529,1378,car,588.81,251.54,700.0,365.77,0.9331
529,1402,bus,758.23,91.3,959.21,445.69,0.8496
529,2627,car,447.37,105.25,560.54,178.01,0.9061
529,2467,car,574.27,50.86,670.46,98.62,0.9091
529,2078,car,687.64,0.09,724.83,23.83,0.5657
529,2902,bike,215.45,80.34,264.41,140.55,0.6374
529,3433,car,331.0,32.88,397.52,71.99,0.5384
529,3570,bike,514.14,48.71,549.84,92.58,0.6653
529,3923,bike,213.79,84.65,241.92,144.11,0.3294
529,3934,car,533.42,0.0,571.16,17.36,0.3196
529,3556,bike,517.57,27.57,532.72,54.4,0.2581
529,3906,rickshaw,229.24,35.24,266.25,79.08,0.3049
530,1,car,657.81,173.05,771.39,267.74,0.9022
530,170,car,553.98,161.86,643.16,247.59,0.8958
530,1378,car,589.4,251.56,700.19,365.46,0.9332
530,1402,bus,758.1,91.31,959.62,446.69,0.8361
530,2627,car,442.84,107.31,556.77,180.06,0.8846
530,2467,car,571.74,50.9,668.27,98.86,0.9297
530,2078,car,687.94,0.02,725.22,23.91,0.565
530,2902,bike,218.09,79.99,265.6,137.95,0.69
530,3433,car,333.1,32.44,398.71,70.94,0.6083
530,3570,bike,516.32,47.58,552.49,92.27,0.6926
530,3934,car,532.87,0.0,569.85,16.97,0.4483
530,3556,bike,515.88,27.27,531.21,54.36,0.3743
530,3945,bike,430.36,59.28,470.87,106.83,0.364
530,3152,car,909.71,16.59,958.66,49.16,0.2864
531,1,car,657.66,172.99,771.31,267.72,0.907
531,170,car,553.83,161.91,643.03,247.65,0.8989
531,1378,car,589.3,251.58,699.95,365.2,0.9335
531,1402,bus,758.31,91.16,959.43,445.71,0.8469
531,2627,car,437.21,109.34,551.02,181.86,0.8779
531,2467,car,570.2,51.66,666.21,99.35,0.9282
531,2078,car,687.89,0.02,724.57,23.53,0.7021
531,2902,bike,216.49,79.04,268.39,142.8,0.6907
531,3433,car,334.45,32.46,400.48,71.15,0.6909
531,3570,bike,518.64,47.36,555.24,92.7,0.7579
531,3934,car,532.0,0.0,568.47,16.69,0.3904
531,3556,bike,514.67,26.77,530.78,55.47,0.4232
531,3945,bike,431.13,59.41,473.18,108.9,0.4615
531,3152,car,909.66,17.2,958.86,49.8,0.3198
531,3917,car,159.56,26.94,263.8,91.32,0.547
532,1,car,658.02,173.35,771.24,267.7,0.9094
532,170,car,554.17,161.95,643.19,247.51,0.8968
532,1378,car,588.65,251.63,700.13,366.15,0.9322
532,1402,bus,757.94,91.1,959.79,447.03,0.8459
532,2627,car,431.53,110.51,546.54,183.55,0.8658
532,2467,car,569.27,52.78,662.72,98.96,0.8943
532,2078,car,688.18,0.21,724.26,23.33,0.6745
532,2902,bike,218.08,80.9,268.8,143.16,0.4116
532,3433,car,336.71,32.34,401.09,69.89,0.3315
532,3570,bike,522.48,47.23,558.55,92.11,0.6541
532,3934,car,530.35,0.0,566.4,16.43,0.4695
532,3556,bike,514.26,26.32,530.27,55.09,0.4511
532,3917,car,159.44,26.51,264.61,91.59,0.4805
533,1,car,657.34,173.2,771.24,268.12,0.9099
533,170,car,554.34,162.01,643.37,247.66,0.8959
533,1378,car,589.33,251.49,700.49,365.84,0.9353
533,1402,bus,758.15,91.15,959.47,446.02,0.8456
533,2627,car,427.32,112.38,542.86,185.42,0.8679
533,2467,car,566.02,53.08,659.56,99.04,0.8902
533,2078,car,687.87,0.07,724.62,23.7,0.576
533,2902,bike,217.9,79.41,270.85,144.66,0.5359
533,3570,bike,525.05,46.58,561.05,91.82,0.7352
533,3934,car,528.95,0.0,563.74,15.71,0.5261
533,3556,bike,511.49,22.61,529.46,54.86,0.3509
533,3917,car,159.63,25.61,267.89,92.75,0.3974
534,1,car,657.42,173.32,771.21,268.1,0.9079
534,170,car,554.45,162.11,643.26,247.58,0.8949
534,1378,car,588.87,251.55,700.4,366.3,0.9352
534,1402,bus,758.02,91.39,959.38,446.23,0.8427
534,2627,car,424.03,114.32,540.21,187.39,0.8838
534,2467,car,566.47,53.79,659.31,99.62,0.8967
534,2078,car,688.02,0.1,724.41,23.51,0.6397
534,2902,bike,219.03,79.29,272.4,145.3,0.8134
534,3570,bike,527.79,46.66,563.58,92.03,0.5369
534,3934,car,528.27,0.0,562.49,15.32,0.4378
534,3556,bike,509.55,20.12,529.11,55.36,0.3451
534,3917,car,162.05,24.35,272.39,92.7,0.4056
534,3152,car,907.01,14.0,960.0,52.86,0.47
535,1,car,657.49,173.31,771.51,268.24,0.9091
535,170,car,554.48,162.47,643.1,247.71,0.8928
535,1378,car,589.44,251.65,700.58,366.15,0.9364
535,1402,bus,757.78,91.45,959.77,447.49,0.8506
535,2627,car,420.3,115.81,536.28,188.71,0.9068
535,2467,car,565.81,53.94,658.97,100.35,0.8845
535,2078,car,687.77,0.03,724.75,23.87,0.5747
535,2902,bike,220.1,80.12,273.45,146.12,0.7765
535,3570,bike,530.44,46.86,566.56,93.1,0.5829
535,3934,car,526.42,0.0,560.66,15.19,0.3859
535,3917,car,165.07,24.06,274.97,91.88,0.3991
535,3980,truck,164.82,24.52,275.16,90.33,0.3745
535,3152,car,905.46,12.06,960.0,53.28,0.2746
535,3582,bike,570.28,2.27,592.36,30.44,0.2817
535,3945,bike,431.33,59.04,472.74,108.71,0.6588
536,1,car,657.55,173.47,771.73,268.6,0.9119
536,170,car,554.55,162.57,643.03,247.65,0.8946
536,1378,car,589.11,251.71,700.21,366.19,0.9334
536,1402,bus,757.82,91.37,959.54,446.82,0.852
536,2627,car,415.65,116.79,533.92,191.14,0.8907
536,2467,car,562.54,54.39,659.74,103.53,0.8678
536,2078,car,687.83,0.06,724.47,23.64,0.7203
536,2902,bike,221.62,78.62,274.24,143.68,0.7606
536,3570,bike,535.48,46.86,571.9,93.1,0.6404
536,3934,car,524.79,0.0,558.9,15.0,0.4034
536,3917,truck,167.06,22.44,277.74,90.81,0.6102
536,3980,car,166.57,21.8,279.25,89.06,0.4048
536,3152,car,907.13,14.32,960.0,53.52,0.4608
536,3582,bike,570.73,2.16,593.14,30.62,0.4579
536,3945,bike,432.52,58.69,473.55,108.57,0.3886
537,1,car,657.68,173.44,771.57,268.3,0.9043
537,170,car,554.84,162.77,643.12,247.66,0.8906
537,1378,car,589.8,251.96,700.33,365.87,0.9379
537,1402,bus,758.02,91.51,959.6,446.69,0.8549
537,2627,car,411.15,118.47,530.72,193.77,0.8691
537,2467,car,558.46,55.35,660.84,108.12,0.85
537,2078,car,687.72,0.19,724.21,23.65,0.6889
537,2902,bike,222.51,77.97,275.45,143.56,0.7577
537,3570,bike,538.43,47.01,575.18,93.74,0.7537
537,3934,car,523.43,0.0,557.54,14.88,0.2715
537,3917,truck,167.99,20.74,280.64,90.69,0.5876
537,3980,car,166.99,19.16,283.61,88.95,0.422
537,3152,car,906.75,13.07,960.0,54.02,0.4611
537,3582,bike,571.32,2.28,593.83,30.72,0.6046
538,1,car,657.55,173.5,771.23,268.12,0.9055
538,170,car,554.61,162.83,643.04,247.81,0.889
538,1378,car,589.77,252.0,700.35,366.02,0.9359
538,1402,bus,757.85,91.56,959.64,447.07,0.8462
538,2627,car,405.62,120.0,526.4,196.01,0.8973
538,2467,car,555.17,55.79,657.94,109.6,0.8351
538,2078,car,687.52,0.07,724.72,24.04,0.6326
538,2902,bike,223.22,77.71,276.53,143.96,0.7195
538,3570,bike,541.23,47.36,578.27,94.78,0.5983
538,3934,car,521.76,0.0,555.99,14.79,0.4194
538,3917,truck,169.31,19.91,282.21,90.35,0.6375
538,3980,car,168.38,18.17,285.8,88.66,0.436
538,3152,car,906.64,10.61,960.0,54.05,0.5671
538,3582,bike,571.72,2.17,594.36,30.94,0.6554
538,3433,car,344.88,25.26,414.67,66.63,0.2549
539,1,car,657.33,173.57,771.23,268.41,0.9091
539,170,car,554.6,162.94,643.08,247.96,0.8859
539,1378,car,589.95,252.03,700.66,366.22,0.9377
539,1402,bus,757.93,91.62,959.51,446.65,0.8526
539,2627,car,400.23,121.41,523.36,198.99,0.9053
539,2467,car,557.71,55.88,657.22,109.03,0.8082
539,2078,car,687.28,0.02,724.75,24.21,0.5965
539,2902,bike,225.43,78.75,276.69,142.31,0.706
539,3570,bike,543.28,47.62,580.55,95.8,0.5014
539,3934,car,520.49,0.0,554.88,14.81,0.5449
539,3917,truck,172.0,19.53,281.92,88.32,0.5878
539,3980,car,171.53,18.28,285.43,86.82,0.4299
539,3152,car,907.32,11.68,960.0,54.3,0.6219
539,3582,bike,571.99,2.24,595.24,31.91,0.3723
539,3556,bike,506.27,17.91,527.25,56.31,0.3922
540,1,car,657.04,173.66,770.9,268.42,0.9122
540,170,car,554.55,163.06,643.07,248.05,0.8871
540,1378,car,589.76,252.11,700.53,366.4,0.9357
540,1402,bus,757.77,91.97,959.56,447.28,0.8555
540,2627,car,395.68,122.89,520.53,201.49,0.9108
540,2467,car,562.31,55.94,656.74,107.56,0.8368
540,2078,car,687.38,0.2,724.4,24.04,0.7045
540,2902,bike,228.14,79.79,278.37,141.91,0.724
540,3570,bike,543.35,47.58,585.55,103.42,0.5183
540,3934,car,519.42,0.0,553.46,14.54,0.6015
540,3917,truck,173.01,19.66,283.93,89.37,0.6869
540,3980,car,172.23,18.3,287.59,87.99,0.4172
540,3152,car,907.33,13.89,960.0,54.4,0.5142
540,3582,bike,572.76,2.54,596.18,32.49,0.3205
540,3998,bike,853.12,66.64,890.99,102.43,0.4224
540,3556,bike,505.97,17.29,526.86,56.07,0.4219
541,1,car,657.02,173.6,771.17,268.57,0.9118
541,170,car,554.64,163.3,643.07,248.17,0.8856
541,1378,car,588.53,252.18,700.51,367.76,0.9322
541,1402,bus,758.26,92.06,959.2,445.63,0.8462
541,2627,car,391.73,125.24,517.16,204.08,0.903
541,2467,car,564.71,56.78,649.53,103.44,0.8273
541,2078,car,687.58,0.38,724.34,24.0,0.6604
541,2902,bike,229.09,80.82,279.76,143.63,0.5896
541,3570,bike,543.69,49.87,585.35,106.44,0.5754
541,3934,car,518.79,0.0,551.68,13.96,0.4544
541,3917,truck,175.42,20.18,285.07,89.14,0.5702
541,3980,car,174.55,18.88,288.33,87.74,0.4514
541,3152,car,906.28,14.88,959.47,54.22,0.4609
541,3998,bike,854.09,66.19,894.01,104.03,0.5436
541,3556,bike,506.2,16.94,527.01,56.05,0.3144
541,4002,bike,447.54,57.58,482.62,98.59,0.3952
542,1,car,657.04,173.64,771.15,268.52,0.9096
542,170,car,554.29,163.3,643.04,248.44,0.8848
542,1378,car,589.18,252.3,700.74,367.59,0.9332
542,1402,bus,757.77,92.32,959.6,447.48,0.8386
542,2627,car,386.92,127.57,512.22,206.28,0.8879
542,2467,car,563.09,57.52,646.23,103.71,0.7999
542,2078,car,687.47,0.38,724.44,24.09,0.6973
542,2902,bike,229.13,80.4,281.14,145.45,0.7146
542,3570,bike,543.96,52.55,584.71,108.9,0.3268
542,3917,truck,177.27,21.69,284.38,89.04,0.5591
542,3980,car,177.63,22.03,286.24,87.68,0.3846
542,3152,car,904.08,14.75,957.78,53.98,0.3393
542,3998,bike,856.36,67.11,898.13,106.81,0.6918
542,3556,bike,506.51,17.09,526.88,55.68,0.3127
542,4002,bike,449.31,58.1,483.64,98.26,0.2924
542,4003,bike,565.13,63.82,606.92,119.81,0.5545
542,3582,bike,576.11,1.84,599.87,32.2,0.282
543,1,car,656.57,173.68,770.98,268.86,0.9119
543,170,car,554.33,163.27,643.31,248.59,0.8857
543,1378,car,589.98,252.36,701.05,367.27,0.933
543,1402,bus,758.34,92.45,959.24,445.72,0.8556
543,2627,car,381.54,129.38,508.48,209.25,0.8804
543,2467,car,553.26,56.95,643.24,107.29,0.6864
543,2078,car,687.5,0.41,724.57,24.13,0.7791
543,2902,bike,230.06,76.86,282.61,143.07,0.5833
543,3917,truck,177.73,21.76,285.14,89.46,0.397
543,3980,car,178.2,22.56,286.71,88.24,0.5061
543,3152,car,903.1,16.27,955.73,53.87,0.2561
543,3998,bike,858.45,67.33,900.05,107.02,0.4308
543,4002,bike,452.7,57.58,488.26,99.14,0.4444
543,4003,bike,565.78,64.36,605.27,117.07,0.4305
543,3582,bike,577.79,1.4,602.04,32.2,0.2632
543,3934,car,516.74,0.0,548.97,13.56,0.2588
544,1,car,656.81,173.56,771.45,268.95,0.9104
544,170,car,554.54,163.64,643.28,248.65,0.8877
544,1378,car,589.95,252.38,700.69,367.0,0.9348
544,1402,bus,757.65,92.63,959.65,447.89,0.8314
544,2627,car,376.22,131.22,505.2,212.6,0.892
544,2467,car,546.47,56.58,639.54,108.7,0.7943
544,2078,car,687.41,0.32,724.62,24.14,0.6753
544,2902,bike,232.0,75.92,282.93,140.07,0.6631
544,3917,truck,179.33,20.35,289.0,89.52,0.5175
544,3980,car,178.13,20.0,291.2,88.65,0.4691
544,3998,bike,859.61,66.85,904.33,109.86,0.6235
544,4002,bike,453.34,58.02,490.11,101.11,0.5172
544,3582,bike,578.52,1.49,602.64,32.03,0.3477
545,1,car,656.75,173.61,771.72,269.33,0.9118
545,170,car,554.32,163.39,643.51,248.81,0.8897
545,1378,car,589.87,252.47,700.7,367.29,0.9357
545,1402,bus,757.51,92.73,959.92,448.8,0.8342
545,2627,car,370.3,132.44,501.6,215.61,0.9099
545,2467,car,543.55,57.62,635.45,108.82,0.8576
545,2078,car,687.48,0.32,724.73,24.19,0.6468
545,2902,bike,233.99,76.46,282.66,137.38,0.6744
545,3917,truck,182.14,21.85,288.41,88.53,0.4817
545,3980,car,180.36,21.43,290.25,88.01,0.3783
545,3998,bike,860.86,66.7,906.44,110.96,0.6006
545,4002,bike,456.62,57.82,493.05,100.4,0.519
545,3582,bike,578.92,1.56,603.02,32.08,0.3406
545,4014,bike,761.44,6.44,778.7,32.81,0.3541
545,4003,bike,569.22,66.74,611.22,122.59,0.3384
546,1,car,656.92,173.58,771.76,269.22,0.9112
546,170,car,554.33,163.25,643.57,248.71,0.8898
546,1378,car,590.16,252.5,700.74,367.24,0.9344
546,1402,bus,757.82,92.75,959.49,447.34,0.8422
546,2627,car,366.22,134.35,498.04,218.2,0.9051
546,2467,car,537.91,58.23,634.17,112.24,0.8421
546,2078,car,687.08,0.11,725.01,24.48,0.5985
546,2902,bike,234.35,76.57,284.11,138.68,0.7147
546,3917,car,183.37,20.46,289.24,86.48,0.3802
546,3980,truck,181.97,21.06,290.36,86.6,0.5635
546,3998,bike,862.66,66.69,908.99,112.0,0.4441
546,4002,bike,458.48,56.04,495.13,98.93,0.51
546,3582,bike,579.73,1.51,604.25,32.38,0.4536
546,4014,bike,760.21,6.02,777.82,32.84,0.2677
546,4019,bike,601.47,6.41,620.61,40.47,0.3915
547,1,car,657.27,173.85,771.47,268.83,0.9117
547,170,car,554.46,163.32,643.6,248.66,0.8881
547,1378,car,590.19,252.52,700.49,367.01,0.9365
547,1402,bus,757.98,92.68,959.38,446.65,0.8414
547,2627,car,362.05,136.51,494.86,221.2,0.8865
547,2467,car,533.27,57.84,634.05,114.91,0.848
547,2078,car,687.25,0.24,724.73,24.28,0.7845
547,2902,bike,235.19,76.45,285.8,139.55,0.7301
547,3998,bike,865.07,66.51,911.33,112.17,0.663
547,4002,bike,460.01,56.12,498.34,100.97,0.386
547,3582,bike,581.04,1.32,605.93,32.31,0.4253
547,4019,bike,601.92,6.44,620.98,40.33,0.2232
548,1,car,656.96,173.74,771.93,269.45,0.9143
548,170,car,554.37,163.31,643.62,248.7,0.8872
548,1378,car,590.56,252.55,700.21,366.31,0.9351
548,1402,bus,757.51,92.7,959.88,448.48,0.8445
548,2627,car,353.78,139.02,489.57,225.58,0.8857
548,2467,car,530.74,58.08,632.15,115.78,0.8447
548,2078,car,687.5,0.33,724.84,24.27,0.663
548,2902,bike,238.55,75.9,285.21,133.17,0.5026
548,3998,bike,866.84,66.68,912.7,112.31,0.6816
548,3582,bike,582.24,0.84,606.97,31.4,0.5116
548,3152,car,893.53,20.11,945.76,54.37,0.4174
548,3917,truck,184.48,21.03,289.7,86.71,0.5589
549,1,car,656.83,173.69,771.67,269.35,0.9085
549,170,car,554.09,163.12,643.6,248.71,0.8878
549,1378,car,590.14,252.6,700.0,366.46,0.9343
549,1402,bus,757.93,92.66,959.46,446.78,0.8305
549,2627,car,347.0,141.08,485.88,229.86,0.8609
549,2467,car,529.17,58.54,629.47,115.83,0.8521
549,2078,car,687.69,0.41,724.88,24.25,0.6735
549,2902,bike,239.89,75.91,286.84,132.97,0.5499
549,3998,bike,869.06,66.59,914.6,112.21,0.5127
549,3582,bike,582.96,0.58,607.63,30.88,0.524
549,3152,car,888.39,19.17,944.94,54.07,0.3435
549,3917,truck,184.96,20.87,290.77,87.01,0.7009
549,4014,bike,756.11,5.01,775.13,33.44,0.3619
549,4002,bike,463.89,56.31,502.39,101.28,0.7276
550,1,car,656.76,173.77,771.65,269.5,0.911
550,170,car,553.83,163.52,643.07,248.71,0.8819
550,1378,car,590.4,252.46,700.25,366.35,0.935
550,1402,bus,757.62,92.53,959.83,447.9,0.8355
550,2627,car,341.76,142.76,483.14,233.68,0.88
550,2467,car,525.71,58.97,629.4,118.7,0.8456
550,2078,car,687.49,0.46,724.57,24.17,0.6081
550,2902,bike,241.6,77.41,286.14,130.54,0.4352
550,3998,bike,870.84,66.54,916.6,112.85,0.6343
550,3582,bike,583.95,0.66,608.61,30.65,0.5821
550,3152,car,885.54,19.83,944.0,53.62,0.4476
550,3917,bus,182.39,19.84,287.75,86.57,0.3665
550,4040,bike,237.09,85.51,267.53,142.41,0.3744
550,4014,bike,754.91,5.16,774.33,33.45,0.3429
550,4002,bike,464.3,55.98,502.56,101.07,0.5037
551,1,car,657.04,173.71,771.75,269.35,0.913
551,170,car,553.92,163.64,643.04,248.63,0.8832
551,1378,car,589.76,252.37,700.75,367.62,0.9349
551,1402,bus,757.85,92.54,959.75,447.31,0.8539
551,2627,car,335.88,144.15,480.01,237.61,0.8954
551,2467,car,522.5,59.3,628.02,120.56,0.8561
551,2078,car,687.27,0.44,724.45,24.14,0.6665
551,2902,bike,246.27,78.95,287.16,126.84,0.3347
551,3998,bike,873.08,66.41,919.17,113.6,0.477
551,3582,bike,583.96,0.79,608.76,31.01,0.571
551,3152,car,881.71,19.79,943.22,53.26,0.4621
551,3917,truck,189.13,19.66,292.62,85.02,0.326
551,4040,bike,238.91,83.71,271.42,144.42,0.5402
551,4014,bike,755.56,5.26,775.18,33.32,0.2624
551,4002,bike,465.72,55.12,504.52,101.28,0.5102
552,1,car,657.24,173.57,771.71,269.01,0.9069
552,170,car,554.03,163.7,642.95,248.4,0.8828
552,1378,car,590.92,252.28,700.24,365.67,0.9361
552,1402,bus,757.77,92.37,959.65,447.05,0.8461
552,2627,car,330.49,146.04,475.83,241.03,0.8877
552,2467,car,521.0,59.72,626.19,120.99,0.8663
552,2078,car,687.18,0.47,724.35,24.08,0.7145
552,3998,bike,874.93,66.25,921.1,114.14,0.6294
552,3582,bike,584.43,0.54,609.42,31.0,0.5658
552,3152,car,877.95,19.6,943.48,53.58,0.5333
552,3917,truck,193.33,20.1,295.46,84.56,0.5962
552,4040,bike,240.12,83.02,273.54,145.45,0.2375
552,4014,bike,755.5,5.35,775.32,33.19,0.4108
553,1,car,656.8,173.25,771.82,269.23,0.908
553,170,car,553.88,163.25,643.29,248.46,0.8923
553,1378,car,589.57,252.08,700.4,367.09,0.9357
553,1402,bus,757.77,92.11,959.89,447.28,0.8494
553,2627,car,324.99,149.37,471.68,245.92,0.9071
553,2467,car,522.44,59.77,618.66,115.27,0.8775
553,2078,car,687.23,0.45,724.37,23.99,0.677
553,3998,bike,876.24,66.35,922.19,114.46,0.7005
553,3582,bike,585.3,0.46,610.13,30.61,0.6198
553,3152,car,874.24,19.82,942.56,53.74,0.6425
553,3917,truck,194.12,21.76,293.36,84.8,0.4546
553,4014,bike,754.56,4.86,774.97,33.09,0.3609
553,4050,bike,0.0,97.19,19.34,148.7,0.4477
553,4003,bike,579.41,65.46,626.34,127.12,0.4338
553,4002,bike,469.95,52.23,510.96,101.14,0.2618
554,1,car,656.99,173.21,771.74,269.0,0.9065
554,170,car,554.08,163.19,643.21,248.15,0.8919
554,1378,car,589.97,251.92,700.54,366.8,0.9383
554,1402,bus,757.65,91.9,959.9,447.34,0.8506
554,2627,car,320.87,152.65,465.63,248.32,0.9142
554,2467,car,520.26,59.93,611.01,112.05,0.8488
554,2078,car,687.4,0.34,724.53,23.86,0.7052
554,3998,bike,878.08,66.12,923.66,114.1,0.7093
554,3582,bike,586.77,0.7,610.82,29.93,0.6883
554,3152,car,868.28,18.42,941.58,53.59,0.5765
554,3917,bus,199.12,22.47,297.84,84.78,0.376
554,4014,bike,754.09,4.13,774.95,32.61,0.2576
554,4050,bike,0.17,94.53,19.88,146.51,0.3653
554,4003,bike,580.89,68.09,628.0,128.82,0.68
554,4002,bike,471.26,50.73,512.76,100.55,0.3906
555,1,car,657.0,172.97,771.92,269.0,0.9047
555,170,car,553.79,162.98,643.04,248.02,0.8946
555,1378,car,590.54,251.89,700.02,365.51,0.9375
555,1402,bus,757.39,91.86,960.0,448.43,0.8345
555,2627,car,315.35,155.16,459.64,250.84,0.905
555,2467,car,518.53,60.14,606.66,110.62,0.8801
555,2078,car,687.06,0.11,724.42,23.81,0.5907
555,3998,bike,879.85,65.19,925.86,114.1,0.674
555,3582,bike,587.8,0.75,611.59,29.79,0.5035
555,3152,car,858.77,10.79,948.31,53.32,0.6361
555,3917,truck,197.49,22.03,295.1,84.27,0.3726
555,4014,bike,752.98,3.67,774.19,32.11,0.4162
555,4003,bike,582.73,68.82,629.6,128.28,0.4106
555,4002,bike,472.71,48.13,514.21,98.38,0.3979
555,2902,bike,247.8,75.1,291.81,126.06,0.3382
556,1,car,657.29,172.98,771.98,268.92,0.905
556,170,car,553.39,162.27,643.21,247.93,0.9016
556,1378,car,590.55,251.59,699.92,365.06,0.9395
556,1402,bus,757.53,91.85,960.0,448.31,0.8451
556,2627,car,309.54,156.91,454.7,253.62,0.8974
556,2467,car,517.54,60.27,605.79,110.54,0.8857
556,2078,car,687.08,0.13,724.2,23.64,0.6252
556,3998,bike,882.45,64.62,928.67,114.25,0.7358
556,3582,bike,588.68,0.69,612.32,29.78,0.3913
556,3152,car,856.91,13.5,942.32,53.06,0.5151
556,3917,truck,198.79,22.6,294.69,84.24,0.392
556,4014,bike,752.27,2.68,774.09,31.57,0.2598
556,4003,bike,582.12,69.95,625.76,126.31,0.5071
556,4002,bike,475.1,47.89,515.62,97.48,0.4329
556,4065,bike,602.88,45.4,633.37,93.51,0.5454
557,1,car,657.42,172.52,772.34,268.77,0.9027
557,170,car,553.54,162.1,643.17,247.63,0.8994
557,1378,car,590.71,251.32,699.92,364.53,0.9393
557,1402,bus,757.87,91.65,959.66,446.53,0.847
557,2627,car,303.38,160.0,449.94,257.96,0.8726
557,2467,car,514.66,60.05,604.22,110.83,0.9033
557,2078,car,687.21,0.04,724.02,23.29,0.7575
557,3998,bike,884.6,64.07,930.97,114.32,0.7702
557,3582,bike,589.36,0.52,612.58,29.29,0.564
557,3152,car,850.36,10.88,942.01,52.93,0.4674
557,3917,truck,200.61,18.38,303.92,84.95,0.404
557,4014,bike,752.39,2.44,773.74,30.19,0.3559
557,4003,bike,587.5,68.47,632.37,125.71,0.6499
557,4065,bike,605.37,44.72,634.59,90.57,0.6239
557,3433,car,379.87,25.84,437.59,58.98,0.337
557,2902,bike,247.0,74.77,295.15,130.42,0.4835
558,1,car,657.64,171.97,772.52,268.23,0.901
558,170,car,553.48,162.0,642.99,247.39,0.9046
558,1378,car,590.29,251.27,699.8,364.7,0.9403
558,1402,bus,757.83,91.53,959.93,447.08,0.8464
558,2627,car,297.4,162.71,445.89,262.39,0.9062
558,2467,car,513.36,60.17,603.28,110.96,0.9176
558,2078,car,687.58,0.0,724.01,23.02,0.768
558,3998,bike,885.8,63.99,931.63,114.38,0.6445
558,3582,bike,590.22,0.52,613.37,29.34,0.4262
558,3152,car,850.43,15.14,933.6,52.28,0.3204
558,3917,bus,197.91,8.14,316.41,85.33,0.6498
558,4014,bike,752.3,2.12,773.71,29.6,0.2788
558,4003,bike,590.43,65.71,637.01,125.09,0.5529
558,4065,bike,611.09,43.45,639.18,87.42,0.6879
558,4079,truck,203.58,7.39,313.03,85.6,0.3828
558,3433,car,384.04,24.82,437.84,54.6,0.3705
558,2902,bike,248.91,73.94,295.54,127.36,0.4237
558,4050,bike,2.65,92.56,22.69,144.6,0.2968
559,1,car,657.93,171.62,772.37,267.56,0.9
559,170,car,553.65,161.97,643.11,247.29,0.9073
559,1378,car,590.14,251.17,700.06,365.02,0.9383
559,1402,bus,757.57,91.33,960.0,448.01,0.839
559,2627,car,291.97,165.11,441.43,265.82,0.8972
559,2467,car,511.98,60.43,602.27,111.23,0.9153
559,2078,car,687.59,0.0,723.96,22.96,0.7276
559,3998,bike,887.87,63.82,933.17,114.18,0.6589
559,3582,bike,590.84,0.5,614.1,29.58,0.3453
559,3152,car,846.87,17.91,925.13,52.02,0.4445
559,3917,bus,201.25,5.28,320.77,83.93,0.6161
559,4014,bike,751.95,1.48,773.77,29.22,0.2946
559,4003,bike,593.63,65.59,640.58,125.11,0.6621
559,4065,bike,612.46,44.01,641.51,89.21,0.6792
559,4079,truck,210.1,17.32,302.97,83.54,0.4317
559,2902,bike,246.87,74.38,299.26,135.11,0.5221
560,1,car,657.57,171.42,772.29,267.64,0.9016
560,170,car,553.54,161.81,643.11,247.23,0.9065
560,1378,car,590.03,251.09,700.0,364.94,0.9379
560,1402,bus,757.62,91.31,960.0,447.96,0.8447
560,2627,car,284.28,167.31,436.94,270.91,0.8969
560,2467,car,507.74,60.71,599.98,111.89,0.8892
560,2078,car,687.69,0.0,724.0,22.91,0.6082
560,3998,bike,890.28,63.11,936.04,114.46,0.5956
560,3582,bike,592.1,0.59,615.04,29.23,0.481
560,3152,car,839.85,18.41,917.98,51.95,0.5439
560,3917,bus,201.72,3.15,322.88,83.99,0.638
560,4003,bike,595.52,66.4,641.7,124.3,0.7008
560,4065,bike,614.9,43.69,644.06,88.55,0.7316
560,4079,truck,209.95,17.82,303.18,84.28,0.3058
560,2902,bike,249.73,74.4,299.0,130.77,0.5637
560,4087,car,384.87,11.58,443.8,50.81,0.333
560,4089,car,919.69,15.71,959.1,48.87,0.4115
561,1,car,657.75,170.83,772.75,267.41,0.9034
561,170,car,553.67,161.93,642.96,247.03,0.9058
561,1378,car,590.17,250.95,699.93,364.51,0.9398
561,1402,bus,757.8,91.3,959.87,447.15,0.8349
561,2627,car,278.47,170.0,432.03,274.71,0.9055
561,2467,car,504.43,61.07,598.65,112.59,0.863
561,2078,car,687.8,0.0,723.84,22.72,0.7261
561,3998,bike,893.3,62.69,938.46,113.56,0.7072
561,3582,bike,592.99,0.68,615.42,28.77,0.5176
561,3152,car,834.6,15.81,918.58,51.66,0.4872
561,3917,bus,203.11,1.94,323.46,83.32,0.7024
561,4003,bike,598.53,66.96,642.98,121.8,0.3281
561,4065,bike,617.75,43.42,647.2,88.2,0.6653
561,4079,truck,212.6,18.28,303.2,82.81,0.3158
561,2902,bike,248.62,74.59,301.96,136.18,0.6352
561,4087,car,387.02,11.64,445.61,50.66,0.4157
561,4089,car,918.61,16.73,956.02,48.03,0.2798
561,4014,bike,751.34,1.33,773.51,29.28,0.2335
562,1,car,657.79,170.6,772.61,267.16,0.9046
562,170,car,553.49,161.49,643.05,246.83,0.9095
562,1378,car,590.15,250.76,700.07,364.53,0.9377
562,1402,bus,758.23,91.15,959.53,445.5,0.8514
562,2627,car,271.56,173.2,427.0,279.68,0.9051
562,2467,car,499.18,61.6,594.74,113.41,0.9071
562,2078,car,687.97,0.0,723.86,22.6,0.7303
562,3998,bike,895.63,61.8,941.47,113.6,0.733
562,3582,bike,593.71,0.67,616.1,28.78,0.5908
562,3152,car,827.92,13.66,915.98,51.49,0.5561
562,3917,bus,203.73,1.35,323.21,83.33,0.674
562,4003,bike,599.26,70.58,643.78,124.42,0.5635
562,4065,bike,619.95,42.66,650.64,88.69,0.8167
562,2902,bike,248.98,75.09,303.95,139.02,0.6312
562,4087,car,387.87,10.53,446.84,49.84,0.4169
562,4089,car,916.41,17.17,953.09,47.5,0.4261
562,4014,bike,751.73,1.35,773.88,29.28,0.2456
563,1,car,657.2,170.08,772.58,267.32,0.9038
563,170,car,553.69,161.24,643.32,246.69,0.9127
563,1378,car,590.28,250.59,700.19,364.36,0.9375
563,1402,bus,757.81,91.13,960.0,447.31,0.8543
563,2627,car,264.3,176.63,422.04,285.44,0.8748
563,2467,car,495.43,62.48,591.61,114.33,0.9146
563,2078,car,688.26,0.0,723.89,22.42,0.7222
563,3998,bike,898.02,61.56,944.04,113.81,0.7929
563,3582,bike,594.65,0.69,616.73,28.49,0.6451
563,3152,car,825.09,13.15,913.2,51.09,0.5168
563,3917,bus,203.24,1.36,320.95,83.64,0.5161
563,4003,bike,601.31,70.34,646.76,124.53,0.5581
563,4065,bike,623.26,42.45,653.01,86.24,0.7585
563,2902,bike,252.57,75.55,303.53,134.56,0.515
563,4087,car,390.32,10.82,447.8,49.17,0.5089
563,4089,car,916.39,17.74,952.27,46.95,0.525
564,1,car,657.19,169.83,772.67,267.27,0.903
564,170,car,553.79,161.43,643.1,246.51,0.9074
564,1378,car,589.95,250.47,700.06,364.41,0.9381
564,1402,bus,757.92,91.02,959.79,446.59,0.8491
564,2627,car,256.75,179.64,417.05,291.03,0.8957
564,2467,car,492.6,62.83,589.26,114.68,0.9098
564,2078,car,688.45,0.0,723.87,22.23,0.6091
564,3998,bike,899.89,61.7,944.73,112.85,0.689
564,3582,bike,595.67,0.68,617.4,28.04,0.6802
564,3152,car,825.44,16.27,906.66,50.75,0.6409
564,3917,bus,207.73,1.11,323.61,83.09,0.4495
564,4003,bike,602.34,71.12,648.32,124.93,0.6381
564,4065,bike,627.0,42.45,657.41,86.23,0.7723
564,2902,bike,251.82,75.73,305.99,139.19,0.3337
564,4089,car,916.7,18.08,952.44,46.66,0.6289
564,3433,car,392.27,17.71,450.5,50.36,0.424
564,4079,truck,208.18,3.82,318.57,83.11,0.3575
565,1,car,657.57,169.76,772.96,267.28,0.9059
565,170,car,553.71,161.08,643.15,246.29,0.909
565,1378,car,590.07,250.35,700.11,364.21,0.9375
565,1402,bus,757.44,90.99,960.0,448.57,0.8526
565,2627,car,250.38,184.0,411.41,296.55,0.8769
565,2467,car,489.81,63.35,587.42,115.48,0.8978
565,2078,car,688.52,0.0,723.92,22.18,0.6556
565,3998,bike,902.53,61.41,947.6,112.84,0.6419
565,3582,bike,596.63,0.62,618.26,27.8,0.5972
565,3152,car,822.88,17.42,901.8,50.5,0.7189
565,3917,truck,211.16,1.2,323.95,81.87,0.2556
565,4003,bike,603.65,71.23,650.71,125.2,0.6555
565,4065,bike,629.8,42.8,660.0,85.4,0.7226
565,4089,car,916.93,17.95,953.45,46.67,0.6548
565,3433,car,395.05,19.77,449.61,49.55,0.5009
565,4079,bus,212.69,1.49,324.29,82.01,0.5171
566,1,car,657.28,169.74,773.14,267.83,0.9055
566,170,car,553.43,160.54,643.29,246.21,0.9118
566,1378,car,590.01,250.31,699.85,363.95,0.9361
566,1402,bus,757.88,90.83,959.94,447.01,0.8506
566,2627,car,244.12,187.56,405.35,300.72,0.9027
566,2467,car,487.44,64.17,585.44,116.37,0.9006
566,2078,car,688.6,0.0,724.0,22.15,0.578
566,3998,bike,904.72,61.37,948.79,111.59,0.5958
566,3582,bike,597.25,0.58,618.69,27.46,0.5914
566,3152,car,818.72,16.94,899.26,50.42,0.8088
566,3917,bus,213.57,1.41,322.43,80.61,0.6672
566,4003,bike,604.17,70.18,652.16,124.36,0.7038
566,4065,bike,632.64,42.75,662.98,84.6,0.7042
566,4089,car,916.65,17.6,954.12,46.56,0.4993
566,3433,car,396.92,20.55,451.16,49.56,0.5764
566,2902,bike,254.03,74.74,308.56,139.07,0.411
567,1,car,658.07,170.16,772.75,267.29,0.9066
567,170,car,553.74,160.82,643.23,246.1,0.9087
567,1378,car,590.1,250.17,699.94,363.82,0.9334
567,1402,bus,758.2,90.71,959.59,445.63,0.86
567,2627,car,235.2,191.76,398.71,307.41,0.891
567,2467,car,486.14,64.77,584.35,116.99,0.9155
567,2078,car,688.84,0.0,723.96,21.92,0.7155
567,3998,bike,904.85,60.88,954.51,118.01,0.7412
567,3582,bike,597.85,0.51,618.87,26.97,0.4363
567,3152,car,815.59,17.21,896.06,50.27,0.7156
567,3917,bus,216.52,1.6,323.17,80.49,0.6484
567,4003,bike,604.67,69.11,653.62,123.74,0.8049
567,4065,bike,636.49,41.8,667.8,84.22,0.6028
567,4089,car,916.51,17.54,954.71,46.56,0.5829
567,3433,car,396.68,20.2,452.8,50.15,0.5442
567,4116,rickshaw,302.94,37.47,327.52,73.23,0.3898
567,4117,bus,0.0,187.02,422.18,377.9,0.4249
567,2902,bike,254.33,74.23,308.45,138.79,0.2797
568,1,car,658.56,170.01,772.7,266.73,0.9078
568,170,car,553.83,160.61,643.51,246.11,0.911
568,1378,car,590.13,250.13,699.69,363.46,0.9327
568,1402,bus,758.37,90.55,959.18,444.17,0.8519
568,2627,car,225.95,194.43,394.19,314.51,0.9144
568,2467,car,483.04,64.95,582.05,117.57,0.9372
568,2078,car,688.91,0.0,723.76,21.69,0.7281
568,3998,bike,906.23,60.77,958.71,121.69,0.7758
568,3582,bike,599.26,0.65,619.43,26.27,0.4093
568,3152,car,810.8,15.47,894.39,49.76,0.7402
568,3917,bus,224.93,1.49,331.42,80.11,0.6654
568,4003,bike,606.4,69.45,654.74,122.71,0.7259
568,4065,bike,639.23,42.57,670.91,84.4,0.696
568,4089,car,916.46,17.44,955.14,46.33,0.5232
568,3433,car,397.03,19.93,454.0,50.26,0.4794
568,4117,bus,0.0,186.45,431.23,388.16,0.326
568,2902,bike,259.5,74.37,306.77,129.79,0.3809
569,1,car,658.54,170.01,772.96,266.98,0.9073
569,170,car,553.71,160.13,643.68,245.99,0.9096
569,1378,car,589.54,250.14,699.86,364.26,0.933
569,1402,bus,758.28,90.39,959.42,444.54,0.8546
569,2627,car,218.41,198.32,389.73,321.82,0.9327
569,2467,car,480.58,65.84,578.61,117.74,0.8977
569,2078,car,688.84,0.0,723.78,21.66,0.7068
569,3998,bike,909.34,61.08,959.94,120.2,0.7087
569,3582,bike,600.3,0.71,620.07,26.14,0.4105
569,3152,car,806.12,13.87,892.49,49.38,0.7426
569,3917,bus,229.61,1.25,335.26,79.21,0.622
569,4003,bike,608.03,69.49,655.97,121.48,0.7421
569,4065,bike,640.73,41.96,674.07,84.87,0.7537
569,4089,car,915.62,16.54,956.03,46.33,0.5635
569,3433,car,398.02,19.62,455.12,49.9,0.4979
569,4117,bus,0.0,189.16,427.56,390.02,0.4731
569,4116,rickshaw,306.98,39.56,329.69,72.53,0.2992
570,1,car,658.58,169.7,773.39,267.07,0.9104
570,170,car,553.92,160.12,643.79,245.96,0.9107
570,1378,car,589.37,250.07,700.1,364.72,0.9348
570,1402,bus,758.07,90.38,959.8,445.65,0.8439
570,2627,car,212.28,202.41,384.72,327.39,0.9055
570,2467,car,478.48,66.34,576.29,118.13,0.9089
570,2078,car,688.72,0.0,723.68,21.62,0.701
570,3998,bike,910.12,60.77,960.0,123.52,0.5436
570,3152,car,804.12,15.38,888.35,49.84,0.7996
570,3917,bus,229.66,1.44,334.67,79.45,0.6414
570,4003,bike,608.58,69.43,658.82,123.19,0.4788
570,4065,bike,642.82,40.85,677.64,84.69,0.7459
570,4089,car,915.6,16.94,956.1,46.34,0.5312
570,3433,car,399.8,19.44,456.69,49.63,0.626
570,4117,bus,0.0,181.16,434.3,389.68,0.6146
570,4129,bike,18.06,87.53,43.26,139.97,0.3614
570,2902,bike,261.94,75.03,309.23,130.03,0.2416
571,1,car,658.56,169.82,773.22,267.1,0.9099
571,170,car,553.99,160.49,643.51,245.98,0.9113
571,1378,car,589.43,250.1,700.19,364.8,0.9314
571,1402,bus,758.11,90.29,959.84,445.61,0.8349
571,2627,car,203.58,205.7,380.68,335.09,0.8864
571,2467,car,475.5,66.69,573.25,118.59,0.9201
571,2078,car,688.78,0.0,723.71,21.54,0.7553
571,3998,bike,913.48,60.5,960.0,118.6,0.6496
571,3152,car,801.55,15.47,886.07,49.99,0.8104
571,3917,bus,232.45,1.46,335.77,77.97,0.5184
571,4003,bike,609.6,69.86,659.4,121.9,0.5262
571,4065,bike,647.01,41.18,682.09,84.12,0.7223
571,4089,car,915.41,16.72,956.73,46.37,0.59
571,3433,car,401.88,19.19,458.58,49.41,0.6373
571,4117,bus,0.0,180.59,434.65,394.02,0.3864
571,4129,bike,19.5,88.57,44.48,140.45,0.4163
571,2902,bike,263.15,74.25,310.23,128.43,0.5369
572,1,car,657.87,169.43,773.66,267.84,0.9077
572,170,car,553.77,160.19,643.56,245.98,0.9107
572,1378,car,589.32,250.12,699.89,364.53,0.9356
572,1402,bus,757.69,90.37,960.0,447.23,0.8329
572,2627,car,193.15,212.1,371.23,343.91,0.9222
572,2467,car,473.2,66.96,572.27,119.62,0.9088
572,2078,car,688.92,0.0,724.01,21.61,0.7355
572,3998,bike,917.72,60.35,960.0,112.78,0.6905
572,3152,car,797.88,15.45,882.03,49.72,0.7315
572,3917,bus,234.27,1.26,339.19,78.86,0.6873
572,4003,bike,611.11,69.33,661.82,121.45,0.5354
572,4065,bike,652.77,41.09,687.37,83.22,0.7409
572,4089,car,914.55,16.3,956.93,46.33,0.612
572,3433,car,404.25,19.12,458.86,48.18,0.5922
572,4117,bus,0.0,188.19,414.06,393.42,0.6922
572,2902,bike,262.98,74.82,312.36,131.68,0.598
573,1,car,658.4,170.06,772.91,267.39,0.9097
573,170,car,553.52,159.32,644.03,245.97,0.914
573,1378,car,588.99,250.1,700.21,365.24,0.9336
573,1402,bus,758.08,90.26,959.88,445.87,0.8344
573,2627,car,183.49,216.3,365.51,352.54,0.9191
573,2467,car,469.27,67.35,569.83,120.89,0.9171
573,2078,car,688.86,0.0,723.99,21.59,0.7084
573,3998,bike,918.2,60.34,960.0,113.71,0.6729
573,3152,car,795.73,16.51,877.89,49.72,0.7753
573,3917,bus,236.55,1.34,341.99,79.09,0.6995
573,4003,bike,611.57,69.44,665.11,123.8,0.4806
573,4065,bike,658.14,41.52,692.43,83.35,0.5437
573,4089,car,913.72,16.01,956.99,46.3,0.6059
573,3433,car,405.84,18.95,459.24,47.31,0.5431
573,4117,bus,0.0,189.87,400.68,390.52,0.7652
573,2902,bike,266.08,77.44,312.04,129.39,0.3268
573,4129,bike,25.43,91.8,49.22,140.7,0.4536
574,1,car,658.61,170.09,773.35,267.66,0.913
574,170,car,553.58,159.25,644.01,245.94,0.9116
574,1378,car,589.63,250.15,699.93,364.23,0.9339
574,1402,bus,758.18,90.41,959.7,445.49,0.8482
574,2627,car,175.1,221.42,362.33,363.09,0.8988
574,2467,car,465.77,67.51,567.69,121.88,0.898
574,2078,car,688.73,0.0,724.03,21.67,0.7416
574,3998,bike,919.93,60.57,960.0,114.33,0.6256
574,3152,car,791.86,16.4,873.98,49.58,0.7641
574,3917,bus,238.59,1.65,343.39,78.56,0.5633
574,4003,bike,612.7,70.0,664.69,121.92,0.3169
574,4065,bike,662.48,41.73,696.12,82.51,0.6015
574,4089,car,914.41,16.64,957.24,46.3,0.6459
574,3433,car,406.8,19.04,459.35,46.84,0.5221
574,4117,bus,0.0,188.68,396.7,389.48,0.7673
574,4152,car,378.48,432.41,565.15,537.89,0.4647
575,1,car,658.51,170.17,773.03,267.62,0.9098
575,170,car,553.88,159.67,643.81,245.91,0.9094
575,1378,car,589.45,250.05,700.05,364.44,0.9326
575,1402,bus,758.34,90.42,959.26,444.21,0.8494
575,2627,car,165.65,225.79,358.04,372.83,0.9256
575,2467,car,464.1,68.1,565.06,122.13,0.9071
575,2078,car,688.75,0.0,724.17,21.7,0.7446
575,3998,bike,922.84,59.98,960.0,110.96,0.5042
575,3152,car,789.24,16.54,871.09,49.56,0.7812
575,3917,bus,238.44,1.54,343.58,78.65,0.4733
575,4003,bike,613.73,69.21,667.7,122.46,0.3801
575,4065,bike,665.71,41.88,699.61,82.57,0.8304
575,4089,car,914.68,16.86,957.57,46.27,0.6322
575,3433,car,407.87,18.73,461.37,47.18,0.4703
575,4117,bus,0.0,190.99,387.95,388.41,0.8047
575,4152,car,372.56,424.46,572.62,537.92,0.3075
576,1,car,658.71,170.33,773.07,267.65,0.9113
576,170,car,553.9,159.53,643.87,245.91,0.9102
576,1378,car,588.38,250.14,699.52,364.85,0.9334
576,1402,bus,758.32,90.38,959.3,444.12,0.8422
576,2627,car,155.99,230.52,349.93,379.86,0.9227
576,2467,car,461.55,68.85,561.69,122.48,0.9192
576,2078,car,688.84,0.0,724.15,21.61,0.7251
576,3998,bike,924.09,59.4,960.0,110.87,0.54
576,3152,car,785.43,15.05,869.28,48.85,0.7083
576,3917,bus,243.73,1.44,346.09,76.02,0.3144
576,4003,bike,614.33,67.74,671.34,123.56,0.527
576,4065,bike,669.37,42.04,702.8,81.94,0.6632
576,4089,car,914.57,16.97,957.7,46.27,0.6619
576,3433,car,411.41,18.44,463.97,46.57,0.3931
576,4117,bus,0.0,191.19,381.14,388.85,0.7583
576,4152,car,365.62,415.71,579.7,537.97,0.6854
576,4129,bike,29.9,92.84,55.72,145.19,0.5328
577,1,car,658.4,170.01,773.48,268.06,0.9103
577,170,car,553.85,159.53,643.82,246.0,0.9105
577,1378,car,588.67,250.0,699.48,364.22,0.9288
577,1402,bus,758.22,90.46,959.67,445.1,0.8382
577,2627,car,147.01,235.96,342.62,387.97,0.9076
577,2467,car,458.28,69.33,559.24,123.33,0.9303
577,2078,car,688.84,0.0,724.15,21.6,0.7796
577,3998,bike,924.87,59.11,960.0,112.17,0.4665
577,3152,car,783.39,15.01,866.58,48.46,0.7266
577,3917,bus,247.21,1.5,346.1,73.02,0.4989
577,4003,bike,614.57,66.17,674.54,124.59,0.691
577,4065,bike,672.37,41.81,706.77,82.8,0.736
577,4089,car,914.07,16.42,958.16,46.18,0.6626
577,3433,car,412.79,18.89,464.65,46.68,0.3944
577,4117,bus,0.0,191.79,378.06,393.16,0.5535
577,4152,car,356.98,407.24,584.47,538.45,0.4712
577,4129,bike,30.77,92.86,56.13,143.68,0.6411
578,1,car,658.33,170.25,772.65,267.63,0.9071
578,170,car,554.02,159.92,643.5,245.91,0.9089
578,1378,car,587.82,250.19,699.52,365.29,0.9314
578,1402,bus,757.64,90.48,960.0,446.93,0.8231
578,2627,car,135.87,239.26,338.23,398.47,0.9042
578,2467,car,454.76,70.14,555.97,124.06,0.9118
578,2078,car,688.72,0.0,724.07,21.63,0.6947
578,3998,bike,925.38,58.5,960.0,114.72,0.4529
578,3152,car,780.49,14.65,864.26,48.34,0.685
578,3917,bus,249.57,2.44,345.31,71.41,0.5091
578,4003,bike,616.12,65.93,676.5,124.28,0.576
578,4065,bike,675.31,41.35,709.95,82.12,0.7677
578,4089,car,914.12,17.22,957.92,46.49,0.5957
578,3433,car,413.84,18.91,465.2,46.43,0.426
578,4117,bus,0.0,195.71,371.86,397.32,0.5925
578,4152,car,353.8,397.99,593.09,538.2,0.4406
578,4129,bike,31.32,91.66,57.16,143.31,0.384
579,1,car,658.72,170.31,772.37,267.11,0.9083
579,170,car,553.74,159.39,643.72,245.97,0.9112
579,1378,car,587.98,250.1,700.09,365.68,0.9312
579,1402,bus,758.6,90.5,959.12,443.32,0.8337
579,2627,car,126.06,245.67,332.85,410.3,0.9089
579,2467,car,452.17,71.26,555.07,125.94,0.9041
579,2078,car,688.67,0.0,724.14,21.68,0.7072
579,3998,bike,928.74,58.04,960.0,110.0,0.4651
579,3152,car,779.01,15.3,860.85,48.08,0.6437
579,3917,bus,250.17,2.57,345.49,71.19,0.624
579,4003,bike,615.86,65.6,677.3,124.45,0.576
579,4065,bike,678.22,41.63,713.05,82.13,0.8172
579,4089,car,913.79,17.41,957.85,46.57,0.7281
579,3433,car,413.3,18.19,467.68,47.52,0.5158
579,4117,bus,0.0,193.64,370.02,400.91,0.5752
579,4152,car,349.33,389.88,597.89,538.46,0.7739
579,4129,bike,32.16,90.29,57.37,140.43,0.5673
579,2902,bike,272.6,78.31,318.01,128.87,0.2407
580,1,car,658.41,170.28,772.97,267.96,0.9087
580,170,car,554.08,159.75,643.56,245.87,0.9088
580,1378,car,588.54,250.24,700.11,365.27,0.9358
580,1402,bus,758.44,90.52,959.3,443.85,0.842
580,2627,car,114.35,250.32,327.36,422.2,0.9158
580,2467,car,448.51,71.84,552.18,126.97,0.9009
580,2078,car,688.72,0.0,724.04,21.58,0.6929
580,3152,car,771.95,11.22,861.04,47.33,0.6222
580,3917,bus,251.72,2.42,348.4,72.23,0.715
580,4003,bike,617.33,66.44,678.33,124.03,0.5952
580,4065,bike,681.58,41.16,717.37,82.63,0.8455
580,4089,car,913.69,17.01,958.44,46.49,0.7174
580,3433,car,413.01,17.62,470.12,48.78,0.5853
580,4117,bus,0.0,190.42,379.13,416.29,0.3921
580,4152,car,345.18,382.78,600.84,539.22,0.8271
580,4129,bike,34.53,89.55,58.47,136.97,0.4263
580,2902,bike,270.0,72.54,322.73,132.19,0.3316
581,1,car,658.05,170.23,773.18,268.45,0.9075
581,170,car,553.36,159.31,643.46,246.05,0.9125
581,1378,car,588.02,250.32,700.14,365.93,0.9343
581,1402,bus,758.07,90.59,959.68,445.3,0.8263
581,2627,car,103.01,257.66,319.09,433.67,0.9201
581,2467,car,445.48,72.33,550.44,127.98,0.9418
581,2078,car,688.71,0.0,724.14,21.64,0.7328
581,3152,car,762.43,5.3,864.35,47.67,0.763
581,3917,bus,252.51,2.57,349.1,72.6,0.7604
581,4003,bike,619.17,65.94,680.51,123.0,0.5301
581,4065,bike,685.3,41.65,720.81,82.14,0.5184
581,4089,car,912.99,16.34,959.12,46.68,0.7255
581,3433,car,413.9,17.22,471.37,48.93,0.5899
581,4152,car,344.82,374.53,604.44,538.11,0.8327
581,4129,bike,35.93,89.81,59.63,136.78,0.5032
582,1,car,657.48,169.81,773.36,268.81,0.9103
582,170,car,553.88,160.11,643.22,246.06,0.9047
582,1378,car,586.67,250.22,699.87,366.98,0.9365
582,1402,bus,757.52,90.61,960.0,448.28,0.8276
582,2627,car,92.15,264.63,313.44,446.92,0.9348
582,2467,car,442.39,73.29,546.72,128.42,0.9336
582,2078,car,688.71,0.0,724.03,21.56,0.7699
582,3152,car,758.44,2.59,863.65,47.35,0.7128
582,3917,bus,254.0,2.65,349.41,72.2,0.6842
582,4003,bike,627.42,64.62,687.72,121.57,0.344
582,4065,bike,688.58,41.56,724.19,81.71,0.6427
582,4089,car,912.77,16.49,959.26,46.99,0.6676
582,3433,car,414.75,16.7,472.25,48.83,0.4713
582,4152,car,344.81,367.82,604.9,536.89,0.7748
583,1,car,657.25,169.88,773.32,269.12,0.9091
583,170,car,553.95,159.79,643.49,245.97,0.9084
583,1378,car,588.23,250.23,700.0,365.54,0.9324
583,1402,bus,758.26,90.48,959.83,445.45,0.8395
583,2627,car,79.79,271.19,306.15,459.81,0.8949
583,2467,car,439.16,73.73,543.96,129.16,0.8872
583,2078,car,688.7,0.0,724.06,21.56,0.6931
583,3152,car,755.65,1.34,861.58,47.37,0.7567
583,3917,bus,257.37,2.54,349.09,69.43,0.7139
583,4003,bike,634.47,64.95,692.32,120.52,0.5579
583,4065,bike,691.22,41.2,727.59,81.91,0.5842
583,4089,car,911.9,15.81,960.0,47.75,0.6454
583,3433,car,415.9,17.13,471.51,48.48,0.423
583,4152,car,345.05,360.57,607.33,537.24,0.9038
583,4129,bike,39.15,89.8,63.33,137.36,0.2518
584,1,car,657.56,169.99,773.3,269.0,0.9091
584,170,car,553.84,159.11,643.8,245.85,0.9123
584,1378,car,589.15,250.19,699.98,364.56,0.9345
584,1402,bus,758.2,90.43,959.92,445.75,0.8378
584,2627,car,65.86,277.98,298.86,474.38,0.9125
584,2467,car,435.59,74.52,539.78,129.99,0.9252
584,2078,car,688.65,0.0,724.0,21.56,0.6274
584,3152,car,760.43,7.61,852.28,47.4,0.6879
584,3917,bus,259.26,2.56,350.39,69.16,0.5368
584,4003,bike,638.45,64.42,694.06,118.69,0.6423
584,4065,bike,695.33,41.11,732.2,81.95,0.7764
584,4089,car,910.57,15.11,960.0,49.09,0.443
584,3433,car,417.82,17.61,471.03,47.75,0.242
584,4152,car,346.17,355.15,605.97,536.7,0.8998
585,1,car,657.8,169.76,773.34,268.74,0.9109
585,170,car,553.86,159.63,643.37,245.92,0.9089
585,1378,car,587.81,250.17,700.01,365.94,0.9302
585,1402,bus,758.35,90.46,959.66,444.99,0.8395
585,2627,car,51.16,286.51,292.37,492.17,0.9193
585,2467,car,432.22,75.35,536.46,130.99,0.9168
585,2078,car,688.63,0.0,723.91,21.55,0.6976
585,3152,car,763.19,11.78,845.96,47.32,0.6771
585,3917,bus,262.79,3.06,351.64,67.66,0.3665
585,4003,bike,640.68,64.36,694.11,117.29,0.6409
585,4065,bike,698.85,41.16,735.79,81.84,0.7156
585,4089,car,910.3,15.43,960.0,49.67,0.5385
585,3433,car,419.15,17.21,473.27,48.19,0.4087
585,4152,car,345.91,349.81,605.07,537.74,0.8801
586,1,car,657.58,169.29,773.52,268.72,0.9065
586,170,car,553.9,159.37,643.56,245.88,0.9087
586,1378,car,588.58,250.17,699.96,365.05,0.9298
586,1402,bus,758.65,90.42,959.25,443.5,0.8423
586,2627,car,36.0,295.36,284.77,509.89,0.8807
586,2467,car,429.0,76.79,532.72,132.1,0.9152
586,2078,car,688.75,0.0,723.73,21.37,0.7069
586,3152,car,762.3,13.28,841.48,47.08,0.6775
586,3917,bus,266.17,2.81,356.43,67.91,0.2514
586,4003,bike,644.17,64.93,696.21,117.1,0.532
586,4065,bike,701.24,40.63,738.82,81.7,0.6767
586,4089,car,910.85,16.19,960.0,49.87,0.5719
586,3433,car,419.47,15.99,474.61,47.94,0.4963
586,4152,car,346.02,343.49,603.36,537.43,0.9015
587,1,car,657.98,169.39,773.13,268.31,0.9098
587,170,car,553.93,159.39,643.52,245.89,0.9094
587,1378,car,588.66,250.28,699.67,364.66,0.9295
587,1402,bus,758.5,90.51,959.28,443.8,0.8425
587,2627,car,19.19,301.18,276.41,525.75,0.8868
587,2467,car,425.79,77.52,529.9,133.17,0.8718
587,2078,car,688.86,0.0,723.72,21.28,0.7212
587,3152,car,759.88,13.03,839.76,47.0,0.6635
587,3917,bus,267.99,2.6,357.47,66.74,0.2407
587,4065,bike,705.9,40.62,743.4,81.51,0.6829
587,4089,car,911.2,16.85,960.0,50.6,0.5417
587,3433,car,420.64,15.29,475.14,47.18,0.7158
587,4152,car,349.5,337.24,602.03,535.27,0.9127
587,4129,bike,44.67,91.01,69.96,140.14,0.3425
588,1,car,658.06,169.47,772.88,268.1,0.9043
588,170,car,554.11,159.99,643.15,245.89,0.9048
588,1378,car,588.73,250.18,699.83,364.67,0.9301
588,1402,bus,757.81,90.55,959.87,446.33,0.8426
588,2627,car,6.25,310.05,263.16,535.01,0.6577
588,2467,car,420.68,78.1,526.21,134.73,0.9097
588,2078,car,688.84,0.0,723.5,21.18,0.6227
588,3152,car,758.88,13.46,837.24,46.64,0.5596
588,4065,bike,708.74,40.71,746.25,81.3,0.8305
588,4089,car,910.92,17.19,960.0,51.12,0.5498
588,3433,car,422.21,15.04,475.29,46.46,0.7828
588,4152,car,349.72,332.2,600.31,536.75,0.8949
588,4129,bike,45.0,90.09,71.16,140.54,0.3995
588,4003,bike,648.12,64.67,700.56,118.27,0.3877
589,1,car,658.17,169.72,772.49,267.92,0.9057
589,170,car,554.35,159.96,643.3,245.79,0.9053
589,1378,car,588.07,249.98,700.34,365.78,0.9279
589,1402,bus,757.62,90.53,960.0,447.29,0.8399
589,2627,car,0.0,321.03,249.5,540.0,0.8768
589,2467,car,418.0,79.16,524.07,136.27,0.9359
589,2078,car,688.98,0.0,723.67,21.16,0.6855
589,3152,car,756.77,13.45,834.9,46.62,0.565
589,4065,bike,712.85,41.2,750.12,81.14,0.5713
589,4089,car,911.07,17.4,960.0,51.45,0.6164
589,3433,car,424.77,14.65,478.29,46.51,0.7073
589,4152,car,351.45,327.83,596.67,535.96,0.8946
589,4003,bike,651.92,65.23,703.42,118.42,0.7
590,1,car,657.94,169.15,772.82,267.93,0.9087
590,170,car,554.31,159.63,643.49,245.72,0.9041
590,1378,car,588.0,249.63,700.34,365.6,0.9198
590,1402,bus,758.09,90.41,959.79,445.73,0.8447
590,2627,car,0.0,331.5,238.06,540.0,0.8432
590,2467,car,415.44,80.15,521.64,137.63,0.9096
590,2078,car,689.03,0.0,723.61,21.05,0.6974
590,3152,car,750.94,11.9,831.53,46.04,0.6065
590,4065,car,716.64,41.6,754.0,81.22,0.5923
590,4089,car,910.2,16.47,960.0,51.81,0.6928
590,3433,car,425.62,14.21,480.89,47.39,0.6757
590,4152,car,354.29,322.32,590.77,530.34,0.9145
590,4003,bike,653.44,65.27,705.63,119.9,0.7041
590,2902,bike,281.64,75.0,334.48,134.76,0.319
590,3917,bus,270.0,2.76,361.99,68.98,0.2784
590,4129,bike,46.97,88.16,73.11,138.6,0.4548
591,1,car,658.16,169.19,772.46,267.54,0.9102
591,170,car,554.25,159.44,643.51,245.66,0.9075
591,1378,car,587.64,249.58,699.88,365.27,0.9313
591,1402,bus,758.38,90.36,959.1,443.63,0.8259
591,2627,car,0.0,341.61,228.02,540.0,0.8797
591,2467,car,410.87,80.4,519.11,139.13,0.8891
591,2078,car,689.04,0.0,723.62,21.0,0.6307
591,3152,car,748.66,11.74,828.9,45.66,0.6394
591,4065,bike,721.0,42.18,758.05,81.16,0.5112
591,4089,car,909.61,14.78,960.0,51.63,0.772
591,3433,car,426.5,13.84,480.49,46.54,0.6478
591,4152,car,359.15,317.02,586.96,525.08,0.8923
591,4003,bike,655.65,65.02,706.32,118.63,0.4467
591,2902,bike,282.45,73.35,336.51,135.03,0.3235
591,4129,bike,48.71,88.59,73.32,136.26,0.2938
592,1,car,657.87,169.01,772.53,267.81,0.9125
592,170,car,554.37,159.21,643.61,245.49,0.9067
592,1378,car,587.39,249.62,699.88,365.46,0.9262
592,1402,bus,758.67,90.22,959.03,442.65,0.8309
592,2627,car,0.0,352.93,216.87,540.0,0.9078
592,2467,car,405.86,80.83,514.34,139.85,0.9282
592,2078,car,689.11,0.0,723.6,20.91,0.611
592,3152,car,747.92,12.58,824.82,44.96,0.4067
592,4089,car,909.2,13.5,960.0,51.77,0.7349
592,3433,car,428.3,13.49,480.58,45.41,0.5623
592,4152,car,364.75,311.77,582.91,518.32,0.898
592,4129,bike,50.13,88.1,74.35,135.26,0.3999
592,4270,bike,155.7,30.74,186.6,80.46,0.5002
593,1,car,658.13,168.76,772.76,267.7,0.9114
593,170,car,554.51,159.34,643.47,245.32,0.908
593,1378,car,588.05,249.33,701.02,365.99,0.9248
593,1402,bus,758.47,90.17,959.4,443.57,0.8212
593,2627,car,0.0,362.25,205.65,540.0,0.8783
593,2467,car,402.51,81.88,511.35,141.24,0.9154
593,2078,car,689.19,0.0,723.73,20.91,0.5702
593,3152,car,745.23,13.31,822.85,46.01,0.6466
593,4089,car,910.35,14.99,960.0,51.72,0.7521
593,3433,car,429.3,13.13,482.33,45.92,0.4264
593,4152,car,372.52,307.53,577.01,507.61,0.9042
593,4129,bike,51.32,88.93,75.41,135.7,0.3522
593,4270,bike,153.64,31.63,184.35,81.12,0.4518
593,4065,car,728.45,42.81,765.76,81.68,0.422
594,1,car,658.5,168.78,772.46,267.24,0.9108
594,170,car,554.15,158.78,643.53,245.24,0.9099
594,1378,car,587.98,249.1,700.45,365.2,0.9287
594,1402,bus,758.18,89.97,959.2,443.32,0.8337
594,2627,car,3.83,380.05,191.07,540.0,0.7781
594,2467,car,400.78,82.99,508.3,141.7,0.9014
594,2078,car,689.23,0.0,723.55,20.72,0.4755
594,3152,car,739.44,12.06,819.39,45.71,0.6986
594,4089,car,909.52,14.83,960.0,51.69,0.7281
594,3433,car,429.83,12.01,482.17,44.81,0.2582
594,4152,car,377.54,304.03,571.82,499.86,0.917
594,4129,bike,53.14,88.59,77.85,136.74,0.4621
594,4270,bike,152.57,30.67,183.32,80.41,0.5399
594,4065,bike,732.91,44.14,769.22,81.32,0.2468
594,4003,bike,664.27,64.66,711.51,115.15,0.3782
595,1,car,658.28,168.77,772.63,267.7,0.9068
595,170,car,554.26,159.02,643.37,245.24,0.9077
595,1378,car,588.53,249.06,700.84,365.17,0.9264
595,1402,bus,757.9,89.94,959.01,443.13,0.8132
595,2627,car,3.37,388.09,183.04,540.0,0.8791
595,2467,car,397.8,83.87,505.5,142.77,0.8985
595,2078,car,689.08,0.0,723.41,20.66,0.6193
595,3152,car,736.71,12.02,816.84,45.76,0.745
595,4089,car,908.03,14.86,959.8,51.58,0.7412
595,3433,car,432.13,12.27,483.25,44.52,0.6278
595,4152,car,383.57,299.32,566.51,489.06,0.9055
595,4129,bike,55.03,88.85,79.73,136.77,0.5022
595,4270,bike,151.45,30.93,181.46,79.76,0.5492
595,4065,car,736.94,45.26,772.45,81.09,0.3018
595,4295,bike,548.26,53.5,592.84,108.27,0.5463
595,4003,bike,665.52,64.92,714.66,118.05,0.6387
596,1,car,658.35,168.46,772.72,267.51,0.9104
596,170,car,554.61,159.1,643.31,244.93,0.9075
596,1378,car,587.63,249.11,700.57,365.94,0.9275
596,1402,bus,757.49,89.91,959.2,444.01,0.8223
596,2627,car,3.64,399.93,170.65,540.0,0.8651
596,2467,car,392.56,84.57,501.44,144.29,0.924
596,2078,car,689.25,0.0,723.53,20.58,0.5835
596,3152,car,736.46,12.51,815.58,45.81,0.7947
596,4089,car,905.27,14.19,958.54,51.65,0.6543
596,3433,car,434.26,12.22,483.49,43.38,0.6697
596,4152,car,388.18,295.27,561.35,479.45,0.9032
596,4129,bike,57.03,88.37,82.92,138.08,0.606
596,4270,bike,152.0,41.99,175.89,80.59,0.588
596,4065,bike,740.57,45.93,775.85,80.97,0.5457
596,4003,bike,667.7,64.66,714.36,115.32,0.5728
597,1,car,658.4,168.84,772.52,267.73,0.9073
597,170,car,554.69,159.45,643.13,245.0,0.9087
597,1378,car,587.33,249.01,700.66,366.34,0.9272
597,1402,bus,757.48,89.85,958.96,443.25,0.8279
597,2627,car,7.62,416.3,157.24,540.0,0.6952
597,2467,car,388.85,85.34,498.56,145.58,0.8727
597,2078,car,689.51,0.0,723.85,20.68,0.3857
597,3152,car,734.61,12.67,813.48,45.88,0.8638
597,4089,car,903.51,14.56,956.76,51.37,0.7555
597,3433,car,435.8,11.67,483.85,42.14,0.6541
597,4152,car,390.03,290.49,557.37,472.79,0.8995
597,4129,bike,58.99,88.89,85.17,138.5,0.4606
597,4270,bike,151.67,44.99,173.97,80.91,0.5223
597,4065,bike,744.47,45.84,780.69,81.25,0.6586
597,4003,bike,668.78,63.85,717.87,117.8,0.6091
598,1,car,658.23,168.43,772.8,267.84,0.9105
598,170,car,554.3,158.47,643.59,244.95,0.9089
598,1378,car,586.86,248.93,699.89,365.79,0.9292
598,1402,bus,757.99,89.81,958.43,440.82,0.8239
598,2627,car,12.62,432.17,146.26,540.0,0.7042
598,2467,car,384.07,85.39,496.44,147.33,0.8702
598,2078,car,689.47,0.0,723.45,20.39,0.5475
598,3152,car,732.13,12.99,810.37,45.88,0.7831
598,4089,car,901.81,15.95,954.2,51.18,0.8038
598,3433,car,437.53,11.46,484.6,41.36,0.563
598,4152,car,393.64,286.73,552.89,463.88,0.9092
598,4129,bike,60.58,88.93,86.79,138.0,0.4009
598,4270,bike,150.44,47.31,171.68,81.27,0.682
598,4065,bike,747.66,46.05,783.96,81.05,0.7755
598,4003,bike,670.97,65.39,718.83,118.1,0.4079
598,3917,truck,296.64,5.47,390.42,71.2,0.3892
599,1,car,658.3,168.33,773.02,268.07,0.9098
599,170,car,554.33,158.55,643.39,244.84,0.9067
599,1378,car,586.82,248.94,699.54,365.33,0.9317
599,1402,bus,757.16,89.71,958.75,442.46,0.8261
599,2467,car,379.15,86.38,492.45,149.06,0.9127
599,2078,car,689.4,0.0,723.68,20.62,0.3398
599,3152,car,729.63,12.14,806.63,44.44,0.7743
599,4089,car,899.81,18.22,950.8,51.16,0.8101
599,3433,car,439.29,11.0,485.44,40.38,0.5883
599,4152,car,397.39,284.17,548.28,454.99,0.9322
599,4129,bike,61.74,88.56,87.69,137.27,0.5338
599,4270,bike,147.65,46.11,170.52,82.37,0.6088
599,4065,bike,751.8,46.28,788.32,81.08,0.5239
599,4003,bike,673.08,63.5,721.6,117.18,0.7198
599,3917,truck,299.0,6.06,393.26,70.75,0.5274
600,1,car,658.05,168.26,772.24,267.55,0.9034
600,170,car,554.06,158.15,643.47,244.9,0.9115
600,1378,car,587.59,248.89,700.54,365.76,0.9301
600,1402,bus,756.77,89.72,958.63,442.53,0.8207
600,2467,car,376.18,88.14,488.39,150.39,0.943
600,2078,car,689.41,0.0,723.43,20.39,0.4904
600,3152,car,728.46,12.46,803.36,43.69,0.8275
600,4089,car,896.83,18.99,948.51,50.96,0.8537
600,3433,car,440.32,10.96,485.45,39.87,0.5936
600,4152,car,399.95,281.76,544.75,448.13,0.9402
600,4129,bike,62.49,87.61,89.22,137.81,0.5465
600,4270,bike,146.23,45.63,169.42,82.25,0.5967
600,4065,bike,754.78,44.99,792.58,80.94,0.518
600,4003,bike,675.54,63.11,724.13,117.12,0.8598
600,3917,truck,301.91,6.33,395.63,69.52,0.3023
600,2902,bike,285.36,79.06,332.18,137.28,0.6812
601,1,car,657.85,168.11,772.54,267.95,0.91
601,170,car,554.52,158.99,643.01,244.81,0.9033
601,1378,car,587.73,248.81,699.98,364.94,0.9263
601,1402,bus,755.83,89.76,958.49,443.47,0.8181
601,2467,car,372.27,89.88,484.19,152.02,0.8995
601,2078,car,689.07,0.0,722.84,20.18,0.4578
601,3152,car,725.97,12.92,800.37,43.79,0.8491
601,4089,car,893.97,19.85,946.76,51.15,0.8181
601,3433,car,441.84,10.79,486.38,39.39,0.5527
601,4152,car,401.91,276.98,543.23,441.76,0.921
601,4129,bike,63.28,87.15,90.15,137.61,0.5252
601,4270,bike,144.72,45.93,167.57,81.99,0.5156
601,4065,bike,758.03,43.94,796.68,80.49,0.5088
601,4003,bike,677.45,62.35,726.34,116.91,0.8704
601,2902,bike,286.29,79.68,331.16,139.45,0.6724
602,1,car,657.98,168.12,772.66,268.14,0.9082
602,170,car,554.4,158.81,643.15,244.99,0.9048
602,1378,car,586.69,248.69,699.75,365.64,0.9325
602,1402,bus,753.46,90.18,959.38,449.55,0.8276
602,2467,car,367.71,91.1,479.31,153.15,0.9323
602,2078,car,688.95,0.0,722.87,20.23,0.3738
602,3152,car,722.49,12.84,799.02,44.69,0.8395
602,4089,car,889.1,20.2,943.46,51.29,0.8293
602,3433,car,442.6,10.61,486.98,39.29,0.3684
602,4152,car,403.62,272.54,541.23,435.24,0.9138
602,4129,bike,63.54,87.07,91.03,139.17,0.4949
602,4270,bike,143.52,44.44,166.09,80.06,0.4727
602,4065,bike,761.93,45.58,799.78,81.07,0.6741
602,4003,bike,679.25,62.73,727.65,116.94,0.8028
602,3917,truck,306.21,6.49,399.0,67.98,0.2522
603,1,car,657.78,168.12,772.29,268.07,0.9048
603,170,car,554.23,158.79,642.99,245.04,0.9079
603,1378,car,586.74,248.65,699.05,364.64,0.923
603,1402,bus,754.18,90.06,958.01,444.85,0.823
603,2467,car,365.12,91.72,476.97,153.99,0.9023
603,2078,car,688.99,0.0,722.8,20.12,0.5434
603,3152,car,719.45,11.86,798.01,44.66,0.7561
603,4089,car,885.13,20.8,940.37,51.25,0.7786
603,4152,car,407.07,270.18,538.16,426.85,0.9443
603,4129,bike,65.4,86.66,91.38,136.14,0.4024
603,4270,bike,142.17,46.96,163.78,80.79,0.4953
603,4065,bike,764.91,44.38,803.75,80.54,0.7233
603,4003,bike,680.87,62.12,728.63,115.93,0.7133
603,3917,truck,307.48,6.18,400.71,67.22,0.3853
603,2902,bike,288.6,77.38,331.87,138.97,0.3459
604,1,car,658.06,168.6,771.73,267.78,0.9038
604,170,car,554.24,159.03,642.77,245.0,0.9084
604,1378,car,586.34,248.75,699.16,365.23,0.9246
604,1402,bus,754.74,89.98,958.29,443.89,0.8256
604,2467,car,361.3,93.14,473.66,155.76,0.8989
604,2078,car,688.95,0.0,722.72,20.07,0.506
604,3152,car,717.92,11.5,793.9,43.16,0.6935
604,4089,car,881.55,20.46,938.79,51.08,0.7836
604,4152,car,408.27,267.78,536.16,422.07,0.9376
604,4129,bike,66.14,86.86,91.75,136.07,0.5747
604,4270,bike,139.98,48.61,161.72,82.29,0.5584
604,4065,bike,768.01,43.04,808.64,80.93,0.6181
604,4003,bike,682.4,61.46,729.56,115.17,0.7241
604,3917,truck,311.21,6.1,403.07,65.39,0.3649
604,4341,bike,523.01,18.43,543.74,55.38,0.4282
604,3433,car,444.93,10.2,488.88,38.83,0.4635
605,1,car,657.52,168.85,771.13,267.99,0.9019
605,170,car,554.11,158.69,642.86,244.94,0.9057
605,1378,car,587.59,248.63,698.83,363.28,0.9297
605,1402,bus,754.54,89.98,958.56,444.39,0.8267
605,2467,car,356.77,94.37,469.88,157.39,0.8927
605,2078,car,688.9,0.0,722.73,20.1,0.5235
605,3152,car,715.5,11.35,790.38,42.53,0.7613
605,4089,car,876.68,20.7,935.1,50.95,0.7824
605,4152,car,409.74,264.46,534.35,416.04,0.9327
605,4270,bike,137.89,47.37,161.09,83.55,0.6849
605,4065,bike,771.32,41.83,813.3,81.1,0.8232
605,4003,bike,684.11,61.29,731.07,115.31,0.6343
605,4341,bike,523.25,17.97,544.2,55.31,0.6157
605,3433,car,445.54,10.15,489.5,39.03,0.3738
606,1,car,657.76,169.0,771.01,267.79,0.9045
606,170,car,554.0,158.36,642.96,244.92,0.9092
606,1378,car,587.72,248.73,698.55,362.69,0.9275
606,1402,bus,755.62,89.78,959.06,443.11,0.8313
606,2467,car,352.71,95.06,467.35,159.09,0.9012
606,2078,car,688.78,0.0,722.44,19.97,0.4564
606,3152,car,714.18,12.04,788.63,42.91,0.7879
606,4089,car,872.46,20.42,933.17,51.02,0.8151
606,4152,car,410.15,260.42,533.11,411.17,0.9239
606,4270,bike,136.91,47.21,159.61,82.51,0.8027
606,4065,bike,775.93,41.5,817.78,80.69,0.7528
606,4003,bike,687.04,61.84,732.9,114.75,0.7397
606,4341,bike,523.71,17.77,544.86,55.4,0.6831
606,3433,car,446.63,9.81,490.49,38.85,0.3338
606,3917,truck,312.89,4.82,409.24,67.01,0.2543
607,1,car,657.91,169.73,770.81,268.18,0.9041
607,170,car,553.97,158.0,643.14,244.92,0.9097
607,1378,car,587.67,248.48,699.28,363.29,0.9322
607,1402,bus,756.41,89.83,959.28,442.07,0.8148
607,2467,car,347.84,95.93,464.3,161.29,0.8982
607,2078,car,688.97,0.0,722.59,19.93,0.3735
607,3152,car,712.11,12.33,786.75,43.3,0.7211
607,4089,car,868.86,20.19,931.21,50.88,0.7614
607,4152,car,412.89,257.63,531.04,403.09,0.9342
607,4270,bike,136.21,46.3,158.24,80.63,0.6539
607,4065,bike,779.11,41.32,821.11,80.89,0.8796
607,4003,bike,687.96,62.17,732.63,114.36,0.8171
607,4341,bike,524.18,18.23,545.05,55.35,0.4903
607,3433,bike,448.18,8.66,492.63,38.4,0.3013
608,1,car,657.9,169.56,770.98,268.12,0.9023
608,170,car,553.81,158.29,642.8,245.05,0.9083
608,1378,car,587.23,248.73,699.25,363.98,0.9299
608,1402,bus,756.41,89.7,959.6,442.54,0.8258
608,2467,car,343.4,97.36,460.3,163.25,0.9075
608,2078,car,688.69,0.0,722.65,20.14,0.4836
608,3152,car,709.32,11.68,785.01,43.07,0.7328
608,4089,car,862.49,18.82,927.55,50.35,0.6825
608,4152,car,413.56,255.09,530.15,399.22,0.9317
608,4270,bike,134.88,48.15,155.4,80.0,0.4668
608,4065,bike,782.29,40.73,825.35,81.66,0.8744
608,4003,bike,691.04,62.31,735.41,114.26,0.8087
608,4341,bike,525.02,18.04,545.98,55.41,0.5298
608,3433,car,449.35,8.97,492.97,38.21,0.5875
609,1,car,657.52,169.48,770.59,267.94,0.8998
609,170,car,553.79,158.56,642.65,245.21,0.9053
609,1378,car,587.17,248.59,699.71,364.55,0.9343
609,1402,bus,756.48,89.87,959.49,442.33,0.8325
609,2467,car,339.09,99.45,455.27,165.29,0.9183
609,2078,car,688.58,0.0,722.7,20.25,0.4389
609,3152,car,707.23,11.55,782.86,42.92,0.6813
609,4089,car,858.19,18.92,923.72,50.21,0.7226
609,4152,car,414.16,251.73,529.32,394.75,0.9465
609,4270,bike,132.88,48.8,153.66,80.82,0.3674
609,4065,bike,785.32,40.18,828.83,81.85,0.8864
609,4003,bike,693.47,63.18,739.39,117.11,0.7102
609,4341,bike,525.88,17.98,546.83,55.52,0.4661
609,3433,car,450.33,8.74,494.01,38.15,0.6049
609,3917,truck,320.35,3.44,416.58,65.39,0.2128
610,1,car,657.3,169.27,770.82,268.14,0.9014
610,170,car,553.65,158.26,642.72,245.16,0.9083
610,1378,car,586.59,248.39,699.74,365.02,0.933
610,1402,bus,756.24,89.93,959.44,442.64,0.8259
610,2467,car,335.63,101.19,451.24,167.0,0.8991
610,2078,car,688.6,0.0,722.58,20.21,0.2738
610,3152,car,705.79,12.3,779.77,42.84,0.7261
610,4089,car,854.74,19.28,921.32,50.64,0.772
610,4152,car,415.95,250.11,527.22,388.26,0.9408
610,4270,bike,132.02,51.87,151.58,81.45,0.2913
610,4065,bike,789.75,39.61,832.82,81.22,0.8908
610,4003,bike,695.79,63.41,740.22,115.72,0.628
610,4341,bike,526.58,17.38,547.58,55.34,0.296
610,3433,car,451.4,8.37,494.71,37.64,0.7342
610,3917,truck,323.61,3.43,418.87,64.42,0.3551
611,1,car,657.08,169.7,770.84,268.82,0.9029
611,170,car,554.02,158.87,642.31,244.93,0.9051
611,1378,car,586.55,248.41,699.63,365.02,0.9242
611,1402,bus,756.98,89.99,959.53,441.53,0.8169
611,2467,car,331.28,102.64,447.83,169.22,0.9132
611,2078,car,688.84,0.0,722.44,19.87,0.2405
611,3152,car,702.88,12.07,778.65,43.37,0.6964
611,4089,car,851.36,19.51,917.77,50.55,0.7486
611,4152,car,417.13,247.57,525.84,382.3,0.9462
611,4270,bike,131.11,53.59,149.61,81.22,0.41
611,4065,bike,793.23,39.26,836.61,81.63,0.8903
611,4003,bike,699.55,63.52,744.35,116.16,0.7132
611,4341,bike,527.15,17.07,548.09,55.36,0.2449
611,3433,car,452.26,7.58,495.2,36.72,0.6561
611,3917,truck,320.97,3.1,417.8,66.12,0.3425
611,4379,bike,649.63,3.27,665.92,31.82,0.4815
612,1,car,657.62,169.3,771.35,268.43,0.8987
612,170,car,554.06,159.16,642.16,244.92,0.9048
612,1378,car,585.49,248.48,699.26,365.69,0.9285
612,1402,bus,757.37,89.93,959.6,440.96,0.841
612,2467,car,327.39,104.41,444.63,171.48,0.9153
612,3152,car,701.36,11.85,775.13,42.35,0.5915
612,4089,car,847.32,20.28,913.13,50.65,0.7734
612,4152,car,417.58,245.13,525.02,377.93,0.9399
612,4270,bike,129.22,53.82,148.02,81.55,0.4109
612,4065,bike,797.0,39.48,839.63,81.55,0.8942
612,4003,bike,701.45,64.1,747.36,118.16,0.7581
612,4341,bike,527.52,16.93,548.18,55.16,0.2609
612,3433,car,453.36,7.92,494.93,36.11,0.6267
612,4379,bike,649.84,3.55,666.35,32.49,0.2853
613,1,car,657.23,169.55,771.27,269.0,0.8988
613,170,car,553.81,158.84,642.41,245.09,0.908
613,1378,car,585.69,248.61,699.66,366.11,0.9301
613,1402,bus,757.54,90.02,959.51,440.49,0.8146
613,2467,car,322.32,106.13,440.0,173.47,0.8997
613,3152,car,699.47,11.8,772.32,41.88,0.5573
613,4089,car,844.22,20.76,909.66,50.57,0.7592
613,4152,car,417.2,241.99,524.99,375.14,0.9282
613,4270,bike,127.4,53.89,146.91,82.48,0.4056
613,4065,bike,801.66,39.92,843.14,81.16,0.9026
613,4003,bike,702.43,63.62,748.43,117.94,0.833
613,4341,bike,527.76,16.69,548.26,55.03,0.3466
613,3433,car,453.55,6.7,496.06,35.54,0.5917
613,4379,bike,649.97,3.65,666.75,33.04,0.3752
613,4395,bike,576.7,55.81,623.52,120.81,0.507
613,4129,bike,77.95,86.56,103.03,134.98,0.5932
614,1,car,657.18,169.13,771.23,268.52,0.8994
614,170,car,554.07,159.46,642.21,245.16,0.9033
614,1378,car,585.88,248.62,699.59,365.84,0.9289
614,1402,bus,757.06,89.86,959.96,442.15,0.8284
614,2467,car,318.36,107.62,436.27,175.2,0.8867
614,3152,car,697.4,11.72,769.22,41.29,0.5419
614,4089,car,840.36,20.11,907.1,50.19,0.8005
614,4152,car,417.21,239.18,524.73,372.0,0.9203
614,4270,bike,125.7,55.07,144.81,83.15,0.3725
614,4065,bike,806.03,40.62,846.33,80.82,0.8347
614,4003,bike,703.23,63.6,749.25,118.28,0.8744
614,4341,bike,528.29,16.87,548.57,55.04,0.2436
614,3433,car,454.08,5.0,497.99,34.96,0.5831
614,4398,car,909.92,12.93,960.0,45.59,0.3271
614,4403,bike,307.66,66.98,358.02,135.38,0.5104
614,4129,bike,80.04,85.63,104.46,133.06,0.4705
614,3917,truck,329.05,3.58,425.54,66.48,0.2383
615,1,car,657.18,169.66,771.08,268.96,0.901
615,170,car,553.89,159.18,642.34,245.14,0.9067
615,1378,car,587.5,248.57,699.6,364.14,0.929
615,1402,bus,757.56,89.91,959.52,440.46,0.8311
615,2467,car,313.86,108.43,433.12,177.3,0.8894
615,3152,car,693.73,10.92,768.74,41.85,0.5491
615,4089,car,834.44,19.91,902.61,50.26,0.8011
615,4152,car,417.79,236.46,523.99,367.56,0.92
615,4270,bike,123.92,56.06,143.53,85.04,0.361
615,4065,bike,810.18,42.4,848.69,80.8,0.5957
615,4003,bike,704.48,63.85,749.94,117.97,0.7704
615,3433,car,455.66,4.49,498.7,34.02,0.5317
615,4398,car,910.69,13.67,960.0,45.58,0.3971
615,4403,bike,311.53,67.81,358.23,131.13,0.4491
615,4129,bike,81.81,84.86,105.39,130.6,0.6069
616,1,car,656.92,169.73,770.76,268.96,0.9031
616,170,car,554.04,159.26,642.14,244.78,0.9038
616,1378,car,587.84,248.67,699.47,363.74,0.9294
616,1402,bus,757.75,89.95,959.45,439.98,0.8247
616,2467,car,309.06,110.66,428.4,179.77,0.8823
616,3152,car,691.28,11.03,766.95,42.21,0.6766
616,4089,car,833.04,19.46,902.11,50.22,0.7801
616,4152,car,418.22,233.85,522.3,361.8,0.9171
616,4270,bike,121.83,53.59,142.8,85.04,0.4493
616,4065,bike,813.44,39.22,854.52,80.42,0.7405
616,4003,bike,707.03,63.58,752.43,118.48,0.7656
616,3433,car,456.38,3.76,499.47,33.54,0.5908
616,4398,car,911.17,13.68,960.0,45.58,0.3896
616,4403,bike,313.6,68.44,357.75,128.13,0.5012
616,4129,bike,82.55,84.86,106.77,132.24,0.4924
617,1,car,657.04,169.79,770.63,268.73,0.9029
617,170,car,553.28,158.36,642.44,244.95,0.9086
617,1378,car,588.07,248.76,699.46,363.58,0.9307
617,1402,bus,757.84,89.85,959.23,439.19,0.8356
617,2467,car,305.12,112.81,424.96,182.21,0.8856
617,3152,car,689.31,10.96,765.18,42.27,0.7305
617,4089,car,827.68,18.75,899.34,50.58,0.8345
617,4152,car,419.44,232.03,520.92,356.24,0.9378
617,4270,bike,120.5,56.1,141.09,87.17,0.3085
617,4065,bike,818.05,39.11,858.44,79.69,0.7672
617,4003,bike,709.23,63.68,753.87,118.25,0.7254
617,3433,car,457.19,3.45,500.06,33.22,0.5833
617,4398,car,911.87,14.34,960.0,45.53,0.4743
617,4403,bike,315.82,68.38,358.08,125.3,0.47
617,4129,bike,84.57,85.21,108.04,131.56,0.5366
617,4341,bike,530.63,17.6,550.08,54.29,0.3203
618,1,car,656.74,170.11,770.54,269.22,0.9059
618,170,car,553.18,158.82,642.17,245.16,0.9085
618,1378,car,587.94,248.98,698.96,363.31,0.9305
618,1402,bus,757.91,90.08,958.63,437.84,0.8439
618,2467,car,299.55,114.25,420.02,184.15,0.889
618,3152,car,686.1,10.33,762.67,42.11,0.4814
618,4089,car,826.0,18.97,896.51,50.37,0.8244
618,4152,car,419.29,229.04,521.14,353.51,0.948
618,4270,bike,118.2,57.67,138.43,87.73,0.2442
618,4065,bike,822.23,40.12,861.58,79.49,0.7826
618,4003,bike,711.94,63.76,756.03,118.2,0.7503
618,3433,car,458.38,3.46,500.81,33.05,0.6174
618,4398,car,912.91,15.87,958.73,45.43,0.379
618,4403,bike,317.21,68.7,360.09,126.23,0.6005
618,4129,bike,86.21,85.89,110.35,133.54,0.4098
618,4341,bike,531.29,17.51,550.61,53.89,0.4363
619,1,car,656.73,170.2,770.95,269.78,0.9064
619,170,car,553.23,158.79,642.32,245.23,0.9051
619,1378,car,588.01,249.04,698.97,363.17,0.9219
619,1402,bus,757.25,89.95,959.33,440.15,0.8323
619,2467,car,292.97,115.75,415.16,186.92,0.8578
619,3152,car,683.98,9.81,757.73,40.57,0.6241
619,4089,car,820.2,18.14,893.37,50.82,0.8518
619,4152,car,418.96,226.85,520.44,350.53,0.9459
619,4270,bike,116.9,58.37,137.51,88.79,0.3366
619,4065,bike,826.0,40.51,864.82,79.12,0.7569
619,4003,bike,713.74,63.29,757.71,118.28,0.769
619,3433,car,459.56,3.33,501.63,32.81,0.6078
619,4398,car,911.28,14.04,960.0,45.54,0.3778
619,4403,bike,318.48,67.75,361.44,125.09,0.3512
619,4129,bike,87.87,85.47,112.21,133.37,0.4566
619,4341,bike,531.7,17.28,551.24,53.95,0.4268
620,1,car,656.18,170.08,771.21,270.48,0.9054
620,170,car,553.32,159.26,642.07,245.27,0.9069
620,1378,car,587.7,248.99,699.51,364.1,0.9395
620,1402,bus,757.4,89.91,959.44,440.07,0.8401
620,2467,car,287.71,117.09,411.25,189.28,0.8601
620,3152,car,682.85,10.37,755.2,40.58,0.6725
620,4089,car,815.72,17.06,889.96,50.29,0.8343
620,4152,car,419.11,224.47,520.68,348.22,0.943
620,4270,bike,115.07,56.28,136.05,87.31,0.2642
620,4065,bike,829.95,40.01,869.35,79.21,0.8634
620,4003,bike,713.74,63.08,757.08,118.38,0.7082
620,3433,car,459.93,2.08,502.76,32.39,0.5713
620,4398,car,911.34,13.95,960.0,45.53,0.4443
620,4341,bike,532.11,17.42,551.46,53.59,0.3755
621,1,car,656.3,169.99,771.04,270.17,0.9033
621,170,car,553.42,159.6,641.86,245.16,0.904
621,1378,car,587.44,248.96,699.47,364.34,0.9403
621,1402,bus,757.7,89.92,959.36,439.35,0.834
621,2467,car,281.88,118.05,407.95,192.17,0.8869
621,3152,car,681.24,10.61,751.47,40.06,0.6382
621,4089,car,812.04,16.65,886.51,50.08,0.8819
621,4152,car,419.97,222.35,519.91,343.88,0.9374
621,4270,bike,113.47,55.99,135.0,88.09,0.4624
621,4065,bike,833.2,39.57,873.22,79.38,0.8158
621,4003,bike,716.75,63.19,758.09,116.76,0.4651
621,3433,car,461.07,1.63,503.53,32.0,0.6852
621,4398,car,912.6,15.39,959.33,45.53,0.4819
621,4341,bike,532.88,17.56,552.27,53.81,0.5775
621,4129,bike,91.34,85.52,115.71,133.02,0.3716
622,1,car,656.9,170.38,770.97,269.93,0.9054
622,170,car,553.1,159.31,642.07,245.36,0.9069
622,1378,car,588.03,248.96,699.55,363.91,0.9361
622,1402,bus,757.54,89.99,959.62,440.23,0.8255
622,2467,car,277.04,119.22,404.53,194.65,0.9075
622,3152,car,679.29,10.0,749.32,39.55,0.6922
622,4089,car,807.92,16.74,882.52,50.3,0.8511
622,4152,car,420.53,220.08,518.79,339.18,0.9312
622,4270,bike,111.88,56.3,132.51,87.13,0.5045
622,4065,bike,837.78,41.51,876.54,79.6,0.6946
622,4003,bike,718.11,64.18,757.45,115.91,0.5114
622,3433,car,462.11,1.6,504.22,32.03,0.6114
622,4398,car,912.86,16.25,958.56,45.57,0.3157
622,4341,bike,533.06,17.18,552.83,54.27,0.5039
622,4129,bike,93.01,87.51,117.33,134.18,0.2562
623,1,car,656.77,170.16,770.92,269.75,0.9023
623,170,car,553.24,159.17,642.48,245.51,0.9094
623,1378,car,587.22,249.12,699.57,364.92,0.9372
623,1402,bus,757.86,90.11,959.48,439.52,0.8309
623,2467,car,271.25,120.42,400.87,197.54,0.9131
623,3152,car,676.95,10.67,746.08,40.03,0.682
623,4089,car,805.49,16.56,879.58,49.97,0.8054
623,4152,car,421.57,217.89,518.29,334.79,0.9213
623,4270,bike,111.24,58.4,130.46,87.17,0.3613
623,4065,bike,842.09,41.95,880.56,79.47,0.7703
623,4003,bike,724.44,63.51,762.16,112.63,0.7309
623,3433,car,462.54,1.17,504.73,31.95,0.6274
623,4398,car,912.44,15.84,958.9,45.57,0.5152
623,4341,bike,533.66,17.19,553.44,54.34,0.5256
623,4129,bike,94.55,86.63,119.43,133.97,0.244
624,1,car,656.36,170.17,771.02,270.16,0.9059
624,170,car,553.36,159.24,642.33,245.29,0.9073
624,1378,car,587.27,249.12,699.62,364.97,0.9391
624,1402,bus,757.54,90.12,959.71,440.58,0.838
624,2467,car,266.47,122.76,395.27,199.72,0.8983
624,3152,car,675.22,10.49,744.24,40.0,0.6135
624,4089,car,802.06,16.22,876.3,49.8,0.7875
624,4152,car,421.96,215.46,518.04,331.2,0.9322
624,4270,bike,109.46,58.98,128.95,88.15,0.4395
624,4065,bike,845.04,41.68,884.43,80.03,0.6832
624,4003,bike,727.79,62.72,765.75,111.91,0.7651
624,3433,car,463.55,1.03,505.19,31.67,0.5104
624,4398,car,912.17,15.48,959.18,45.52,0.4857
624,4341,bike,534.35,17.35,554.09,54.27,0.5365
624,4129,bike,95.78,87.28,120.41,133.84,0.5061
624,4463,bike,464.69,1.22,503.1,32.26,0.3516
625,1,car,657.04,170.72,771.14,270.19,0.9061
625,170,car,553.75,159.84,642.36,245.41,0.9032
625,1378,car,587.03,249.28,699.16,364.82,0.9314
625,1402,bus,757.71,90.11,959.65,440.22,0.8381
625,2467,car,261.74,125.93,389.81,202.61,0.8841
625,3152,car,676.04,11.24,742.62,39.67,0.6391
625,4089,car,800.24,17.17,872.54,49.92,0.8176
625,4152,car,422.37,213.43,518.02,328.2,0.9311
625,4270,bike,108.43,58.07,128.38,88.09,0.6021
625,4065,bike,850.23,43.91,887.57,79.7,0.6672
625,4003,bike,729.93,63.09,767.96,112.22,0.6602
625,3433,car,464.53,1.11,505.5,31.5,0.422
625,4398,car,912.18,15.57,959.09,45.47,0.4814
625,4341,bike,534.99,17.37,554.65,54.12,0.261
625,4129,bike,96.77,88.11,121.66,134.92,0.5336
625,4463,bike,465.68,1.61,503.61,32.26,0.5225
625,4469,bike,611.14,51.37,641.27,106.53,0.5383
626,1,car,657.58,170.95,771.13,269.85,0.9063
626,170,car,553.59,159.51,642.7,245.62,0.906
626,1378,car,587.15,249.47,699.2,364.9,0.9358
626,1402,bus,757.91,90.17,959.4,439.44,0.8423
626,2467,car,256.0,128.28,385.64,206.21,0.8918
626,3152,car,674.09,11.46,740.88,39.92,0.6709
626,4089,car,796.46,16.97,868.95,49.85,0.8247
626,4152,car,422.93,211.77,517.41,324.63,0.9282
626,4065,bike,852.92,42.21,892.08,79.75,0.7928
626,4003,bike,732.19,62.94,770.25,111.96,0.3346
626,3433,car,465.57,1.27,505.64,31.21,0.5064
626,4398,car,912.52,16.28,958.73,45.59,0.4427
626,4463,bike,466.94,1.68,504.41,31.99,0.427
627,1,car,657.38,170.95,771.53,270.42,0.9073
627,170,car,553.07,159.1,642.6,245.62,0.9092
627,1378,car,587.7,249.49,699.18,364.29,0.9391
627,1402,bus,758.27,90.2,959.04,437.97,0.8239
627,2467,car,250.68,129.91,381.84,209.03,0.9058
627,3152,car,671.18,11.62,737.57,39.7,0.6467
627,4089,car,793.98,17.81,864.46,49.67,0.8134
627,4152,car,422.9,210.4,516.73,322.02,0.9257
627,4065,bike,856.03,40.35,896.93,79.78,0.8126
627,4003,bike,733.36,63.07,771.16,112.03,0.2974
627,3433,car,466.44,1.43,505.61,30.85,0.5438
627,4398,car,912.49,16.49,958.66,45.63,0.5028
627,4463,bike,467.94,1.96,504.65,31.67,0.4576
627,4341,bike,536.2,17.42,555.9,54.39,0.4234
628,1,car,656.97,171.0,771.56,270.86,0.9063
628,170,car,553.47,159.87,642.34,245.7,0.9012
628,1378,car,586.86,249.47,699.03,364.86,0.9368
628,1402,bus,757.99,90.2,959.55,439.45,0.833
628,2467,car,244.78,131.14,377.52,211.55,0.9181
628,3152,car,667.61,10.22,737.08,39.47,0.5767
628,4089,car,790.75,17.73,861.85,49.81,0.8245
628,4152,car,423.31,208.41,515.8,317.97,0.9199
628,4065,bike,860.28,39.04,901.46,79.03,0.8663
628,4003,bike,735.75,63.39,774.22,113.28,0.4483
628,3433,car,467.25,1.81,505.43,30.5,0.6204
628,4398,car,912.41,16.77,958.48,45.69,0.5478
628,4463,bike,468.94,2.4,504.65,31.24,0.413
628,4341,bike,537.08,17.6,556.7,54.35,0.377
628,4469,bike,621.19,48.99,651.64,104.09,0.5476
629,1,car,657.56,171.88,770.92,270.57,0.9066
629,170,car,553.41,160.33,642.05,245.77,0.9046
629,1378,car,586.57,249.53,698.89,364.91,0.9366
629,1402,bus,758.29,90.14,959.25,438.22,0.8332
629,2467,car,240.41,133.96,373.16,214.61,0.9083
629,3152,car,663.97,8.48,736.73,39.25,0.5938
629,4089,car,786.36,16.75,858.96,49.68,0.8333
629,4152,car,423.31,205.81,516.07,315.54,0.9193
629,4065,bike,864.32,40.05,904.28,78.7,0.8533
629,4003,bike,737.59,62.52,777.31,113.83,0.7494
629,3433,car,468.82,2.07,505.97,30.01,0.3909
629,4398,car,911.98,16.19,959.13,45.75,0.5566
629,4463,bike,470.69,2.68,505.42,30.64,0.7829
629,4341,bike,537.58,17.51,557.52,54.55,0.5448
629,4469,bike,623.68,48.36,654.37,103.04,0.454
629,3917,car,374.15,2.67,456.22,52.87,0.3392
630,1,car,658.16,172.76,770.54,270.42,0.9074
630,170,car,553.28,160.02,642.25,245.78,0.9056
630,1378,car,586.34,249.52,699.5,365.84,0.9365
630,1402,bus,757.8,90.11,959.79,440.15,0.8413
630,2467,car,233.6,136.37,367.67,218.26,0.9171
630,3152,car,661.67,8.14,734.7,39.17,0.6442
630,4089,car,783.04,16.54,855.73,49.61,0.8295
630,4152,car,423.57,203.91,515.53,312.41,0.9239
630,4065,bike,867.33,40.17,907.83,79.56,0.836
630,4003,bike,739.7,62.67,778.74,112.99,0.7987
630,3433,car,469.8,2.21,506.12,29.58,0.633
630,4398,car,910.65,15.23,959.25,45.65,0.5378
630,4463,bike,471.64,2.64,505.51,29.85,0.4111
630,4341,bike,538.26,17.62,558.34,54.78,0.3618
630,4469,bike,625.73,48.33,656.55,102.41,0.5232
630,4495,truck,370.86,0.79,465.84,55.35,0.3203
630,3917,car,375.0,2.44,459.31,52.58,0.3203
631,1,car,658.3,172.59,770.84,270.3,0.908
631,170,car,552.9,159.5,642.38,245.77,0.9083
631,1378,car,586.71,249.86,698.89,365.02,0.937
631,1402,bus,757.37,90.18,960.0,441.65,0.8384
631,2467,car,227.52,138.74,362.73,221.69,0.9269
631,3152,car,660.2,7.52,733.79,38.94,0.6704
631,4089,car,780.23,16.12,853.51,49.64,0.8274
631,4152,car,423.68,202.77,514.75,309.86,0.9289
631,4065,bike,871.48,40.44,911.39,79.22,0.8644
631,4003,bike,741.66,62.69,780.78,113.05,0.7502
631,4398,car,911.05,16.03,958.96,45.88,0.5247
631,4341,bike,539.02,17.78,558.91,54.67,0.4581
631,4469,bike,628.25,49.3,658.63,101.51,0.5428
631,4495,car,372.54,1.89,463.82,54.27,0.5322
631,3917,truck,374.59,1.0,464.08,54.38,0.3451
632,1,car,658.63,172.87,770.93,270.23,0.9055
632,170,car,552.94,159.69,642.19,245.66,0.9046
632,1378,car,585.38,249.69,698.49,365.51,0.9418
632,1402,bus,757.03,90.17,960.0,443.24,0.8398
632,2467,car,221.81,141.3,357.65,225.11,0.9266
632,3152,car,661.72,9.83,729.97,38.72,0.6951
632,4089,car,777.41,16.15,850.48,49.65,0.824
632,4152,car,423.86,201.05,514.33,307.09,0.9312
632,4065,bike,875.29,40.96,915.18,79.63,0.8523
632,4003,bike,744.31,62.61,782.85,112.1,0.7703
632,4398,car,911.78,16.7,958.95,45.99,0.5618
632,4341,bike,539.55,17.79,559.44,54.78,0.5572
632,4469,bike,630.8,49.25,661.59,101.18,0.3331
632,4495,car,378.74,1.96,467.84,53.17,0.5673
632,3917,truck,378.22,0.56,466.65,53.65,0.5033
632,3433,car,471.7,1.7,507.56,28.86,0.7271
633,1,car,658.13,171.77,771.62,270.2,0.9062
633,170,car,552.77,159.66,642.24,245.86,0.9052
633,1378,car,585.8,249.77,697.99,364.32,0.9395
633,1402,bus,757.13,90.2,959.91,442.17,0.8302
633,2467,car,216.57,143.19,353.71,228.15,0.9227
633,3152,car,660.17,10.48,726.74,38.61,0.7399
633,4089,car,774.27,15.62,847.62,49.5,0.789
633,4152,car,423.66,199.04,513.75,304.39,0.9294
633,4065,bike,878.5,39.84,919.58,79.96,0.8287
633,4003,bike,746.1,62.25,784.55,111.7,0.7163
633,4398,car,911.68,16.77,959.04,46.08,0.5765
633,4341,bike,540.21,17.77,559.94,54.39,0.5227
633,4469,bike,632.29,49.39,663.96,101.79,0.5328
633,4495,car,382.93,2.1,468.68,51.34,0.4403
633,3917,truck,380.2,0.24,468.57,53.31,0.6083
633,3433,car,472.65,1.6,508.23,28.69,0.8133
634,1,car,657.4,171.84,771.61,270.85,0.9072
634,170,car,552.7,159.65,642.2,245.88,0.905
634,1378,car,586.17,249.86,697.92,363.7,0.9378
634,1402,bus,757.15,90.25,959.78,441.99,0.8297
634,2467,car,210.34,145.06,349.52,231.79,0.9288
634,3152,car,658.45,10.13,725.39,38.41,0.7178
634,4089,car,771.15,15.36,844.7,49.5,0.7706
634,4152,car,423.26,196.44,513.57,301.96,0.9303
634,4065,bike,882.71,39.38,924.04,79.79,0.8328
634,4003,bike,747.82,62.28,786.76,112.55,0.7684
634,4398,car,911.71,16.98,958.93,46.1,0.5354
634,4341,bike,540.51,17.48,560.39,54.2,0.6023
634,4469,bike,633.3,48.94,665.29,100.94,0.633
634,4495,car,385.88,2.07,470.29,50.56,0.4506
634,3917,truck,383.7,0.19,470.57,52.45,0.6191
634,3433,car,473.81,1.73,508.55,28.3,0.8073
634,4270,bike,91.69,62.47,111.36,91.57,0.462
635,1,car,657.32,172.21,771.35,270.98,0.9061
635,170,car,552.63,159.27,642.39,245.8,0.9072
635,1378,car,586.34,249.77,698.38,363.83,0.9396
635,1402,bus,756.5,90.26,960.0,444.77,0.8292
635,2467,car,204.42,148.3,343.25,235.27,0.9265
635,3152,car,656.81,10.98,722.63,38.76,0.7048
635,4089,car,768.76,15.41,841.74,49.44,0.7088
635,4152,car,423.98,194.64,513.58,299.11,0.9293
635,4065,bike,887.06,40.5,927.12,79.43,0.8079
635,4003,bike,750.14,61.97,789.18,112.38,0.8225
635,4398,car,909.65,17.07,957.7,46.34,0.6206
635,4341,bike,540.87,17.19,560.9,54.21,0.6104
635,4469,bike,634.8,49.9,666.93,101.23,0.4853
635,3917,truck,383.71,0.13,468.25,51.43,0.6176
635,3433,car,474.71,1.78,508.95,28.06,0.7728
635,4518,bike,7.43,86.19,35.11,133.59,0.5011
635,4270,bike,88.89,61.04,110.65,93.51,0.5103
636,1,car,657.36,172.25,771.19,270.79,0.9057
636,170,car,552.99,160.0,642.06,245.82,0.9032
636,1378,car,586.23,249.73,698.27,363.63,0.9408
636,1402,bus,756.67,90.4,960.0,444.66,0.8326
636,2467,car,197.62,150.72,338.24,239.36,0.9311
636,3152,car,654.84,11.6,720.31,39.22,0.6915
636,4089,car,766.29,15.72,838.43,49.43,0.7378
636,4152,car,423.74,193.18,513.77,298.0,0.928
636,4065,bike,891.4,41.25,930.99,79.7,0.8179
636,4003,bike,752.21,62.29,791.43,112.93,0.8102
636,4398,car,909.68,17.19,958.1,46.51,0.6009
636,4341,bike,540.83,16.97,561.15,54.52,0.6546
636,4469,bike,636.78,50.14,668.81,100.48,0.5442
636,3917,truck,387.5,0.06,470.87,50.5,0.6348
636,3433,car,475.64,1.86,509.34,27.76,0.6847
636,4270,bike,86.43,60.41,108.18,92.94,0.5937
636,4129,bike,110.27,85.6,136.27,135.2,0.3069
636,4495,bus,389.4,1.68,472.2,49.2,0.3453
637,1,car,657.35,172.23,771.34,270.94,0.9018
637,170,car,553.08,160.46,641.8,245.86,0.9022
637,1378,car,585.16,250.1,698.37,365.04,0.9416
637,1402,bus,756.7,90.42,960.0,444.25,0.8368
637,2467,car,190.93,152.92,333.21,243.19,0.9345
637,3152,car,653.63,11.44,720.5,39.59,0.6566
637,4089,car,764.22,16.33,834.26,49.11,0.8082
637,4152,car,424.29,192.41,512.77,295.2,0.9244
637,4065,bike,895.65,42.3,934.11,79.28,0.5553
637,4003,bike,754.09,62.25,793.29,112.8,0.813
637,4398,car,910.24,17.08,959.29,46.79,0.5822
637,4341,bike,541.39,17.72,561.48,54.6,0.5263
637,4469,bike,638.9,50.16,671.92,101.47,0.6592
637,3917,truck,389.48,0.0,472.67,50.37,0.6197
637,3433,car,476.08,1.63,509.73,27.6,0.6943
637,4532,bike,640.54,63.37,704.83,124.27,0.3671
637,4495,car,390.79,1.72,473.74,49.38,0.3193
638,1,car,657.23,172.06,771.37,270.94,0.9051
638,170,car,552.78,160.09,641.84,245.81,0.9046
638,1378,car,585.22,250.31,698.24,364.89,0.938
638,1402,bus,756.7,90.57,960.0,445.43,0.821
638,2467,car,185.47,155.27,328.43,246.52,0.9287
638,3152,car,650.34,10.28,720.73,40.02,0.5812
638,4089,car,761.63,16.54,831.16,49.08,0.8261
638,4152,car,425.14,191.36,512.23,292.12,0.9227
638,4065,bike,899.22,41.69,937.97,78.64,0.5831
638,4003,bike,757.01,62.38,795.62,112.18,0.7426
638,4398,car,910.61,16.92,960.0,46.93,0.553
638,4341,bike,542.2,17.9,562.14,54.52,0.5605
638,3917,truck,388.66,0.05,471.48,50.2,0.4534
638,3433,car,476.87,1.43,510.33,27.36,0.6061
638,4532,bike,640.04,62.58,705.65,124.9,0.2841
638,4270,bike,82.93,61.98,103.9,92.95,0.4161
638,4129,bike,114.07,85.06,138.33,132.06,0.431
639,1,car,656.71,171.39,771.4,270.86,0.9056
639,170,car,552.69,160.3,641.81,246.08,0.9038
639,1378,car,585.49,250.21,698.13,364.18,0.941
639,1402,bus,756.48,90.41,960.0,446.08,0.8275
639,2467,car,179.15,157.9,323.33,250.34,0.9422
639,3152,car,646.14,8.43,719.22,39.74,0.643
639,4089,car,759.07,16.42,829.22,49.34,0.8633
639,4152,car,425.13,190.03,511.82,289.97,0.9157
639,4065,bike,902.43,40.51,942.57,78.93,0.5427
639,4003,bike,759.89,62.46,797.03,110.2,0.6173
639,4398,car,910.02,16.06,960.0,47.01,0.5799
639,4341,bike,543.21,17.63,562.96,53.99,0.5185
639,3917,truck,387.73,0.19,470.87,49.88,0.2528
639,3433,car,477.36,1.18,510.8,27.21,0.5437
639,4129,bike,116.39,83.9,138.69,127.57,0.4623
639,4469,bike,642.45,48.87,676.52,101.34,0.3233
640,1,car,656.67,171.01,771.61,270.77,0.9064
640,170,car,552.4,159.26,642.49,246.11,0.908
640,1378,car,584.91,250.2,697.84,364.17,0.9392
640,1402,bus,756.96,90.31,960.0,444.72,0.8257
640,2467,car,172.62,161.28,317.19,254.51,0.9295
640,3152,car,645.99,9.88,714.96,39.64,0.7056
640,4089,car,756.28,16.21,826.51,49.24,0.8387
640,4152,car,425.17,188.55,511.16,287.36,0.9152
640,4065,bike,906.18,39.71,947.21,78.9,0.5433
640,4003,bike,762.1,62.44,798.19,108.55,0.5796
640,4398,car,910.35,16.79,960.0,47.22,0.5872
640,4341,bike,543.87,17.85,563.47,53.94,0.4483
640,3917,truck,388.38,0.15,471.98,49.86,0.3407
640,3433,car,477.98,1.0,510.95,26.74,0.6539
640,4129,bike,117.51,83.64,140.38,129.03,0.4702
640,4469,bike,644.51,48.77,679.64,102.38,0.4444
640,4270,bike,77.84,62.97,101.44,98.06,0.6024
641,1,car,656.2,170.96,771.23,270.83,0.906
641,170,car,552.72,159.77,642.23,245.99,0.904
641,1378,car,584.94,250.14,698.32,364.47,0.9382
641,1402,bus,757.08,90.33,960.0,444.9,0.8296
641,2467,car,165.46,163.71,312.25,258.79,0.9268
641,3152,car,644.31,9.52,712.77,39.3,0.6415
641,4089,car,753.79,16.12,823.3,48.89,0.8554
641,4152,car,425.26,187.72,511.09,286.04,0.9209
641,4065,bike,909.91,40.75,950.65,79.38,0.7446
641,4003,bike,765.4,62.18,799.82,105.4,0.5052
641,4398,car,909.43,15.45,960.0,46.88,0.5771
641,4341,bike,544.47,17.38,564.01,53.43,0.5542
641,3917,truck,392.95,0.23,475.85,49.37,0.5171
641,3433,rickshaw,479.11,1.73,510.69,26.39,0.3966
641,4129,bike,118.95,84.44,142.08,130.79,0.5538
641,4469,bike,647.34,50.19,684.33,105.48,0.6326
641,4270,bike,76.12,63.33,99.8,98.57,0.6262
641,2078,car,685.45,0.82,723.22,23.46,0.3063
642,1,car,656.24,170.46,771.54,270.73,0.9045
642,170,car,553.16,160.27,642.16,245.97,0.9035
642,1378,car,584.65,250.25,698.49,364.91,0.9418
642,1402,bus,756.99,90.32,960.0,445.92,0.8222
642,2467,car,158.21,166.19,307.75,263.44,0.9411
642,3152,car,643.24,9.88,708.29,38.26,0.6353
642,4089,car,751.84,16.1,820.99,48.79,0.8611
642,4152,car,425.12,186.62,511.41,285.26,0.9201
642,4065,bike,914.22,41.5,954.55,79.73,0.6497
642,4003,bike,769.11,61.99,801.4,101.51,0.4454
642,4398,car,909.44,14.92,960.0,46.77,0.5209
642,4341,bike,545.42,17.15,564.57,52.56,0.4976
642,3917,truck,394.45,0.58,476.26,48.66,0.4548
642,4129,bike,120.72,85.19,143.94,132.16,0.514
642,4469,bike,650.14,49.95,686.7,103.38,0.6135
642,4270,bike,73.84,64.88,98.03,100.62,0.6724
642,2078,car,686.95,0.29,723.52,22.41,0.2875
643,1,car,656.15,170.29,771.54,270.73,0.9014
643,170,car,553.13,160.15,642.2,245.93,0.9039
643,1378,car,584.81,250.25,698.77,364.96,0.9399
643,1402,bus,757.31,90.32,960.0,445.22,0.833
643,2467,car,151.45,168.99,303.48,268.31,0.9495
643,3152,car,642.31,10.22,705.07,37.51,0.6696
643,4089,car,749.41,15.67,819.29,48.92,0.8912
643,4152,car,425.56,185.41,511.08,282.99,0.9205
643,4065,bike,918.52,41.92,958.37,79.43,0.413
643,4003,bike,772.11,61.49,802.79,98.16,0.2561
643,4398,car,910.61,16.27,960.0,46.89,0.6519
643,4341,bike,546.25,17.26,565.45,52.74,0.4892
643,3917,truck,396.01,1.0,479.54,49.71,0.4121
643,4129,bike,122.51,84.53,145.97,132.35,0.5463
643,4469,bike,652.36,50.09,689.99,104.37,0.3968
643,4270,bike,72.75,65.36,96.43,100.55,0.6288
643,2078,car,687.68,0.09,723.37,21.78,0.2903
643,3433,bike,481.15,1.36,512.27,25.96,0.4334
644,1,car,656.14,170.46,771.21,270.61,0.9017
644,170,car,553.18,160.14,642.18,245.91,0.9055
644,1378,car,584.47,250.39,698.87,365.47,0.9409
644,1402,bus,757.34,90.38,960.0,445.38,0.8304
644,2467,car,143.98,172.28,297.56,273.22,0.9353
644,3152,car,639.73,9.19,703.28,36.89,0.7256
644,4089,car,746.84,15.33,817.3,49.09,0.852
644,4152,car,425.96,184.64,510.36,280.65,0.919
644,4065,bike,921.92,43.67,960.0,79.98,0.2523
644,4003,bike,773.82,61.33,804.87,97.88,0.6303
644,4398,car,910.08,15.46,960.0,46.67,0.3975
644,4341,bike,546.5,17.78,565.61,52.96,0.428
644,3917,truck,397.34,1.3,481.43,49.93,0.5038
644,4469,bike,655.06,51.37,693.37,105.71,0.4039
644,4270,bike,71.07,65.48,94.78,100.96,0.5158
644,2078,car,688.47,0.02,723.74,21.77,0.3113
644,4581,bike,342.74,68.6,390.56,123.09,0.4329
644,3433,bike,481.83,1.04,512.88,25.91,0.3137
644,4518,bike,17.82,84.1,45.92,131.46,0.6951
645,1,car,656.19,170.29,771.57,270.81,0.9006
645,170,car,553.35,160.49,641.96,245.85,0.9022
645,1378,car,584.75,250.26,699.17,365.37,0.9393
645,1402,bus,756.78,90.3,960.0,448.37,0.8125
645,2467,car,137.39,175.07,292.0,277.22,0.9389
645,3152,car,638.01,7.92,703.42,36.52,0.7358
645,4089,car,743.58,14.58,814.63,48.84,0.8623
645,4152,car,425.85,183.9,510.44,279.82,0.9274
645,4003,bike,775.54,61.8,806.24,97.23,0.4476
645,4398,car,910.13,15.43,960.0,46.55,0.3969
645,4341,bike,546.81,17.76,566.08,53.08,0.5502
645,3917,truck,397.45,1.73,484.77,51.85,0.375
645,4469,bike,656.97,50.95,697.99,108.17,0.5231
645,4270,bike,68.42,67.22,92.67,103.3,0.3585
645,2078,car,689.54,0.0,724.39,21.85,0.4484
645,4581,bike,342.33,68.3,393.04,126.15,0.385
645,3433,rickshaw,483.32,1.07,513.38,25.5,0.3371
645,4518,bike,19.34,84.64,47.15,130.89,0.6363
645,4129,bike,126.99,85.09,151.49,133.7,0.3224
646,1,car,656.3,170.37,771.22,270.51,0.8993
646,170,car,553.22,160.1,642.29,245.94,0.9044
646,1378,car,583.96,250.37,699.11,366.18,0.9388
646,1402,bus,757.16,90.29,960.0,447.14,0.813
646,2467,car,130.26,178.12,287.3,282.44,0.9461
646,3152,car,637.16,8.36,700.92,36.23,0.6996
646,4089,car,740.42,13.76,812.27,48.63,0.872
646,4152,car,425.66,183.27,509.52,277.92,0.9134
646,4003,bike,777.41,61.96,808.29,96.85,0.4664
646,4398,car,910.35,15.86,959.89,46.53,0.6176
646,4341,bike,547.39,17.65,566.78,53.16,0.6631
646,3917,truck,397.45,1.68,486.68,52.48,0.6197
646,4469,bike,657.21,50.26,700.13,109.83,0.4245
646,4270,bike,67.05,68.65,91.33,104.49,0.4325
646,2078,car,689.81,0.0,724.43,21.93,0.3385
646,4581,bike,344.82,67.56,393.51,123.14,0.4114
646,3433,rickshaw,483.91,0.88,513.38,25.07,0.3283
646,4518,bike,20.74,84.3,47.59,128.48,0.6581
646,4129,bike,127.85,84.98,152.5,133.25,0.5455
647,1,car,656.02,169.98,771.33,270.58,0.898
647,170,car,553.16,159.85,642.59,246.11,0.9067
647,1378,car,583.88,250.39,699.52,366.75,0.938
647,1402,bus,757.11,90.37,960.0,448.16,0.8143
647,2467,car,124.7,182.84,280.97,286.82,0.9317
647,3152,car,636.45,8.39,699.36,35.82,0.6704
647,4089,car,739.43,14.17,809.62,48.44,0.8827
647,4152,car,425.21,181.82,509.2,276.2,0.9179
647,4003,bike,779.45,62.09,810.85,96.73,0.6284
647,4398,car,910.32,16.28,959.49,46.64,0.5412
647,4341,bike,547.75,17.84,566.93,52.93,0.7595
647,3917,truck,399.59,1.95,488.35,52.33,0.373
647,4469,bike,659.31,50.24,702.44,109.53,0.6157
647,4270,bike,65.57,68.93,90.32,105.55,0.4981
647,4581,bike,347.14,68.02,393.95,121.46,0.3611
647,3433,rickshaw,484.75,0.75,513.4,24.44,0.2737
647,4518,bike,22.14,83.89,48.56,127.32,0.3513
647,4129,bike,128.23,85.94,153.82,135.18,0.464
648,1,car,656.86,169.55,771.96,270.03,0.9012
648,170,car,553.49,160.12,642.51,246.0,0.903
648,1378,car,583.89,250.33,699.0,366.05,0.9355
648,1402,bus,757.59,90.24,960.0,446.43,0.8085
648,2467,car,115.5,186.0,276.23,293.52,0.9376
648,3152,car,635.47,7.94,698.92,35.6,0.6897
648,4089,car,736.69,14.0,807.29,48.71,0.8941
648,4152,car,425.16,179.89,509.7,274.56,0.9175
648,4003,bike,780.84,60.92,813.59,96.64,0.701
648,4398,car,911.23,17.09,959.27,46.66,0.7238
648,4341,bike,547.86,17.67,567.18,52.97,0.7606
648,3917,truck,403.82,2.04,490.52,51.16,0.4019
648,4270,bike,63.83,69.12,88.26,104.98,0.4758
648,4581,bike,349.1,67.3,395.94,120.84,0.2266
648,3433,rickshaw,485.88,0.93,513.38,23.8,0.2427
648,4129,bike,129.49,86.54,154.51,134.72,0.6121
648,2078,car,690.26,0.0,724.27,21.74,0.3173
649,1,car,657.25,169.67,772.1,269.9,0.8971
649,170,car,553.26,159.98,642.44,245.96,0.9035
649,1378,car,582.65,250.2,699.47,367.7,0.9359
649,1402,bus,757.81,90.13,960.0,445.88,0.8119
649,2467,car,107.41,188.79,270.33,298.23,0.9422
649,3152,car,632.06,5.64,699.75,35.42,0.6798
649,4089,car,734.81,13.92,804.35,48.3,0.8934
649,4152,car,425.29,179.44,509.68,273.68,0.9193
649,4003,bike,782.34,60.75,815.69,96.5,0.5305
649,4398,car,910.02,16.71,959.07,46.79,0.6662
649,4341,bike,548.63,17.53,567.73,52.57,0.678
649,3917,truck,406.49,2.31,491.56,50.38,0.3459
649,4270,bike,61.28,68.9,87.11,106.87,0.6661
649,4581,bike,351.38,66.9,396.19,118.11,0.2784
649,4129,bike,130.63,85.08,156.2,134.83,0.6109
649,4606,rickshaw,853.05,501.05,960.0,538.06,0.4847
649,2078,car,691.25,0.0,724.42,21.44,0.3533
649,4469,bike,663.02,50.58,705.98,109.8,0.3121
649,4518,bike,23.37,83.18,50.92,128.57,0.3428
650,1,car,657.31,170.07,771.88,269.96,0.8986
650,170,car,553.24,160.18,642.25,245.92,0.9018
650,1378,car,582.56,250.39,699.66,368.21,0.9378
650,1402,bus,758.09,90.04,960.0,445.22,0.7965
650,2467,car,100.23,192.12,265.4,303.61,0.9392
650,3152,car,630.7,4.23,699.6,34.84,0.6097
650,4089,car,732.61,13.97,800.75,47.75,0.8564
650,4152,car,426.08,178.32,509.99,271.88,0.9142
650,4003,bike,784.05,60.71,817.85,96.51,0.4233
650,4398,car,910.76,16.76,959.64,46.75,0.7007
650,4341,bike,549.56,17.5,568.31,52.19,0.6214
650,3917,truck,408.72,2.0,493.28,49.48,0.5987
650,4270,bike,58.03,66.65,85.26,107.25,0.4408
650,4129,bike,132.48,83.29,157.24,132.48,0.4348
650,4606,rickshaw,849.26,499.08,960.0,538.2,0.6231
650,2078,car,691.93,0.0,724.45,21.16,0.3049
650,4469,bike,666.54,50.3,709.04,108.19,0.6564
651,1,car,656.71,170.18,771.57,270.4,0.8976
651,170,car,553.56,160.81,641.99,245.82,0.8967
651,1378,car,583.52,250.31,699.58,367.16,0.936
651,1402,bus,757.86,89.85,960.0,445.45,0.804
651,2467,car,91.99,196.31,259.83,309.97,0.9235
651,3152,car,627.61,3.41,697.8,34.95,0.655
651,4089,car,730.53,13.67,798.26,47.28,0.8796
651,4152,car,426.87,177.44,510.0,269.96,0.9148
651,4398,car,911.0,16.52,960.0,46.72,0.7637
651,4341,bike,550.24,17.7,568.51,51.9,0.4509
651,3917,truck,410.21,2.05,494.57,49.07,0.4355
651,4270,bike,56.15,68.24,82.64,107.97,0.5591
651,4129,bike,134.24,83.56,158.21,131.67,0.3026
651,4606,rickshaw,844.24,496.52,960.0,538.49,0.4328
651,2078,car,691.41,0.0,723.96,21.1,0.3597
651,4469,bike,667.46,51.04,708.95,107.59,0.4505
651,4518,bike,25.82,82.63,52.14,125.67,0.2999
652,1,car,657.16,169.38,771.91,269.49,0.9
652,170,car,553.61,160.17,642.76,245.92,0.8993
652,1378,car,583.51,250.31,699.8,367.47,0.9393
652,1402,bus,758.02,89.66,959.88,444.51,0.7907
652,2467,car,83.81,200.77,254.61,316.73,0.9367
652,3152,car,622.07,1.35,695.69,35.37,0.7031
652,4089,car,728.76,13.51,795.71,46.8,0.9039
652,4152,car,427.25,176.05,509.66,267.41,0.9121
652,4398,car,911.3,16.39,960.0,46.61,0.7195
652,4341,bike,550.86,17.68,568.99,52.0,0.3093
652,3917,truck,411.86,1.4,496.47,48.32,0.5633
652,4270,bike,54.87,70.11,80.91,108.81,0.6704
652,4129,bike,135.71,83.06,159.06,130.33,0.5058
652,4606,rickshaw,836.69,492.14,960.0,538.55,0.5456
652,2078,car,690.47,0.0,723.48,21.24,0.4804
652,4469,bike,669.87,50.93,710.96,106.77,0.6742
652,4518,bike,26.1,81.58,53.79,126.62,0.4376
652,3433,bike,489.39,0.8,515.06,22.55,0.3378
653,1,car,656.95,169.18,772.34,269.94,0.8994
653,170,car,553.41,160.07,642.69,245.89,0.9002
653,1378,car,583.26,250.3,699.55,367.39,0.9387
653,1402,bus,757.64,89.59,960.0,445.81,0.7992
653,2467,car,74.11,202.82,249.01,322.6,0.9404
653,3152,car,622.08,1.39,695.51,35.79,0.7268
653,4089,car,726.38,13.48,793.47,46.9,0.9177
653,4152,car,426.7,174.2,509.67,266.01,0.9136
653,4398,car,910.96,16.24,960.0,46.59,0.7174
653,4341,bike,551.19,17.51,569.4,52.53,0.3089
653,3917,truck,414.29,1.06,498.51,47.73,0.2913
653,4270,bike,53.47,71.12,79.42,109.78,0.6185
653,4129,bike,137.25,82.27,160.24,129.22,0.6148
653,4606,rickshaw,830.36,488.7,960.0,539.16,0.7787
653,2078,car,689.93,0.0,723.34,21.33,0.401
653,4469,bike,672.02,50.04,714.6,107.92,0.3335
653,4518,bike,26.84,80.7,55.22,126.81,0.2238
653,3433,bike,489.95,0.6,515.34,22.49,0.3877
654,1,car,657.0,169.49,772.06,269.92,0.9024
654,170,car,553.45,160.08,642.69,245.86,0.8975
654,1378,car,582.56,250.28,699.62,368.16,0.9348
654,1402,bus,757.88,89.4,960.0,445.33,0.7966
654,2467,car,64.78,206.2,242.21,328.62,0.9348
654,3152,car,621.08,1.27,692.76,35.41,0.6536
654,4089,car,723.69,13.4,791.33,47.23,0.9126
654,4152,car,426.81,172.64,510.45,265.16,0.913
654,4398,car,911.09,16.74,959.86,46.82,0.7008
654,4341,bike,551.8,17.33,570.0,52.82,0.2507
654,3917,truck,417.24,1.0,501.59,47.63,0.3797
654,4270,bike,51.26,70.71,77.51,109.65,0.5648
654,4129,bike,139.16,83.16,161.54,128.67,0.4402
654,4606,rickshaw,825.45,485.73,960.0,539.28,0.7851
654,2078,car,690.08,0.0,723.39,21.2,0.5336
654,4469,bike,674.32,50.9,717.44,109.5,0.3218
654,4003,bike,791.4,59.85,825.74,95.89,0.2937
655,1,car,657.33,169.86,772.1,270.02,0.9015
655,170,car,553.06,159.86,642.61,245.94,0.8995
655,1378,car,582.87,250.05,699.83,367.9,0.9373
655,1402,bus,758.0,89.43,959.93,444.79,0.8063
655,2467,car,56.94,209.77,236.53,334.4,0.9391
655,3152,car,618.63,0.96,688.14,34.79,0.6914
655,4089,car,720.9,12.79,789.12,47.05,0.8761
655,4152,car,426.75,171.12,510.7,264.02,0.9102
655,4398,car,908.52,15.07,960.0,47.86,0.6412
655,3917,truck,422.4,0.92,505.83,47.48,0.327
655,4129,bike,140.84,83.67,163.43,129.57,0.558
655,4606,rickshaw,820.08,482.2,960.0,539.33,0.7973
655,2078,car,690.2,0.0,723.34,21.07,0.575
655,4469,bike,676.81,50.58,721.84,111.61,0.6083
655,4630,bike,354.85,73.65,383.11,128.2,0.4397
656,1,car,657.54,170.07,771.99,269.86,0.9028
656,170,car,553.28,160.35,642.42,245.93,0.8923
656,1378,car,582.58,250.06,699.97,368.44,0.9373
656,1402,bus,757.78,89.36,960.0,445.43,0.7992
656,2467,car,44.95,210.94,230.96,341.25,0.9277
656,3152,car,618.43,1.77,684.02,34.07,0.6237
656,4089,car,718.23,12.45,786.07,46.64,0.8989
656,4152,car,426.45,170.47,510.6,263.62,0.9078
656,4398,car,907.88,15.26,960.0,49.57,0.6362
656,3917,truck,424.81,0.95,507.65,47.29,0.5619
656,4129,bike,142.32,83.93,165.47,130.79,0.5223
656,4606,rickshaw,816.22,479.32,960.0,539.54,0.8818
656,2078,car,690.24,0.0,723.32,21.05,0.5607
656,4469,bike,678.33,50.57,725.43,114.57,0.6656
656,4630,bike,355.62,74.81,383.75,129.05,0.446
656,4341,bike,552.95,16.98,571.43,53.27,0.246
656,4270,bike,40.8,70.94,70.85,114.37,0.5021
657,1,car,657.45,170.26,771.79,269.9,0.8986
657,170,car,553.35,159.73,642.9,245.79,0.8938
657,1378,car,582.28,250.01,699.7,368.39,0.9386
657,1402,bus,757.91,89.52,959.91,445.18,0.7979
657,2467,car,37.99,219.43,221.93,348.81,0.9346
657,3152,car,617.35,2.06,681.09,33.81,0.6893
657,4089,car,716.88,12.56,783.52,46.21,0.8963
657,4152,car,426.55,170.12,510.11,262.59,0.9084
657,4398,car,907.04,14.6,960.0,50.64,0.5517
657,3917,truck,429.29,0.89,510.73,46.4,0.6533
657,4129,bike,143.43,83.91,168.17,133.64,0.6278
657,4606,rickshaw,812.0,475.97,960.0,539.6,0.7991
657,2078,car,690.13,0.0,723.19,21.08,0.595
657,4469,bike,681.28,51.11,725.1,110.42,0.2932
657,4630,bike,357.44,72.72,385.31,126.49,0.4497
657,4341,bike,553.78,16.71,572.2,53.19,0.2834
657,4270,bike,39.2,71.45,69.28,113.91,0.4181
657,4003,bike,796.36,57.72,832.51,95.75,0.4569
658,1,car,657.33,170.0,772.02,269.87,0.9
658,170,car,553.41,159.48,643.11,245.81,0.8953
658,1378,car,583.41,249.98,700.15,367.79,0.9354
658,1402,bus,757.94,89.36,959.95,445.15,0.8078
658,2467,car,29.64,224.78,215.66,356.29,0.9449
658,3152,car,616.15,2.14,679.17,33.8,0.6463
658,4089,car,715.03,12.83,781.08,46.25,0.9032
658,4152,car,426.21,169.04,510.12,262.04,0.9097
658,4398,car,907.06,15.04,960.0,51.84,0.5447
658,3917,truck,432.32,0.8,512.89,46.28,0.601
658,4129,bike,144.16,85.31,168.91,135.32,0.5624
658,4606,rickshaw,809.82,473.35,960.0,539.32,0.8452
658,2078,car,690.31,0.0,723.17,20.98,0.4882
658,4630,bike,361.28,67.33,391.2,124.89,0.3395
658,4341,bike,554.46,16.8,572.87,53.39,0.2834
658,4270,bike,34.07,71.75,67.34,118.69,0.3988
658,4644,bike,649.87,114.86,674.55,178.65,0.4547
659,1,car,657.33,169.69,772.44,269.9,0.9027
659,170,car,553.17,159.15,643.14,245.86,0.8958
659,1378,car,583.38,250.04,699.73,367.37,0.9318
659,1402,bus,758.45,89.39,959.78,443.98,0.8143
659,2467,car,17.47,230.41,209.23,366.89,0.9329
659,3152,car,615.2,2.28,677.63,33.82,0.6283
659,4089,car,712.66,12.77,778.7,46.28,0.9063
659,4152,car,425.78,169.0,509.53,261.85,0.9127
659,4398,car,907.76,16.57,960.0,52.18,0.5204
659,3917,truck,432.68,0.99,511.71,45.62,0.707
659,4129,bike,145.07,85.08,170.08,135.99,0.5095
659,4606,rickshaw,804.88,468.9,960.0,539.21,0.8747
659,2078,car,690.97,0.0,723.71,20.93,0.5581
659,4630,bike,365.84,67.03,396.28,124.67,0.3267
659,4341,bike,554.92,16.82,573.19,53.18,0.4541
659,4270,bike,32.09,72.55,67.16,122.59,0.641
660,1,car,656.99,169.38,772.5,269.9,0.8991
660,170,car,553.39,159.62,642.81,245.8,0.8897
660,1378,car,582.88,250.05,699.84,368.02,0.936
660,1402,bus,758.45,89.38,959.64,443.7,0.8003
660,2467,car,4.07,234.22,204.51,377.86,0.9429
660,3152,car,614.81,3.16,677.15,34.76,0.7196
660,4089,car,710.39,12.48,776.78,46.25,0.8796
660,4152,car,425.84,168.02,508.98,260.26,0.9118
660,4398,car,908.61,18.15,960.0,52.68,0.6721
660,3917,truck,437.85,1.39,515.06,45.31,0.6641
660,4606,rickshaw,803.55,466.32,960.0,538.92,0.9015
660,2078,car,691.48,0.0,723.94,20.8,0.4896
660,4630,bike,370.49,66.93,401.39,123.75,0.5439
660,4341,bike,555.6,17.59,573.65,53.2,0.3356
660,4270,bike,31.23,72.87,66.3,123.53,0.6099
660,4469,bike,687.27,50.58,735.07,115.68,0.3983
660,4003,bike,802.66,58.38,837.9,95.19,0.371
661,1,car,656.51,169.99,771.63,270.14,0.8972
661,170,car,553.52,159.75,642.84,245.89,0.8908
661,1378,car,582.41,250.09,699.96,368.7,0.9376
661,1402,bus,758.46,89.36,959.65,443.68,0.7955
661,2467,car,0.0,238.06,201.4,387.75,0.9324
661,3152,car,611.37,2.44,675.83,35.17,0.6373
661,4089,car,708.73,12.41,774.62,45.99,0.8705
661,4152,car,426.76,168.05,508.32,258.33,0.9071
661,4398,car,907.68,16.37,960.0,52.84,0.7669
661,3917,truck,439.99,0.93,516.27,44.84,0.6308
661,4606,rickshaw,801.84,463.45,960.0,538.93,0.929
661,2078,car,692.0,0.0,724.28,20.77,0.4517
661,4341,bike,555.83,17.68,574.01,53.14,0.3206
661,4469,bike,689.3,50.56,738.31,117.46,0.4056
661,4518,bike,35.45,72.14,66.29,122.24,0.3158
661,4644,bike,647.11,117.5,671.13,179.18,0.3401
662,1,car,656.84,170.16,771.74,270.01,0.8963
662,170,car,553.8,160.13,642.75,245.93,0.8902
662,1378,car,582.98,250.15,700.33,368.69,0.9376
662,1402,bus,758.44,89.37,959.6,443.61,0.786
662,2467,car,0.0,243.72,195.3,392.91,0.9328
662,3152,car,609.64,1.8,675.25,35.2,0.6524
662,4089,car,706.74,11.57,773.16,45.6,0.8537
662,4152,car,427.13,168.24,507.86,257.38,0.909
662,4398,car,907.14,14.59,960.0,53.3,0.8031
662,3917,truck,440.79,0.84,516.4,44.93,0.695
662,4606,rickshaw,801.25,461.29,960.0,538.46,0.9445
662,2078,car,690.8,0.0,723.45,21.01,0.4577
662,4341,bike,556.2,17.6,574.53,53.08,0.3143
662,4469,bike,691.4,50.64,739.45,116.64,0.5635
662,4518,bike,35.92,72.08,67.22,123.24,0.367
662,4129,bike,149.58,84.62,173.27,133.24,0.4314
663,1,car,657.13,170.01,772.22,269.99,0.8984
663,170,car,553.61,159.74,642.83,245.89,0.8951
663,1378,car,584.25,250.29,700.22,367.49,0.9348
663,1402,bus,758.53,89.38,959.59,443.39,0.7865
663,2467,car,0.0,248.8,190.09,399.66,0.9208
663,3152,car,609.27,1.44,674.49,34.66,0.7364
663,4089,car,705.16,11.21,771.7,45.5,0.7981
663,4152,car,427.64,167.56,508.18,256.5,0.9073
663,4398,car,906.46,13.67,960.0,53.41,0.8041
663,3917,truck,440.71,0.78,516.01,45.17,0.7677
663,4606,rickshaw,799.61,458.69,960.0,538.76,0.931
663,2078,car,689.74,0.0,723.05,21.42,0.4035
663,4341,bike,556.77,17.45,575.09,52.7,0.3914
663,4469,bike,693.5,51.87,742.33,119.4,0.2341
663,4129,bike,151.43,84.39,174.17,131.47,0.292
664,1,car,656.58,170.48,771.59,270.3,0.8984
664,170,car,553.47,159.29,642.98,245.91,0.8997
664,1378,car,583.33,250.31,700.17,368.45,0.9329
664,1402,bus,758.49,89.42,959.37,443.02,0.7948
664,2467,car,0.0,255.35,188.29,412.51,0.9051
664,3152,car,608.82,1.25,673.94,34.58,0.7377
664,4089,car,704.51,12.48,768.44,45.32,0.7962
664,4152,car,427.49,166.18,508.43,255.6,0.8999
664,4398,car,904.7,14.37,960.0,53.66,0.8145
664,3917,truck,442.96,1.24,516.31,44.74,0.5692
664,4606,rickshaw,797.43,455.69,960.0,539.39,0.8924
664,2078,car,688.29,0.0,723.42,22.7,0.4033
664,4341,bike,556.99,17.24,575.41,52.44,0.236
664,4129,bike,152.82,82.99,175.63,130.87,0.5408
664,4003,bike,809.67,58.0,845.29,95.28,0.2422
664,4518,bike,37.96,74.61,68.42,123.53,0.2727
665,1,car,656.22,170.43,771.3,270.22,0.8983
665,170,car,553.68,159.77,642.72,245.94,0.8985
665,1378,car,583.11,250.3,700.04,368.56,0.9328
665,1402,bus,758.42,89.2,959.48,443.09,0.8043
665,2467,car,0.0,260.9,186.03,423.64,0.8886
665,3152,car,608.91,0.91,673.31,34.04,0.6943
665,4089,car,702.45,12.84,765.09,44.9,0.7239
665,4152,car,427.35,165.09,508.69,255.06,0.906
665,4398,car,902.87,14.8,959.42,53.46,0.8073
665,3917,truck,444.37,1.23,516.93,44.51,0.6814
665,4606,rickshaw,796.62,453.66,960.0,539.35,0.7197
665,4129,bike,154.41,83.51,177.06,131.41,0.4071
665,4518,bike,39.06,76.28,69.9,125.09,0.4943
665,4469,bike,696.54,50.41,747.44,121.92,0.5721
666,1,car,656.54,170.41,771.55,270.17,0.8984
666,170,car,553.37,159.31,642.79,245.97,0.9068
666,1378,car,583.33,250.45,699.61,367.95,0.9352
666,1402,bus,758.57,89.57,959.42,443.06,0.805
666,2467,car,0.0,268.66,178.85,432.86,0.9038
666,3152,car,609.03,1.12,671.7,33.47,0.5107
666,4089,car,700.03,12.95,762.62,44.9,0.7218
666,4152,car,427.49,163.75,508.89,253.98,0.8989
666,4398,car,900.45,14.37,958.09,53.4,0.8244
666,3917,truck,445.88,0.79,518.44,44.51,0.6079
666,4606,rickshaw,795.47,451.36,960.0,539.43,0.5214
666,4129,bike,156.32,83.03,179.74,133.02,0.372
666,4518,bike,39.64,77.09,69.55,123.28,0.3969
666,4469,bike,698.1,50.43,748.97,122.92,0.4927
666,4003,bike,813.82,57.53,849.24,94.38,0.5608
667,1,car,657.32,169.93,772.1,269.57,0.9046
667,170,car,553.73,159.61,642.81,245.96,0.9053
667,1378,car,584.85,250.52,700.55,367.7,0.9361
667,1402,bus,758.42,89.65,959.35,443.28,0.8093
667,2467,car,0.0,273.36,176.39,444.2,0.8882
667,3152,car,609.05,1.66,670.83,33.73,0.6185
667,4089,car,691.1,5.62,765.79,44.38,0.4988
667,4152,car,427.24,162.6,508.97,253.44,0.8979
667,4398,car,898.7,17.3,953.84,53.44,0.8423
667,3917,truck,446.85,0.68,518.66,44.11,0.7108
667,4606,car,794.93,449.57,960.0,539.52,0.5287
667,4129,bike,157.91,81.69,182.04,133.41,0.5055
667,4469,bike,699.96,51.15,748.86,121.61,0.6728
668,1,car,657.53,169.65,772.17,269.19,0.9036
668,170,car,554.05,160.11,642.56,245.87,0.9016
668,1378,car,583.91,250.52,700.23,368.31,0.9368
668,1402,bus,758.45,89.52,959.19,442.65,0.7912
668,2467,car,0.0,279.05,174.89,457.86,0.871
668,3152,car,608.56,2.09,669.55,34.0,0.656
668,4089,truck,687.02,1.93,766.33,43.81,0.5182
668,4152,car,427.36,162.68,508.6,253.04,0.9009
668,4398,car,896.64,19.86,950.11,53.45,0.8564
668,3917,truck,448.83,0.85,519.25,43.53,0.5373
668,4606,rickshaw,793.82,446.73,960.0,539.54,0.5756
668,4129,bike,160.53,81.55,185.62,134.05,0.4456
668,4469,bike,701.32,51.33,748.94,120.49,0.6533
668,4683,car,694.02,0.85,759.98,43.32,0.4038
668,4518,bike,44.14,77.27,72.55,121.28,0.5607
669,1,car,658.1,170.06,772.29,269.19,0.9023
669,170,car,554.08,159.76,642.86,245.8,0.9069
669,1378,car,585.1,250.31,700.24,366.97,0.9356
669,1402,bus,758.32,89.76,959.47,443.7,0.8187
669,2467,car,0.0,282.98,175.1,476.13,0.89
669,3152,car,608.09,2.46,667.14,33.54,0.5933
669,4089,truck,685.48,0.76,765.88,43.86,0.4229
669,4152,car,427.32,162.02,508.81,252.76,0.9012
669,4398,car,892.85,20.49,947.57,53.49,0.8686
669,3917,truck,450.09,0.9,519.46,42.99,0.6899
669,4606,rickshaw,792.68,443.53,960.0,539.35,0.4213
669,4129,bike,161.35,81.92,187.57,135.62,0.325
669,4469,bike,705.7,51.07,751.8,118.9,0.3289
669,4683,car,693.9,1.44,758.81,43.16,0.3718
669,4690,car,815.52,443.52,960.0,538.68,0.3745
669,4518,bike,45.92,77.35,74.4,121.26,0.2735
669,4341,bike,560.67,17.3,578.55,51.39,0.3005
670,1,car,657.91,169.9,772.29,269.26,0.9042
670,170,car,554.25,160.05,642.79,245.83,0.9033
670,1378,car,584.09,250.42,699.63,367.37,0.9348
670,1402,bus,758.04,89.85,959.85,445.12,0.7938
670,2467,car,0.0,288.98,165.92,480.56,0.8798
670,3152,car,608.83,2.86,666.45,33.53,0.6632
670,4152,car,427.3,161.04,509.25,252.53,0.8995
670,4398,car,888.63,21.56,943.69,53.43,0.8635
670,3917,truck,450.72,0.8,519.79,42.77,0.7657
670,4606,car,792.17,440.69,960.0,538.73,0.4772
670,4129,bike,161.84,83.92,187.74,135.97,0.3308
670,4469,bike,708.62,49.98,753.79,117.23,0.4748
670,4683,car,697.07,6.17,755.45,43.46,0.4327
670,4690,rickshaw,813.0,441.48,960.0,538.98,0.6235
670,4341,bike,560.87,17.29,578.73,51.21,0.2503
671,1,car,657.89,169.58,772.1,268.79,0.9025
671,170,car,554.28,160.03,642.88,245.83,0.9002
671,1378,car,584.76,250.35,700.22,367.3,0.9357
671,1402,bus,757.66,89.88,960.0,446.67,0.7745
671,2467,car,0.0,295.03,157.9,488.63,0.8542
671,3152,car,612.86,2.65,667.48,32.4,0.4758
671,4152,car,427.56,161.37,508.89,252.23,0.8996
671,4398,car,883.46,21.05,940.98,53.33,0.8672
671,3917,truck,452.87,0.94,520.88,42.47,0.696
671,4606,car,791.46,437.97,960.0,538.43,0.3929
671,4129,bike,163.43,84.51,189.42,135.88,0.6321
671,4683,car,697.8,11.01,748.86,43.27,0.6656
671,4690,rickshaw,810.31,438.66,960.0,538.85,0.5271
671,4341,bike,561.3,17.2,579.33,51.39,0.2746
672,1,car,658.03,169.52,772.28,268.78,0.9001
672,170,car,554.71,160.66,642.78,245.77,0.8993
672,1378,car,585.36,250.08,700.71,367.1,0.9371
672,1402,bus,758.17,89.82,959.53,444.54,0.8009
672,2467,car,0.0,301.56,152.88,503.03,0.8631
672,3152,car,613.7,3.24,666.71,32.96,0.5235
672,4152,car,427.4,160.97,508.74,251.93,0.8973
672,4398,car,877.07,20.61,936.83,53.26,0.9122
672,3917,truck,455.85,0.98,521.73,41.43,0.67
672,4606,rickshaw,791.12,436.29,960.0,538.66,0.5416
672,4129,bike,163.99,84.48,190.22,135.58,0.6577
672,4683,car,695.9,12.27,745.33,43.14,0.8135
672,4690,car,808.61,436.59,960.0,538.44,0.6195
672,4341,bike,561.61,17.04,579.82,51.44,0.2905
673,1,car,658.13,169.76,771.92,268.54,0.8972
673,170,car,554.76,160.18,643.29,245.71,0.9001
673,1378,car,585.83,249.97,700.95,366.92,0.9336
673,1402,bus,758.0,89.71,959.54,445.0,0.801
673,2467,car,0.0,307.23,142.79,506.81,0.8363
673,3152,car,610.15,3.15,661.34,32.05,0.4024
673,4152,car,427.74,161.33,508.31,251.4,0.8903
673,4398,car,872.23,20.95,933.2,53.24,0.9059
673,3917,truck,456.87,0.89,521.9,40.98,0.6813
673,4129,bike,165.23,82.82,191.47,134.39,0.6639
673,4683,car,693.58,12.34,743.23,42.99,0.8373
673,4690,car,805.68,433.13,960.0,538.27,0.8627
673,4341,bike,562.24,17.08,580.33,51.26,0.3782
673,4518,bike,51.31,74.26,80.98,119.97,0.2384
674,1,car,658.02,170.03,772.07,269.04,0.9011
674,170,car,554.79,160.4,643.13,245.63,0.8994
674,1378,car,585.76,249.83,700.91,366.89,0.9351
674,1402,bus,756.45,89.75,960.0,452.12,0.7761
674,2467,car,0.0,315.64,131.6,510.49,0.8225
674,3152,car,612.72,3.52,662.36,32.37,0.3613
674,4152,car,427.94,160.53,508.89,251.01,0.9005
674,4398,car,866.96,20.84,929.67,53.31,0.9007
674,3917,truck,458.54,0.93,522.06,40.27,0.7648
674,4129,bike,166.08,80.35,192.84,133.94,0.6984
674,4683,car,691.65,12.32,741.54,42.77,0.8329
674,4690,car,802.68,429.98,960.0,538.46,0.889
674,4341,bike,562.76,16.79,581.1,51.31,0.5648
674,4518,bike,52.97,73.16,82.95,119.07,0.3352
675,1,car,658.02,169.88,772.28,268.99,0.9023
675,170,car,554.75,160.0,643.55,245.61,0.9017
675,1378,car,586.49,249.66,701.01,366.14,0.935
675,1402,bus,756.47,89.6,960.0,452.71,0.792
675,2467,car,0.0,323.88,125.94,525.96,0.736
675,3152,car,615.58,4.07,662.0,32.01,0.4744
675,4152,car,427.54,158.53,509.62,250.49,0.9106
675,4398,car,861.18,20.78,924.48,52.83,0.9213
675,3917,truck,460.41,1.0,522.15,39.22,0.7575
675,4129,bike,168.24,79.05,193.53,130.7,0.4212
675,4683,car,689.18,11.68,740.2,42.48,0.822
675,4690,car,800.78,427.91,960.0,538.43,0.8572
675,4341,bike,563.26,16.26,581.94,51.39,0.5802
675,4728,car,601.73,2.68,646.13,27.88,0.5006
675,4729,bike,742.86,0.6,762.63,27.2,0.4659
676,1,car,658.31,169.99,771.84,268.37,0.8986
676,170,car,554.77,160.07,643.47,245.52,0.8992
676,1378,car,586.56,249.55,700.93,365.91,0.9332
676,1402,bus,755.76,89.61,960.0,456.26,0.7766
676,2467,car,0.0,329.68,117.67,528.57,0.7215
676,3152,car,616.99,4.19,661.31,31.85,0.415
676,4152,car,427.84,159.11,509.22,250.27,0.9084
676,4398,car,856.53,20.78,920.37,52.61,0.8898
676,3917,truck,461.05,1.02,521.7,38.6,0.6298
676,4129,bike,170.09,79.13,194.11,128.95,0.4591
676,4683,car,687.48,11.71,738.05,41.81,0.8727
676,4690,car,799.77,426.32,960.0,538.24,0.8657
676,4341,bike,563.83,16.23,582.44,51.25,0.5067
676,4728,car,601.67,2.6,645.77,27.61,0.5133
676,4729,bike,744.37,1.06,763.48,26.84,0.3172
676,4738,car,922.54,14.51,960.0,46.45,0.4632
676,4003,bike,831.68,56.79,866.78,93.63,0.3624
676,4518,bike,56.13,73.3,85.86,118.44,0.4025
677,1,car,658.17,170.04,771.75,268.39,0.9027
677,170,car,554.46,159.68,643.42,245.41,0.9007
677,1378,car,586.19,249.6,700.76,366.13,0.9308
677,1402,bus,756.65,89.6,960.0,453.82,0.7694
677,2467,car,0.0,333.58,108.28,536.55,0.6395
677,4152,car,427.88,158.82,509.23,250.0,0.9112
677,4398,car,850.76,20.53,915.64,52.53,0.9388
677,3917,truck,461.94,1.07,521.74,38.12,0.6731
677,4129,bike,171.83,80.27,195.91,131.05,0.3316
677,4683,car,684.85,11.1,736.48,41.43,0.866
677,4690,car,798.8,424.95,960.0,538.25,0.9107
677,4341,bike,563.78,15.75,582.81,51.49,0.5892
677,4728,car,601.69,1.84,647.46,27.74,0.5983
677,4729,bike,744.22,0.63,763.69,26.96,0.451
677,4738,car,920.05,14.44,957.69,46.27,0.3601
677,4748,bike,110.85,44.0,131.18,72.83,0.3525
677,4003,bike,833.02,56.79,867.69,93.47,0.5372
677,4518,bike,58.61,72.9,88.45,117.59,0.69
678,1,car,658.01,169.63,771.95,268.28,0.9008
678,170,car,553.92,159.06,643.24,245.23,0.8984
678,1378,car,587.32,249.74,700.67,364.96,0.9304
678,1402,bus,756.43,89.66,960.0,455.4,0.779
678,4152,car,427.85,158.28,509.3,249.62,0.9142
678,4398,car,845.26,20.68,911.16,52.76,0.9325
678,3917,truck,464.0,1.14,522.64,37.48,0.6187
678,4129,bike,173.56,80.76,197.28,131.09,0.32
678,4683,car,681.41,10.17,734.94,41.27,0.8505
678,4690,car,796.4,422.23,960.0,538.53,0.9084
678,4341,bike,564.23,15.16,583.45,51.51,0.6283
678,4728,car,600.76,1.63,647.3,27.88,0.6076
678,4729,bike,744.48,0.55,763.64,26.53,0.2933
678,4738,car,918.46,15.43,954.96,46.03,0.5497
678,4748,bike,110.15,43.49,130.98,73.03,0.4098
678,4003,bike,834.6,56.41,869.09,93.13,0.4262
678,4518,bike,60.94,73.23,89.69,116.19,0.6571
678,3152,car,616.4,3.72,658.56,31.03,0.3905
679,1,car,657.83,169.37,772.04,268.24,0.9022
679,170,car,554.07,158.81,643.26,244.99,0.9
679,1378,car,586.83,249.4,700.55,364.98,0.934
679,1402,bus,757.58,89.74,960.0,451.24,0.7874
679,4152,car,427.56,156.91,510.02,249.66,0.916
679,4398,car,840.69,20.55,907.01,52.6,0.9252
679,3917,truck,466.79,1.09,524.43,36.79,0.6198
679,4129,bike,174.89,82.05,200.24,135.74,0.4514
679,4683,car,679.11,9.71,733.56,41.0,0.8205
679,4690,car,794.7,419.64,960.0,538.8,0.9218
679,4341,bike,564.96,14.64,584.36,51.53,0.4675
679,4728,car,600.05,1.56,647.2,28.05,0.64
679,4729,bike,745.18,0.8,764.24,26.86,0.2684
679,4738,car,916.9,15.37,953.74,45.88,0.5531
679,4748,bike,109.6,44.24,130.65,74.15,0.3499
679,4003,bike,836.26,55.32,871.12,92.86,0.6267
680,1,car,657.83,169.37,772.13,268.31,0.9014
680,170,car,553.87,158.32,643.41,244.99,0.9033
680,1378,car,586.33,249.04,700.68,365.28,0.9304
680,1402,bus,756.93,89.92,960.0,453.77,0.7701
680,4152,car,427.7,157.09,509.9,249.69,0.9134
680,4398,car,835.24,20.13,902.37,52.36,0.9313
680,3917,car,468.65,0.99,525.83,36.43,0.5567
680,4129,bike,176.99,83.26,202.32,136.37,0.4334
680,4683,car,677.47,9.17,732.57,40.51,0.8163
680,4690,car,792.77,417.65,960.0,539.04,0.9341
680,4341,bike,565.75,15.14,584.8,51.34,0.4172
680,4728,car,598.79,1.17,646.96,28.18,0.6218
680,4729,bike,745.61,0.75,764.5,26.72,0.2993
680,4738,car,916.61,15.04,954.23,45.81,0.639
680,4748,bike,108.9,43.73,130.48,74.41,0.5019
680,4003,bike,837.92,55.35,872.92,93.26,0.5117
680,4761,truck,468.44,0.96,526.47,36.47,0.4351
681,1,car,657.59,169.05,772.54,268.58,0.9018
681,170,car,553.75,158.0,643.42,244.93,0.8997
681,1378,car,586.95,248.88,700.54,364.28,0.9302
681,1402,bus,757.3,89.78,960.0,452.64,0.7615
681,4152,car,427.8,157.21,509.75,249.63,0.9151
681,4398,car,831.08,20.3,898.18,52.27,0.9022
681,3917,truck,469.95,0.62,527.01,36.13,0.4295
681,4129,bike,178.68,83.17,204.0,136.01,0.4831
681,4683,car,675.55,8.77,731.32,40.25,0.8046
681,4690,car,790.82,415.31,960.0,539.17,0.9482
681,4341,bike,566.26,15.35,585.2,51.31,0.5239
681,4728,car,597.93,0.97,645.96,27.81,0.6055
681,4738,car,916.56,15.07,954.54,45.71,0.5448
681,4748,bike,109.0,44.93,129.81,74.48,0.3735
681,4003,bike,840.02,55.73,874.78,93.42,0.4333
681,4761,car,468.93,0.76,526.93,36.28,0.5093
681,4518,bike,65.09,71.54,94.17,115.08,0.4258
682,1,car,657.83,168.84,772.37,267.96,0.9032
682,170,car,553.86,158.13,643.26,244.91,0.8982
682,1378,car,586.58,249.08,700.51,364.82,0.931
682,1402,bus,757.01,89.57,960.0,454.17,0.767
682,4152,car,427.94,156.54,509.91,249.17,0.9145
682,4398,car,826.26,20.04,893.69,51.94,0.9142
682,4129,bike,179.94,83.06,205.39,136.01,0.48
682,4683,car,674.11,9.01,729.64,40.03,0.816
682,4690,car,789.74,413.4,960.0,539.15,0.944
682,4341,bike,567.1,15.57,585.75,50.78,0.4663
682,4728,car,596.37,1.04,644.43,27.84,0.5562
682,4738,car,916.4,15.02,955.07,45.79,0.5803
682,4748,bike,108.87,44.91,129.64,74.39,0.4073
682,4003,bike,842.78,56.24,877.73,94.11,0.324
683,1,car,657.61,168.72,772.41,268.12,0.9007
683,170,car,553.74,157.96,643.21,244.92,0.904
683,1378,car,586.5,249.07,700.6,364.99,0.9333
683,1402,bus,757.21,89.3,960.0,453.47,0.7731
683,4152,car,427.62,155.71,509.85,248.71,0.9172
683,4398,car,820.92,19.72,889.5,52.0,0.9213
683,4129,bike,181.22,84.11,206.83,137.24,0.4063
683,4683,car,672.43,8.81,728.62,39.95,0.8552
683,4690,car,788.06,410.77,960.0,539.15,0.939
683,4341,bike,567.56,15.58,586.21,50.58,0.472
683,4728,car,594.69,1.12,643.53,28.33,0.5856
683,4738,car,916.01,14.65,955.58,45.73,0.6878
683,4748,bike,108.51,45.02,129.23,74.36,0.3685
683,4729,bike,744.91,0.53,764.07,26.92,0.3198
683,3917,car,471.85,0.44,526.05,34.05,0.6719
683,4518,bike,67.52,71.04,97.14,115.14,0.6298
684,1,car,657.71,168.75,772.51,268.15,0.9044
684,170,car,554.16,158.17,643.21,244.79,0.9044
684,1378,car,587.99,249.13,700.78,363.75,0.9334
684,1402,bus,756.81,89.3,960.0,455.69,0.7679
684,4152,car,427.6,156.45,509.57,249.21,0.9157
684,4398,car,815.67,19.71,884.81,52.06,0.8958
684,4129,bike,182.54,83.18,207.36,135.01,0.558
684,4683,car,670.29,8.68,727.19,39.97,0.8546
684,4690,car,786.54,408.39,960.0,539.08,0.9388
684,4341,bike,568.47,15.35,587.25,50.28,0.5123
684,4728,car,593.63,1.31,642.73,28.63,0.5753
684,4738,car,915.87,14.7,955.73,45.56,0.5488
684,4748,bike,108.12,45.24,128.93,74.61,0.4175
684,3917,car,473.05,0.42,526.06,33.29,0.6542
684,4518,bike,69.89,70.6,99.58,114.65,0.7521
685,1,car,657.62,168.57,772.5,268.06,0.9049
685,170,car,554.05,157.54,643.67,244.91,0.9067
685,1378,car,588.15,249.17,700.94,363.87,0.9356
685,1402,bus,755.86,89.36,960.0,460.45,0.769
685,4152,car,427.78,157.06,509.46,249.46,0.9151
685,4398,car,810.53,18.89,880.39,51.57,0.9022
685,4129,bike,184.64,80.72,208.52,131.2,0.5771
685,4683,car,664.56,5.12,727.68,40.09,0.6529
685,4690,car,785.23,406.4,960.0,539.06,0.9405
685,4341,bike,569.4,15.33,588.39,50.23,0.5682
685,4728,car,592.37,0.53,642.9,28.78,0.7202
685,4738,car,915.4,14.76,955.9,45.67,0.6289
685,4748,bike,107.47,45.22,128.67,75.08,0.565
685,3917,car,474.48,0.39,526.85,32.95,0.7167
685,4518,bike,71.78,70.11,101.56,114.43,0.7429
686,1,car,657.68,168.68,772.57,268.21,0.9039
686,170,car,554.12,157.2,643.88,244.85,0.9124
686,1378,car,588.16,249.28,700.52,363.48,0.9346
686,1402,bus,754.41,89.44,960.0,467.71,0.7778
686,4152,car,427.92,156.98,509.48,249.31,0.9165
686,4398,car,806.4,19.06,875.65,51.42,0.8651
686,4129,bike,186.33,79.19,209.39,128.42,0.6216
686,4683,car,663.67,5.44,725.38,39.61,0.6755
686,4690,car,784.02,404.24,960.0,539.14,0.9379
686,4341,bike,569.91,15.15,589.31,50.33,0.6662
686,4728,car,591.07,0.16,641.82,28.63,0.6879
686,4738,car,915.17,14.77,956.27,45.72,0.5324
686,4748,bike,106.51,45.07,127.99,75.15,0.581
686,3917,car,475.68,0.39,527.68,32.81,0.5801
686,4518,bike,73.6,69.88,103.44,114.92,0.7142
686,4003,bike,848.05,55.67,884.15,95.31,0.2465
687,1,car,658.48,169.02,771.88,267.06,0.9055
687,170,car,554.08,157.0,644.03,245.05,0.9152
687,1378,car,587.58,249.37,700.59,364.24,0.9339
687,1402,bus,754.27,89.64,960.0,469.85,0.775
687,4152,car,427.75,156.46,509.67,249.28,0.9167
687,4398,car,802.09,19.48,870.54,51.38,0.9042
687,4129,bike,187.46,78.05,210.36,127.47,0.4359
687,4683,car,662.75,5.52,723.64,39.21,0.6592
687,4690,car,783.3,402.61,960.0,539.12,0.9385
687,4341,bike,570.33,14.88,590.14,50.35,0.6699
687,4728,car,589.99,0.09,640.35,28.49,0.761
687,4738,car,915.15,14.77,956.62,45.62,0.5239
687,4748,bike,106.12,44.94,127.78,75.1,0.5728
687,3917,car,477.3,0.48,528.82,32.67,0.4618
687,4518,bike,75.33,70.02,104.9,115.09,0.7305
688,1,car,658.27,168.8,772.24,267.32,0.9046
688,170,car,554.32,157.22,643.74,244.88,0.9098
688,1378,car,587.94,249.41,700.57,363.83,0.9313
688,1402,bus,756.57,89.55,960.0,462.49,0.771
688,4152,car,428.04,156.93,509.66,249.52,0.9128
688,4398,car,797.15,19.45,865.75,51.33,0.8885
688,4129,bike,189.34,77.35,211.25,125.17,0.4137
688,4683,car,662.67,7.38,720.38,39.07,0.7905
688,4690,car,782.82,401.09,960.0,539.13,0.9318
688,4341,bike,570.82,14.66,590.86,50.21,0.7199
688,4728,car,589.3,0.28,638.85,28.31,0.7653
688,4738,car,914.7,14.14,957.3,45.55,0.5479
688,4748,bike,105.68,44.85,127.55,75.08,0.4824
688,3917,car,479.12,0.6,528.95,31.63,0.4948
688,4518,bike,77.86,70.33,107.0,115.18,0.635
689,1,car,658.41,168.85,772.38,267.37,0.9069
689,170,car,554.17,157.27,643.59,245.06,0.9092
689,1378,car,587.41,249.28,701.03,364.86,0.9298
689,1402,bus,757.88,89.54,960.0,458.08,0.7818
689,4152,car,428.26,157.63,509.47,249.77,0.9124
689,4398,car,792.84,19.5,861.48,51.37,0.8795
689,4129,bike,191.21,78.36,212.69,125.56,0.2988
689,4683,car,661.39,8.03,718.23,39.0,0.7452
689,4690,car,781.52,398.13,960.0,538.73,0.9488
689,4341,bike,570.79,14.4,591.25,50.32,0.7838
689,4728,car,589.04,0.36,637.47,27.81,0.748
689,4738,car,914.27,13.84,957.66,45.58,0.6154
689,4748,bike,105.46,44.85,127.5,75.01,0.5109
689,3917,car,480.26,0.51,530.22,31.73,0.5084
689,4518,bike,79.47,69.95,108.52,114.76,0.6929
689,4469,bike,745.07,51.2,797.25,127.81,0.2954
690,1,car,658.32,168.61,772.41,267.24,0.9063
690,170,car,554.41,157.59,643.32,244.9,0.9052
690,1378,car,586.88,249.39,700.94,365.44,0.9297
690,1402,bus,758.96,89.2,959.06,453.66,0.7907
690,4152,car,427.88,156.71,509.78,249.77,0.9148
690,4398,car,788.44,19.18,857.25,51.16,0.8821
690,4129,bike,191.74,80.15,215.2,132.11,0.4644
690,4683,car,659.22,7.45,717.1,38.87,0.7173
690,4690,car,780.47,395.4,960.0,538.52,0.9551
690,4341,bike,571.28,14.03,592.24,50.57,0.802
690,4728,car,588.76,0.56,636.04,27.37,0.7911
690,4738,car,914.11,13.88,957.88,45.64,0.5918
690,4748,bike,104.74,44.86,127.08,75.23,0.6467
690,3917,car,481.3,0.52,531.29,31.84,0.4741
690,4518,bike,82.64,69.61,110.73,112.95,0.6325
690,4469,bike,745.82,51.02,800.91,130.33,0.5588
691,1,car,658.06,168.66,772.58,267.66,0.9054
691,170,car,554.76,158.12,643.26,245.03,0.9063
691,1378,car,586.38,249.34,700.67,365.53,0.9316
691,1402,bus,760.8,89.11,957.48,446.3,0.7877
691,4152,car,427.78,156.66,509.86,249.96,0.9154
691,4398,car,783.63,18.85,853.38,51.25,0.8975
691,4683,car,658.13,8.35,713.7,38.31,0.7636
691,4690,car,779.54,393.29,960.0,538.43,0.9479
691,4341,bike,571.47,14.17,592.45,50.46,0.7694
691,4728,car,588.02,0.62,634.3,26.9,0.8393
691,4738,car,914.13,13.57,958.44,45.57,0.6563
691,4748,bike,104.27,44.94,126.49,74.92,0.6141
691,3917,car,482.73,1.2,530.71,31.23,0.5073
691,4518,bike,84.97,68.88,113.67,113.68,0.593
692,1,car,658.19,168.49,772.72,267.53,0.9089
692,170,car,555.24,159.03,642.87,244.97,0.9
692,1378,car,586.2,249.24,700.44,365.28,0.9319
692,1402,bus,762.29,89.02,955.88,438.93,0.7899
692,4152,car,427.86,157.17,509.6,250.12,0.9141
692,4398,car,779.83,19.12,849.12,51.28,0.8499
692,4683,car,655.39,8.15,711.9,38.45,0.7204
692,4690,car,778.15,390.96,960.0,538.42,0.9504
692,4341,bike,571.81,14.52,592.54,50.12,0.7277
692,4728,car,587.76,0.61,633.74,26.76,0.8506
692,4738,car,913.5,13.05,958.68,45.54,0.6161
692,4748,bike,103.93,44.94,126.77,75.48,0.4032
692,3917,car,483.48,0.84,531.84,31.24,0.4005
692,4518,bike,87.39,67.22,116.09,112.63,0.245
692,4729,bike,748.5,4.7,763.82,26.02,0.369
692,4003,bike,858.15,54.35,897.92,98.99,0.2999
692,4469,bike,755.12,52.64,803.21,120.49,0.3351
693,1,car,658.47,168.59,772.74,267.39,0.9052
693,170,car,555.27,159.41,642.65,245.01,0.8986
693,1378,car,586.26,249.19,700.45,365.08,0.9298
693,1402,bus,762.92,88.88,955.58,435.68,0.7982
693,4152,car,427.73,156.26,509.99,249.96,0.9151
693,4398,car,776.21,19.11,844.94,51.09,0.8416
693,4683,car,653.87,8.26,710.67,38.54,0.7284
693,4690,car,777.04,389.19,960.0,538.44,0.9533
693,4341,bike,571.89,14.28,592.92,50.17,0.6958
693,4728,car,587.37,0.6,633.52,26.88,0.8213
693,4738,car,914.28,14.59,957.88,45.59,0.56
693,4748,bike,102.93,45.44,125.91,76.01,0.3113
693,3917,truck,484.58,0.97,532.05,30.82,0.3794
693,4821,car,485.2,1.48,530.84,30.68,0.33
693,4729,bike,748.02,4.21,763.59,26.12,0.3485
693,4003,bike,860.22,54.93,899.18,99.04,0.4677
694,1,car,658.45,168.75,772.36,267.16,0.9072
694,170,car,555.35,159.6,642.61,244.99,0.8996
694,1378,car,586.37,249.24,700.44,364.88,0.9304
694,1402,bus,762.93,88.96,955.61,434.45,0.8021
694,4152,car,427.87,156.85,509.59,249.99,0.914
694,4398,car,772.49,19.66,840.0,51.02,0.8627
694,4683,car,652.69,8.44,708.75,38.19,0.7145
694,4690,car,776.15,387.55,960.0,538.47,0.9482
694,4341,bike,572.0,13.82,593.59,50.48,0.5966
694,4728,car,586.86,0.66,632.28,26.56,0.7699
694,4738,car,914.47,14.96,957.95,45.62,0.6504
694,4748,bike,102.38,45.6,125.86,76.62,0.3668
694,4729,bike,747.54,3.37,763.68,26.36,0.375
694,4003,bike,862.19,54.69,901.75,99.66,0.3734
694,4518,bike,91.01,67.35,118.38,111.37,0.4845
695,1,car,658.59,168.77,772.26,266.89,0.9069
695,170,car,555.62,160.1,642.7,245.2,0.8987
695,1378,car,587.38,249.24,701.25,364.89,0.9318
695,1402,bus,762.7,89.0,955.57,433.45,0.7982
695,4152,car,427.68,156.41,509.71,250.05,0.915
695,4398,car,768.36,19.59,835.27,50.62,0.808
695,4683,car,651.12,8.25,707.17,37.91,0.7148
695,4690,car,775.13,385.52,960.0,538.51,0.9435
695,4341,bike,572.17,13.26,594.28,50.76,0.6792
695,4728,car,586.92,0.98,631.61,26.42,0.7001
695,4738,car,914.0,14.54,958.3,45.59,0.4826
695,4003,bike,864.13,53.6,903.26,98.5,0.5523
695,4518,bike,92.75,65.04,120.41,110.14,0.543
695,4469,bike,759.49,51.5,812.8,125.23,0.3469
695,3917,car,486.23,1.48,532.02,30.32,0.571
696,1,car,658.6,168.84,772.46,267.1,0.9069
696,170,car,555.35,159.33,643.29,245.32,0.9002
696,1378,car,587.91,249.36,700.9,364.1,0.9329
696,1402,bus,762.21,88.96,955.85,433.56,0.8112
696,4152,car,427.84,156.87,509.5,250.1,0.9164
696,4398,car,763.35,17.94,832.85,50.34,0.8779
696,4683,car,649.37,7.54,705.36,37.18,0.6707
696,4690,car,774.1,383.19,960.0,538.55,0.931
696,4341,bike,572.05,12.51,594.78,51.12,0.6588
696,4728,car,585.75,1.03,630.05,26.32,0.5869
696,4738,car,913.69,14.43,958.46,45.64,0.6845
696,4003,bike,866.53,53.38,905.96,98.93,0.5244
696,4518,bike,93.52,64.48,121.77,110.85,0.3088
696,3917,car,487.07,1.56,532.07,29.93,0.5482
697,1,car,658.53,168.88,772.72,267.45,0.9012
697,170,car,555.14,159.32,643.09,245.29,0.9009
697,1378,car,587.19,249.54,700.69,364.75,0.9326
697,1402,bus,762.16,89.02,955.75,432.25,0.8164
697,4152,car,427.88,157.54,509.05,250.11,0.9144
697,4398,car,759.54,17.78,829.15,50.26,0.8868
697,4683,car,646.82,6.94,703.75,37.11,0.5879
697,4690,car,773.4,381.37,960.0,538.61,0.9347
697,4341,bike,572.1,12.04,595.12,51.27,0.5907
697,4728,car,584.86,0.96,628.78,26.12,0.5565
697,4738,car,914.16,15.07,958.35,45.65,0.5371
697,4003,bike,868.25,54.11,908.79,101.05,0.3817
697,3917,car,487.73,1.67,532.03,29.64,0.587
698,1,car,658.06,168.98,772.91,268.2,0.9041
698,170,car,554.82,158.63,643.54,245.41,0.8992
698,1378,car,588.04,249.61,701.47,365.03,0.9341
698,1402,bus,762.28,89.08,955.53,430.32,0.8249
698,4152,car,427.6,157.04,509.29,250.23,0.9165
698,4398,car,755.89,17.46,824.96,49.79,0.876
698,4683,truck,642.48,2.98,705.11,36.66,0.4796
698,4690,car,772.67,379.83,960.0,538.56,0.9301
698,4341,bike,572.28,11.3,595.6,51.29,0.4285
698,4728,car,584.05,0.9,627.62,25.98,0.6068
698,4738,car,913.97,15.46,958.05,45.68,0.6367
698,4003,bike,869.72,54.37,908.89,100.1,0.5647
698,3917,car,488.08,1.66,532.01,29.42,0.6607
698,4518,bike,98.22,62.27,126.51,109.75,0.3739
699,1,car,658.2,169.1,772.79,268.08,0.907
699,170,car,554.47,158.41,643.55,245.6,0.9073
699,1378,car,586.96,249.65,701.07,365.77,0.9326
699,1402,bus,761.99,89.14,955.89,430.43,0.8241
699,4152,car,428.11,157.65,509.25,250.2,0.9108
699,4398,car,752.84,17.55,821.51,49.79,0.8894
699,4683,truck,638.47,1.33,703.33,36.53,0.458
699,4690,car,771.89,378.18,960.0,538.42,0.9342
699,4341,bike,572.7,10.87,596.09,51.23,0.4831
699,4728,car,583.23,0.6,627.3,26.03,0.673
699,4738,car,913.76,15.42,958.25,45.72,0.512
699,4003,bike,872.25,54.8,911.28,100.39,0.582
699,3917,car,488.75,1.56,532.2,29.13,0.6757
699,4851,car,640.53,1.51,698.39,36.13,0.458
700,1,car,658.48,169.19,772.75,267.93,0.905
700,170,car,554.42,158.48,643.41,245.62,0.902
700,1378,car,586.74,249.77,701.16,366.3,0.9314
700,1402,bus,761.96,89.22,955.66,428.9,0.8163
700,4152,car,428.14,157.61,509.19,250.03,0.9115
700,4398,car,749.71,17.15,818.77,49.75,0.9012
700,4683,car,636.25,1.76,699.51,36.01,0.4906
700,4690,car,771.05,377.12,960.0,538.61,0.9375
700,4341,bike,573.77,10.63,596.95,50.84,0.4513
700,4728,car,582.49,0.49,626.46,25.9,0.7487
700,4738,car,913.59,15.08,958.78,45.77,0.6049
700,4003,bike,873.8,54.44,913.15,100.36,0.3214
700,3917,car,489.41,1.39,532.61,28.93,0.694
700,4851,truck,639.74,1.19,698.48,36.32,0.4464
700,4469,bike,763.94,51.94,813.67,118.46,0.3465
701,1,car,658.55,169.41,772.51,267.82,0.903
701,170,car,554.5,158.49,643.45,245.67,0.903
701,1378,car,587.57,249.78,700.97,365.31,0.9343
701,1402,bus,761.49,89.08,956.19,429.52,0.8043
701,4152,car,427.94,157.32,509.16,249.92,0.9133
701,4398,car,746.19,16.8,815.14,49.48,0.8683
701,4683,car,633.56,1.76,696.23,35.55,0.463
701,4690,car,769.51,375.4,960.0,538.79,0.9292
701,4341,bike,574.44,10.78,597.55,51.01,0.5123
701,4728,car,581.46,0.59,625.08,25.84,0.6448
701,4738,car,912.79,14.26,959.33,45.84,0.6702
701,4003,bike,874.89,54.17,916.43,102.77,0.6609
701,3917,car,489.96,1.28,532.8,28.69,0.694
701,4851,truck,636.7,1.08,695.58,36.2,0.4603
701,4868,bike,406.85,64.88,454.66,115.33,0.4957
701,4518,bike,103.38,61.1,131.43,109.43,0.3255
702,1,car,658.6,169.53,772.59,267.96,0.9032
702,170,car,554.64,158.69,643.31,245.59,0.9002
702,1378,car,588.06,249.71,700.56,364.24,0.9341
702,1402,bus,762.18,89.21,955.35,425.4,0.8169
702,4152,car,427.61,156.57,509.52,250.04,0.9149
702,4398,car,740.95,14.79,813.27,49.46,0.8873
702,4683,truck,631.68,1.51,695.08,35.85,0.4365
702,4690,car,767.25,372.68,960.0,538.94,0.9277
702,4341,bike,575.19,10.89,598.19,50.96,0.5463
702,4728,car,581.1,0.93,623.77,25.67,0.6302
702,4738,car,912.91,14.26,959.51,45.86,0.6818
702,4003,bike,876.8,53.35,919.64,103.77,0.7509
702,3917,car,490.17,1.19,532.59,28.43,0.7148
702,4851,car,634.3,1.02,693.58,36.36,0.4814
702,4868,bike,408.66,63.66,456.4,114.1,0.6176
702,4878,car,689.33,0.0,724.57,20.47,0.4386
702,4518,bike,105.88,61.89,132.08,108.26,0.4939
703,1,car,658.58,169.85,772.19,267.86,0.9049
703,170,car,554.39,158.45,643.26,245.61,0.9001
703,1378,car,588.16,249.56,701.07,364.68,0.9355
703,1402,bus,764.36,89.44,953.06,415.02,0.8348
703,4152,car,427.67,157.12,509.39,250.42,0.9139
703,4398,car,738.05,14.71,809.94,49.47,0.8975
703,4690,car,766.13,370.28,960.0,539.08,0.9301
703,4341,bike,575.52,9.61,599.02,50.67,0.4759
703,4728,car,580.72,0.79,622.98,25.43,0.6214
703,4738,car,913.33,14.88,959.27,45.93,0.5635
703,4003,bike,878.33,52.34,921.26,103.21,0.7379
703,3917,car,490.54,1.24,532.66,28.39,0.6521
703,4851,car,634.35,2.74,690.15,35.81,0.6631
703,4868,bike,410.1,64.39,457.46,114.52,0.3678
703,4878,car,689.82,0.0,724.8,20.3,0.4253
703,4129,bike,208.39,75.71,233.71,132.11,0.633
704,1,car,658.39,169.82,772.08,267.85,0.9043
704,170,car,554.66,158.66,643.28,245.64,0.8962
704,1378,car,587.33,249.54,701.2,365.77,0.9339
704,1402,bus,765.15,89.61,952.14,409.45,0.8323
704,4152,car,428.56,159.62,508.36,250.43,0.9002
704,4398,car,734.34,14.05,807.08,49.6,0.9004
704,4690,car,764.6,368.46,960.0,539.31,0.9356
704,4341,bike,575.78,9.23,599.43,50.61,0.4885
704,4728,car,579.98,0.8,621.6,25.2,0.6429
704,4738,car,912.09,13.66,960.0,46.11,0.5176
704,4003,bike,880.69,53.88,922.61,103.63,0.7531
704,3917,car,490.9,1.22,532.68,28.21,0.6433
704,4851,car,634.17,3.33,688.72,35.57,0.6614
704,4878,car,690.48,0.0,725.18,20.09,0.3816
704,4129,bike,209.01,75.9,233.99,131.0,0.5608
705,1,car,658.55,169.85,771.98,267.56,0.9043
705,170,car,554.58,158.6,643.21,245.67,0.9002
705,1378,car,586.05,249.6,700.82,366.74,0.9345
705,1402,bus,765.15,89.74,951.99,406.68,0.8386
705,4152,car,428.48,159.79,508.27,250.39,0.9058
705,4398,car,731.72,13.98,803.26,49.28,0.8478
705,4690,car,763.17,366.46,960.0,539.43,0.9391
705,4341,bike,575.81,8.23,599.86,50.45,0.4646
705,4728,car,579.47,0.77,620.11,24.74,0.4804
705,4738,car,912.79,14.11,959.91,46.01,0.5788
705,4003,bike,882.55,54.13,924.18,103.6,0.8198
705,3917,car,491.25,1.26,532.67,28.04,0.59
705,4851,car,633.37,4.17,686.57,35.51,0.6979
705,4878,car,690.77,0.0,725.77,20.2,0.4228
705,4129,bike,209.42,75.99,234.6,130.09,0.2486
706,1,car,658.63,169.85,772.04,267.44,0.9051
706,170,car,554.45,158.11,643.51,245.76,0.9043
706,1378,car,586.52,250.03,700.52,366.35,0.9317
706,1402,bus,764.03,89.63,952.76,407.69,0.828
706,4152,car,428.57,160.33,508.19,250.5,0.903
706,4398,car,729.58,14.12,799.4,48.83,0.8496
706,4690,car,762.17,364.91,960.0,539.15,0.9372
706,4341,bike,575.93,8.33,599.88,50.48,0.4799
706,4728,car,582.64,1.48,620.59,24.21,0.3297
706,4738,car,913.16,14.93,959.15,45.9,0.5031
706,4003,bike,884.13,52.99,926.53,103.57,0.8251
706,3917,car,491.74,1.25,532.49,27.59,0.6041
706,4851,car,631.91,4.46,684.43,35.28,0.6965
706,4878,car,690.76,0.0,725.79,20.15,0.4448
707,1,car,658.68,169.86,772.23,267.5,0.9063
707,170,car,554.59,157.92,643.73,245.83,0.904
707,1378,car,585.4,250.1,700.59,367.65,0.9361
707,1402,bus,760.89,89.65,955.68,417.38,0.8247
707,4152,car,428.61,160.49,508.25,250.49,0.9014
707,4398,car,727.04,14.37,795.91,48.82,0.8778
707,4690,car,761.45,363.64,960.0,539.09,0.9315
707,4341,bike,576.0,8.59,599.86,50.62,0.4616
707,4728,car,582.63,1.63,619.74,24.04,0.3943
707,4738,car,912.71,14.92,958.89,45.88,0.5925
707,4003,bike,886.06,52.93,927.91,102.79,0.8485
707,3917,car,492.1,1.2,532.19,27.12,0.5816
707,4851,car,630.14,4.66,682.57,35.35,0.6868
707,4878,car,689.83,0.0,725.34,20.42,0.4533
707,4911,bike,801.3,47.92,838.26,87.29,0.4899
708,1,car,658.21,169.77,772.68,268.23,0.9067
708,170,car,553.9,156.73,644.07,245.89,0.9018
708,1378,car,585.65,250.06,700.79,367.61,0.9323
708,1402,bus,760.25,89.82,956.25,418.76,0.8353
708,4152,car,428.38,160.44,508.14,250.35,0.9055
708,4398,car,724.23,14.95,791.86,48.87,0.883
708,4690,car,760.02,361.92,960.0,538.83,0.9296
708,4341,bike,576.02,8.58,600.0,50.82,0.3821
708,4728,car,579.0,0.86,617.33,24.08,0.5762
708,4738,car,912.29,14.61,959.13,45.93,0.5645
708,4003,bike,887.22,52.2,930.23,103.77,0.8704
708,3917,car,492.38,1.02,532.41,26.9,0.6081
708,4851,car,628.28,5.2,680.07,35.49,0.6851
708,4878,car,688.93,0.0,724.69,20.57,0.4974
708,4911,bike,802.88,47.76,840.46,87.77,0.6548
708,4868,bike,411.74,64.1,462.55,118.03,0.2698
709,1,car,657.97,169.69,772.58,268.29,0.9066
709,170,car,554.0,156.69,644.14,245.99,0.9007
709,1378,car,586.39,249.96,700.39,366.24,0.93
709,1402,bus,760.72,89.77,956.0,416.34,0.8286
709,4152,car,427.84,158.68,509.06,250.39,0.9088
709,4398,car,721.37,14.6,788.18,48.3,0.8196
709,4690,car,759.0,360.04,960.0,538.92,0.931
709,4341,bike,577.17,10.62,600.32,51.03,0.4297
709,4728,car,576.64,0.29,615.92,24.17,0.759
709,4738,car,912.09,14.4,959.46,46.07,0.6588
709,4003,bike,889.57,52.62,932.29,104.14,0.8464
709,3917,car,492.87,0.9,532.58,26.57,0.4639
709,4851,car,626.89,5.06,678.17,35.08,0.6533
709,4878,car,688.63,0.0,724.26,20.48,0.4812
709,4911,bike,804.94,47.01,844.64,89.34,0.6875
710,1,car,658.27,170.13,772.25,268.09,0.908
710,170,car,553.83,156.36,644.11,246.0,0.9034
710,1378,car,586.18,249.9,700.39,366.42,0.9334
710,1402,bus,761.14,89.92,955.84,414.25,0.8261
710,4152,car,427.68,158.43,508.9,250.13,0.9078
710,4398,car,718.31,14.26,785.16,48.14,0.8125
710,4690,car,758.19,358.5,960.0,539.1,0.9383
710,4341,bike,577.87,11.34,600.64,50.85,0.3912
710,4728,car,575.61,0.1,614.91,24.06,0.757
710,4738,car,912.19,14.25,959.7,46.02,0.6011
710,4003,bike,892.25,54.14,933.24,103.5,0.7612
710,3917,car,493.2,0.83,532.76,26.45,0.4896
710,4851,car,624.96,4.58,676.56,34.87,0.6047
710,4878,car,688.43,0.0,724.06,20.43,0.5533
710,4911,bike,806.92,47.73,847.09,90.6,0.7204
710,4868,bike,414.16,62.89,464.5,116.69,0.518
711,1,car,658.39,170.34,771.8,267.63,0.9018
711,170,car,553.65,156.61,643.6,245.92,0.8895
711,1378,car,586.38,250.01,700.26,366.14,0.9364
711,1402,bus,758.1,89.81,958.73,424.49,0.8236
711,4152,car,428.11,159.27,508.75,250.22,0.9058
711,4398,car,715.86,14.0,782.37,47.87,0.9015
711,4690,car,758.13,357.14,960.0,539.04,0.9377
711,4341,bike,579.15,12.17,601.51,50.76,0.4494
711,4728,car,574.88,0.0,613.81,23.78,0.699
711,4738,car,911.79,14.02,959.76,46.09,0.6139
711,4003,bike,894.43,54.46,935.14,103.46,0.8088
711,3917,car,493.88,0.86,532.76,26.04,0.5077
711,4851,car,623.32,4.12,675.01,34.54,0.5931
711,4878,car,688.63,0.0,724.69,20.63,0.492
711,4911,bike,808.3,47.94,848.57,91.02,0.7973
711,4518,bike,127.27,62.54,149.7,103.36,0.5083
712,1,car,658.12,170.4,772.16,268.25,0.9057
712,170,car,552.96,156.86,642.94,245.94,0.8865
712,1378,car,586.62,250.17,700.14,365.83,0.9317
712,1402,bus,756.06,89.72,960.0,432.35,0.8247
712,4152,car,428.35,160.38,508.44,250.51,0.9034
712,4398,car,712.7,13.91,778.78,47.74,0.8998
712,4690,car,758.0,356.07,960.0,538.86,0.9357
712,4341,bike,580.1,12.76,602.26,50.84,0.4721
712,4728,car,574.55,0.01,612.85,23.43,0.6025
712,4738,car,911.59,14.0,959.66,46.11,0.6524
712,4003,bike,896.32,53.82,937.55,103.44,0.8118
712,3917,car,494.08,0.84,532.34,25.54,0.4064
712,4851,car,620.77,3.17,673.17,34.04,0.5866
712,4878,car,688.14,0.0,724.34,20.72,0.4945
712,4911,bike,810.84,47.9,851.02,90.89,0.6857
712,4518,bike,130.52,62.22,152.7,103.84,0.6431
712,4868,bike,418.15,62.34,467.5,115.73,0.5564
713,1,car,657.94,170.38,772.08,268.26,0.9052
713,170,car,553.87,157.66,643.14,245.96,0.8834
713,1378,car,586.76,250.18,699.71,365.03,0.9322
713,1402,bus,754.76,89.65,960.0,438.47,0.8308
713,4152,car,428.47,160.85,508.34,250.59,0.899
713,4398,car,710.31,13.79,775.7,47.41,0.8578
713,4690,car,757.76,355.27,960.0,538.51,0.933
713,4341,bike,580.95,12.87,603.05,50.77,0.5047
713,4728,car,574.36,0.0,611.94,22.95,0.5507
713,4738,car,911.64,14.2,959.52,46.12,0.6043
713,4003,bike,898.1,53.13,938.86,101.94,0.8305
713,3917,car,494.6,0.93,532.3,25.27,0.3355
713,4851,car,618.25,2.9,670.6,33.54,0.7326
713,4878,car,688.01,0.0,724.12,20.69,0.4018
713,4911,bike,813.17,47.94,852.92,90.38,0.6189
713,4518,bike,132.84,62.44,154.33,103.73,0.7252
713,4868,bike,420.56,62.31,468.14,114.16,0.5549
714,1,car,657.63,170.1,772.09,268.26,0.9027
714,170,car,554.04,157.61,643.52,246.1,0.8886
714,1378,car,586.12,250.17,700.01,365.97,0.9337
714,1402,bus,755.1,89.83,960.0,438.16,0.831
714,4152,car,427.62,158.93,509.19,250.72,0.9119
714,4398,car,708.05,14.05,772.11,47.0,0.8108
714,4690,car,756.93,354.65,960.0,538.94,0.9295
714,4341,bike,581.64,12.4,603.9,50.68,0.6166
714,4728,car,574.04,0.03,610.58,22.35,0.4932
714,4738,car,911.49,14.14,959.68,46.26,0.7085
714,4003,bike,899.69,52.25,940.44,101.36,0.6757
714,3917,car,494.76,0.89,532.41,25.23,0.4299
714,4851,car,618.71,3.07,671.04,33.91,0.6059
714,4878,car,687.87,0.0,723.97,20.74,0.4701
714,4911,bike,815.68,47.92,854.83,89.73,0.645
714,4518,bike,134.31,61.98,156.35,104.52,0.6663
714,4868,bike,421.66,63.26,469.17,115.33,0.3163
715,1,car,657.74,170.28,772.04,268.35,0.9048
715,170,car,554.3,157.7,643.49,245.97,0.8858
715,1378,car,585.53,250.26,699.66,366.09,0.9322
715,1402,bus,755.22,89.82,960.0,438.13,0.8412
715,4152,car,427.85,159.47,509.04,250.83,0.9066
715,4398,car,705.64,13.98,769.68,47.01,0.7962
715,4690,car,756.05,353.42,960.0,538.83,0.9296
715,4341,bike,582.41,12.66,604.38,50.41,0.5891
715,4728,car,573.54,0.0,609.33,21.79,0.5486
715,4738,car,911.64,14.15,959.82,46.27,0.6826
715,4003,bike,902.14,52.44,943.39,102.13,0.7573
715,3917,car,495.55,1.07,531.93,24.56,0.4946
715,4851,car,618.6,2.62,671.2,34.04,0.5215
715,4878,car,687.69,0.0,723.8,20.84,0.57
715,4911,bike,817.31,47.67,857.97,91.32,0.7076
715,4518,bike,137.19,61.34,159.36,104.03,0.5506
715,4868,bike,422.66,63.49,470.22,115.86,0.7686
716,1,car,657.68,170.27,772.14,268.49,0.9028
716,170,car,554.68,158.36,643.1,245.81,0.8818
716,1378,car,586.56,250.28,699.99,365.4,0.9341
716,1402,bus,755.23,90.0,960.0,438.76,0.8388
716,4152,car,428.05,160.3,508.71,250.94,0.9018
716,4398,car,702.49,13.55,766.74,46.9,0.781
716,4690,car,755.1,352.37,960.0,538.77,0.9285
716,4341,bike,583.01,12.32,605.22,50.37,0.4473
716,4728,car,573.26,0.0,608.4,21.34,0.5891
716,4738,car,910.88,13.84,959.57,46.24,0.4366
716,4003,bike,904.43,53.66,945.2,102.52,0.7095
716,3917,car,495.52,1.33,531.24,24.24,0.4268
716,4851,car,620.48,2.37,672.63,34.42,0.2999
716,4878,car,687.75,0.0,724.04,21.1,0.3025
716,4911,bike,819.59,47.99,859.89,91.36,0.7957
716,4518,bike,139.99,60.79,161.61,102.09,0.6581
716,4868,bike,423.93,64.05,470.72,115.64,0.7984
717,1,car,657.47,170.46,772.06,268.8,0.9036
717,170,car,554.29,158.75,642.56,245.89,0.8809
717,1378,car,586.8,250.16,699.79,364.7,0.9327
717,1402,bus,755.22,90.02,960.0,440.18,0.8378
717,4152,car,427.61,158.93,509.41,251.0,0.9085
717,4398,car,699.95,13.54,763.55,46.66,0.7387
717,4690,car,753.88,350.6,960.0,538.85,0.9267
717,4341,bike,583.67,12.09,605.94,50.19,0.4601
717,4728,car,572.2,0.0,608.13,21.86,0.523
717,4738,car,910.99,14.7,958.71,46.22,0.5339
717,4003,bike,906.03,53.58,947.21,102.77,0.7243
717,3917,car,495.41,1.47,530.62,23.91,0.4458
717,4851,bike,619.74,1.79,671.92,34.84,0.3283
717,4878,car,687.94,0.0,724.07,21.13,0.3182
717,4911,bike,822.61,48.37,862.95,91.73,0.5816
717,4518,bike,142.88,60.21,163.11,98.86,0.4483
717,4868,bike,424.84,63.96,471.44,115.31,0.7351
717,4961,bike,234.18,73.39,247.78,98.93,0.4015
717,4965,bike,190.08,86.88,215.39,136.81,0.5887
718,1,car,657.32,169.89,772.37,268.7,0.9073
718,170,car,554.72,159.02,642.77,245.92,0.8807
718,1378,car,585.44,250.19,699.43,365.63,0.9307
718,1402,bus,755.55,90.08,960.0,439.95,0.8404
718,4152,car,427.21,157.51,509.84,250.78,0.9111
718,4398,car,697.69,13.6,760.25,46.15,0.6438
718,4690,car,752.91,348.63,960.0,538.85,0.9304
718,4341,bike,583.98,12.19,606.27,50.17,0.4136
718,4728,car,572.89,0.08,606.91,20.61,0.3911
718,4738,car,911.37,14.77,959.15,46.27,0.5558
718,4003,bike,908.5,52.93,949.14,101.0,0.7116
718,3917,car,496.19,1.53,530.67,23.42,0.4546
718,4911,bike,824.36,47.92,864.57,91.17,0.5537
718,4518,bike,145.56,60.17,165.17,97.86,0.3466
718,4868,bike,426.62,63.92,471.66,113.35,0.4422
718,4961,bike,236.28,73.8,249.89,99.32,0.5395
718,4965,bike,187.91,86.28,213.55,136.95,0.7336
718,4683,car,605.65,1.67,661.64,32.05,0.4484
719,1,car,657.55,170.35,772.22,268.83,0.9041
719,170,car,554.97,158.82,643.11,245.86,0.8923
719,1378,car,585.37,250.09,700.26,366.59,0.9333
719,1402,bus,754.57,90.04,960.0,444.33,0.8293
719,4152,car,427.95,159.72,508.77,250.82,0.8908
719,4398,car,695.69,13.55,758.1,45.93,0.6658
719,4690,car,752.69,346.32,960.0,538.03,0.9295
719,4341,bike,584.11,11.96,606.76,50.49,0.3305
719,4728,rickshaw,571.95,0.58,606.64,21.56,0.2565
719,4738,car,912.04,15.26,959.04,46.13,0.597
719,4003,bike,909.57,51.14,950.88,99.93,0.715
719,3917,car,496.51,1.54,530.43,22.96,0.4857
719,4911,bike,827.62,47.94,865.89,88.99,0.5423
719,4518,bike,147.73,60.44,166.89,97.31,0.3256
719,4868,bike,427.32,64.26,472.49,113.7,0.2423
719,4961,bike,238.16,74.3,251.68,99.56,0.24
719,4965,bike,185.6,86.12,210.79,136.12,0.5225
719,4973,bike,231.27,86.96,261.28,149.4,0.4904
719,4683,car,602.91,2.44,656.86,31.32,0.3658
720,1,car,657.56,170.09,772.32,268.71,0.9041
720,170,car,554.48,158.79,642.73,245.87,0.8978
720,1378,car,585.72,250.09,700.25,366.34,0.933
720,1402,bus,754.5,89.98,960.0,445.2,0.8376
720,4152,car,427.83,159.81,508.56,250.79,0.8944
720,4398,car,692.53,13.47,755.01,45.98,0.7409
720,4690,car,752.66,344.72,960.0,537.4,0.9327
720,4341,bike,584.08,11.53,606.9,50.26,0.2767
720,4728,car,571.54,0.62,606.01,21.44,0.2333
720,4738,car,911.84,15.36,958.89,46.12,0.6101
720,4003,bike,911.05,50.27,952.52,99.34,0.5819
720,3917,car,497.41,1.55,530.49,22.36,0.4648
720,4911,bike,829.91,47.37,867.57,87.77,0.5182
720,4868,bike,426.31,64.78,474.28,117.48,0.3999
720,4973,bike,231.73,84.99,262.56,149.46,0.3053
720,4683,car,601.52,2.21,655.43,31.02,0.302
721,1,car,657.15,169.38,772.41,268.57,0.9053
721,170,car,554.29,158.66,642.73,245.91,0.8982
721,1378,car,584.23,249.99,700.42,368.09,0.9319
721,1402,bus,753.97,89.7,960.0,448.65,0.8314
721,4152,car,427.19,158.31,509.08,250.77,0.9002
721,4398,car,689.13,12.95,752.23,45.93,0.7483
721,4690,car,752.6,343.27,960.0,536.88,0.934
721,4341,bike,584.38,12.03,607.06,50.51,0.3423
721,4728,rickshaw,571.45,1.2,606.24,22.32,0.3334
721,4738,car,912.03,15.0,959.46,46.01,0.6667
721,4003,bike,914.04,51.22,954.56,99.19,0.2813
721,3917,car,498.24,1.52,530.2,21.5,0.4301
721,4911,bike,831.93,47.55,869.55,87.95,0.6583
721,4868,bike,426.65,64.11,475.63,118.16,0.2842
721,4518,bike,152.06,59.54,170.48,94.96,0.5255
722,1,car,657.35,169.52,772.24,268.42,0.9048
722,170,car,554.29,158.77,642.61,245.83,0.8964
722,1378,car,585.25,250.05,700.94,367.95,0.9348
722,1402,bus,754.2,89.6,960.0,448.84,0.8463
722,4152,car,427.04,157.72,509.18,250.68,0.8982
722,4398,car,686.43,12.87,749.25,45.78,0.8231
722,4690,car,752.13,341.91,960.0,536.67,0.9417
722,4341,bike,584.84,12.17,607.56,50.81,0.4292
722,4738,car,912.03,14.83,959.68,45.99,0.6022
722,4003,bike,916.33,52.25,956.64,99.81,0.2683
722,3917,car,498.9,1.45,530.22,20.96,0.5542
722,4911,bike,833.29,47.52,871.93,89.07,0.7831
722,4518,bike,153.37,59.76,172.71,97.08,0.5669
723,1,car,657.33,169.57,772.28,268.6,0.9061
723,170,car,554.53,158.81,642.74,245.75,0.8969
723,1378,car,583.99,249.92,700.73,369.04,0.9325
723,1402,bus,754.76,89.79,960.0,448.13,0.8398
723,4152,car,427.62,158.65,508.77,250.52,0.8942
723,4398,car,684.7,12.56,747.16,45.4,0.836
723,4690,car,751.68,340.39,960.0,536.19,0.9416
723,4341,bike,585.02,10.28,608.51,50.52,0.5802
723,4738,car,911.03,13.84,960.0,46.08,0.5125
723,4003,bike,918.76,52.14,958.33,98.55,0.3887
723,3917,car,499.05,1.56,529.99,20.72,0.48
723,4911,bike,835.34,47.77,874.58,89.84,0.7058
723,4729,bike,745.98,1.05,763.45,27.32,0.4555
723,4683,car,588.86,0.43,643.33,28.32,0.3694
724,1,car,657.62,169.64,771.92,268.1,0.9065
724,170,car,554.38,158.58,642.82,245.73,0.9005
724,1378,car,584.73,249.76,701.14,368.86,0.9356
724,1402,bus,755.37,89.63,960.0,446.58,0.8426
724,4152,car,427.5,158.16,508.94,250.51,0.8958
724,4398,car,681.78,11.88,744.39,45.0,0.8648
724,4690,car,750.86,339.6,960.0,536.41,0.9367
724,4341,bike,585.42,9.77,608.94,50.29,0.5771
724,4738,car,910.4,12.76,960.0,46.01,0.5146
724,4003,bike,919.37,51.55,960.0,99.92,0.4859
724,3917,car,498.98,1.48,529.84,20.43,0.6235
724,4911,bike,836.88,47.28,876.21,89.33,0.5965
724,4729,bike,745.21,0.86,762.97,27.78,0.2764
724,4683,car,587.92,0.42,643.55,28.36,0.3509
725,1,car,657.53,169.16,772.33,268.08,0.904
725,170,car,554.61,159.1,642.52,245.63,0.8972
725,1378,car,583.34,249.62,700.68,369.74,0.9245
725,1402,bus,755.06,89.6,960.0,448.62,0.8402
725,4152,car,427.32,157.83,508.97,250.59,0.8972
725,4398,car,678.94,11.46,741.43,44.72,0.8493
725,4690,car,749.99,338.36,960.0,536.91,0.9322
725,4341,bike,585.83,9.11,609.52,50.24,0.4968
725,4738,car,911.03,13.38,960.0,45.97,0.5543
725,4003,bike,919.85,49.84,960.0,100.41,0.2759
725,3917,car,499.29,1.52,529.91,20.11,0.559
725,4911,bike,839.33,47.29,879.64,90.45,0.623
725,4729,bike,745.24,0.83,762.79,27.71,0.2355
725,4683,car,588.19,0.46,645.22,29.28,0.4598
726,1,car,657.53,169.26,771.94,267.81,0.9048
726,170,car,554.69,158.94,642.75,245.61,0.8988
726,1378,car,583.76,249.45,700.67,369.32,0.9344
726,1402,bus,754.85,89.36,960.0,449.95,0.848
726,4152,car,427.15,156.9,509.44,250.67,0.9003
726,4398,car,675.64,10.99,738.34,44.47,0.8134
726,4690,car,748.65,336.05,960.0,537.09,0.9328
726,4341,bike,586.57,9.56,609.87,50.3,0.5562
726,4738,car,910.89,12.7,960.0,45.91,0.5474
726,4003,bike,922.4,51.11,960.0,99.89,0.3471
726,3917,car,499.4,1.59,529.72,19.77,0.5228
726,4911,bike,841.54,46.82,882.83,91.39,0.8169
726,4729,bike,744.51,0.56,762.4,27.72,0.2952
726,4683,car,589.98,0.98,647.43,30.46,0.4007
727,1,car,657.58,169.29,771.65,267.51,0.9034
727,170,car,554.7,158.74,642.79,245.44,0.8999
727,1378,car,584.48,249.45,700.45,368.5,0.9379
727,1402,bus,754.79,89.18,960.0,450.82,0.8418
727,4152,car,427.39,157.49,509.06,250.64,0.9022
727,4398,car,673.98,11.01,735.65,44.01,0.7888
727,4690,car,747.93,334.55,960.0,536.8,0.9282
727,4341,bike,587.76,10.96,609.96,50.03,0.6276
727,4738,car,910.44,11.86,960.0,45.81,0.537
727,4003,bike,925.14,53.11,960.0,99.14,0.337
727,3917,car,498.66,1.37,529.42,19.57,0.6087
727,4911,bike,842.51,45.65,885.13,92.16,0.8331
727,4729,bike,743.29,0.44,761.79,27.88,0.3824
727,5021,bus,297.28,2.68,337.66,42.65,0.3281
728,1,car,657.65,169.19,771.81,267.48,0.9032
728,170,car,554.7,158.84,642.69,245.35,0.8988
728,1378,car,584.19,249.26,700.37,368.61,0.938
728,1402,bus,755.39,89.08,960.0,448.81,0.8458
728,4152,car,427.8,158.18,508.73,250.51,0.8974
728,4398,car,671.63,10.45,733.17,43.49,0.7608
728,4690,car,746.57,333.32,960.0,537.34,0.9312
728,4341,bike,588.33,10.31,610.6,49.86,0.6381
728,4738,car,911.6,14.23,959.18,45.75,0.4819
728,4003,bike,926.44,54.84,960.0,100.7,0.5289
728,3917,car,498.75,1.3,529.56,19.28,0.5878
728,4911,bike,844.6,45.7,888.13,93.46,0.761
728,4729,bike,742.7,0.35,761.64,27.91,0.5032
728,5021,bus,296.77,2.13,337.77,42.74,0.3595
728,4868,bike,435.83,60.82,485.08,115.64,0.3496
728,4683,car,588.29,0.72,645.19,30.12,0.3123
729,1,car,657.51,168.99,771.75,267.36,0.9061
729,170,car,554.46,158.74,642.61,245.33,0.9005
729,1378,car,584.44,249.12,700.73,368.83,0.9331
729,1402,bus,755.27,88.92,960.0,449.8,0.8444
729,4152,car,427.57,157.17,508.93,250.14,0.9078
729,4398,car,669.75,10.49,730.61,43.26,0.8835
729,4690,car,745.94,332.55,960.0,537.88,0.9334
729,4341,bike,588.82,9.17,611.52,49.82,0.4881
729,4738,car,910.67,12.81,960.0,45.78,0.5527
729,4003,bike,929.08,56.16,960.0,99.11,0.3946
729,3917,car,498.47,1.43,528.78,18.76,0.5695
729,4911,bike,847.23,46.11,890.09,93.14,0.4905
729,4729,bike,742.5,0.37,761.7,27.81,0.4442
729,5021,bus,297.14,2.04,337.84,42.39,0.3025
729,4868,bike,438.38,61.64,485.91,114.4,0.3021
729,4683,car,586.51,0.64,641.75,29.65,0.3815
730,1,car,657.94,169.28,771.81,267.31,0.9057
730,170,car,554.63,158.52,642.89,245.24,0.9008
730,1378,car,584.99,249.25,700.55,368.3,0.9336
730,1402,bus,755.17,88.64,960.0,450.97,0.8411
730,4152,car,427.62,156.81,509.18,250.22,0.9054
730,4398,car,666.8,9.48,728.18,42.73,0.7496
730,4690,car,745.28,332.01,960.0,538.43,0.9312
730,4341,bike,589.19,8.44,612.22,49.75,0.4553
730,4738,car,910.86,12.7,960.0,45.65,0.6006
730,4003,bike,931.0,56.44,960.0,98.31,0.353
730,3917,car,499.29,1.21,529.24,18.1,0.4973
730,4911,bike,849.76,46.45,892.64,93.34,0.5382
730,5021,bus,296.26,1.22,337.23,41.94,0.2609
730,4868,bike,439.09,61.36,486.64,114.22,0.6892
730,4683,car,584.58,0.76,637.93,29.27,0.4763
731,1,car,657.86,169.06,771.82,267.1,0.9059
731,170,car,554.22,158.07,642.92,245.22,0.9017
731,1378,car,585.77,249.27,700.48,367.55,0.9311
731,1402,bus,755.3,88.61,960.0,450.82,0.8477
731,4152,car,427.67,157.45,508.7,250.29,0.9015
731,4398,car,664.49,9.62,724.86,42.4,0.8201
731,4690,car,744.06,331.26,960.0,538.68,0.9305
731,4341,bike,589.21,8.08,612.27,49.4,0.4285
731,4738,car,910.93,12.65,960.0,45.53,0.6761
731,4003,bike,932.46,56.64,960.0,98.56,0.3243
731,3917,car,499.55,1.32,529.06,17.67,0.4385
731,4911,bike,852.33,45.83,894.37,92.03,0.7407
731,5021,bus,296.39,1.08,337.32,41.78,0.2474
731,4868,bike,439.99,62.0,487.43,114.8,0.7764
731,4683,car,583.83,1.22,634.66,28.71,0.5327
731,4729,bike,742.95,0.33,762.54,28.47,0.3063
732,1,car,658.02,169.06,771.52,266.71,0.9039
732,170,car,554.2,157.69,643.06,245.01,0.9053
732,1378,car,585.99,249.18,700.26,367.09,0.929
732,1402,bus,755.42,88.48,960.0,450.85,0.8479
732,4152,car,428.07,158.16,508.12,249.83,0.8862
732,4398,car,662.76,9.66,722.53,42.18,0.8245
732,4690,car,742.59,329.95,960.0,538.81,0.9306
732,4341,bike,590.33,9.69,612.51,49.18,0.3307
732,4738,car,911.27,12.91,960.0,45.47,0.6554
732,4003,bike,934.65,55.78,960.0,97.2,0.3483
732,3917,car,500.26,1.52,529.0,17.16,0.2588
732,4911,bike,854.1,45.14,896.14,91.7,0.8034
732,5021,bus,296.68,1.55,337.48,42.14,0.2511
732,4868,bike,440.78,62.29,488.44,115.32,0.6558
732,4683,car,583.02,1.47,632.11,28.2,0.546
733,1,car,658.24,169.41,771.16,266.39,0.907
733,170,car,554.06,157.45,643.15,245.0,0.9108
733,1378,car,585.05,248.95,700.39,368.12,0.9323
733,1402,bus,755.54,88.19,960.0,450.89,0.847
733,4152,car,428.27,158.01,508.37,249.79,0.8928
733,4398,car,660.71,9.28,720.41,41.82,0.8123
733,4690,car,742.27,329.43,960.0,538.92,0.935
733,4341,bike,591.05,10.94,612.49,48.87,0.3176
733,4738,car,911.09,12.83,959.64,45.19,0.4868
733,3917,car,499.79,1.0,529.24,16.77,0.4503
733,4911,bike,856.02,44.73,898.2,91.66,0.8399
733,5021,bus,297.25,1.59,337.83,41.91,0.2475
733,4868,bike,441.49,62.34,489.6,115.85,0.4837
733,4683,car,582.1,1.23,630.18,27.51,0.5815
734,1,car,657.98,169.03,771.5,266.46,0.9051
734,170,car,553.99,157.66,643.04,245.15,0.9103
734,1378,car,584.76,248.9,700.24,368.25,0.9237
734,1402,bus,755.79,88.17,960.0,450.43,0.838
734,4152,car,428.04,157.16,508.51,249.47,0.901
734,4398,car,658.11,9.03,717.92,41.73,0.7491
734,4690,car,741.62,328.75,960.0,539.4,0.9391
734,4341,bike,592.03,12.33,612.56,48.43,0.4428
734,4738,car,911.21,12.98,959.64,45.22,0.4896
734,3917,car,500.37,0.62,529.94,16.27,0.3816
734,4911,bike,858.62,44.59,900.86,91.76,0.7111
734,5021,bus,297.3,1.89,337.32,41.59,0.2592
734,4868,bike,441.79,61.47,490.6,115.83,0.5682
734,4683,car,581.94,1.03,628.84,26.86,0.2787
735,1,car,658.41,169.18,771.46,266.12,0.9078
735,170,car,554.23,157.62,643.09,244.93,0.9062
735,1378,car,585.3,248.69,700.86,368.46,0.9195
735,1402,bus,755.97,88.22,960.0,450.46,0.8288
735,4152,car,428.15,157.14,508.55,249.43,0.9073
735,4398,car,655.63,8.84,715.05,41.44,0.8078
735,4690,car,740.8,327.8,960.0,539.69,0.9355
735,4341,bike,592.17,11.83,612.88,48.18,0.4589
735,4738,car,911.85,13.9,959.03,45.16,0.5776
735,3917,car,500.39,0.42,529.77,15.72,0.3921
735,4911,bike,860.79,44.5,902.85,91.71,0.7205
735,5021,bus,297.04,1.64,337.43,41.62,0.2696
735,4868,bike,442.52,61.05,492.01,116.35,0.4505
735,4683,bike,589.09,1.01,633.24,26.55,0.4952
736,1,car,658.23,168.85,771.5,265.94,0.9071
736,170,car,554.24,157.48,643.22,244.97,0.9092
736,1378,car,586.19,248.7,701.37,368.45,0.922
736,1402,bus,755.99,88.14,960.0,451.25,0.8385
736,4152,car,427.91,157.01,508.74,249.89,0.9016
736,4398,car,654.41,9.14,712.36,40.97,0.7174
736,4690,car,740.55,326.84,960.0,539.4,0.9381
736,4341,bike,592.72,10.76,613.81,47.82,0.5487
736,4738,car,910.62,13.21,958.92,45.07,0.4496
736,3917,car,500.77,0.23,530.24,15.41,0.4407
736,4911,bike,863.57,44.66,905.3,91.55,0.7655
736,5021,bus,297.01,1.7,337.43,41.62,0.3327
736,4868,bike,444.32,60.2,493.3,114.99,0.2954
737,1,car,657.95,168.71,771.45,265.93,0.9053
737,170,car,554.23,157.26,643.13,244.71,0.9115
737,1378,car,586.47,248.73,701.04,368.08,0.9261
737,1402,bus,756.22,88.17,960.0,450.59,0.8394
737,4152,car,428.28,157.3,508.66,249.73,0.9027
737,4398,car,652.02,8.95,709.9,40.72,0.5363
737,4690,car,740.66,326.01,960.0,538.74,0.9422
737,4341,bike,592.6,8.39,615.04,47.83,0.4574
737,4738,car,911.27,13.56,959.05,44.98,0.5513
737,3917,car,500.32,0.27,529.7,15.1,0.3394
737,4911,bike,865.57,45.07,907.25,92.05,0.6829
737,5021,bus,297.05,1.64,337.41,41.37,0.3051
737,4965,bike,161.78,86.37,186.81,137.02,0.4907
737,4683,car,577.6,0.73,619.97,24.46,0.4625
738,1,car,657.92,168.49,771.72,266.0,0.9074
738,170,car,554.14,157.33,643.02,244.75,0.9117
738,1378,car,586.58,248.45,700.95,367.84,0.9081
738,1402,bus,756.51,88.01,960.0,449.79,0.8482
738,4152,car,428.24,156.92,508.7,249.54,0.8972
738,4398,car,642.14,4.57,707.83,40.83,0.6785
738,4690,car,740.62,324.77,960.0,538.42,0.944
738,4341,bike,593.24,6.93,616.36,47.46,0.4345
738,4738,car,910.88,12.75,959.81,45.0,0.5048
738,3917,car,500.35,0.15,529.57,14.63,0.3204
738,4911,bike,867.58,44.32,909.21,91.45,0.8299
738,5021,bus,296.48,1.14,337.25,41.34,0.2478
738,4683,car,573.96,0.48,617.03,24.12,0.5844
738,4868,bike,447.94,59.15,495.41,112.19,0.4451
739,1,car,657.86,168.6,771.77,266.19,0.9085
739,170,car,554.15,157.41,642.74,244.5,0.911
739,1378,car,586.39,248.57,700.1,367.22,0.9071
739,1402,bus,757.05,87.83,959.57,447.76,0.8429
739,4152,car,428.31,156.67,508.82,249.58,0.895
739,4398,car,638.63,2.33,707.19,40.55,0.7832
739,4690,car,740.23,323.39,960.0,537.69,0.9406
739,4341,bike,593.92,6.02,617.42,47.04,0.4114
739,4738,car,911.46,13.6,959.43,45.1,0.4032
739,3917,car,499.73,0.16,529.1,14.39,0.285
739,4911,bike,870.02,44.53,910.83,90.76,0.7538
739,5021,bus,296.47,1.1,336.95,40.89,0.2991
739,4683,car,571.21,0.22,615.2,23.99,0.5907
739,5124,bike,268.09,68.7,280.27,95.03,0.4089
739,4868,bike,449.0,58.13,497.05,111.91,0.3724
740,1,car,657.9,168.64,771.53,265.91,0.9087
740,170,car,554.2,157.3,642.96,244.57,0.914
740,1378,car,588.03,248.36,700.39,365.74,0.9108
740,1402,bus,757.4,87.86,959.08,446.12,0.848
740,4152,car,428.52,156.95,508.7,249.55,0.8918
740,4398,car,637.21,1.34,705.78,40.04,0.7161
740,4690,car,740.21,322.48,960.0,536.86,0.9396
740,4341,bike,594.52,6.44,617.58,46.57,0.4588
740,4738,car,910.27,12.28,960.0,45.04,0.4337
740,3917,car,499.78,0.02,529.7,14.3,0.3463
740,4911,bike,871.36,43.85,912.58,90.64,0.7314
740,5021,bus,296.46,0.87,337.25,40.83,0.3941
740,4683,car,570.56,0.14,615.37,24.33,0.5799
740,4868,bike,449.78,57.98,498.16,112.42,0.726
741,1,car,657.83,168.51,771.57,265.87,0.9089
741,170,car,554.25,157.28,643.18,244.74,0.9122
741,1378,car,588.42,248.26,700.52,365.54,0.9133
741,1402,bus,757.25,87.89,959.34,446.95,0.8466
741,4152,car,428.63,157.06,508.52,249.44,0.8944
741,4398,car,636.3,1.02,704.15,39.82,0.7331
741,4690,car,740.12,321.53,960.0,535.59,0.9374
741,4341,bike,595.03,7.22,617.62,46.53,0.6435
741,4738,car,910.74,12.72,959.79,44.99,0.5912
741,3917,car,500.68,0.0,530.39,13.99,0.261
741,4911,bike,873.25,43.59,914.49,90.55,0.8328
741,5021,bus,296.29,0.75,337.31,40.76,0.3129
741,4683,car,568.53,0.0,613.77,24.25,0.6784
741,4868,bike,450.22,58.32,498.94,113.53,0.8594
741,5124,bike,271.59,69.03,283.4,94.39,0.5021
742,1,car,658.11,168.74,771.72,265.96,0.9073
742,170,car,554.12,157.43,643.02,244.86,0.9108
742,1378,car,588.33,248.28,700.52,365.81,0.9171
742,1402,bus,757.68,87.88,958.79,444.93,0.8555
742,4152,car,428.45,157.97,507.83,249.71,0.8834
742,4398,car,634.98,0.77,701.08,38.98,0.6942
742,4690,car,740.27,320.5,960.0,533.63,0.9355
742,4341,bike,595.59,7.17,617.96,46.28,0.5626
742,4738,car,911.76,13.51,959.47,44.83,0.5594
742,3917,car,501.54,0.0,530.95,13.73,0.3506
742,4911,bike,876.2,43.79,916.84,90.17,0.8211
742,5021,bus,296.39,0.68,337.58,40.72,0.289
742,4683,car,566.98,0.0,612.13,24.07,0.6508
742,4868,bike,451.07,57.82,499.68,113.28,0.8189
742,5124,bike,273.49,69.02,285.38,94.38,0.4898
743,1,car,658.43,168.82,771.87,265.91,0.9073
743,170,car,554.28,157.24,643.24,244.77,0.9111
743,1378,car,588.8,248.12,700.6,365.43,0.9101
743,1402,bus,757.72,87.91,958.91,444.99,0.8456
743,4152,car,428.45,158.17,507.76,249.81,0.8861
743,4398,car,634.12,1.53,698.68,39.29,0.7724
743,4690,car,740.27,319.42,960.0,532.0,0.9338
743,4341,bike,596.41,7.32,618.55,46.08,0.6734
743,4738,car,911.36,13.26,959.45,44.77,0.4842
743,4911,bike,878.45,44.05,918.5,89.84,0.829
743,5021,bus,296.59,0.83,337.77,40.67,0.4143
743,4683,car,566.13,0.0,610.64,23.54,0.6452
743,4868,bike,452.19,58.04,500.29,113.19,0.7895
744,1,car,658.38,168.94,771.87,266.08,0.9059
744,170,car,554.48,157.29,643.35,244.77,0.9108
744,1378,car,587.82,248.03,700.26,366.01,0.9114
744,1402,bus,757.9,87.84,958.69,444.0,0.847
744,4152,car,428.99,157.76,508.08,249.16,0.8841
744,4398,car,634.1,4.73,693.58,39.53,0.7601
744,4690,car,740.11,318.58,959.7,530.93,0.931
744,4341,bike,597.16,7.46,619.06,45.84,0.6053
744,4738,car,910.61,12.14,960.0,44.87,0.5553
744,4911,bike,880.75,43.79,920.95,89.71,0.8552
744,5021,bus,296.61,0.87,337.82,40.67,0.4536
744,4683,car,565.38,0.0,609.99,23.49,0.6636
744,4868,bike,452.8,58.28,501.13,113.97,0.6954
744,5162,rickshaw,565.02,0.63,612.94,24.24,0.334
744,4878,car,690.29,0.0,724.17,19.38,0.3762
744,5124,bike,276.39,69.3,288.59,95.24,0.2677
745,1,car,657.86,168.53,771.89,266.13,0.9074
745,170,car,554.34,157.41,643.29,244.98,0.9109
745,1378,car,587.74,248.05,700.14,365.94,0.9105
745,1402,bus,757.89,87.89,958.67,443.79,0.8409
745,4152,car,428.91,158.56,507.9,249.68,0.8868
745,4398,car,632.68,4.89,690.62,38.8,0.7073
745,4690,car,739.99,317.99,959.41,530.03,0.9311
745,4341,bike,598.02,8.15,619.47,45.78,0.592
745,4738,car,910.11,11.78,960.0,45.05,0.5133
745,4911,bike,882.24,43.04,922.96,89.74,0.806
745,5021,bus,296.62,0.95,337.78,40.58,0.3185
745,4683,car,564.44,0.02,608.26,23.13,0.5986
745,4868,bike,454.05,57.72,502.48,113.95,0.4572
745,5162,rickshaw,564.29,0.71,611.17,23.83,0.2908
745,5170,bike,486.64,122.38,516.44,182.65,0.3706
745,5171,bike,5.87,87.59,44.52,136.99,0.4566
745,4878,car,690.01,0.0,724.25,19.3,0.3548
745,4965,bike,153.6,88.76,178.61,136.89,0.2879
746,1,car,657.93,168.45,772.09,266.26,0.907
746,170,car,554.72,157.59,643.5,245.06,0.9075
746,1378,car,588.75,248.51,700.41,365.68,0.9109
746,1402,bus,758.04,88.05,958.44,443.03,0.8529
746,4152,car,428.99,158.95,507.83,249.71,0.8871
746,4398,car,631.21,6.05,687.54,38.94,0.7235
746,4690,car,739.57,317.13,959.48,529.55,0.9336
746,4341,bike,598.76,9.38,619.78,46.06,0.6557
746,4738,car,911.25,12.43,960.0,44.98,0.5065
746,4911,bike,884.49,43.42,924.77,89.71,0.7734
746,5021,bus,296.42,0.88,337.92,40.8,0.3225
746,4683,car,563.39,0.03,606.17,22.55,0.5689
746,5171,bike,8.03,90.26,43.47,135.61,0.3476
746,4878,car,689.88,0.0,724.49,19.53,0.2163
746,4965,bike,151.78,88.32,177.55,137.77,0.6292
746,5124,bike,279.26,69.24,292.08,96.46,0.2359
747,1,car,657.98,168.79,771.96,266.48,0.9044
747,170,car,554.63,157.68,643.36,245.13,0.9078
747,1378,car,588.97,248.72,700.33,365.56,0.916
747,1402,bus,758.46,88.06,958.09,441.2,0.8366
747,4152,car,429.17,159.41,507.73,249.66,0.8825
747,4398,car,627.9,5.4,685.16,38.9,0.3922
747,4690,car,739.56,316.55,959.43,528.82,0.9317
747,4341,bike,599.11,9.74,620.15,46.33,0.628
747,4738,car,910.99,11.81,960.0,45.02,0.4906
747,4911,bike,887.17,43.62,926.86,89.15,0.7201
747,5021,bus,296.49,0.87,338.08,40.81,0.328
747,4683,car,561.95,0.0,604.02,22.13,0.6039
747,5171,bike,9.12,89.89,46.21,137.28,0.4966
747,4965,bike,149.89,87.98,175.38,137.42,0.2457
747,5124,bike,280.67,68.53,293.74,96.06,0.2756
747,4868,bike,455.94,59.22,503.65,114.96,0.403
748,1,car,658.2,168.8,772.09,266.46,0.9094
748,170,car,554.53,157.59,643.39,245.19,0.9111
748,1378,car,589.14,248.6,701.0,366.15,0.9101
748,1402,bus,758.23,87.99,958.58,442.27,0.8348
748,4152,car,428.44,159.16,507.49,249.97,0.8861
748,4398,bike,629.98,4.57,686.91,38.6,0.4863
748,4690,car,740.42,315.63,959.12,526.56,0.9334
748,4341,bike,599.66,9.49,620.81,46.17,0.4921
748,4738,car,912.54,13.59,959.86,45.0,0.4072
748,4911,bike,889.77,42.18,928.2,86.15,0.7854
748,5021,bus,296.84,1.06,338.17,40.6,0.2817
748,4683,car,560.95,0.0,602.25,21.69,0.5417
748,5171,bike,12.2,89.62,48.35,135.61,0.6338
748,4965,bike,148.29,87.39,173.4,136.88,0.3494
748,4868,bike,457.27,60.61,505.17,116.74,0.3134
749,1,car,658.47,169.12,772.06,266.52,0.9083
749,170,car,554.38,157.41,643.47,245.31,0.9136
749,1378,car,588.79,248.61,700.4,365.84,0.919
749,1402,bus,757.32,87.99,959.33,445.42,0.8391
749,4152,car,428.36,159.1,507.42,249.86,0.8852
749,4398,car,625.93,5.13,681.5,38.36,0.6719
749,4690,car,739.6,315.01,959.25,526.72,0.9339
749,4341,bike,600.44,10.51,621.04,46.0,0.5535
749,4738,car,911.12,11.44,960.0,44.95,0.4594
749,4911,bike,892.07,42.13,930.27,85.74,0.7203
749,5021,bus,296.77,1.01,338.45,40.99,0.321
749,4683,car,560.04,0.09,600.85,21.57,0.605
749,5171,bike,14.01,89.19,50.36,135.22,0.6954
749,4868,bike,458.43,60.38,507.91,118.95,0.2455
749,5205,bike,307.45,45.94,326.78,78.81,0.3645
750,1,car,658.39,169.03,771.99,266.45,0.9056
750,170,car,554.64,157.88,643.17,245.18,0.9099
750,1378,car,589.66,248.81,700.44,365.19,0.9208
750,1402,bus,757.08,88.03,959.47,446.33,0.8425
750,4152,car,428.32,159.33,507.17,249.79,0.8858
750,4398,car,623.36,5.57,678.16,38.26,0.7864
750,4690,car,739.17,314.29,959.11,526.1,0.9331
750,4341,bike,601.21,11.52,621.33,46.0,0.6426
750,4738,car,912.15,13.02,960.0,45.13,0.4241
750,4911,bike,895.57,43.5,931.45,83.71,0.611
750,5021,bus,296.92,1.06,338.68,41.06,0.2898
750,4683,car,559.84,0.01,599.51,20.88,0.662
750,5171,bike,14.55,89.36,51.5,135.94,0.753
750,4868,bike,462.32,59.39,508.28,113.7,0.6722
750,5205,bike,305.39,46.81,326.7,83.2,0.4269
750,4878,car,689.27,0.0,724.56,19.88,0.2785
751,1,car,658.54,169.11,771.89,266.31,0.9073
751,170,car,554.91,157.98,643.19,245.01,0.9066
751,1378,car,589.73,248.6,700.56,365.09,0.9225
751,1402,bus,756.27,87.87,960.0,449.57,0.8386
751,4152,car,428.7,159.7,507.68,250.07,0.8984
751,4398,car,620.37,5.03,675.81,38.15,0.7041
751,4690,car,738.58,313.54,958.88,525.45,0.9318
751,4341,bike,602.01,11.89,622.08,46.16,0.6639
751,4738,car,911.71,12.93,960.0,45.37,0.3973
751,4911,bike,897.3,43.03,933.79,83.46,0.3568
751,5021,bus,296.35,0.89,338.49,41.29,0.3536
751,4683,car,559.14,0.0,598.13,20.43,0.5449
751,5171,bike,16.3,88.42,54.01,135.83,0.7447
751,4868,bike,463.67,58.85,509.04,112.59,0.7626
751,5205,bike,304.98,46.49,324.45,79.84,0.4523
751,5223,bike,749.9,0.52,774.92,30.29,0.6329
751,4878,car,689.23,0.0,724.54,19.83,0.2475
752,1,car,658.1,169.17,771.88,266.75,0.9045
752,170,car,554.69,157.98,643.16,245.15,0.9108
752,1378,car,589.68,248.58,700.18,364.69,0.9129
752,1402,bus,756.69,88.32,959.87,448.92,0.8555
752,4152,car,428.48,158.71,508.3,249.96,0.9055
752,4398,car,618.11,6.42,672.53,38.82,0.7494
752,4690,car,738.05,312.81,958.73,524.81,0.9265
752,4341,bike,602.15,12.1,622.23,46.32,0.6239
752,4738,car,911.72,12.47,960.0,45.27,0.528
752,4911,bike,897.02,42.07,937.55,87.15,0.4696
752,5021,bus,296.36,0.76,338.37,41.02,0.2791
752,4683,car,558.64,0.12,596.88,20.07,0.519
752,5171,bike,19.37,89.01,54.98,133.59,0.5863
752,4868,bike,463.08,59.51,510.73,116.43,0.7604
752,5205,bike,303.75,46.77,323.37,80.51,0.3477
752,5223,bike,750.02,0.52,774.46,29.57,0.5743
752,4878,car,689.08,0.0,724.5,19.88,0.2922
752,4518,bike,223.23,55.49,243.83,95.44,0.5981
752,5124,bike,288.47,68.37,301.22,94.98,0.2424
753,1,car,657.84,168.93,772.13,267.04,0.9077
753,170,car,554.77,158.19,643.08,245.15,0.9102
753,1378,car,589.46,248.64,700.16,364.89,0.9208
753,1402,bus,755.54,88.34,960.0,453.96,0.8479
753,4152,car,428.2,157.8,508.83,250.01,0.9062
753,4398,car,613.19,3.97,671.32,38.56,0.6308
753,4690,car,738.77,312.17,958.67,523.15,0.9241
753,4341,bike,602.1,11.9,622.47,46.6,0.5506
753,4738,car,912.63,13.59,959.86,45.27,0.5178
753,5021,bus,296.26,0.61,338.37,40.96,0.3353
753,4683,car,557.53,0.05,595.92,20.07,0.4587
753,5171,bike,21.3,88.95,58.07,134.59,0.5912
753,4868,bike,464.95,59.8,511.33,115.33,0.7159
753,5205,bike,302.81,47.12,322.87,81.84,0.3716
753,5223,bike,750.22,0.57,774.35,29.11,0.5403
753,4878,car,689.11,0.0,724.46,19.8,0.2658
753,5124,bike,289.68,68.15,302.83,95.71,0.2524
754,1,car,658.03,169.35,772.16,267.32,0.9051
754,170,car,554.55,157.9,643.31,245.3,0.9115
754,1378,car,589.86,248.8,700.48,365.0,0.9128
754,1402,bus,754.57,88.61,960.0,459.36,0.8397
754,4152,car,428.16,157.71,508.93,250.12,0.8948
754,4398,car,612.8,4.23,670.82,39.0,0.7066
754,4690,car,738.99,311.64,958.54,521.97,0.9189
754,4341,bike,602.31,11.66,622.87,46.78,0.5175
754,4738,car,911.8,13.05,959.86,45.28,0.4903
754,5021,bus,296.6,0.86,338.66,41.09,0.3583
754,4683,car,556.53,0.01,594.26,19.64,0.4301
754,5171,bike,23.02,90.56,59.5,135.23,0.6368
754,4868,bike,466.31,59.87,512.98,116.36,0.7958
754,5205,bike,300.65,47.71,323.78,88.29,0.3003
754,5223,bike,750.69,0.51,774.61,28.71,0.5267
754,4878,car,689.1,0.0,724.45,19.79,0.2832
754,4911,bike,902.03,42.44,941.31,86.31,0.4776
755,1,car,658.08,169.43,772.11,267.36,0.9054
755,170,car,554.71,157.95,643.42,245.32,0.9102
755,1378,car,589.96,248.92,700.49,365.01,0.9254
755,1402,bus,755.32,88.75,960.0,457.82,0.8423
755,4152,car,428.42,158.04,508.75,249.87,0.8969
755,4398,car,611.65,3.75,668.89,37.96,0.6876
755,4690,car,739.55,311.57,958.02,520.41,0.9215
755,4341,bike,602.47,11.38,622.89,46.51,0.4
755,4738,car,911.5,12.17,960.0,45.24,0.6161
755,5021,bus,296.73,1.0,338.91,41.32,0.3973
755,4683,car,555.43,0.01,592.89,19.46,0.5585
755,5171,bike,25.26,89.69,61.3,133.53,0.6566
755,4868,bike,468.89,59.82,513.91,114.72,0.7106
755,5223,bike,750.87,0.4,775.38,29.15,0.6933
755,4878,car,689.28,0.0,725.36,20.41,0.2244
755,4911,bike,904.0,42.14,944.53,87.57,0.6697
756,1,car,657.8,169.3,772.14,267.53,0.9053
756,170,car,554.8,157.93,643.54,245.34,0.908
756,1378,car,587.83,249.07,699.79,366.37,0.9166
756,1402,bus,756.49,88.67,960.0,453.78,0.848
756,4152,car,428.17,158.73,508.12,250.12,0.8946
756,4398,car,610.95,3.93,667.49,37.79,0.6451
756,4690,car,739.03,311.23,958.44,520.71,0.9217
756,4341,bike,602.95,12.01,623.09,46.84,0.614
756,4738,car,911.68,12.48,960.0,45.2,0.4174
756,5021,bus,296.78,0.95,339.28,41.59,0.4147
756,4683,car,554.2,0.25,590.94,19.25,0.4554
756,5171,bike,26.89,89.7,62.74,132.99,0.6828
756,4868,bike,470.54,59.95,514.27,113.52,0.6651
756,5223,bike,750.78,0.37,775.55,29.26,0.5434
756,4878,car,689.28,0.0,725.49,20.64,0.3026
756,4911,bike,906.74,40.87,946.39,85.24,0.5705
756,4518,bike,236.3,55.36,255.15,92.8,0.3828
756,5205,bike,297.05,47.84,322.28,92.43,0.2597
757,1,car,657.66,169.0,772.55,267.83,0.9052
757,170,car,554.75,157.99,643.45,245.32,0.9063
757,1378,car,588.81,249.34,700.2,366.05,0.921
757,1402,bus,756.18,88.94,960.0,456.2,0.8376
757,4152,car,428.26,159.02,508.04,250.23,0.8918
757,4398,car,611.4,3.12,668.25,37.39,0.5914
757,4690,car,738.52,310.99,958.57,520.81,0.9208
757,4341,bike,603.53,12.18,623.63,46.99,0.6887
757,4738,car,911.21,11.6,960.0,45.2,0.526
757,5021,bus,296.99,0.99,339.55,41.75,0.3979
757,4683,car,553.02,0.43,589.16,19.01,0.5988
757,5171,bike,28.51,90.66,63.93,132.78,0.7309
757,4868,bike,470.75,59.84,514.77,114.07,0.5962
757,5223,bike,750.08,0.34,774.74,28.76,0.3587
757,4878,car,689.27,0.0,725.6,20.86,0.2154
757,4911,bike,907.54,39.32,949.63,86.89,0.6922
757,4518,bike,238.58,52.64,258.05,91.46,0.6708
757,5205,bike,296.1,47.94,320.98,92.33,0.4835
758,1,car,657.67,168.76,772.72,267.89,0.9077
758,170,car,554.8,158.23,643.42,245.46,0.9051
758,1378,car,588.42,249.49,699.98,366.33,0.9189
758,1402,bus,756.85,89.17,959.91,453.96,0.8454
758,4152,car,428.44,159.65,507.71,250.14,0.8859
758,4398,car,609.59,2.82,667.08,37.35,0.4787
758,4690,car,738.51,310.72,958.4,520.06,0.9191
758,4341,bike,603.96,12.24,623.72,46.46,0.5778
758,4738,car,911.07,10.99,960.0,45.13,0.4943
758,5021,bus,296.79,1.23,339.38,42.04,0.2886
758,4683,car,552.24,0.59,587.81,18.79,0.6377
758,5171,bike,30.06,90.06,66.65,133.34,0.7284
758,4868,bike,472.06,60.76,516.01,114.7,0.7368
758,5223,bike,750.8,0.34,775.95,28.96,0.2613
758,4878,car,689.26,0.0,725.5,20.96,0.2425
758,4911,bike,909.79,40.19,951.49,87.59,0.4528
758,4518,bike,241.1,53.4,260.12,90.87,0.6137
758,5205,bike,295.54,47.89,318.32,89.03,0.4174
758,5262,bike,62.02,69.16,90.47,105.58,0.4812
759,1,car,657.73,168.72,773.18,268.35,0.909
759,170,car,554.79,158.59,643.23,245.52,0.9023
759,1378,car,589.67,249.43,700.01,364.9,0.924
759,1402,bus,755.66,89.21,960.0,459.57,0.8366
759,4152,car,428.26,159.64,507.8,250.45,0.8886
759,4398,car,609.1,3.06,665.79,36.8,0.3019
759,4690,car,738.29,310.24,958.12,519.12,0.9187
759,4341,bike,604.24,11.8,624.11,46.03,0.5422
759,4738,car,912.03,12.32,959.9,44.88,0.4541
759,5021,bus,296.2,1.02,339.3,42.49,0.264
759,4683,car,551.25,0.4,586.8,18.51,0.6958
759,5171,bike,31.32,90.04,68.13,133.47,0.7065
759,4868,bike,474.08,61.2,517.54,114.36,0.6389
759,5223,bike,751.22,0.39,776.42,28.56,0.3021
759,4878,car,689.32,0.0,725.33,20.96,0.2666
759,4911,bike,911.92,39.25,953.2,86.54,0.5942
759,4518,bike,243.16,55.71,261.39,91.01,0.5822
759,5205,bike,295.39,49.98,318.13,91.62,0.4104
759,5262,bike,62.14,69.75,89.64,104.89,0.2788
760,1,car,657.52,168.71,773.13,268.61,0.9019
760,170,car,554.99,158.97,643.02,245.38,0.9027
760,1378,car,589.98,249.66,700.18,364.99,0.9324
760,1402,bus,756.21,89.24,960.0,458.22,0.8338
760,4152,car,428.28,160.14,507.76,250.81,0.8839
760,4398,car,609.34,3.92,661.66,35.97,0.4236
760,4690,car,738.23,309.96,958.03,518.4,0.9224
760,4341,bike,603.79,11.76,623.69,45.68,0.6466
760,4738,car,911.2,10.73,960.0,44.77,0.5505
760,5021,bus,296.33,1.15,339.33,42.75,0.2228
760,4683,car,550.42,0.27,585.69,18.11,0.5649
760,5171,bike,32.79,87.68,71.46,132.92,0.5361
760,4868,bike,475.85,62.06,518.53,114.04,0.5559
760,4878,car,689.13,0.0,725.09,21.02,0.3781
760,4911,bike,913.77,39.04,955.3,86.95,0.6602
760,4518,bike,245.38,57.8,263.1,91.35,0.609
760,5205,bike,294.87,50.95,317.13,92.48,0.6023
761,1,car,657.57,169.11,772.96,268.89,0.9081
761,170,car,554.95,158.66,643.46,245.56,0.9022
761,1378,car,590.12,249.5,700.48,365.05,0.9293
761,1402,bus,756.64,89.48,960.0,457.31,0.8383
761,4152,car,428.25,159.82,507.97,250.78,0.8835
761,4398,car,606.55,4.43,656.84,35.72,0.4317
761,4690,car,738.13,309.76,957.83,517.65,0.9222
761,4341,bike,602.86,10.11,623.81,45.41,0.4342
761,4738,car,911.66,11.51,960.0,45.4,0.3773
761,5021,bus,296.42,1.1,339.27,42.73,0.2142
761,4683,car,549.57,0.27,584.44,17.73,0.4896
761,5171,bike,34.9,88.15,72.76,132.48,0.5423
761,4868,bike,475.46,62.74,519.3,115.91,0.7239
761,4878,car,689.08,0.0,725.07,21.13,0.4476
761,4911,bike,914.93,39.52,958.63,90.42,0.5117
761,4518,bike,249.04,58.2,266.32,90.78,0.5552
761,5205,bike,294.0,50.21,315.18,90.23,0.5721
761,5281,bike,301.0,80.03,320.98,132.44,0.3462
761,5284,bike,480.35,4.87,506.82,40.01,0.4069
762,1,car,657.45,169.12,772.87,268.96,0.9097
762,170,car,554.91,158.86,643.24,245.55,0.8989
762,1378,car,590.33,249.58,700.27,364.63,0.9329
762,1402,bus,756.58,89.75,960.0,457.84,0.8447
762,4152,car,427.91,159.6,507.76,250.65,0.8832
762,4398,rickshaw,605.21,5.11,653.7,35.72,0.4742
762,4690,car,737.71,309.4,957.86,517.31,0.9232
762,4341,bike,603.6,9.82,624.72,45.15,0.4021
762,4738,car,911.3,10.74,960.0,45.47,0.5339
762,5021,bus,296.27,1.18,339.13,43.06,0.3305
762,4683,car,548.39,0.23,583.11,17.47,0.4428
762,5171,bike,35.81,85.87,76.04,133.27,0.6125
762,4868,bike,474.98,63.28,520.18,118.01,0.7243
762,4878,car,688.9,0.0,724.99,21.26,0.4756
762,4911,bike,917.87,38.57,959.81,87.46,0.4537
762,4518,bike,251.78,57.08,269.21,89.79,0.4433
762,5205,bike,293.5,50.48,315.31,92.17,0.6366
762,5281,bike,303.12,81.94,323.13,134.17,0.5435
762,5284,bike,481.19,4.68,506.9,38.83,0.3502
762,5223,bike,750.86,0.39,776.22,28.27,0.3108
763,1,car,657.36,168.77,773.16,269.05,0.9101
763,170,car,554.86,158.96,643.28,245.74,0.9014
763,1378,car,590.23,249.57,700.06,364.4,0.9322
763,1402,bus,756.6,89.79,959.75,457.87,0.8448
763,4152,car,428.0,159.48,508.09,250.85,0.8786
763,4398,car,602.09,4.73,650.21,35.33,0.4909
763,4690,car,737.64,309.32,957.84,516.84,0.9238
763,4341,bike,605.34,10.15,626.18,45.06,0.466
763,4738,car,911.07,10.41,960.0,45.48,0.6392
763,5021,bus,296.07,1.33,338.92,43.37,0.3305
763,4683,car,547.27,0.19,581.69,17.15,0.3696
763,5171,bike,36.18,75.92,84.05,132.91,0.6803
763,4868,bike,476.34,63.74,521.31,117.97,0.6693
763,4878,car,688.91,0.0,724.88,21.28,0.4521
763,4911,bike,920.0,38.02,960.0,85.81,0.3696
763,4518,bike,254.25,53.49,273.13,89.05,0.6278
763,5205,bike,293.02,50.5,315.4,93.65,0.5262
763,5284,bike,481.95,5.45,506.73,38.36,0.4944
764,1,car,657.68,169.11,773.1,269.12,0.9086
764,170,car,554.97,159.08,643.37,245.82,0.9002
764,1378,car,589.89,249.61,700.54,365.44,0.9361
764,1402,bus,756.8,89.9,959.39,457.28,0.8379
764,4152,car,428.34,159.96,508.26,251.04,0.8941
764,4398,car,596.69,3.84,645.55,34.63,0.6067
764,4690,car,737.26,309.05,957.84,516.5,0.9269
764,4341,bike,606.67,10.39,627.1,44.76,0.3792
764,4738,car,911.76,11.54,960.0,45.67,0.5772
764,5021,bus,295.88,1.54,338.36,43.21,0.321
764,4683,car,546.54,0.15,580.43,16.74,0.4197
764,5171,bike,36.8,74.44,85.15,132.97,0.7511
764,4868,bike,478.14,63.05,522.9,116.94,0.4205
764,4878,car,688.38,0.0,724.48,21.4,0.488
764,4911,bike,921.96,38.08,960.0,84.86,0.3917
764,4518,bike,256.27,53.16,275.59,89.25,0.5341
764,5284,bike,483.01,6.29,507.26,38.48,0.4838
764,5124,bike,302.39,64.91,317.2,94.09,0.5016
765,1,car,658.01,169.19,772.99,268.85,0.9102
765,170,car,554.93,158.96,643.32,245.69,0.9006
765,1378,car,590.11,249.73,700.51,365.33,0.9328
765,1402,bus,756.74,90.01,959.71,458.61,0.8411
765,4152,car,428.2,160.26,507.99,251.23,0.8889
765,4398,car,593.59,3.4,642.75,34.16,0.6058
765,4690,car,736.77,308.85,958.18,516.78,0.9251
765,4341,bike,607.64,11.62,627.49,45.02,0.5007
765,4738,car,912.19,12.15,960.0,45.73,0.5207
765,5021,bus,296.24,1.55,338.53,43.0,0.3487
765,4683,car,545.63,0.06,579.47,16.57,0.5871
765,5171,bike,37.42,74.56,85.46,133.75,0.7467
765,4868,bike,478.88,62.41,524.11,116.89,0.4149
765,4878,car,688.71,0.0,723.99,20.86,0.5445
765,4911,bike,924.5,40.77,960.0,83.85,0.5104
765,4518,bike,257.46,51.04,277.64,88.9,0.5129
765,5284,bike,483.35,6.79,507.69,39.04,0.4805
765,5303,bike,292.12,48.36,306.37,78.09,0.5078
765,5124,bike,304.17,65.47,319.45,93.74,0.5784
766,1,car,657.88,169.16,772.96,268.97,0.9099
766,170,car,554.75,158.72,643.53,245.87,0.9051
766,1378,car,589.37,249.89,700.49,366.28,0.9351
766,1402,bus,756.63,89.96,960.0,460.06,0.8333
766,4152,car,428.73,160.06,508.38,250.81,0.8929
766,4398,car,591.63,3.52,640.34,33.77,0.6953
766,4690,car,736.7,308.67,958.01,516.08,0.928
766,4341,bike,607.65,11.55,627.52,45.05,0.4293
766,4738,car,911.18,10.59,960.0,45.68,0.5168
766,5021,bus,296.14,1.53,338.42,43.09,0.3504
766,4683,car,544.59,0.11,578.48,16.54,0.6506
766,5171,bike,39.54,73.89,87.35,133.66,0.7718
766,4868,bike,481.0,61.56,525.57,115.29,0.7399
766,4878,car,688.7,0.0,723.9,20.79,0.5406
766,4518,bike,259.94,51.24,279.72,88.71,0.3432
766,5284,bike,483.77,7.52,508.1,39.67,0.5293
766,5303,bike,291.4,48.37,305.92,78.61,0.5125
766,5124,bike,306.56,67.14,321.65,94.37,0.3458
766,4965,bike,124.88,90.67,150.11,142.0,0.3445
767,1,car,657.88,168.99,773.06,268.97,0.9099
767,170,car,554.74,158.46,643.66,245.81,0.9057
767,1378,car,589.47,249.97,700.31,366.03,0.9337
767,1402,bus,757.31,89.95,959.43,457.97,0.8359
767,4152,car,428.6,159.37,508.81,250.79,0.8964
767,4398,car,589.99,3.82,637.45,33.15,0.6974
767,4690,car,736.87,308.6,957.82,515.23,0.9261
767,4341,bike,608.15,11.84,627.79,45.09,0.5166
767,4738,car,911.88,11.79,960.0,45.81,0.6034
767,5021,bus,295.73,1.43,338.09,43.09,0.3546
767,4683,car,543.94,0.26,577.26,16.22,0.5007
767,5171,bike,40.96,73.22,88.45,133.74,0.8183
767,4868,bike,482.09,61.78,527.13,116.14,0.7889
767,4878,car,688.6,0.0,723.69,20.7,0.5257
767,5284,bike,484.67,7.13,509.21,39.53,0.5606
767,5303,bike,290.21,48.26,305.48,79.99,0.3498
767,4965,bike,124.28,90.77,149.06,141.74,0.2823
768,1,car,657.96,169.23,772.85,269.0,0.9092
768,170,car,554.67,158.56,643.55,245.89,0.9021
768,1378,car,589.81,250.01,700.32,365.74,0.9339
768,1402,bus,757.15,90.02,959.4,458.67,0.8326
768,4152,car,428.5,158.58,509.25,250.74,0.889
768,4398,car,587.86,3.03,636.32,32.97,0.6973
768,4690,car,736.6,308.59,957.78,515.01,0.9271
768,4341,bike,609.08,11.05,628.91,44.54,0.4285
768,4738,car,912.21,12.76,959.49,45.92,0.5044
768,5021,bus,296.62,2.31,338.21,43.16,0.3658
768,4683,car,542.88,0.25,576.12,16.01,0.5396
768,5171,bike,42.53,73.16,89.23,133.9,0.8201
768,4868,bike,483.92,61.1,528.95,115.63,0.7451
768,4878,car,688.11,0.0,723.86,21.14,0.4522
768,5284,bike,485.85,6.66,510.03,38.61,0.4028
769,1,car,657.9,169.0,773.05,269.07,0.9108
769,170,car,554.93,159.04,643.36,245.95,0.9006
769,1378,car,590.12,250.02,700.15,365.19,0.9283
769,1402,bus,757.09,89.92,959.46,459.23,0.8318
769,4152,car,429.01,159.51,508.95,250.69,0.8823
769,4398,car,586.02,3.12,634.49,33.04,0.7274
769,4690,car,736.46,308.49,957.73,514.52,0.928
769,4341,bike,610.74,8.02,632.06,43.8,0.3233
769,4738,car,912.3,13.07,959.28,45.92,0.4944
769,5021,bus,296.3,1.78,338.32,43.14,0.3054
769,4683,car,541.99,0.25,575.15,15.86,0.5745
769,5171,bike,44.14,73.28,89.86,133.99,0.7677
769,4868,bike,485.54,60.04,530.36,114.6,0.673
769,4878,car,688.41,0.0,723.77,20.85,0.5596
769,5284,bike,486.73,7.48,510.48,38.75,0.5244
770,1,car,658.37,169.79,772.66,269.06,0.912
770,170,car,555.14,159.37,643.28,245.99,0.8995
770,1378,car,590.14,250.06,700.04,364.96,0.9309
770,1402,bus,757.84,89.91,958.9,456.86,0.8238
770,4152,car,428.11,158.9,508.64,250.92,0.8756
770,4398,car,584.83,3.46,631.62,32.12,0.7696
770,4690,car,736.61,308.47,957.79,514.0,0.9289
770,4341,bike,610.74,6.77,632.87,43.99,0.3116
770,4738,car,912.16,12.73,959.63,45.92,0.6141
770,5021,bus,296.22,1.55,338.25,43.05,0.2757
770,4683,car,540.94,0.08,574.08,15.64,0.583
770,5171,bike,46.11,74.54,90.64,134.51,0.7685
770,4868,bike,487.32,60.84,531.33,114.52,0.6475
770,4878,car,688.39,0.0,724.46,21.37,0.3979
770,5284,bike,487.53,8.08,510.64,38.36,0.5474
771,1,car,658.27,169.8,772.56,269.09,0.9113
771,170,car,554.9,159.03,643.38,246.01,0.9034
771,1378,car,589.89,250.1,700.22,365.51,0.934
771,1402,bus,757.25,89.8,959.64,459.74,0.8242
771,4152,car,427.94,158.18,508.71,250.74,0.8631
771,4398,car,582.62,3.74,628.78,31.91,0.758
771,4690,car,736.59,308.37,957.71,513.39,0.9282
771,4341,bike,611.95,8.54,633.36,44.85,0.3147
771,4738,car,912.22,12.76,959.52,45.77,0.6307
771,5021,bus,296.24,1.29,338.48,43.23,0.2873
771,4683,car,539.82,0.06,572.53,15.33,0.5468
771,5171,bike,48.01,75.02,90.82,133.57,0.8054
771,4868,bike,488.42,61.8,532.49,115.62,0.5525
771,4878,car,688.58,0.0,724.27,21.15,0.5091
771,5284,bike,488.43,8.81,511.13,38.36,0.4459
772,1,car,658.22,169.76,772.75,269.28,0.9128
772,170,car,554.83,158.87,643.5,246.06,0.9003
772,1378,car,590.15,250.03,700.1,365.03,0.9311
772,1402,bus,757.37,89.96,959.39,459.57,0.8329
772,4152,car,428.03,158.65,508.22,250.6,0.8682
772,4398,car,580.11,4.1,625.82,32.07,0.7188
772,4690,car,736.38,308.35,957.93,513.39,0.929
772,4341,bike,612.35,10.46,632.45,44.99,0.3917
772,4738,car,911.86,12.58,959.65,45.93,0.6905
772,5021,bus,296.72,1.79,338.17,42.99,0.3788
772,4683,car,538.58,0.01,571.18,15.17,0.4738
772,5171,bike,50.35,78.31,90.27,132.94,0.6958
772,4868,bike,488.85,61.61,534.06,116.91,0.5781
772,4878,car,688.57,0.0,724.04,21.0,0.5382
772,5284,bike,489.42,10.05,511.46,38.56,0.3357
772,5205,bike,286.33,60.18,306.7,98.26,0.3395
773,1,car,658.3,169.79,772.82,269.3,0.9137
773,170,car,555.0,159.68,642.99,246.08,0.8989
773,1378,car,590.48,250.17,699.88,364.53,0.9358
773,1402,bus,757.71,89.93,959.01,458.41,0.8266
773,4152,car,427.99,158.22,508.37,250.56,0.8611
773,4398,car,578.1,4.74,622.72,32.14,0.6836
773,4690,car,736.07,308.32,958.2,513.57,0.9304
773,4341,bike,613.0,11.69,632.25,45.09,0.2663
773,4738,car,912.1,13.16,959.29,45.98,0.6866
773,5021,bus,296.76,1.85,338.0,42.87,0.3786
773,4683,car,537.61,0.03,569.9,15.0,0.4644
773,5171,bike,50.71,78.93,90.66,133.81,0.6195
773,4868,bike,489.5,61.15,535.11,117.09,0.6995
773,4878,car,688.5,0.0,724.04,21.05,0.6725
773,4518,bike,277.98,43.67,297.69,81.43,0.3769
774,1,car,658.42,169.97,772.54,269.08,0.9124
774,170,car,554.98,159.19,643.45,246.08,0.9015
774,1378,car,590.14,250.2,700.03,365.06,0.9332
774,1402,bus,758.42,90.07,958.25,455.62,0.8282
774,4152,car,427.8,157.18,508.89,250.6,0.8626
774,4398,car,576.79,4.1,622.22,32.02,0.7129
774,4690,car,736.01,308.43,958.3,513.53,0.93
774,4341,bike,612.97,11.44,632.25,45.21,0.3823
774,4738,car,912.59,13.53,959.29,45.93,0.6576
774,5021,bus,297.14,1.89,338.17,42.76,0.3934
774,4683,car,536.62,0.05,568.84,14.92,0.4282
774,5171,bike,53.35,81.43,91.76,133.78,0.423
774,4868,bike,489.79,61.07,535.71,117.59,0.5803
774,4878,car,688.66,0.0,724.12,20.98,0.6095
774,4965,bike,119.01,94.25,143.34,142.11,0.3011
774,5284,bike,490.8,9.43,514.19,39.41,0.459
775,1,car,658.31,169.71,772.79,269.14,0.9132
775,170,car,554.76,159.05,643.4,246.1,0.9032
775,1378,car,590.63,250.3,700.06,364.65,0.9335
775,1402,bus,756.67,90.21,960.0,463.23,0.8335
775,4152,car,427.6,157.06,508.92,250.97,0.8853
775,4398,car,574.82,3.7,619.98,31.53,0.7516
775,4690,car,735.75,308.37,958.4,513.49,0.9281
775,4341,bike,613.58,11.99,632.54,45.24,0.2476
775,4738,car,912.42,14.13,958.65,45.99,0.6629
775,5021,bus,296.1,1.5,338.03,43.31,0.2725
775,4683,car,535.24,0.07,567.58,14.96,0.3943
775,5171,bike,53.68,82.52,91.29,133.21,0.65
775,4868,bike,490.04,60.96,536.89,118.75,0.7722
775,4878,car,689.02,0.0,724.29,20.88,0.6645
775,4965,bike,117.51,94.53,141.72,141.56,0.2407
775,5284,bike,490.76,6.79,516.02,39.08,0.384
775,5205,bike,283.27,63.02,301.73,97.34,0.3158
776,1,car,658.36,169.93,772.65,269.21,0.9128
776,170,car,554.87,159.25,643.33,246.13,0.9022
776,1378,car,590.5,250.13,700.28,364.89,0.9291
776,1402,bus,756.72,90.01,960.0,463.6,0.8237
776,4152,car,427.49,157.02,508.76,251.0,0.882
776,4398,car,572.62,2.32,619.05,31.07,0.7398
776,4690,car,735.41,308.3,958.82,513.94,0.9276
776,4341,bike,614.18,12.48,632.77,45.07,0.2781
776,4738,car,912.78,14.45,958.92,46.13,0.673
776,5021,bus,296.73,1.75,338.05,43.03,0.2249
776,4683,car,534.12,0.17,566.0,14.82,0.2805
776,5171,bike,53.22,82.96,91.47,133.41,0.5645
776,4868,bike,490.75,60.94,538.09,119.57,0.8503
776,4878,car,688.99,0.0,724.19,20.86,0.6357
776,5389,rickshaw,424.62,487.38,588.81,538.67,0.4594
776,5205,bike,282.35,63.69,301.13,98.39,0.2802
777,1,car,658.39,169.88,772.83,269.34,0.9138
777,170,car,554.49,158.98,643.29,246.21,0.9059
777,1378,car,590.96,250.17,700.11,364.18,0.9388
777,1402,bus,757.09,89.89,959.74,462.53,0.8236
777,4152,car,427.8,158.13,508.29,251.18,0.8776
777,4398,car,570.6,1.62,618.01,31.18,0.7632
777,4690,car,735.22,308.32,959.21,514.39,0.9281
777,4341,bike,614.28,12.36,632.9,44.89,0.4149
777,4738,car,913.13,15.25,958.53,46.21,0.6381
777,5021,bus,296.18,1.61,337.72,43.16,0.2967
777,4683,car,533.45,0.15,564.86,14.53,0.3299
777,5171,bike,54.13,84.54,91.83,133.55,0.5698
777,4868,bike,493.7,61.17,539.11,117.44,0.841
777,4878,car,688.78,0.0,724.16,20.98,0.5166
777,5389,car,421.77,484.46,593.37,538.19,0.2345
777,5124,bike,324.82,67.05,339.84,95.17,0.3217
777,5284,bike,491.52,5.9,518.03,39.73,0.2881
778,1,car,658.24,169.84,772.8,269.46,0.9133
778,170,car,554.15,158.38,643.54,246.29,0.904
778,1378,car,590.68,250.29,700.21,364.76,0.9346
778,1402,bus,756.88,89.87,959.71,463.3,0.8335
778,4152,car,427.66,157.71,508.34,251.09,0.8889
778,4398,car,569.6,1.99,616.33,31.18,0.8304
778,4690,car,735.08,308.3,959.17,514.3,0.9286
778,4341,bike,614.26,12.14,633.01,44.84,0.4358
778,4738,car,912.79,15.34,958.48,46.31,0.6651
778,5021,bus,296.21,1.64,337.29,42.74,0.2279
778,4683,car,532.55,0.05,563.62,14.2,0.4009
778,5171,bike,56.91,85.51,94.98,134.65,0.6165
778,4868,bike,495.5,60.6,540.36,116.28,0.8609
778,4878,car,688.87,0.0,724.27,21.01,0.5966
778,5389,car,416.52,480.65,600.39,538.49,0.2501
779,1,car,658.04,169.7,772.59,269.36,0.9105
779,170,car,554.37,158.85,643.25,246.26,0.9036
779,1378,car,590.64,250.32,700.01,364.61,0.9325
779,1402,bus,756.66,89.69,959.78,464.21,0.8278
779,4152,car,428.51,158.78,508.35,251.05,0.8839
779,4398,car,567.6,1.41,614.46,30.87,0.8059
779,4690,car,735.07,308.4,959.22,514.31,0.9273
779,4341,bike,614.43,11.68,633.44,44.89,0.5592
779,4738,car,912.39,14.97,958.78,46.28,0.6498
779,4683,car,531.59,0.01,562.63,14.06,0.4425
779,5171,bike,60.18,87.27,97.65,135.49,0.6906
779,4868,bike,497.26,60.52,541.69,115.83,0.8496
779,4878,car,688.71,0.0,724.27,21.11,0.6323
779,5389,car,410.97,476.14,607.7,538.47,0.3067
780,1,car,658.08,169.62,772.61,269.26,0.9144
780,170,car,554.44,158.68,643.28,246.11,0.9055
780,1378,car,590.16,250.02,700.28,365.16,0.9358
780,1402,bus,757.26,89.69,959.21,462.21,0.8279
780,4152,car,428.75,159.91,507.85,251.03,0.8805
780,4398,car,566.84,2.09,611.79,30.31,0.7805
780,4690,car,734.9,308.29,959.12,514.09,0.9261
780,4341,bike,614.44,11.24,633.7,44.79,0.6065
780,4738,car,912.59,14.92,959.06,46.22,0.6421
780,4683,car,531.52,0.0,561.85,13.63,0.3247
780,5171,bike,60.86,85.85,100.0,136.39,0.6445
780,4868,bike,499.62,60.23,542.66,113.84,0.7328
780,4878,car,689.04,0.0,724.37,21.01,0.5095
780,5389,car,400.77,470.18,615.7,538.86,0.2607
780,5021,bus,296.88,1.35,337.41,42.11,0.2841
781,1,car,658.02,169.5,772.31,268.89,0.9106
781,170,car,554.55,158.72,643.28,246.05,0.9047
781,1378,car,590.12,249.84,700.34,365.18,0.9258
781,1402,bus,757.29,89.47,959.16,462.17,0.8328
781,4152,car,428.54,158.85,508.25,250.6,0.8839
781,4398,car,565.77,2.31,609.48,29.74,0.7807
781,4690,car,734.71,308.27,959.44,514.46,0.9271
781,4341,bike,614.66,10.98,633.96,44.5,0.6041
781,4738,car,912.51,14.67,959.32,46.15,0.5885
781,5171,bike,63.04,85.57,102.01,136.01,0.731
781,4868,bike,500.35,59.73,543.84,114.06,0.7303
781,4878,car,689.3,0.0,724.32,20.86,0.5824
781,5389,car,394.56,466.22,619.31,538.72,0.3968
781,5434,rickshaw,412.84,465.98,602.56,539.23,0.3853
781,5205,bike,274.71,56.87,297.02,98.62,0.5676
782,1,car,658.2,169.36,772.38,268.67,0.9106
782,170,car,554.63,159.02,643.03,245.98,0.9037
782,1378,car,590.46,249.64,700.04,364.3,0.9317
782,1402,bus,757.02,89.29,959.55,463.71,0.817
782,4152,car,428.14,157.54,508.85,250.53,0.892
782,4398,car,564.36,2.36,607.31,29.31,0.7844
782,4690,car,734.88,308.13,959.52,514.15,0.9289
782,4341,bike,615.05,10.84,634.56,44.66,0.6075
782,4738,car,912.32,15.05,958.71,46.04,0.5652
782,5171,bike,64.69,86.32,102.98,135.85,0.6594
782,4868,bike,500.56,59.41,544.77,114.86,0.8003
782,4878,car,689.48,0.0,724.22,20.67,0.6417
782,5434,car,406.55,462.62,603.16,538.65,0.7306
782,5439,bus,248.48,1.01,310.14,41.61,0.349
782,5205,bike,274.06,57.77,297.38,101.75,0.4691
783,1,car,658.11,169.27,772.47,268.77,0.9108
783,170,car,554.6,158.39,643.38,245.8,0.9068
783,1378,car,590.18,249.43,700.27,364.67,0.9271
783,1402,bus,756.98,89.13,959.39,463.7,0.8191
783,4152,car,428.13,157.34,509.2,250.85,0.8977
783,4398,car,563.18,1.8,606.31,29.0,0.8313
783,4690,car,735.06,308.16,959.41,513.78,0.932
783,4341,bike,615.05,10.43,634.83,44.6,0.6228
783,4738,car,913.24,15.85,958.48,45.88,0.5763
783,5171,bike,65.75,87.1,103.64,136.34,0.6635
783,4868,bike,501.19,59.03,545.9,115.29,0.8057
783,4878,car,689.79,0.0,724.28,20.53,0.5776
783,5434,car,400.31,458.7,606.36,538.61,0.6055
783,5205,bike,271.61,52.82,294.83,97.9,0.4769
784,1,car,658.15,168.64,772.73,268.42,0.9084
784,170,car,554.73,158.46,643.33,245.72,0.9051
784,1378,car,590.16,249.53,700.23,364.75,0.934
784,1402,bus,757.07,89.06,959.13,463.22,0.8186
784,4152,car,428.03,156.9,509.2,250.64,0.8924
784,4398,car,561.58,1.35,604.9,28.71,0.8575
784,4690,car,735.03,308.13,959.41,513.66,0.9302
784,4341,bike,615.06,9.55,635.25,44.49,0.6467
784,4738,car,912.04,14.37,959.4,45.82,0.64
784,5171,bike,67.28,87.13,105.35,136.65,0.2943
784,4868,bike,502.14,59.11,547.07,115.84,0.8171
784,4878,car,689.82,0.0,724.17,20.43,0.6495
784,5434,car,395.1,454.96,610.45,538.86,0.5226
784,5205,bike,271.35,55.43,295.81,103.15,0.5708
784,5284,bike,502.96,12.86,523.36,38.85,0.3783
784,5021,bus,297.35,1.92,337.03,42.0,0.2808
785,1,car,658.03,168.66,772.64,268.49,0.9083
785,170,car,554.51,158.36,643.16,245.67,0.9065
785,1378,car,589.96,249.39,699.8,364.16,0.9337
785,1402,bus,757.66,88.99,958.45,460.66,0.8207
785,4152,car,428.26,157.14,508.99,250.33,0.8941
785,4398,car,560.13,1.33,602.87,28.3,0.8927
785,4690,car,735.0,308.19,959.37,513.59,0.9328
785,4341,bike,615.42,9.59,635.67,44.54,0.6592
785,4738,car,912.02,14.08,959.65,45.71,0.6194
785,5171,bike,69.62,86.27,107.35,135.56,0.2716
785,4868,bike,503.19,59.2,547.95,115.88,0.7637
785,4878,car,689.92,0.0,724.11,20.3,0.5867
785,5434,rickshaw,390.33,451.73,613.77,539.36,0.5745
785,5205,bike,270.33,54.02,294.87,101.91,0.4822
785,5284,bike,504.94,13.45,524.37,38.33,0.342
786,1,car,658.01,168.32,772.93,268.51,0.9088
786,170,car,554.64,158.14,643.32,245.48,0.9079
786,1378,car,590.57,249.53,700.18,363.98,0.9313
786,1402,bus,758.02,88.71,958.33,459.35,0.8185
786,4152,car,428.14,157.18,508.95,250.45,0.8985
786,4398,car,558.44,1.06,600.85,27.82,0.8132
786,4690,car,735.1,308.1,959.34,513.26,0.9327
786,4341,bike,615.53,8.68,636.27,44.49,0.6474
786,4738,car,912.32,14.07,959.79,45.61,0.6986
786,4868,bike,503.31,59.54,548.79,117.26,0.689
786,4878,car,690.2,0.0,724.22,20.19,0.4663
786,5434,rickshaw,386.57,447.71,618.16,539.35,0.7662
786,5205,bike,270.19,58.15,294.39,105.38,0.4191
786,5284,bike,505.3,13.0,524.83,37.89,0.3429
787,1,car,658.21,168.28,772.7,268.14,0.9085
787,170,car,554.87,158.12,643.38,245.34,0.9053
787,1378,car,590.44,249.51,700.42,364.28,0.9318
787,1402,bus,757.88,88.64,958.75,460.36,0.8221
787,4152,car,427.98,156.9,508.86,250.23,0.9028
787,4398,car,556.95,0.91,599.14,27.54,0.7758
787,4690,car,734.89,308.13,959.87,513.99,0.9295
787,4341,bike,615.63,7.82,636.89,44.44,0.6701
787,4738,car,911.83,13.63,959.83,45.53,0.5394
787,4868,bike,504.62,59.62,550.09,117.45,0.8093
787,4878,car,690.24,0.0,724.1,20.05,0.4828
787,5434,rickshaw,383.51,443.45,622.17,538.96,0.6737
787,5205,bike,271.24,64.12,293.44,107.2,0.4472
787,5471,bike,406.53,126.48,429.87,172.34,0.4488
787,5389,car,364.16,443.3,643.97,536.61,0.4598
788,1,car,658.56,168.67,772.28,267.86,0.9091
788,170,car,554.92,158.07,643.33,245.2,0.9045
788,1378,car,590.6,249.37,700.44,363.98,0.9326
788,1402,bus,757.17,88.45,959.21,462.62,0.8268
788,4152,car,428.06,157.33,508.59,250.18,0.9054
788,4398,car,555.94,0.65,597.76,27.08,0.7941
788,4690,car,734.86,308.04,959.8,513.82,0.9314
788,4341,bike,615.87,7.85,637.1,44.28,0.6771
788,4738,car,911.76,13.86,959.46,45.48,0.6421
788,4868,bike,506.1,59.75,550.99,116.89,0.8067
788,4878,car,690.24,0.0,724.1,20.03,0.6336
788,5434,car,381.27,439.38,624.93,538.07,0.6779
788,5471,bike,404.72,126.38,428.18,172.38,0.4723
788,5389,rickshaw,361.83,439.5,645.83,537.55,0.5678
789,1,car,658.84,169.0,771.66,267.31,0.9089
789,170,car,554.66,157.9,643.24,245.21,0.9079
789,1378,car,590.61,249.39,700.12,363.54,0.9362
789,1402,bus,757.04,88.48,959.31,463.33,0.821
789,4152,car,427.87,157.18,508.74,250.4,0.9065
789,4398,car,554.54,1.02,595.38,26.71,0.669
789,4690,car,734.68,307.83,959.79,513.72,0.9332
789,4341,bike,616.33,8.4,637.01,43.84,0.5608
789,4738,car,910.63,12.21,960.0,45.32,0.5806
789,4868,bike,507.2,59.69,552.02,116.67,0.8165
789,4878,car,690.29,0.0,724.11,19.98,0.5244
789,5434,rickshaw,377.25,436.69,625.78,538.86,0.7688
789,5471,bike,402.65,127.47,425.97,173.04,0.2675
789,5389,car,361.79,436.85,644.03,537.36,0.5468
790,1,car,658.8,168.79,771.78,267.15,0.906
790,170,car,554.34,157.55,643.33,245.26,0.9114
790,1378,car,590.32,249.15,700.3,363.82,0.9329
790,1402,bus,756.61,88.49,959.69,465.32,0.8294
790,4152,car,428.07,156.94,508.96,250.29,0.9024
790,4398,car,552.98,1.03,593.4,26.31,0.6939
790,4690,car,734.74,307.81,959.74,513.55,0.9296
790,4341,bike,616.41,8.11,636.9,43.32,0.451
790,4738,car,910.74,12.06,960.0,45.2,0.6617
790,4868,bike,508.31,59.22,553.19,116.35,0.8462
790,4878,car,690.51,0.0,724.16,19.85,0.5895
790,5434,rickshaw,372.32,433.34,625.47,539.35,0.8632
790,5389,car,359.08,433.3,641.97,537.41,0.3082
790,5500,bike,266.89,51.68,282.36,78.84,0.4182
791,1,car,658.66,168.49,772.07,267.19,0.9083
791,170,car,554.79,157.89,643.26,245.09,0.9062
791,1378,car,589.88,248.89,700.86,364.76,0.9289
791,1402,bus,756.66,88.34,959.53,465.04,0.8269
791,4152,car,428.55,157.63,508.76,250.21,0.903
791,4398,car,551.32,0.74,591.52,25.76,0.6673
791,4690,car,734.58,307.59,959.43,513.07,0.9305
791,4341,bike,616.66,7.94,637.02,43.01,0.5923
791,4738,car,911.73,13.13,959.76,45.13,0.4576
791,4868,bike,509.83,59.18,554.54,116.2,0.8428
791,4878,car,690.49,0.0,724.2,19.85,0.4356
792,1,car,658.59,168.41,772.08,267.16,0.908
792,170,car,554.84,157.81,643.42,245.14,0.9095
792,1378,car,589.07,248.94,700.7,365.47,0.9304
792,1402,bus,758.3,88.59,957.91,458.56,0.8296
792,4152,car,428.65,157.83,508.69,250.2,0.9018
792,4398,car,550.2,0.33,590.32,25.27,0.7054
792,4690,car,734.26,307.48,959.62,513.43,0.9316
792,4341,bike,616.67,7.43,637.0,42.67,0.5536
792,4738,car,911.48,13.49,958.98,44.96,0.5252
792,4868,bike,511.49,58.73,555.79,115.37,0.8775
792,4878,car,690.41,0.0,724.21,19.87,0.4995
792,5519,bike,31.34,82.53,64.12,123.6,0.6321
792,5205,bike,265.12,61.54,288.02,106.48,0.3836
792,5389,rickshaw,353.79,428.42,641.76,538.51,0.9127
793,1,car,658.61,168.47,771.62,266.74,0.9063
793,170,car,554.75,157.83,643.26,245.1,0.9094
793,1378,car,589.71,248.76,700.74,364.66,0.9331
793,1402,bus,758.89,88.6,957.41,455.89,0.8156
793,4152,car,428.53,157.31,508.73,249.89,0.904
793,4398,car,549.2,0.15,589.03,24.88,0.7026
793,4690,car,734.56,307.39,959.42,512.81,0.9327
793,4341,bike,617.46,8.24,637.1,42.23,0.6664
793,4738,car,911.43,12.95,959.59,44.87,0.6233
793,4868,bike,513.04,58.32,557.56,115.5,0.8666
793,4878,car,690.11,0.0,724.02,19.85,0.4685
793,5519,bike,31.61,84.38,63.14,123.89,0.4328
793,5205,bike,263.4,59.94,287.09,107.04,0.5854
793,5389,rickshaw,355.21,426.66,637.05,538.18,0.8937
793,5021,bus,297.96,1.92,338.41,42.46,0.2343
794,1,car,658.56,168.23,772.06,266.97,0.9054
794,170,car,554.79,157.37,643.59,245.02,0.9113
794,1378,car,589.83,248.71,700.63,364.36,0.9328
794,1402,bus,759.49,88.62,957.03,453.22,0.8194
794,4152,car,428.4,157.54,508.66,250.19,0.9067
794,4398,car,547.86,0.0,587.49,24.58,0.6812
794,4690,car,734.29,307.46,959.5,513.17,0.9317
794,4341,bike,617.91,8.42,637.39,42.02,0.5995
794,4738,car,910.79,12.8,959.38,44.93,0.4012
794,4868,bike,515.52,58.69,559.24,115.11,0.8356
794,4878,car,690.33,0.0,724.24,19.82,0.355
794,5519,bike,30.27,81.13,63.75,123.16,0.6305
794,5205,bike,261.46,58.05,286.32,108.06,0.6437
794,5389,rickshaw,354.7,423.36,635.78,538.35,0.8825
794,5021,bus,297.75,1.85,338.54,42.31,0.3401
794,5171,bike,86.52,84.62,127.31,139.82,0.4191
795,1,car,658.34,167.88,772.26,267.04,0.9054
795,170,car,554.57,157.44,643.36,245.08,0.913
795,1378,car,588.78,248.55,700.42,364.99,0.9322
795,1402,bus,759.83,88.67,956.79,451.24,0.8266
795,4152,car,428.47,157.79,508.66,250.3,0.9058
795,4398,car,546.91,0.33,585.51,24.17,0.7054
795,4690,car,734.62,307.55,959.67,513.07,0.9312
795,4341,bike,617.93,7.65,637.78,42.02,0.6317
795,4738,car,910.29,12.47,959.33,44.83,0.5214
795,4868,bike,516.67,58.68,560.14,115.13,0.7729
795,4878,car,690.28,0.0,724.25,19.83,0.3596
795,5519,bike,29.95,82.93,63.19,124.64,0.2368
795,5205,bike,259.99,56.65,285.29,108.03,0.7024
795,5389,rickshaw,356.29,420.69,635.22,538.4,0.9195
795,5021,bus,297.67,1.66,338.54,41.97,0.2795
796,1,car,658.5,168.01,772.12,266.91,0.9063
796,170,car,554.69,157.72,643.11,244.95,0.9102
796,1378,car,588.52,248.67,700.5,365.49,0.9292
796,1402,bus,758.99,88.49,957.71,453.97,0.8252
796,4152,car,427.97,156.41,509.04,250.06,0.9092
796,4398,car,545.69,0.08,584.82,24.24,0.6848
796,4690,car,734.88,307.59,959.81,512.98,0.9309
796,4341,bike,618.48,7.17,638.47,41.76,0.6982
796,4738,car,911.07,12.85,959.6,44.87,0.6153
796,4868,bike,517.51,58.84,560.74,115.27,0.7681
796,5519,bike,29.94,84.17,62.37,124.79,0.6208
796,5205,bike,259.24,57.18,283.74,107.07,0.7336
796,5389,rickshaw,357.04,418.4,632.54,538.28,0.9017
796,5021,bus,297.65,1.59,338.33,41.62,0.3011
796,5171,bike,89.84,84.4,131.11,140.62,0.2744
797,1,car,658.59,168.26,771.84,266.83,0.9048
797,170,car,554.89,157.59,643.32,244.84,0.9117
797,1378,car,589.18,248.3,700.84,364.9,0.9306
797,1402,bus,758.89,88.55,957.92,454.21,0.8229
797,4152,car,427.91,156.42,508.83,249.89,0.9124
797,4398,car,544.58,0.0,583.85,24.27,0.6519
797,4690,car,735.06,307.58,959.72,512.66,0.9312
797,4341,bike,618.7,6.36,638.78,41.31,0.7148
797,4738,car,911.06,13.18,959.23,44.85,0.6155
797,4868,bike,517.27,58.98,561.27,116.76,0.8202
797,5205,bike,258.05,57.7,282.66,107.95,0.7245
797,5389,rickshaw,357.55,415.82,631.21,538.37,0.8974
797,5021,bus,297.48,1.47,338.38,41.58,0.3671
797,5171,bike,91.21,84.2,130.99,138.46,0.3671
797,4878,car,690.65,0.0,724.46,19.76,0.4198
798,1,car,658.79,168.48,771.65,266.66,0.9062
798,170,car,554.68,157.41,643.33,244.92,0.9128
798,1378,car,589.1,248.31,700.71,364.88,0.9369
798,1402,bus,758.96,88.7,957.85,453.56,0.8134
798,4152,car,428.26,156.96,508.66,249.78,0.9091
798,4398,car,543.08,0.0,582.23,24.17,0.6305
798,4690,car,734.96,307.54,959.84,512.8,0.9319
798,4341,bike,619.15,5.96,639.53,41.61,0.6733
798,4738,car,910.34,12.3,959.8,44.85,0.568
798,4868,bike,516.94,58.85,562.5,119.26,0.8703
798,5205,bike,256.95,58.39,281.53,109.29,0.4423
798,5389,rickshaw,357.25,413.21,629.18,538.5,0.8933
798,5021,bus,296.93,0.97,338.26,41.43,0.4165
799,1,car,658.98,168.65,771.53,266.47,0.9069
799,170,car,554.81,157.72,643.04,244.77,0.9109
799,1378,car,589.37,248.24,700.82,364.74,0.9302
799,1402,bus,759.22,88.68,957.36,451.43,0.8287
799,4152,car,428.49,157.56,508.48,249.8,0.91
799,4398,car,542.04,0.0,580.57,23.81,0.5979
799,4690,car,734.84,307.48,959.93,512.94,0.9291
799,4341,bike,620.12,6.51,640.25,41.65,0.6908
799,4738,car,910.82,12.2,960.0,44.79,0.6327
799,4868,bike,518.25,58.28,564.53,119.93,0.8804
799,5389,rickshaw,356.86,409.8,629.03,538.73,0.8982
799,5021,bus,296.69,0.79,338.22,41.35,0.47
799,4878,car,689.94,0.0,723.84,19.74,0.2574
800,1,car,658.98,168.59,771.61,266.43,0.9082
800,170,car,554.75,157.62,643.18,244.85,0.9122
800,1378,car,588.18,248.25,700.06,365.02,0.9307
800,1402,bus,758.35,88.73,958.02,454.1,0.8306
800,4152,car,428.54,157.79,508.57,250.03,0.9066
800,4398,car,541.12,0.0,579.01,23.4,0.5951
800,4690,car,734.47,307.4,959.69,512.95,0.9278
800,4341,bike,620.83,7.2,640.59,41.63,0.6287
800,4738,car,910.29,11.02,960.0,44.66,0.6117
800,4868,bike,519.26,58.6,565.54,120.41,0.8629
800,5389,rickshaw,357.21,406.94,627.68,538.53,0.8594
800,5021,bus,296.85,0.69,338.59,41.46,0.4327
800,4878,car,689.85,0.0,723.59,19.47,0.2205
801,1,car,658.92,168.82,771.51,266.57,0.9056
801,170,car,554.75,157.77,643.02,244.79,0.9121
801,1378,car,588.47,248.61,699.7,364.46,0.9288
801,1402,bus,758.66,88.81,957.85,452.78,0.8253
801,4152,car,428.78,157.67,508.5,249.48,0.9092
801,4398,car,539.64,0.0,577.23,23.15,0.6077
801,4690,car,734.74,307.51,959.89,513.0,0.9292
801,4341,bike,620.83,6.5,641.23,42.14,0.7381
801,4738,car,910.27,11.33,960.0,44.75,0.6505
801,4868,bike,520.38,58.49,566.33,120.03,0.8167
801,5389,rickshaw,357.92,404.87,626.11,538.7,0.8041
801,5021,bus,296.74,0.49,338.65,41.34,0.4407
801,4878,car,689.95,0.0,723.79,19.42,0.2142
801,5171,bike,93.02,82.31,135.04,137.77,0.4953
802,1,car,658.5,168.48,771.55,266.58,0.9052
802,170,car,555.04,157.68,643.15,244.54,0.9113
802,1378,car,587.06,248.47,699.65,365.47,0.932
802,1402,bus,758.71,88.75,957.92,452.28,0.8181
802,4152,car,428.77,157.74,508.52,249.53,0.9099
802,4398,car,539.67,0.16,575.54,22.09,0.6731
802,4690,car,735.06,307.52,959.76,512.54,0.9303
802,4341,bike,621.04,6.04,641.8,42.29,0.8365
802,4738,car,910.33,11.43,960.0,44.87,0.5483
802,4868,bike,521.7,58.63,567.47,120.0,0.8604
802,5389,rickshaw,359.87,402.96,625.47,538.59,0.8601
802,5021,bus,296.75,0.8,338.35,41.32,0.4528
802,4878,car,689.96,0.0,724.03,19.56,0.2219
802,5171,bike,101.71,82.59,138.57,131.47,0.5831
803,1,car,658.31,168.44,771.49,266.59,0.9035
803,170,car,554.75,157.52,643.12,244.63,0.9127
803,1378,car,588.25,248.27,700.4,364.89,0.9318
803,1402,bus,757.96,88.57,958.7,454.94,0.8175
803,4152,car,428.52,157.45,508.62,249.69,0.9111
803,4398,car,537.94,0.08,574.02,21.98,0.5795
803,4690,car,734.74,307.54,960.0,513.32,0.9311
803,4341,bike,621.32,6.02,642.08,42.24,0.8171
803,4738,car,910.73,12.11,959.92,44.9,0.6434
803,4868,bike,524.07,58.66,567.82,117.01,0.8738
803,5389,rickshaw,361.24,401.1,624.68,538.39,0.8561
803,5021,bus,296.71,0.53,338.74,41.45,0.4877
803,5171,bike,104.72,83.11,140.81,131.17,0.5593
803,5205,bike,253.73,66.14,274.62,109.95,0.3158
804,1,car,658.08,168.36,771.6,266.76,0.9055
804,170,car,554.68,157.51,643.1,244.72,0.9127
804,1378,car,588.65,248.35,700.74,364.95,0.9296
804,1402,bus,758.24,88.83,958.43,453.84,0.8164
804,4152,car,428.44,157.18,508.9,249.87,0.9117
804,4398,car,537.08,0.01,572.51,21.38,0.5751
804,4690,car,734.63,307.57,960.0,513.58,0.9304
804,4341,bike,621.33,5.59,642.23,42.11,0.7873
804,4738,car,910.97,12.28,959.91,44.91,0.522
804,4868,bike,525.49,58.62,569.23,116.67,0.8848
804,5389,rickshaw,361.42,398.37,624.43,538.4,0.7915
804,5021,bus,296.62,0.62,338.61,41.49,0.4986
804,5171,bike,104.33,82.7,143.16,134.83,0.4132
804,5205,bike,252.16,63.73,273.97,110.31,0.5226
805,1,car,658.32,168.51,771.6,266.65,0.9054
805,170,car,554.77,157.45,643.2,244.64,0.9123
805,1378,car,588.43,248.34,700.84,365.26,0.9282
805,1402,bus,758.34,88.84,958.41,453.08,0.8124
805,4152,car,428.57,157.46,508.65,249.62,0.9095
805,4398,car,536.46,0.0,571.14,20.76,0.55
805,4690,car,735.04,307.49,959.91,512.74,0.9299
805,4341,bike,622.01,6.03,642.55,41.87,0.8001
805,4738,car,910.97,12.49,959.69,44.94,0.609
805,4868,bike,527.86,58.86,570.6,115.53,0.8814
805,5389,rickshaw,359.76,395.69,622.53,538.63,0.7413
805,5021,bus,296.43,0.43,338.73,41.6,0.4895
805,5171,bike,108.32,82.71,144.78,131.32,0.5857
805,5205,bike,250.34,60.19,273.34,110.01,0.5973
806,1,car,658.3,168.47,771.58,266.56,0.9044
806,170,car,555.18,157.66,643.41,244.65,0.9114
806,1378,car,588.34,248.22,700.46,364.78,0.9311
806,1402,bus,758.06,88.67,958.56,453.47,0.8138
806,4152,car,428.78,157.21,508.86,249.41,0.9074
806,4398,car,535.79,0.05,569.86,20.3,0.4986
806,4690,car,734.55,307.41,959.57,512.78,0.9296
806,4341,bike,622.21,5.72,642.82,41.63,0.8375
806,4738,car,910.48,11.75,959.93,44.72,0.6579
806,4868,bike,528.91,58.5,572.17,116.18,0.88
806,5389,rickshaw,360.36,393.67,621.52,538.8,0.7863
806,5021,bus,296.53,0.33,338.81,41.42,0.4314
806,5171,bike,109.46,82.37,146.02,130.75,0.3964
806,5205,bike,249.22,59.97,272.14,110.12,0.4914
806,5591,bike,515.16,11.44,541.06,37.01,0.3845
806,4878,car,689.7,0.0,724.08,19.75,0.2285
807,1,car,658.23,168.15,772.21,266.91,0.9057
807,170,car,555.17,157.54,643.41,244.61,0.9115
807,1378,car,588.26,248.34,700.7,365.27,0.9366
807,1402,bus,758.06,88.68,958.54,453.29,0.8253
807,4152,car,428.78,157.63,508.75,249.67,0.9057
807,4398,car,534.7,0.11,568.54,20.16,0.336
807,4690,car,734.64,307.51,959.89,513.11,0.9294
807,4341,bike,622.49,5.67,643.08,41.57,0.8074
807,4738,car,910.89,12.2,959.74,44.75,0.6363
807,4868,bike,530.28,58.56,572.98,115.63,0.8639
807,5389,rickshaw,360.17,391.27,619.61,538.48,0.7574
807,5021,bus,296.35,0.4,338.92,41.72,0.3639
807,5171,bike,112.09,81.79,147.95,129.1,0.8104
807,5205,bike,248.63,61.56,270.8,110.22,0.4494
807,5591,bike,516.32,14.09,539.85,37.35,0.3212
807,5594,bike,247.92,53.29,267.01,96.65,0.3549
807,4878,car,689.68,0.0,724.08,19.74,0.358
808,1,car,658.4,168.2,772.13,266.78,0.9055
808,170,car,555.23,157.36,643.67,244.73,0.9125
808,1378,car,588.94,248.49,700.67,364.71,0.9293
808,1402,bus,757.03,88.51,959.52,457.19,0.8169
808,4152,car,428.84,157.66,508.52,249.33,0.9085
808,4398,car,533.82,0.48,566.8,19.99,0.2959
808,4690,car,734.92,307.56,959.89,512.87,0.9293
808,4341,bike,622.78,5.41,643.51,41.49,0.7757
808,4738,car,911.18,12.44,959.67,44.72,0.6116
808,4868,bike,531.64,58.69,573.77,115.04,0.8263
808,5389,rickshaw,361.4,389.83,618.77,538.66,0.726
808,5021,bus,296.29,0.58,338.77,41.78,0.3713
808,5171,bike,114.08,82.02,149.26,128.14,0.7188
808,5205,bike,247.64,62.98,269.26,110.3,0.4073
808,4878,car,689.69,0.0,724.01,19.68,0.4218
809,1,car,658.65,168.37,772.13,266.74,0.906
809,170,car,554.92,157.34,643.41,244.76,0.9136
809,1378,car,587.86,248.26,700.7,365.62,0.9296
809,1402,bus,757.0,88.74,959.54,457.69,0.8131
809,4152,car,428.7,157.45,508.48,249.17,0.9087
809,4398,car,533.15,0.77,565.34,19.79,0.5061
809,4690,car,734.77,307.56,960.0,513.38,0.9317
809,4341,bike,623.8,6.29,643.91,41.14,0.5682
809,4738,car,910.95,11.9,960.0,44.64,0.6429
809,4868,bike,532.3,58.39,574.84,115.32,0.8562
809,5389,rickshaw,361.48,387.77,616.92,538.42,0.5692
809,5021,bus,296.51,0.74,338.75,41.75,0.3895
809,5171,bike,115.22,81.78,151.29,129.04,0.7514
809,5205,bike,246.91,63.0,267.82,108.78,0.4974
809,5607,car,384.25,387.93,589.67,538.75,0.39
810,1,car,658.6,168.58,771.88,266.71,0.9055
810,170,car,555.09,157.63,643.17,244.61,0.9122
810,1378,car,587.11,248.1,700.14,365.52,0.9323
810,1402,bus,757.02,88.66,959.56,457.79,0.8159
810,4152,car,428.55,157.31,508.71,249.47,0.9095
810,4398,car,532.62,0.7,564.09,19.28,0.6297
810,4690,car,735.03,307.6,959.92,512.87,0.93
810,4341,bike,623.97,5.69,644.34,41.1,0.7135
810,4738,car,910.26,10.81,960.0,44.72,0.6398
810,4868,bike,532.05,58.11,577.0,118.49,0.85
810,5389,car,358.53,385.44,612.81,538.83,0.2607
810,5021,bus,296.47,0.79,338.81,41.86,0.3743
810,5171,bike,117.89,81.15,152.9,126.94,0.7657
810,5205,bike,245.03,61.28,267.08,109.92,0.4302
810,5607,rickshaw,383.45,386.3,591.31,538.96,0.7653
811,1,car,658.79,168.45,772.01,266.57,0.9049
811,170,car,554.99,157.46,643.37,244.76,0.9146
811,1378,car,586.71,248.43,699.78,365.67,0.9352
811,1402,bus,756.88,88.75,959.73,458.69,0.8168
811,4152,car,428.56,157.36,508.84,249.66,0.9109
811,4398,car,532.02,0.45,563.01,18.72,0.6412
811,4690,car,734.79,307.62,960.0,513.44,0.9313
811,4341,bike,624.16,5.04,644.91,41.39,0.6482
811,4738,car,908.52,10.65,959.5,44.69,0.5562
811,4868,bike,532.73,58.15,577.71,118.65,0.8097
811,5389,rickshaw,360.56,383.61,612.5,538.6,0.3924
811,5021,bus,296.67,1.04,338.53,41.56,0.3705
811,5171,bike,119.34,82.16,154.2,127.68,0.6805
811,5205,bike,243.78,60.58,266.07,110.1,0.3632
811,5607,car,382.86,384.84,592.74,539.14,0.6241
812,1,car,658.72,168.63,771.74,266.51,0.906
812,170,car,555.09,157.59,643.25,244.64,0.912
812,1378,car,588.43,248.45,700.7,364.94,0.9342
812,1402,bus,757.58,88.67,959.11,456.03,0.8141
812,4152,car,428.47,157.49,508.74,249.74,0.9099
812,4398,car,531.53,0.38,561.37,17.82,0.4784
812,4690,car,734.82,307.71,960.0,513.6,0.9305
812,4341,bike,624.62,4.89,645.35,41.39,0.7165
812,4738,car,909.85,11.47,959.68,44.74,0.6655
812,4868,bike,533.35,58.09,578.66,119.23,0.823
812,5389,car,362.79,382.3,611.87,538.34,0.4595
812,5021,bus,296.74,1.22,338.61,41.72,0.4277
812,5171,bike,120.4,81.85,155.22,127.46,0.6861
812,5205,bike,242.89,61.13,264.84,110.2,0.4185
812,5607,rickshaw,381.99,382.45,593.21,537.84,0.5104
813,1,car,658.84,168.42,772.18,266.62,0.9079
813,170,car,555.04,157.48,643.43,244.8,0.9142
813,1378,car,588.59,248.31,701.04,365.02,0.9322
813,1402,bus,757.03,88.71,959.64,458.33,0.8179
813,4152,car,428.17,156.9,509.04,249.9,0.9113
813,4398,car,530.63,0.2,560.0,17.2,0.4686
813,4690,car,734.97,307.68,960.0,513.4,0.9305
813,4341,bike,624.84,4.89,645.48,41.35,0.6573
813,4738,car,910.79,12.35,959.5,44.81,0.64
813,4868,bike,536.02,57.99,579.65,116.83,0.8605
813,5389,car,363.54,380.54,609.62,537.41,0.5244
813,5021,bus,296.79,1.19,338.67,41.68,0.4137
813,5171,bike,121.94,81.25,158.28,128.65,0.7614
813,5205,bike,243.03,66.82,262.88,111.13,0.3154
813,5607,rickshaw,381.26,380.65,593.48,536.93,0.6796
814,1,car,658.6,168.37,771.98,266.59,0.9034
814,170,car,555.05,157.72,643.35,244.93,0.9116
814,1378,car,587.26,248.43,700.44,365.76,0.9325
814,1402,bus,757.03,88.75,959.71,458.64,0.8152
814,4152,car,428.2,156.74,509.21,250.01,0.9125
814,4398,car,530.3,0.21,559.28,16.86,0.3594
814,4690,car,734.7,307.61,959.94,513.36,0.929
814,4341,bike,625.32,5.01,645.53,40.82,0.5908
814,4738,car,910.93,12.36,959.58,44.77,0.6239
814,4868,bike,537.1,57.8,580.69,116.5,0.8694
814,5021,bus,296.57,1.29,338.62,41.83,0.4048
814,5171,bike,125.03,80.26,160.76,126.77,0.7209
814,5205,bike,242.77,70.24,261.5,112.11,0.3354
814,5439,bus,252.82,0.96,311.17,40.43,0.239
815,1,car,658.5,168.38,772.46,267.09,0.9069
815,170,car,555.15,157.49,643.54,244.87,0.915
815,1378,car,588.39,248.56,700.87,365.14,0.9359
815,1402,bus,758.32,88.71,958.37,453.21,0.8197
815,4152,car,428.48,157.32,508.94,249.94,0.9093
815,4690,car,734.53,307.63,960.0,514.09,0.9323
815,4341,bike,625.82,5.63,645.78,40.97,0.6348
815,4738,car,911.02,11.88,960.0,44.73,0.5183
815,4868,bike,538.57,58.23,581.73,116.11,0.8475
815,5021,bus,296.9,1.29,338.97,41.9,0.4419
815,5171,bike,127.06,80.7,162.67,127.1,0.8147
815,5205,bike,241.01,64.32,261.94,111.95,0.5577
815,5641,bike,524.99,4.88,547.85,35.77,0.3977
815,5389,car,364.52,377.38,610.92,537.4,0.6355
816,1,car,658.75,168.74,772.13,266.91,0.9059
816,170,car,555.41,157.45,643.47,244.54,0.9127
816,1378,car,588.83,248.52,701.01,364.79,0.9356
816,1402,bus,758.12,88.64,958.5,453.51,0.8242
816,4152,car,428.44,156.99,508.82,249.48,0.911
816,4690,car,734.75,307.68,960.0,513.97,0.9297
816,4341,bike,626.15,5.73,646.01,40.82,0.7023
816,4738,car,910.32,12.15,959.35,44.78,0.5618
816,4868,bike,539.71,58.4,582.78,116.24,0.8331
816,5021,bus,297.0,1.08,339.23,41.84,0.5112
816,5171,bike,128.6,80.98,164.35,127.74,0.8185
816,5205,bike,240.1,63.7,261.14,112.3,0.6563
816,5641,bike,525.13,4.07,548.3,35.35,0.2859
816,5647,rickshaw,381.49,375.24,596.84,538.26,0.3609
816,5389,car,365.55,375.63,611.44,538.12,0.5022
817,1,car,658.46,168.37,772.33,267.0,0.9072
817,170,car,555.4,157.51,643.55,244.67,0.911
817,1378,car,588.88,248.49,701.19,364.92,0.9365
817,1402,bus,758.56,88.67,958.21,451.75,0.8212
817,4152,car,428.41,157.13,508.87,249.72,0.9124
817,4690,car,734.39,307.63,960.0,514.08,0.9311
817,4341,bike,626.48,5.64,646.5,40.94,0.5866
817,4738,car,910.71,11.79,959.83,44.51,0.6529
817,4868,bike,541.33,58.54,583.97,115.8,0.859
817,5021,bus,297.22,1.34,339.27,41.89,0.4708
817,5171,bike,130.76,81.42,165.83,127.62,0.7906
817,5205,bike,239.01,62.05,260.48,112.22,0.6533
817,5641,bike,526.17,3.44,549.65,35.16,0.3829
818,1,car,658.67,168.46,772.12,266.7,0.9071
818,170,car,555.37,157.7,643.42,244.74,0.9116
818,1378,car,588.32,248.5,701.04,365.34,0.9332
818,1402,bus,758.54,88.81,958.4,452.01,0.8192
818,4152,car,428.54,157.68,508.9,250.14,0.9112
818,4690,car,734.35,307.6,960.0,514.18,0.9278
818,4341,bike,626.85,5.68,646.89,40.84,0.6418
818,4738,car,910.87,11.77,959.83,44.4,0.6466
818,4868,bike,543.09,58.84,585.73,115.91,0.8714
818,5021,bus,297.56,1.37,339.6,41.84,0.3683
818,5171,bike,131.4,81.86,167.02,129.24,0.7796
818,5205,bike,237.87,60.58,259.89,112.5,0.7368
818,5389,car,363.69,371.33,611.5,538.32,0.714
819,1,car,658.74,168.53,772.34,266.96,0.9057
819,170,car,555.12,157.75,643.35,244.88,0.9108
819,1378,car,588.34,248.48,701.37,365.73,0.9353
819,1402,bus,759.89,88.93,956.99,445.91,0.8252
819,4152,car,428.55,157.58,508.97,250.11,0.9115
819,4690,car,734.67,307.69,960.0,514.38,0.9307
819,4341,bike,627.12,5.32,647.68,41.19,0.7001
819,4738,car,910.34,10.64,960.0,44.27,0.5868
819,4868,bike,544.17,58.71,587.66,116.75,0.8617
819,5021,bus,297.25,1.27,339.6,41.99,0.3428
819,5171,bike,133.18,81.99,168.42,128.98,0.7558
819,5205,bike,236.66,59.44,259.33,113.35,0.7132
819,5389,car,364.01,369.21,610.16,538.17,0.746
820,1,car,658.51,168.35,772.38,267.06,0.9074
820,170,car,555.33,157.81,643.44,244.81,0.9094
820,1378,car,587.54,248.76,700.84,366.1,0.9321
820,1402,bus,758.64,88.9,958.23,450.37,0.8243
820,4152,car,428.38,157.14,509.16,250.15,0.9063
820,4690,car,735.02,307.7,960.0,514.21,0.9291
820,4341,bike,627.22,5.43,647.3,40.42,0.7053
820,4738,car,910.81,11.2,960.0,44.6,0.6444
820,4868,bike,545.63,58.54,588.81,115.82,0.8402
820,5021,bus,297.42,1.43,339.86,42.13,0.286
820,5171,bike,133.62,82.88,170.32,132.01,0.6963
820,5205,bike,235.63,58.84,258.73,114.22,0.6907
820,5389,car,378.53,367.45,618.67,537.74,0.872
821,1,car,658.51,167.96,772.66,266.97,0.9063
821,170,car,555.42,157.87,643.33,244.63,0.911
821,1378,car,586.63,248.73,700.6,366.67,0.9333
821,1402,bus,758.96,88.89,957.86,448.55,0.8352
821,4152,car,428.26,156.95,509.21,250.2,0.9111
821,4690,car,735.3,307.77,960.0,513.81,0.9279
821,4341,bike,627.57,5.26,647.65,40.12,0.6916
821,4738,car,910.79,11.57,960.0,44.6,0.5919
821,4868,bike,547.14,58.24,589.66,114.46,0.85
821,5021,bus,297.24,1.12,339.9,41.94,0.3426
821,5171,bike,135.8,82.71,171.39,130.69,0.5975
821,5205,bike,235.94,66.97,256.19,114.66,0.4945
821,5389,car,373.24,365.98,611.85,537.74,0.7125
822,1,car,658.71,168.11,772.62,266.91,0.9084
822,170,car,555.48,158.0,643.45,244.85,0.9087
822,1378,car,586.89,248.56,700.82,366.41,0.9341
822,1402,bus,758.3,88.97,958.52,450.99,0.8367
822,4152,car,428.28,156.77,509.21,250.01,0.9114
822,4690,car,735.59,307.78,960.0,513.38,0.9272
822,4341,bike,627.68,4.61,647.93,39.77,0.6892
822,4738,car,911.5,12.46,959.61,44.69,0.5726
822,4868,bike,547.91,58.44,590.52,114.79,0.8194
822,5021,bus,297.28,1.14,340.0,41.99,0.3526
822,5171,bike,138.06,82.3,173.1,129.72,0.7777
822,5205,bike,233.71,60.54,255.2,111.33,0.384
822,5389,car,378.35,364.72,612.36,537.14,0.8204
822,5641,bike,529.05,4.22,552.83,36.22,0.2735
823,1,car,658.87,168.5,772.13,266.7,0.9048
823,170,car,555.7,158.1,643.46,244.74,0.9073
823,1378,car,587.12,248.61,700.92,366.35,0.9335
823,1402,bus,758.57,88.91,958.26,449.58,0.8357
823,4152,car,428.16,156.42,509.24,249.87,0.912
823,4690,car,735.12,307.71,959.88,513.6,0.9265
823,4341,bike,627.85,4.45,648.07,39.62,0.719
823,4738,car,911.33,12.15,959.81,44.64,0.6525
823,4868,bike,548.25,58.41,592.03,116.55,0.8524
823,5021,bus,297.39,1.51,339.83,42.03,0.3166
823,5171,bike,138.85,82.45,174.66,130.8,0.6886
823,5205,bike,232.72,61.85,254.31,112.79,0.4523
823,5389,car,380.22,363.47,610.43,536.83,0.828
823,5641,bike,530.25,5.23,553.3,36.23,0.2545
824,1,car,658.42,168.09,772.3,266.9,0.904
824,170,car,555.64,158.27,643.42,244.93,0.9092
824,1378,car,587.57,248.52,701.22,366.26,0.9365
824,1402,bus,759.1,89.01,957.79,447.21,0.8171
824,4152,car,427.9,156.12,509.34,250.05,0.9126
824,4690,car,735.15,307.81,959.51,513.25,0.9272
824,4341,bike,628.32,4.73,648.48,39.85,0.6228
824,4738,car,911.2,12.31,959.61,44.71,0.5725
824,4868,bike,547.79,58.19,593.74,119.59,0.8464
824,5021,bus,297.44,1.13,340.37,42.09,0.3949
824,5171,bike,140.29,82.48,176.0,130.6,0.7508
824,5205,bike,231.15,61.04,253.51,114.23,0.3981
824,5389,car,389.64,361.86,615.02,536.68,0.8581
825,1,car,658.36,168.23,772.3,267.12,0.9054
825,170,car,555.71,158.57,643.42,245.13,0.9087
825,1378,car,587.27,248.6,700.88,366.37,0.9311
825,1402,bus,757.79,88.91,959.01,451.95,0.836
825,4152,car,427.97,156.02,509.32,249.92,0.9094
825,4690,car,735.22,307.81,959.52,513.15,0.9268
825,4341,bike,629.0,4.88,649.0,39.77,0.552
825,4738,car,911.18,12.62,959.3,44.74,0.5975
825,4868,bike,548.61,58.37,594.57,120.14,0.8551
825,5021,bus,297.54,1.28,340.41,42.19,0.4182
825,5171,bike,143.92,82.21,178.24,128.44,0.5889
825,5205,bike,230.06,60.54,252.53,114.71,0.2915
825,5389,car,396.53,360.05,617.87,537.01,0.8793
826,1,car,658.8,168.48,772.12,266.8,0.9066
826,170,car,555.84,158.9,643.15,244.97,0.9055
826,1378,car,586.6,248.63,700.2,366.25,0.9319
826,1402,bus,757.46,89.03,959.29,453.27,0.8294
826,4152,car,428.1,156.77,509.09,250.25,0.9074
826,4690,car,735.01,307.89,959.68,513.57,0.9274
826,4341,bike,629.49,4.78,649.33,39.49,0.6444
826,4738,car,911.51,13.11,959.23,44.88,0.6844
826,4868,bike,550.47,58.62,595.33,119.18,0.8681
826,5021,bus,297.31,0.87,340.64,42.25,0.3676
826,5171,bike,144.76,81.9,180.03,129.19,0.6305
826,5205,bike,230.5,71.56,249.49,116.31,0.3468
826,5389,car,397.04,358.05,615.54,537.48,0.8789
826,5641,bike,535.4,7.94,556.54,36.12,0.3313
827,1,car,658.59,168.43,772.33,267.19,0.9053
827,170,car,555.65,159.05,643.01,245.08,0.907
827,1378,car,586.47,249.02,700.35,366.95,0.9361
827,1402,bus,757.56,89.12,959.17,452.93,0.8286
827,4152,car,428.09,156.7,508.91,249.99,0.9073
827,4690,car,735.08,307.99,959.9,513.81,0.9267
827,4341,bike,629.76,4.33,649.65,39.21,0.5449
827,4738,car,910.76,11.92,960.0,44.9,0.6426
827,4868,bike,551.4,58.95,596.31,119.99,0.8682
827,5021,bus,297.44,1.11,340.73,42.38,0.3059
827,5171,bike,147.43,82.19,181.37,127.64,0.5208
827,5205,bike,229.55,73.03,248.19,116.7,0.3045
827,5389,car,398.52,356.78,613.0,538.01,0.8435
828,1,car,658.55,169.01,771.88,267.3,0.9051
828,170,car,555.27,158.5,643.22,245.14,0.9093
828,1378,car,586.94,249.18,700.24,366.5,0.9367
828,1402,bus,756.93,89.11,959.69,455.36,0.8357
828,4152,car,428.02,156.73,509.09,250.39,0.9038
828,4690,car,735.01,308.04,960.0,514.36,0.9299
828,4341,bike,630.37,4.33,650.53,39.69,0.6438
828,4738,car,910.6,11.77,960.0,45.02,0.6761
828,4868,bike,552.64,58.97,596.68,119.14,0.8506
828,5021,bus,297.27,1.23,340.63,42.45,0.2302
828,5171,bike,147.67,82.78,183.01,129.97,0.5935
828,5205,bike,228.43,74.56,246.92,117.21,0.327
828,5389,car,400.2,355.77,610.38,538.12,0.7929
828,5641,bike,537.18,11.0,557.44,37.26,0.3063
829,1,car,658.12,168.62,772.62,268.02,0.9086
829,170,car,555.46,158.99,643.0,245.21,0.9038
829,1378,car,585.74,249.28,700.24,367.8,0.936
829,1402,bus,756.92,89.15,959.67,455.62,0.8301
829,4152,car,428.18,156.86,508.95,250.17,0.9057
829,4690,car,735.19,308.21,960.0,514.39,0.9289
829,4341,bike,630.43,4.02,650.85,39.92,0.5742
829,4738,car,910.49,11.97,960.0,45.17,0.5915
829,4868,bike,553.9,59.17,597.43,118.8,0.8604
829,5171,bike,149.01,82.16,185.4,130.85,0.6235
829,5205,bike,227.25,73.38,246.33,117.08,0.4363
829,5389,car,404.21,355.14,608.82,537.19,0.8593
829,5641,bike,536.66,10.12,557.71,36.62,0.3217
830,1,car,657.82,168.45,772.6,268.17,0.9057
830,170,car,555.28,159.03,642.96,245.37,0.9016
830,1378,car,585.93,249.18,700.5,367.8,0.937
830,1402,bus,756.27,89.28,960.0,458.62,0.8318
830,4152,car,427.7,155.99,509.08,250.07,0.9069
830,4690,car,735.24,308.23,960.0,514.25,0.9267
830,4341,bike,630.6,4.03,650.97,39.84,0.5741
830,4738,car,911.25,13.18,959.45,45.36,0.5877
830,4868,bike,555.83,58.95,598.06,116.75,0.8531
830,5171,bike,150.54,82.09,187.77,131.72,0.7249
830,5205,bike,225.79,70.14,246.36,117.19,0.361
830,5389,car,405.01,354.5,604.32,536.07,0.9
830,5641,bike,536.54,10.48,558.15,37.0,0.3574
830,5021,bus,297.28,1.16,341.19,42.86,0.2147
831,1,car,657.76,168.13,773.07,268.39,0.9079
831,170,car,555.2,159.16,642.9,245.49,0.9061
831,1378,car,586.35,249.22,700.38,367.29,0.9344
831,1402,bus,756.59,89.34,959.84,457.55,0.8243
831,4152,car,427.73,155.94,509.16,250.17,0.9054
831,4690,car,734.85,308.16,960.0,514.62,0.9271
831,4341,bike,630.73,4.21,651.12,40.08,0.5523
831,4738,car,910.94,12.57,959.96,45.36,0.5861
831,4868,bike,557.2,59.06,599.26,116.43,0.8702
831,5171,bike,152.11,82.36,189.35,131.79,0.6369
831,5205,bike,224.89,69.18,246.02,117.36,0.5921
831,5389,car,405.2,353.56,600.67,535.42,0.901
831,5641,bike,536.69,10.06,558.73,36.69,0.3946
831,5021,bus,297.53,1.19,341.82,43.09,0.3618
832,1,car,657.96,168.39,772.91,268.35,0.9083
832,170,car,555.28,159.15,642.87,245.39,0.9053
832,1378,car,587.06,249.2,700.55,366.85,0.9396
832,1402,bus,756.62,89.39,959.94,458.19,0.822
832,4152,car,428.34,157.06,508.8,250.17,0.9003
832,4690,car,735.44,308.21,959.94,513.91,0.9264
832,4341,bike,631.29,4.91,651.19,40.02,0.5537
832,4738,car,911.22,13.06,959.83,45.56,0.4663
832,4868,bike,557.81,59.0,600.25,116.81,0.8434
832,5171,bike,153.15,82.49,190.97,132.24,0.6227
832,5205,bike,222.96,62.38,246.31,116.29,0.327
832,5389,car,408.08,352.23,600.42,535.41,0.9041
832,5641,bike,537.78,10.68,559.33,36.35,0.3031
832,5021,bus,297.4,1.13,341.61,42.94,0.3918
833,1,car,657.78,168.45,772.75,268.51,0.906
833,170,car,554.94,159.64,642.32,245.55,0.9018
833,1378,car,586.84,249.28,699.95,366.52,0.9367
833,1402,bus,756.94,89.46,959.48,457.05,0.8318
833,4152,car,427.89,156.3,509.02,250.26,0.9047
833,4690,car,735.36,308.24,960.0,514.28,0.9253
833,4341,bike,631.34,5.01,651.17,39.98,0.5833
833,4738,car,910.49,12.61,960.0,45.83,0.4566
833,4868,bike,558.76,58.95,600.8,115.94,0.8147
833,5171,bike,155.58,82.53,193.18,131.65,0.5273
833,5205,bike,221.51,61.19,245.22,116.23,0.4096
833,5389,car,409.92,350.83,599.74,535.57,0.8999
833,5641,bike,538.56,11.86,559.88,36.87,0.3373
833,5021,bus,297.84,1.48,341.96,43.06,0.3312
834,1,car,657.91,169.07,772.48,268.79,0.9092
834,170,car,554.98,159.63,642.42,245.53,0.9005
834,1378,car,585.77,249.36,699.55,367.18,0.9357
834,1402,bus,756.35,89.52,959.9,459.56,0.8328
834,4152,car,427.98,156.64,508.75,250.15,0.9032
834,4690,car,735.0,308.19,960.0,515.04,0.928
834,4341,bike,631.6,5.38,651.22,39.89,0.5932
834,4738,car,911.15,12.97,960.0,45.77,0.6312
834,4868,bike,559.63,58.79,601.98,115.97,0.8411
834,5171,bike,159.19,81.23,193.88,126.66,0.338
834,5389,car,410.91,349.27,598.67,535.86,0.8964
834,5021,bus,297.49,1.27,342.04,43.24,0.4474
835,1,car,657.62,168.98,772.51,269.03,0.9087
835,170,car,554.99,159.55,642.64,245.68,0.9013
835,1378,car,585.87,249.39,699.78,367.35,0.9356
835,1402,bus,757.32,89.54,958.86,455.76,0.8284
835,4152,car,427.91,157.14,508.65,250.61,0.9026
835,4690,car,734.95,308.18,960.0,515.06,0.9275
835,4341,bike,631.56,4.93,651.35,39.87,0.4521
835,4738,car,911.73,13.83,959.5,45.76,0.5536
835,4868,bike,559.76,58.75,603.68,118.09,0.8377
835,5171,bike,160.8,80.43,196.98,128.01,0.4277
835,5389,car,412.82,347.43,598.95,536.06,0.9115
835,5021,bus,297.3,1.28,341.95,43.21,0.4219
835,4878,car,688.42,0.0,724.54,21.28,0.243
835,5641,bike,539.78,9.01,563.45,37.0,0.3596
836,1,car,657.77,169.11,772.44,268.96,0.9087
836,170,car,554.87,159.87,642.33,245.74,0.9006
836,1378,car,586.3,249.37,700.05,367.31,0.9383
836,1402,bus,756.75,89.66,959.49,458.5,0.8245
836,4152,car,428.12,157.66,508.44,250.54,0.9015
836,4690,car,734.85,308.16,960.0,515.37,0.9254
836,4341,bike,631.95,5.19,651.51,39.76,0.4311
836,4738,car,912.82,15.29,958.66,45.7,0.6248
836,4868,bike,561.0,58.96,605.76,119.62,0.8094
836,5171,bike,160.4,80.59,199.06,131.65,0.7384
836,5389,car,413.36,346.35,596.6,535.63,0.915
836,5021,bus,297.09,1.27,341.97,43.27,0.3557
836,5641,bike,540.26,7.07,565.45,37.0,0.4545
836,5205,bike,218.26,59.96,241.75,114.8,0.5284
837,1,car,657.6,168.96,772.43,268.97,0.9071
837,170,car,555.21,160.42,642.21,245.73,0.8982
837,1378,car,585.51,249.39,699.68,367.72,0.9364
837,1402,bus,758.01,89.69,958.07,453.22,0.8271
837,4152,car,428.14,157.62,508.54,250.56,0.901
837,4690,car,734.86,308.23,960.0,515.31,0.926
837,4341,bike,632.25,5.19,651.85,39.69,0.6495
837,4738,car,911.67,14.38,959.17,45.84,0.6437
837,4868,bike,561.78,58.88,607.74,121.72,0.8218
837,5171,bike,161.79,81.93,199.62,131.58,0.5098
837,5389,car,414.67,345.21,595.36,535.45,0.9212
837,5021,bus,297.05,1.41,341.88,43.26,0.3669
837,5641,bike,541.02,7.27,566.11,37.22,0.4633
837,5205,bike,217.09,60.01,240.38,114.89,0.4998
838,1,car,657.81,169.39,772.17,268.95,0.9098
838,170,car,555.07,160.48,642.01,245.6,0.9021
838,1378,car,584.74,249.55,699.5,368.42,0.9387
838,1402,bus,756.78,89.71,959.1,457.95,0.8236
838,4152,car,428.2,157.43,508.59,250.39,0.8979
838,4690,car,734.96,308.19,960.0,515.01,0.9241
838,4341,bike,632.05,4.47,652.04,39.59,0.6366
838,4738,car,910.97,13.26,960.0,45.87,0.6037
838,4868,bike,562.74,59.23,608.18,121.63,0.8323
838,5389,car,415.74,343.53,595.31,535.91,0.9302
838,5021,bus,296.96,1.21,342.31,43.36,0.4259
838,5641,bike,541.95,7.5,566.48,36.79,0.4566
838,4878,car,688.88,0.01,724.92,21.42,0.4514
839,1,car,657.84,169.34,772.21,268.89,0.9066
839,170,car,555.0,160.49,642.16,245.72,0.9039
839,1378,car,584.7,249.66,699.5,368.53,0.9357
839,1402,bus,757.19,89.68,958.72,456.59,0.8192
839,4152,car,427.93,156.84,508.69,250.31,0.9047
839,4690,car,735.04,308.19,960.0,514.84,0.9271
839,4341,bike,632.08,2.85,652.52,38.97,0.7232
839,4738,car,911.59,14.06,959.61,45.89,0.4809
839,4868,bike,564.06,59.51,608.6,120.91,0.8382
839,5389,car,416.26,342.47,594.6,536.74,0.9324
839,5021,bus,296.81,1.44,342.06,43.34,0.4349
839,5641,bike,542.78,8.1,566.68,36.58,0.3821
839,5762,car,193.75,23.07,224.53,52.8,0.357
839,4878,car,688.81,0.01,724.09,20.85,0.4811
840,1,car,657.71,169.17,772.36,268.99,0.9068
840,170,car,554.55,159.55,642.6,245.71,0.9027
840,1378,car,584.98,249.64,699.57,368.24,0.9391
840,1402,bus,756.81,89.69,959.1,458.37,0.8291
840,4152,car,428.24,157.73,508.3,250.29,0.8968
840,4690,car,735.12,308.25,960.0,514.92,0.9238
840,4341,bike,632.39,3.8,652.48,39.1,0.6752
840,4738,car,911.43,14.0,959.92,46.19,0.6009
840,4868,bike,565.63,59.47,609.43,120.17,0.8405
840,5389,car,417.21,341.4,593.83,537.18,0.9234
840,5021,bus,296.55,1.83,341.57,43.39,0.3546
840,5641,bike,544.72,9.99,567.05,36.44,0.3139
840,5762,car,193.49,22.86,224.69,53.03,0.2649
840,4878,car,689.13,0.01,724.22,20.62,0.6163
841,1,car,657.83,169.31,772.22,268.85,0.909
841,170,car,554.65,159.67,642.61,245.75,0.9014
841,1378,car,584.96,249.64,699.45,368.12,0.9385
841,1402,bus,757.52,89.76,958.24,455.38,0.827
841,4152,car,428.0,156.91,508.74,250.37,0.9023
841,4690,car,735.15,308.2,960.0,514.82,0.9241
841,4341,bike,632.6,3.21,653.1,39.31,0.7412
841,4738,car,910.87,13.3,960.0,46.3,0.4344
841,4868,bike,567.67,59.32,610.64,119.09,0.8441
841,5389,car,418.07,340.63,593.28,538.05,0.9257
841,5021,bus,296.19,1.72,341.51,43.48,0.3202
841,5762,car,193.42,22.88,224.69,53.13,0.3199
841,4878,car,689.06,0.01,724.24,20.57,0.575
842,1,car,657.5,169.07,772.25,268.93,0.9065
842,170,car,554.44,159.22,643.02,245.98,0.9054
842,1378,car,585.22,249.5,699.46,367.74,0.938
842,1402,bus,757.43,89.83,958.35,455.85,0.834
842,4152,car,428.14,157.21,508.71,250.47,0.8968
842,4690,car,735.24,308.31,959.97,514.71,0.9267
842,4341,bike,633.03,3.86,653.13,39.16,0.649
842,4738,car,910.45,13.32,960.0,46.95,0.5541
842,4868,bike,569.34,59.4,612.52,119.64,0.856
842,5389,car,419.01,339.52,592.88,538.55,0.9273
842,5021,bus,296.42,2.1,341.82,43.67,0.2572
842,5762,car,192.16,23.31,223.5,53.57,0.4541
842,4878,car,688.85,0.01,724.02,20.56,0.5524
843,1,car,657.69,169.77,771.43,268.69,0.9059
843,170,car,554.47,159.48,642.82,245.99,0.9037
843,1378,car,584.88,249.58,699.32,367.97,0.9362
843,1402,bus,757.43,89.79,958.5,456.05,0.8239
843,4152,car,428.16,157.7,508.53,250.72,0.8965
843,4690,car,735.34,308.27,959.8,514.38,0.9246
843,4341,bike,633.26,3.26,653.81,39.28,0.6698
843,4738,car,908.3,10.39,960.0,47.29,0.5278
843,4868,bike,570.96,59.49,613.39,118.58,0.8236
843,5389,car,419.64,338.64,591.4,538.35,0.9235
843,5021,bus,295.49,2.11,340.97,43.62,0.2418
843,5762,car,192.04,23.96,222.56,53.32,0.3092
843,4878,car,688.55,0.01,723.76,20.6,0.5647
844,1,car,657.9,169.74,771.79,268.74,0.9097
844,170,car,554.74,160.09,642.46,245.93,0.9
844,1378,car,585.2,249.75,699.26,367.75,0.9388
844,1402,bus,756.7,89.81,959.06,458.89,0.8286
844,4152,car,428.44,158.83,508.02,250.76,0.8973
844,4690,car,735.31,308.36,959.94,514.62,0.9257
844,4341,bike,633.51,2.88,654.27,39.27,0.72
844,4738,car,909.27,11.48,960.0,46.51,0.2919
844,4868,bike,572.34,59.35,614.19,117.52,0.823
844,5389,car,420.29,337.04,590.85,538.61,0.9235
844,5021,bus,295.71,1.77,341.8,43.68,0.2908
844,5762,car,192.02,23.84,222.18,52.78,0.3014
844,4878,car,688.39,0.01,723.38,20.46,0.6542
844,5641,bike,546.19,10.49,569.66,37.5,0.2759
845,1,car,657.73,169.73,771.9,268.92,0.9088
845,170,car,554.49,159.62,642.54,245.82,0.9047
845,1378,car,586.1,249.84,699.62,367.45,0.9388
845,1402,bus,756.67,89.92,959.21,459.64,0.8237
845,4152,car,428.22,157.6,508.59,250.5,0.9005
845,4690,car,735.27,308.28,959.77,514.36,0.9258
845,4341,bike,633.75,2.6,654.77,39.37,0.6779
845,4868,bike,572.89,59.25,614.81,117.37,0.8033
845,5389,car,420.5,335.96,589.35,538.55,0.9159
845,5021,bus,295.69,1.7,342.07,43.7,0.2773
845,5762,car,191.58,23.93,221.83,52.79,0.3737
845,4878,car,688.58,0.01,723.37,20.35,0.538
845,5641,bike,546.0,9.51,571.0,37.72,0.3507
846,1,car,657.5,169.51,772.09,269.02,0.9084
846,170,car,554.52,160.07,642.25,245.86,0.9014
846,1378,car,585.25,249.82,698.92,367.35,0.9356
846,1402,bus,757.07,89.84,958.83,458.07,0.824
846,4152,car,427.88,157.17,508.55,250.41,0.9009
846,4690,car,734.97,308.24,960.0,514.96,0.9255
846,4341,bike,634.0,3.31,654.72,39.38,0.5268
846,4868,bike,572.82,59.34,615.76,118.91,0.7932
846,5389,car,421.26,334.69,587.89,537.5,0.922
846,5021,bus,295.31,1.83,341.83,43.79,0.3052
846,5762,car,192.1,23.78,222.87,53.1,0.3704
846,4878,car,688.53,0.01,723.31,20.32,0.6351
846,5641,bike,546.41,9.78,571.66,37.68,0.3897
846,4738,car,909.83,12.56,959.37,46.1,0.3103
847,1,car,657.43,169.41,772.21,269.08,0.9086
847,170,car,554.35,159.85,642.3,245.84,0.9047
847,1378,car,585.13,249.99,699.07,367.85,0.9351
847,1402,bus,757.26,89.87,958.42,456.88,0.8255
847,4152,car,428.29,158.51,508.29,250.85,0.8965
847,4690,car,734.86,308.25,960.0,515.07,0.9257
847,4341,bike,634.18,3.32,655.02,39.53,0.6208
847,4868,bike,574.62,59.46,616.21,116.58,0.8067
847,5389,car,422.21,333.85,586.18,536.21,0.9168
847,5021,bus,295.41,1.98,341.87,43.69,0.312
847,5762,car,193.2,23.97,223.66,52.88,0.3772
847,4878,car,688.49,0.01,723.29,20.34,0.6586
847,5641,bike,546.22,8.53,572.74,37.49,0.4911
847,5790,bike,429.85,69.52,459.03,111.87,0.3707
847,4738,car,911.1,14.59,958.22,46.22,0.2406
848,1,car,657.51,169.65,772.01,269.04,0.9089
848,170,car,553.97,159.72,642.18,245.9,0.9052
848,1378,car,584.87,249.92,698.91,367.87,0.9376
848,1402,bus,757.13,89.83,958.75,457.72,0.8287
848,4152,car,427.88,157.77,508.28,250.53,0.8926
848,4690,car,734.75,308.37,960.0,515.25,0.9247
848,4341,bike,634.75,4.01,655.21,39.53,0.4342
848,4868,bike,577.08,59.81,617.82,115.56,0.7871
848,5389,car,423.15,332.94,584.45,534.55,0.9194
848,5021,bus,295.1,2.0,341.83,43.91,0.3662
848,5762,car,193.14,23.89,223.72,52.93,0.3165
848,4878,car,687.89,0.0,723.91,21.18,0.4444
848,5641,bike,547.64,10.99,572.72,37.62,0.3903
848,4738,car,908.2,11.95,960.0,47.14,0.2998
848,5795,car,651.8,499.76,837.94,539.43,0.3915
849,1,car,657.45,169.77,772.04,269.22,0.9115
849,170,car,553.78,159.27,642.53,246.04,0.9111
849,1378,car,584.55,249.91,698.77,367.93,0.9351
849,1402,bus,757.46,89.93,957.96,455.57,0.8314
849,4152,car,428.38,159.63,507.81,251.04,0.8917
849,4690,car,734.69,308.24,960.0,515.23,0.926
849,4341,bike,635.13,4.49,655.34,39.34,0.3512
849,4868,bike,578.28,60.94,620.06,118.21,0.8043
849,5389,car,424.47,332.39,582.6,532.11,0.9114
849,5021,bus,294.9,2.09,341.66,44.01,0.2891
849,5762,car,192.8,23.88,223.76,53.21,0.4264
849,4878,car,688.04,0.0,723.44,20.81,0.6295
849,5641,bike,548.53,12.39,572.84,37.47,0.4633
849,5795,car,647.22,497.53,842.38,539.17,0.3699
850,1,car,657.46,169.72,772.05,269.17,0.9086
850,170,car,553.73,158.97,642.58,245.93,0.9089
850,1378,car,585.4,249.83,698.86,367.09,0.9403
850,1402,bus,756.69,89.76,958.61,458.22,0.8231
850,4152,car,428.59,160.08,507.73,250.97,0.8885
850,4690,car,734.88,308.3,959.97,515.0,0.9255
850,4341,bike,635.54,4.38,655.8,39.15,0.382
850,4868,bike,579.07,60.85,621.77,119.79,0.8073
850,5389,car,425.09,332.2,581.83,532.39,0.915
850,5021,bus,295.31,1.98,342.16,43.95,0.2479
850,5762,car,193.26,24.16,224.18,53.34,0.3269
850,4878,car,688.15,0.0,723.22,20.61,0.5505
850,5641,bike,549.38,13.66,573.09,37.37,0.3419
850,5795,car,640.77,494.11,848.93,538.65,0.4946
851,1,car,657.28,170.21,770.98,268.83,0.9069
851,170,car,553.88,158.87,642.69,245.89,0.9081
851,1378,car,585.61,249.76,698.74,366.65,0.9393
851,1402,bus,757.18,89.82,958.04,456.13,0.8344
851,4152,car,428.09,159.09,508.06,250.9,0.8942
851,4690,car,734.46,308.26,960.0,515.78,0.9245
851,4341,bike,635.86,4.22,655.97,38.65,0.4031
851,4868,bike,580.2,60.99,622.94,120.21,0.8243
851,5389,car,425.45,331.44,580.24,531.13,0.9127
851,5021,bus,295.29,1.88,342.27,43.96,0.3858
851,5762,car,193.65,24.52,224.24,53.3,0.2944
851,4878,car,688.21,0.0,723.17,20.54,0.6424
851,5641,bike,549.86,12.79,574.85,37.35,0.5234
851,5795,car,633.55,490.73,856.36,538.68,0.2729
852,1,car,657.42,169.73,771.34,268.52,0.9065
852,170,car,553.95,158.89,642.58,245.81,0.907
852,1378,car,585.08,249.65,698.61,366.94,0.9349
852,1402,bus,757.2,89.81,958.13,456.26,0.8278
852,4152,car,428.43,159.8,507.72,250.63,0.8869
852,4690,car,734.58,308.28,960.0,515.53,0.9233
852,4341,bike,635.96,3.64,656.17,38.34,0.4496
852,4868,bike,581.21,60.23,623.92,119.5,0.8125
852,5389,car,426.34,330.64,579.34,529.69,0.9113
852,5021,bus,295.37,1.79,342.34,43.8,0.3401
852,5762,car,194.08,24.35,224.77,53.09,0.337
852,4878,car,688.39,0.0,723.2,20.48,0.4386
852,5641,bike,552.3,13.36,576.39,36.91,0.2524
852,5795,car,626.2,488.21,861.55,539.33,0.4638
852,5205,bike,199.49,59.61,221.81,106.87,0.6058
853,1,car,657.18,170.17,770.73,268.52,0.9081
853,170,car,553.84,159.0,642.38,245.83,0.909
853,1378,car,584.93,249.66,698.5,366.94,0.9367
853,1402,bus,756.96,89.76,958.23,456.86,0.8275
853,4152,car,428.58,160.6,507.37,250.6,0.8901
853,4690,car,734.33,308.29,960.0,516.07,0.9241
853,4341,bike,636.31,2.52,657.1,38.28,0.5103
853,4868,bike,581.3,59.46,625.66,121.44,0.7804
853,5389,car,427.08,329.94,578.3,528.3,0.9084
853,5021,bus,295.42,1.52,342.66,43.83,0.4423
853,5762,car,191.97,23.64,223.07,52.68,0.3754
853,4878,car,687.59,0.0,723.33,21.14,0.3748
853,5641,bike,552.24,12.03,577.97,37.29,0.4587
853,5795,car,621.36,485.88,866.11,539.68,0.3884
854,1,car,657.01,169.35,771.47,268.55,0.9059
854,170,car,554.01,159.41,642.13,245.77,0.9044
854,1378,car,584.66,249.32,698.96,367.48,0.9373
854,1402,bus,757.78,89.69,957.62,453.67,0.8333
854,4152,car,427.62,157.9,508.57,250.57,0.9032
854,4690,car,734.16,308.21,960.0,516.19,0.9209
854,4341,bike,636.81,2.37,657.62,38.24,0.5838
854,4868,bike,582.27,59.21,626.63,121.47,0.8078
854,5389,car,427.78,329.11,577.86,527.55,0.9011
854,5021,bus,295.54,1.34,342.59,43.53,0.4881
854,5762,car,191.45,23.2,222.78,52.38,0.3788
854,4878,car,687.76,0.0,723.61,21.3,0.3919
854,5641,bike,552.69,10.52,579.51,37.13,0.5474
855,1,car,656.7,169.65,770.95,268.61,0.9038
855,170,car,554.2,159.53,642.16,245.74,0.9068
855,1378,car,585.09,249.21,698.84,366.79,0.9383
855,1402,bus,757.33,89.57,958.12,455.29,0.8309
855,4152,car,427.7,158.06,508.38,250.4,0.8958
855,4690,car,734.18,308.19,960.0,516.26,0.9227
855,4341,bike,637.14,1.79,658.02,37.8,0.5662
855,4868,bike,583.84,58.89,627.17,120.03,0.7945
855,5389,car,428.42,328.36,577.02,525.72,0.9156
855,5021,bus,295.76,0.98,342.67,43.15,0.5268
855,5762,car,191.41,22.67,223.15,52.28,0.3743
855,4878,car,687.96,0.0,723.71,21.37,0.4174
855,5641,bike,552.89,9.17,580.2,36.63,0.5754
855,5205,bike,201.05,60.68,221.82,103.56,0.456
855,5795,car,615.35,481.49,869.09,538.22,0.3513
856,1,car,656.74,169.67,770.73,268.3,0.9071
856,170,car,554.09,159.08,642.39,245.67,0.9107
856,1378,car,585.28,249.15,699.02,366.81,0.9386
856,1402,bus,756.74,89.52,958.52,457.26,0.823
856,4152,car,427.64,157.95,508.21,250.08,0.9023
856,4690,car,734.13,308.21,960.0,516.33,0.9243
856,4341,bike,637.54,1.72,658.28,37.75,0.4286
856,4868,bike,586.06,59.03,628.41,119.23,0.7711
856,5389,car,429.12,327.58,576.15,523.84,0.9127
856,5021,bus,296.06,0.88,342.77,42.97,0.5731
856,5762,car,192.44,23.23,223.36,52.12,0.2741
856,4878,car,688.69,0.0,723.4,20.7,0.5729
856,5641,bike,553.48,8.48,580.7,36.31,0.5772
856,5205,bike,201.0,61.1,221.09,102.8,0.4028
856,5795,car,614.3,479.72,868.41,537.58,0.2946
857,1,car,656.58,169.53,770.79,268.32,0.9076
857,170,car,553.84,158.81,642.34,245.57,0.911
857,1378,car,585.68,249.2,699.19,366.66,0.9349
857,1402,bus,756.61,89.63,958.64,457.88,0.8258
857,4152,car,427.2,156.76,508.63,249.96,0.9053
857,4690,car,734.6,308.09,960.0,515.64,0.922
857,4341,bike,638.12,1.48,658.88,37.47,0.4816
857,4868,bike,587.65,58.43,629.42,118.04,0.7768
857,5389,car,429.81,326.35,575.61,521.92,0.9049
857,5021,bus,296.01,0.94,342.64,42.95,0.5052
857,5762,car,192.77,22.85,223.78,52.05,0.3382
857,4878,car,688.67,0.0,723.57,20.86,0.4195
857,5641,bike,553.97,8.9,580.68,36.42,0.5254
857,5205,bike,200.82,61.23,221.08,103.19,0.6731
857,5795,car,612.96,478.02,868.79,537.39,0.5493
857,5832,bike,903.0,21.22,935.6,52.05,0.4354
858,1,car,656.69,169.63,770.58,268.09,0.9053
858,170,car,553.96,159.17,642.13,245.55,0.9077
858,1378,car,584.8,249.12,698.8,366.94,0.9369
858,1402,bus,757.01,89.62,958.14,456.04,0.8359
858,4152,car,427.33,156.91,508.78,250.22,0.901
858,4690,car,734.7,308.18,960.0,515.51,0.923
858,4341,bike,638.67,2.19,659.05,37.47,0.4936
858,4868,bike,587.99,58.59,631.31,120.85,0.7742
858,5389,car,429.93,324.76,575.91,521.56,0.8956
858,5021,bus,296.0,0.91,342.63,43.0,0.3805
858,5762,car,192.25,22.54,223.7,52.17,0.303
858,4878,car,688.8,0.0,723.12,20.43,0.3919
858,5641,bike,554.33,8.54,581.28,36.48,0.4354
858,5205,bike,200.28,61.11,221.18,103.67,0.4809
858,5795,car,610.15,476.35,868.95,537.74,0.6331
859,1,car,657.11,169.68,770.62,267.77,0.9069
859,170,car,554.19,159.33,642.2,245.52,0.9089
859,1378,car,584.84,249.13,698.61,366.62,0.938
859,1402,bus,756.55,89.52,958.68,458.01,0.8219
859,4152,car,427.4,156.69,508.96,250.23,0.9004
859,4690,car,735.13,308.21,959.75,514.8,0.922
859,4341,bike,639.1,2.33,659.38,37.4,0.4185
859,4868,bike,590.33,58.67,630.41,115.72,0.8012
859,5389,car,429.66,323.72,575.43,521.16,0.9192
859,5021,bus,295.96,0.76,342.61,43.0,0.4884
859,5762,car,191.68,22.53,223.29,52.25,0.4091
859,4878,car,688.8,0.0,722.96,20.26,0.4951
859,5641,bike,554.68,7.85,582.01,36.37,0.6136
859,5795,car,606.59,474.48,869.72,538.45,0.6703
859,4738,car,913.1,13.14,960.0,46.21,0.3958
860,1,car,657.0,169.58,770.54,267.65,0.9073
860,170,car,554.04,159.05,642.34,245.58,0.91
860,1378,car,585.45,249.09,699.09,366.59,0.9374
860,1402,bus,757.09,89.5,958.4,456.38,0.8302
860,4152,car,427.36,156.22,509.1,250.13,0.9018
860,4690,car,735.05,308.22,959.82,514.94,0.9231
860,4341,bike,639.46,2.31,659.79,37.41,0.4438
860,4868,bike,591.42,59.15,630.74,114.69,0.8007
860,5389,car,429.66,322.73,575.09,520.52,0.9237
860,5021,bus,296.09,0.7,342.7,42.94,0.4499
860,5762,car,191.82,22.29,223.64,52.23,0.2904
860,4878,car,688.42,0.0,723.36,20.76,0.3856
860,5641,bike,555.82,8.42,582.5,36.24,0.6211
860,5795,car,604.51,472.75,870.27,539.03,0.6415
860,4738,car,906.8,12.96,956.95,45.96,0.3582
861,1,car,656.86,169.61,770.58,267.86,0.9074
861,170,car,553.82,158.63,642.58,245.64,0.9127
861,1378,car,584.46,248.99,698.41,366.69,0.937
861,1402,bus,756.38,89.43,959.09,459.31,0.8237
861,4152,car,427.33,156.23,508.93,250.08,0.9038
861,4690,car,735.15,308.24,959.69,514.68,0.924
861,4341,bike,639.74,2.0,660.23,37.37,0.449
861,4868,bike,592.06,59.65,631.77,115.42,0.8118
861,5389,car,429.28,322.05,573.92,519.23,0.9203
861,5021,bus,295.91,0.21,342.73,42.8,0.4955
861,5762,car,191.56,22.14,223.31,52.1,0.2868
861,4878,car,688.79,0.0,723.2,20.38,0.4391
861,5641,bike,555.98,7.81,583.22,36.26,0.7153
861,5795,car,603.5,470.5,870.85,538.89,0.6335
861,4738,car,910.28,13.51,959.28,45.91,0.2682
862,1,car,656.86,169.73,770.45,267.86,0.9062
862,170,car,553.82,158.8,642.32,245.5,0.9109
862,1378,car,584.78,249.04,698.89,367.0,0.9391
862,1402,bus,757.04,89.5,958.5,456.92,0.8256
862,4152,car,427.54,156.39,509.0,250.19,0.9029
862,4690,car,734.73,308.21,960.0,515.46,0.9246
862,4341,bike,640.2,2.01,660.8,37.39,0.4514
862,4868,bike,592.56,59.0,633.66,116.67,0.7717
862,5389,car,429.22,321.29,574.44,520.04,0.9194
862,5021,bus,295.99,0.22,342.83,42.95,0.6057
862,5762,car,191.9,22.28,223.42,52.1,0.3059
862,4878,car,688.17,0.0,723.44,20.9,0.4224
862,5641,bike,556.68,8.41,583.65,36.44,0.5907
862,5795,car,602.06,468.07,870.41,538.59,0.8126
862,5171,bike,209.1,76.41,249.43,129.93,0.3664
863,1,car,656.84,169.71,770.82,268.21,0.9076
863,170,car,553.59,158.62,642.33,245.58,0.9095
863,1378,car,585.22,248.94,698.83,366.41,0.9369
863,1402,bus,756.68,89.46,958.98,458.68,0.8208
863,4152,car,427.48,156.09,508.91,249.94,0.9013
863,4690,car,734.78,308.16,959.97,515.23,0.9266
863,4341,bike,640.44,1.94,661.15,37.35,0.3749
863,4868,bike,593.57,58.99,634.9,116.96,0.7878
863,5389,car,429.61,320.64,574.13,519.4,0.9242
863,5021,bus,296.29,0.19,343.06,42.96,0.5464
863,5762,car,191.44,22.21,223.15,52.18,0.3808
863,4878,car,688.12,0.0,723.7,21.11,0.3936
863,5641,bike,557.23,7.76,584.69,36.44,0.691
863,5795,car,602.39,466.57,868.19,538.19,0.8589
863,4738,car,911.91,13.04,960.0,45.91,0.2811
864,1,car,656.99,169.49,771.11,268.14,0.908
864,170,car,553.72,158.71,642.32,245.5,0.911
864,1378,car,585.42,249.03,698.94,366.48,0.9398
864,1402,bus,758.48,89.58,957.09,451.05,0.8316
864,4152,car,427.7,156.91,508.48,249.98,0.9026
864,4690,car,734.98,308.21,959.8,514.89,0.9223
864,4341,bike,640.92,2.1,661.76,37.41,0.3982
864,4868,bike,594.68,58.9,636.3,117.24,0.7956
864,5389,car,430.15,320.11,572.82,516.65,0.9209
864,5021,bus,296.32,0.24,342.86,42.86,0.5141
864,5762,car,191.38,22.11,223.23,52.29,0.3177
864,4878,car,687.82,0.0,723.58,21.25,0.4429
864,5641,bike,558.22,9.13,584.1,36.1,0.5091
864,5795,car,602.16,464.81,866.88,537.91,0.8349
864,4738,car,912.33,13.04,960.0,45.82,0.4465
865,1,car,656.93,169.58,770.95,268.15,0.9077
865,170,car,553.65,158.52,642.41,245.51,0.9109
865,1378,car,584.86,248.91,698.63,366.62,0.9364
865,1402,bus,756.62,89.4,958.8,457.83,0.8215
865,4152,car,427.74,157.26,508.34,250.08,0.8978
865,4690,car,734.71,308.26,959.95,515.33,0.924
865,4341,bike,641.06,2.39,661.85,37.36,0.2564
865,4868,bike,595.55,58.94,637.78,118.43,0.8117
865,5389,car,432.23,319.44,572.5,513.11,0.9171
865,5021,bus,296.26,0.35,342.68,42.94,0.5383
865,5762,car,191.48,22.08,223.2,52.34,0.2691
865,4878,car,688.14,0.0,723.88,21.32,0.2595
865,5641,bike,560.3,11.35,584.18,35.94,0.4169
865,5795,car,601.78,463.34,865.54,537.98,0.8494
865,4738,car,911.33,12.84,960.0,45.8,0.521
865,5860,bike,460.18,17.36,486.98,55.58,0.4202
866,1,car,656.85,169.37,771.01,268.04,0.9086
866,170,car,553.52,158.52,642.22,245.45,0.9066
866,1378,car,584.29,249.01,698.44,367.07,0.9349
866,1402,bus,756.28,89.42,959.05,459.14,0.8295
866,4152,car,427.53,156.79,508.55,250.17,0.9049
866,4690,car,734.72,308.27,959.82,515.18,0.9242
866,4868,bike,597.79,58.35,639.04,116.81,0.8173
866,5389,car,432.86,318.49,572.04,511.16,0.9173
866,5021,bus,296.27,0.43,342.5,42.91,0.5625
866,5762,car,191.76,22.26,223.0,52.3,0.2528
866,4878,car,687.96,0.0,723.72,21.36,0.3662
866,5641,bike,560.71,9.96,585.93,35.98,0.4066
866,5795,car,601.31,461.78,864.25,537.98,0.8366
866,4738,car,910.68,12.61,960.0,45.74,0.5006
867,1,car,656.89,169.76,770.57,267.98,0.9071
867,170,car,553.47,158.51,642.24,245.52,0.9099
867,1378,car,585.05,249.13,698.91,367.01,0.9373
867,1402,bus,756.59,89.38,958.85,458.18,0.8124
867,4152,car,427.78,157.15,508.4,250.05,0.9044
867,4690,car,734.36,308.13,960.0,515.87,0.9262
867,4868,bike,599.93,58.11,640.39,115.84,0.7797
867,5389,car,433.26,317.71,571.81,510.04,0.9206
867,5021,bus,296.47,0.43,342.51,42.84,0.533
867,5762,car,191.7,22.36,222.83,52.28,0.2914
867,4878,car,688.23,0.0,723.62,21.16,0.435
867,5641,bike,561.26,8.84,587.66,36.1,0.265
867,5795,car,602.09,460.62,863.79,538.22,0.798
867,4738,car,910.65,12.81,959.71,45.65,0.5354
867,5869,bike,870.93,20.08,904.27,48.94,0.6765
867,5205,bike,191.15,61.66,213.27,106.37,0.5019
867,4341,bike,641.31,2.74,661.87,37.14,0.2205
868,1,car,656.68,169.45,770.7,268.04,0.908
868,170,car,553.56,158.21,642.45,245.41,0.9084
868,1378,car,585.99,249.07,699.24,366.5,0.9377
868,1402,bus,757.24,89.32,958.12,455.24,0.8204
868,4152,car,427.86,157.39,508.26,249.99,0.9048
868,4690,car,734.47,308.24,960.0,515.86,0.9252
868,4868,bike,601.38,57.69,642.05,116.09,0.7985
868,5389,car,433.42,316.93,571.44,508.94,0.9211
868,5021,bus,296.59,0.36,342.59,42.78,0.4899
868,5762,car,191.88,22.26,223.0,52.3,0.2776
868,4878,car,688.5,0.0,723.74,21.09,0.4593
868,5641,bike,562.4,9.1,588.93,36.33,0.348
868,5795,car,601.93,459.26,863.01,538.46,0.8216
868,4738,car,910.59,12.71,959.67,45.5,0.4553
868,5869,bike,867.41,19.87,902.01,49.76,0.6622
868,5205,bike,190.28,62.5,212.77,107.72,0.4815
868,4341,bike,641.58,2.78,662.21,37.16,0.3505
869,1,car,656.67,169.41,770.57,267.87,0.9092
869,170,car,553.78,157.93,642.66,245.26,0.9101
869,1378,car,585.85,249.06,699.3,366.83,0.9401
869,1402,bus,756.61,89.4,958.78,457.93,0.8193
869,4152,car,427.32,156.53,508.66,250.32,0.8999
869,4690,car,734.76,308.21,960.0,515.4,0.9237
869,4868,bike,603.3,58.1,642.89,114.93,0.8023
869,5389,car,433.78,316.1,571.13,507.68,0.9214
869,5021,bus,296.61,0.42,342.53,42.85,0.4651
869,5762,car,191.73,22.47,222.62,52.26,0.3115
869,4878,car,688.79,0.0,723.88,21.03,0.408
869,5641,bike,562.76,7.84,590.36,36.3,0.4144
869,5795,car,600.97,457.52,862.76,538.7,0.8286
869,4738,car,910.34,12.55,959.78,45.55,0.4517
869,5869,bike,863.69,20.04,897.98,49.68,0.7319
869,5205,bike,189.56,62.97,212.19,107.98,0.3921
870,1,car,656.83,168.92,770.74,267.44,0.9063
870,170,car,553.8,157.8,642.68,245.22,0.9089
870,1378,car,586.09,248.84,699.49,366.73,0.9398
870,1402,bus,756.77,89.27,958.94,457.83,0.8225
870,4152,car,427.4,156.33,508.73,250.21,0.8951
870,4690,car,734.49,308.16,960.0,515.83,0.9251
870,4868,bike,603.87,58.25,644.09,116.2,0.7913
870,5389,car,434.22,315.53,570.87,506.54,0.9229
870,5021,bus,296.89,0.39,342.65,42.72,0.4823
870,5762,car,192.35,22.3,223.22,52.27,0.3946
870,4878,car,689.01,0.0,723.12,20.33,0.5478
870,5795,car,600.65,455.87,862.37,538.8,0.7908
870,4738,car,910.47,12.57,959.89,45.55,0.5638
870,5869,bike,860.13,19.45,895.91,50.31,0.8394
870,5205,bike,188.1,62.92,210.96,107.77,0.4977
870,4341,bike,641.81,1.88,662.76,36.72,0.4123
871,1,car,657.02,169.12,770.55,267.3,0.9056
871,170,car,553.86,157.89,642.56,245.15,0.911
871,1378,car,586.28,248.34,699.41,366.11,0.937
871,1402,bus,757.77,89.23,957.7,453.16,0.8198
871,4152,car,427.67,157.22,508.36,250.32,0.9009
871,4690,car,734.62,308.05,960.0,515.62,0.9268
871,4868,bike,604.21,58.51,645.11,117.85,0.7682
871,5389,car,434.31,314.85,570.51,505.62,0.9168
871,5021,bus,296.77,0.43,342.49,42.75,0.399
871,5762,car,192.6,22.0,223.62,52.41,0.3614
871,4878,car,689.12,0.0,722.97,20.08,0.5411
871,5795,car,600.75,454.41,861.89,538.97,0.8142
871,4738,car,910.51,12.58,959.66,45.3,0.4488
871,5869,bike,856.78,19.76,892.37,50.48,0.6724
871,5205,bike,186.98,63.36,210.08,107.95,0.4329
871,4341,bike,642.12,1.82,662.94,36.38,0.4298
871,5171,bike,224.6,75.35,266.79,132.73,0.2805
872,1,car,657.14,168.98,770.55,267.07,0.9071
872,170,car,553.69,157.64,642.55,245.12,0.911
872,1378,car,586.15,248.3,699.15,365.97,0.9356
872,1402,bus,757.34,89.14,958.31,454.88,0.822
872,4152,car,427.93,158.21,507.81,250.21,0.896
872,4690,car,734.98,307.97,959.87,514.83,0.9248
872,4868,bike,604.66,58.55,645.85,118.48,0.7941
872,5389,car,434.8,314.38,570.59,505.03,0.9187
872,5021,bus,296.51,0.54,342.13,42.88,0.4864
872,5762,car,192.71,22.01,223.49,52.36,0.4013
872,4878,car,689.29,0.0,722.94,19.87,0.5029
872,5795,car,600.48,453.07,861.09,539.2,0.7985
872,4738,car,910.56,12.7,959.61,45.29,0.5359
872,5869,bike,853.58,18.99,889.37,50.0,0.7414
872,5205,bike,185.58,63.3,209.18,108.1,0.5475
872,4341,bike,642.96,2.11,663.61,36.25,0.288
873,1,car,657.18,168.89,770.41,266.75,0.9072
873,170,car,553.73,157.62,642.7,245.33,0.9134
873,1378,car,586.0,248.19,699.11,366.03,0.9369
873,1402,bus,757.35,89.06,958.41,454.76,0.8154
873,4152,car,427.99,158.33,508.01,250.45,0.8966
873,4690,car,735.42,307.89,959.18,513.49,0.9221
873,4868,bike,605.96,58.51,646.57,117.42,0.7447
873,5389,car,434.64,314.09,570.73,505.66,0.9161
873,5021,bus,296.39,0.54,341.86,42.87,0.4344
873,5762,car,192.63,21.81,223.33,52.31,0.389
873,4878,car,689.14,0.0,722.89,19.82,0.454
873,5795,car,600.75,451.96,859.86,539.32,0.7884
873,4738,car,910.81,12.63,959.54,44.95,0.503
873,5869,bike,846.58,17.29,885.01,50.67,0.7936
873,5205,bike,183.93,63.21,207.87,108.45,0.6651
873,4341,bike,643.31,2.01,663.99,36.0,0.4697
873,5171,bike,228.29,80.37,269.97,137.55,0.4171
874,1,car,657.29,169.14,770.11,266.55,0.9087
874,170,car,553.84,158.03,642.21,245.09,0.9097
874,1378,car,586.59,248.12,699.17,365.48,0.932
874,1402,bus,755.97,88.89,959.75,460.1,0.8243
874,4152,car,427.76,157.69,508.25,250.41,0.905
874,4690,car,735.56,307.77,958.94,512.78,0.9233
874,4868,bike,606.53,58.44,647.75,117.93,0.7975
874,5389,car,435.11,313.59,570.01,503.76,0.9142
874,5021,bus,296.47,0.47,341.75,42.72,0.4232
874,5762,car,192.82,22.21,223.07,52.32,0.2774
874,4878,car,689.07,0.0,722.87,19.77,0.4714
874,5795,car,601.74,450.63,860.27,539.41,0.7722
874,4738,car,910.19,11.72,959.95,44.79,0.5878
874,5869,bike,842.84,16.09,882.06,50.28,0.7873
874,5205,bike,183.27,63.4,207.02,107.96,0.5258
874,4341,bike,643.72,2.25,664.7,36.27,0.3022
874,5903,bike,471.76,60.9,497.79,108.5,0.6045
874,5171,bike,230.0,79.71,272.18,138.86,0.3375
874,5641,bike,567.94,10.51,592.83,35.6,0.2976
875,1,car,657.11,168.95,770.34,266.68,0.907
875,170,car,554.13,158.08,642.4,245.08,0.9128
875,1378,car,586.13,248.29,698.51,365.3,0.9321
875,1402,bus,755.75,88.87,960.0,461.36,0.8202
875,4152,car,427.88,157.71,508.1,250.08,0.9054
875,4690,car,735.54,307.69,958.81,512.36,0.9247
875,4868,bike,606.58,57.86,648.8,118.62,0.8715
875,5389,car,435.05,312.67,569.47,502.25,0.9148
875,5021,bus,296.45,0.51,341.51,42.65,0.3984
875,5762,car,193.25,22.62,222.98,52.26,0.3155
875,4878,car,689.08,0.0,722.91,19.68,0.484
875,5795,car,602.06,449.69,858.64,539.37,0.759
875,4738,car,909.58,10.86,960.0,44.67,0.4725
875,5869,bike,837.94,12.89,879.81,49.87,0.7381
875,5205,bike,181.73,63.76,206.07,109.43,0.5507
875,4341,bike,643.92,2.03,665.29,36.3,0.268
875,5903,bike,474.08,60.77,498.67,105.87,0.5905
875,5171,bike,231.56,79.48,273.59,139.18,0.3158
875,5641,bike,567.86,10.3,593.71,36.01,0.4421
876,1,car,657.44,169.42,770.1,266.56,0.9089
876,170,car,553.98,157.89,642.29,244.92,0.9128
876,1378,car,586.01,248.31,698.91,365.96,0.9315
876,1402,bus,755.98,88.87,959.93,461.1,0.8253
876,4152,car,428.23,158.57,507.77,250.01,0.8958
876,4690,car,735.72,307.66,958.59,511.66,0.9228
876,4868,bike,606.42,58.18,649.39,120.07,0.8608
876,5389,car,435.5,311.81,569.08,500.18,0.9151
876,5021,bus,296.22,0.64,341.18,42.68,0.3641
876,5762,car,193.4,23.58,222.01,51.93,0.3005
876,4878,car,688.87,0.0,722.68,19.6,0.5374
876,5795,car,602.92,448.55,857.91,539.24,0.7497
876,4738,car,909.39,10.5,960.0,44.72,0.4548
876,5869,bike,834.43,12.75,876.23,50.06,0.7523
876,4341,bike,643.98,1.98,665.47,36.13,0.3055
876,5903,bike,476.12,59.6,500.74,105.05,0.4802
876,5171,bike,233.52,80.03,276.37,140.82,0.6084
876,5641,bike,567.99,9.23,594.94,35.92,0.4332
877,1,car,657.35,169.48,770.06,266.6,0.9069
877,170,car,554.01,157.96,642.28,244.94,0.9133
877,1378,car,586.06,248.25,699.17,366.22,0.9339
877,1402,bus,756.78,88.89,959.06,457.85,0.8273
877,4152,car,427.81,157.79,508.18,250.2,0.9023
877,4690,car,735.2,307.69,958.94,512.33,0.9255
877,4868,bike,607.31,57.38,650.49,119.66,0.8552
877,5389,car,435.98,311.78,568.99,498.94,0.9186
877,5021,bus,296.48,0.65,341.38,42.7,0.3671
877,5762,car,193.28,23.34,221.97,51.7,0.2981
877,4878,car,688.84,0.0,722.85,19.64,0.492
877,5795,car,604.76,447.43,858.14,539.17,0.7266
877,4738,car,909.83,10.92,960.0,44.69,0.4958
877,5869,bike,830.01,10.48,872.36,48.86,0.6667
877,4341,bike,644.37,1.65,666.04,35.86,0.303
877,5171,bike,234.48,79.09,278.21,141.22,0.4056
877,5641,bike,567.21,5.86,597.1,35.89,0.5229
878,1,car,657.25,169.2,770.18,266.43,0.9084
878,170,car,553.75,157.62,642.32,244.96,0.913
878,1378,car,585.88,248.1,698.89,365.95,0.9355
878,1402,bus,757.77,88.86,958.05,453.54,0.828
878,4152,car,428.06,158.09,508.03,249.93,0.8994
878,4690,car,735.16,307.53,959.11,512.21,0.927
878,4868,bike,608.84,57.71,651.5,119.31,0.8343
878,5389,car,436.09,311.57,568.71,497.87,0.9235
878,5021,bus,296.15,0.59,341.15,42.7,0.432
878,5762,car,192.73,23.19,221.82,51.71,0.3938
878,4878,car,688.92,0.0,722.83,19.51,0.475
878,5795,car,604.26,445.15,858.6,538.9,0.7673
878,4738,car,910.12,11.23,959.81,44.48,0.5346
878,5869,bike,826.73,9.16,870.11,49.06,0.686
878,5171,bike,235.35,76.95,280.6,141.75,0.3473
878,5641,bike,568.35,5.99,597.61,35.63,0.4679
878,5205,bike,178.52,62.87,202.95,108.42,0.4789
879,1,car,656.7,168.69,770.3,266.45,0.9084
879,170,car,553.78,157.5,642.51,245.07,0.9138
879,1378,car,585.63,248.02,699.07,366.38,0.9327
879,1402,bus,756.68,88.69,959.27,457.9,0.8241
879,4152,car,427.8,157.72,508.2,250.07,0.9034
879,4690,car,734.79,307.5,959.47,512.79,0.9254
879,4868,bike,611.0,57.24,654.13,119.79,0.8216
879,5389,car,435.92,311.35,568.65,497.51,0.9378
879,5021,bus,296.3,0.53,341.35,42.69,0.4392
879,5762,car,192.64,22.6,222.52,51.95,0.4121
879,4878,car,688.97,0.0,722.87,19.44,0.5692
879,5795,car,603.72,443.66,856.94,538.69,0.7797
879,4738,car,910.28,11.76,959.3,44.45,0.4628
879,5869,bike,822.17,6.78,867.68,49.38,0.7091
879,5171,bike,238.43,79.54,282.11,141.97,0.5495
879,5641,bike,569.56,6.55,597.9,35.54,0.4393
879,5205,bike,177.62,62.57,202.38,108.39,0.5095
879,4341,bike,645.26,1.89,666.45,35.3,0.2908
880,1,car,656.7,169.0,769.91,266.37,0.9079
880,170,car,553.7,157.35,642.47,245.03,0.9143
880,1378,car,585.86,247.89,698.67,365.58,0.9363
880,1402,bus,757.02,88.64,958.86,456.28,0.8246
880,4152,car,427.58,157.7,508.02,250.02,0.8963
880,4690,car,735.04,307.57,959.25,512.26,0.9294
880,4868,bike,611.96,56.98,655.84,121.27,0.822
880,5389,car,435.79,311.1,569.02,497.79,0.9359
880,5021,bus,296.46,0.62,341.54,42.82,0.3864
880,5762,car,193.28,23.58,222.08,51.9,0.3111
880,4878,car,688.69,0.0,723.0,19.59,0.603
880,5795,car,604.5,441.97,857.34,538.59,0.7913
880,4738,car,910.41,11.58,959.55,44.33,0.4489
880,5869,bike,819.06,5.91,864.0,48.81,0.7026
880,5171,bike,242.41,80.96,283.63,139.75,0.2912
880,5641,bike,570.53,6.46,598.41,35.33,0.3445
880,5205,bike,176.89,63.98,201.24,108.63,0.3703
881,1,car,656.6,168.71,770.14,266.32,0.9095
881,170,car,553.75,157.61,642.05,244.83,0.9131
881,1378,car,585.9,247.89,698.55,365.31,0.9343
881,1402,bus,757.73,88.67,958.13,453.08,0.8246
881,4152,car,427.61,158.49,507.57,250.15,0.9
881,4690,car,735.16,307.46,959.17,511.8,0.9251
881,4868,bike,614.08,56.92,657.64,121.5,0.8168
881,5389,car,435.68,310.7,569.07,497.43,0.9359
881,5021,bus,296.64,0.66,341.73,42.86,0.4466
881,5762,car,193.54,23.86,221.87,51.8,0.2864
881,4878,car,688.71,0.0,722.93,19.49,0.5819
881,5795,car,604.27,440.58,855.95,538.49,0.7881
881,4738,car,909.02,10.27,960.0,44.73,0.3868
881,5869,bike,815.56,6.44,860.0,49.48,0.7484
881,5171,bike,241.83,78.47,286.21,142.47,0.2478
881,5641,bike,571.15,6.52,598.97,35.6,0.2934
881,5205,bike,175.68,64.42,200.18,108.76,0.2428
881,4341,bike,645.96,2.6,666.76,35.41,0.3538
882,1,car,656.87,168.77,770.23,266.16,0.9091
882,170,car,553.69,157.55,641.94,244.73,0.914
882,1378,car,586.76,247.94,699.03,365.12,0.9308
882,1402,bus,756.77,88.61,958.97,456.35,0.8201
882,4152,car,427.54,157.99,507.67,249.79,0.8966
882,4690,car,735.53,307.89,959.03,511.56,0.9284
882,4868,bike,616.48,56.34,658.18,118.47,0.8448
882,5389,car,435.9,310.58,569.1,496.87,0.9369
882,5021,bus,296.9,0.59,341.99,42.73,0.3976
882,5762,car,192.9,23.85,221.46,51.91,0.3338
882,4878,car,688.66,0.0,722.87,19.41,0.5456
882,5795,car,603.74,439.37,853.44,538.38,0.7738
882,4738,car,909.35,10.74,959.94,44.54,0.3531
882,5869,bike,812.73,7.43,855.54,49.28,0.6828
882,5937,bus,260.2,1.28,303.94,40.57,0.349
882,4341,bike,646.07,1.85,667.13,35.17,0.501
883,1,car,657.05,168.72,770.38,266.08,0.908
883,170,car,553.59,157.5,641.87,244.7,0.9143
883,1378,car,586.85,247.78,698.93,364.86,0.9329
883,1402,bus,756.9,88.74,958.73,455.51,0.8176
883,4152,car,427.37,157.76,507.71,249.76,0.8959
883,4690,car,735.47,307.59,958.85,510.93,0.9276
883,4868,bike,617.58,56.36,658.4,117.44,0.8498
883,5389,car,436.09,310.52,568.96,496.2,0.935
883,5021,bus,297.11,0.62,342.23,42.73,0.4522
883,5762,car,192.58,23.9,221.19,51.93,0.3055
883,4878,car,688.44,0.0,722.68,19.38,0.5725
883,5795,car,604.18,438.23,852.75,538.33,0.7212
883,4738,car,908.64,9.37,960.0,44.17,0.522
883,5869,bike,810.76,10.62,850.46,49.5,0.5434
883,5937,bus,260.06,1.19,304.5,41.07,0.2984
883,4341,bike,646.66,1.5,668.01,35.26,0.3572
884,1,car,657.1,168.93,770.3,266.12,0.9086
884,170,car,553.29,157.43,641.9,245.01,0.9156
884,1378,car,587.31,247.76,698.97,364.58,0.9368
884,1402,bus,757.5,88.72,958.06,452.59,0.8274
884,4152,car,427.35,157.7,507.86,249.88,0.9018
884,4690,car,735.16,307.48,959.07,511.14,0.9298
884,4868,bike,618.95,56.69,659.05,116.74,0.8111
884,5389,car,435.91,310.33,569.35,496.72,0.9326
884,5021,bus,297.04,0.78,342.06,42.71,0.4158
884,5762,car,192.46,24.1,220.98,51.96,0.3051
884,4878,car,688.38,0.0,722.79,19.45,0.5232
884,5795,car,604.27,437.28,850.34,538.28,0.7701
884,4738,car,909.49,10.25,959.84,43.97,0.5043
884,5869,bike,809.71,18.16,842.97,49.93,0.4532
884,5937,bus,259.43,1.04,304.46,41.42,0.2292
884,4341,bike,647.1,2.59,667.62,35.07,0.2389
884,5641,bike,573.76,6.35,601.76,35.92,0.4639
884,5205,bike,172.68,63.69,196.22,105.85,0.3055
885,1,car,656.77,169.18,770.11,266.44,0.9088
885,170,car,553.36,157.51,641.9,245.08,0.9151
885,1378,car,587.92,247.54,699.01,363.97,0.9307
885,1402,bus,756.87,88.79,958.54,454.58,0.8301
885,4152,car,427.37,158.4,507.44,249.92,0.8984
885,4690,car,734.95,307.46,959.16,511.24,0.9301
885,4868,bike,620.15,57.51,659.05,115.45,0.8185
885,5389,car,435.78,310.1,569.15,496.23,0.9363
885,5021,bus,297.12,0.78,342.08,42.54,0.3968
885,5762,car,192.23,23.78,220.89,51.73,0.3645
885,4878,car,688.3,0.0,722.62,19.36,0.5855
885,5795,car,606.83,436.59,850.65,538.35,0.7188
885,4738,car,908.98,9.6,960.0,44.0,0.3998
885,5869,bike,805.27,22.75,836.78,52.08,0.6589
885,5937,bus,259.07,0.79,304.46,41.4,0.2719
885,4341,bike,647.99,3.88,668.25,35.56,0.2969
885,5946,rickshaw,629.03,436.75,832.0,539.06,0.3883
885,5641,bike,575.6,7.22,602.31,35.66,0.3013
885,5205,bike,170.84,63.51,196.06,108.41,0.3614
886,1,car,656.9,169.27,770.08,266.37,0.909
886,170,car,553.12,157.55,641.6,245.08,0.9156
886,1378,car,587.49,247.31,698.75,364.1,0.9326
886,1402,bus,756.24,88.72,959.31,457.2,0.8171
886,4152,car,427.14,158.06,507.51,249.86,0.9004
886,4690,car,734.73,307.44,959.38,511.52,0.9307
886,4868,bike,621.23,58.05,659.79,114.98,0.7901
886,5389,car,435.54,310.04,569.16,496.48,0.9294
886,5021,bus,297.35,0.76,342.37,42.43,0.3792
886,5762,car,192.03,23.94,220.63,51.81,0.3387
886,4878,car,688.43,0.0,722.74,19.37,0.4811
886,5795,rickshaw,607.88,435.76,850.64,538.77,0.4184
886,4738,car,909.32,9.82,959.91,43.78,0.4793
886,5869,bike,800.05,21.62,833.39,52.45,0.6354
886,5937,bus,259.13,0.61,304.3,40.98,0.3168
886,5946,car,627.14,436.57,829.65,538.63,0.7295
886,5641,bike,577.91,7.86,603.05,35.01,0.3199
886,5171,bike,252.13,80.0,295.03,142.27,0.3862
887,1,car,656.72,169.09,770.18,266.41,0.9091
887,170,car,553.16,157.37,641.47,244.79,0.9143
887,1378,car,586.73,247.64,698.1,364.54,0.9326
887,1402,bus,756.46,88.72,959.12,456.32,0.811
887,4152,car,427.28,158.53,507.33,249.83,0.8943
887,4690,car,734.52,307.4,959.39,511.58,0.9295
887,4868,bike,621.63,58.14,660.44,115.08,0.7841
887,5389,car,435.46,309.93,569.13,496.46,0.9307
887,5021,bus,296.95,0.75,342.35,42.7,0.3853
887,5762,car,192.01,23.87,220.56,51.82,0.2937
887,4878,car,688.21,0.0,722.62,19.38,0.4919
887,5795,rickshaw,607.17,434.41,848.74,538.89,0.4596
887,4738,car,908.73,9.09,960.0,43.92,0.4073
887,5869,bike,796.41,18.53,831.73,51.32,0.6435
887,5937,bus,258.94,0.89,304.21,41.25,0.2633
887,5946,car,624.99,434.49,829.98,537.91,0.7288
887,5641,bike,577.23,7.24,603.42,35.73,0.3732
887,4341,bike,648.89,2.59,669.96,35.36,0.3136
887,5205,bike,167.47,63.14,193.62,110.09,0.3165
888,1,car,656.69,168.9,770.04,266.06,0.9084
888,170,car,552.86,157.23,641.38,244.88,0.9171
888,1378,car,585.91,247.44,698.13,365.35,0.9301
888,1402,bus,757.69,88.82,957.71,450.73,0.8307
888,4152,car,426.7,157.16,507.94,249.94,0.9025
888,4690,car,734.25,307.35,959.52,511.82,0.9313
888,4868,bike,621.28,58.43,661.18,116.79,0.8158
888,5389,car,435.77,309.77,569.11,495.84,0.9285
888,5021,bus,296.87,0.75,342.08,42.43,0.342
888,5762,car,191.87,23.71,220.51,51.7,0.3473
888,4878,car,688.26,0.0,722.63,19.35,0.4378
888,5795,rickshaw,607.27,433.2,847.93,538.88,0.4571
888,4738,car,908.66,9.09,960.0,44.08,0.4144
888,5869,bike,792.34,18.43,828.02,51.54,0.7843
888,5946,car,622.63,433.0,830.17,537.7,0.6533
888,5641,bike,576.91,6.67,603.54,35.84,0.3958
888,4341,bike,648.69,2.22,670.02,35.34,0.3431
889,1,car,656.59,168.86,769.95,265.98,0.9085
889,170,car,552.72,157.15,641.14,244.68,0.9162
889,1378,car,586.5,247.54,698.12,364.91,0.9316
889,1402,bus,757.99,88.76,957.28,448.49,0.8209
889,4152,car,427.0,157.64,507.72,249.81,0.9016
889,4690,car,734.56,307.75,959.52,511.84,0.9299
889,4868,bike,621.94,57.7,661.71,116.0,0.7651
889,5389,car,435.63,309.63,568.89,495.58,0.9297
889,5021,bus,296.47,0.81,341.78,42.45,0.4074
889,5762,car,192.08,23.73,220.47,51.41,0.3099
889,4878,car,688.43,0.0,722.55,19.22,0.527
889,5795,rickshaw,610.06,432.13,849.81,538.98,0.4938
889,4738,car,908.58,8.76,960.0,44.06,0.3742
889,5869,bike,788.75,19.39,823.8,51.7,0.8126
889,5946,car,625.31,431.84,834.97,537.68,0.6807
889,4341,bike,649.02,2.12,670.18,35.08,0.4252
889,5205,bike,165.57,62.6,192.22,110.71,0.6197
890,1,car,656.78,168.88,769.96,265.78,0.9069
890,170,car,552.48,157.23,641.01,244.84,0.9167
890,1378,car,586.4,247.49,698.13,365.11,0.9258
890,1402,bus,757.06,88.65,958.18,451.48,0.8252
890,4152,car,426.94,158.57,507.17,250.01,0.9006
890,4690,car,734.63,307.53,959.18,511.06,0.9297
890,4868,bike,623.79,58.31,663.44,116.05,0.8264
890,5389,car,435.63,309.59,569.01,495.82,0.9301
890,5021,bus,296.38,0.8,341.75,42.47,0.3614
890,5762,car,191.92,23.75,220.33,51.44,0.3353
890,4878,car,688.25,0.0,722.23,19.1,0.617
890,5795,rickshaw,610.57,431.74,848.34,539.08,0.4289
890,4738,car,908.74,8.55,960.0,44.05,0.3844
890,5869,bike,785.17,18.95,820.56,51.57,0.7495
890,5946,car,623.97,431.43,834.52,537.71,0.6943
890,4341,bike,649.11,1.78,670.23,34.87,0.4101
890,5205,bike,164.99,62.99,190.86,109.86,0.6351
890,5171,bike,259.68,79.98,302.22,141.31,0.277
890,5641,bike,579.53,5.95,605.72,34.86,0.4889
891,1,car,656.51,168.68,770.07,265.9,0.9081
891,170,car,552.55,157.07,641.17,244.81,0.9155
891,1378,car,586.86,247.7,697.92,364.65,0.9341
891,1402,bus,757.92,88.83,957.66,448.2,0.8317
891,4152,car,426.76,158.2,507.18,249.81,0.8981
891,4690,car,734.68,307.46,959.02,510.58,0.9309
891,4868,bike,625.54,59.18,665.33,116.55,0.8194
891,5389,car,435.73,309.71,568.7,495.34,0.9244
891,5021,bus,296.59,0.75,341.62,42.06,0.4013
891,5762,car,191.07,23.67,219.94,51.84,0.3244
891,4878,car,688.2,0.0,722.25,19.13,0.5246
891,5795,rickshaw,609.9,431.26,846.26,539.39,0.506
891,4738,car,908.31,8.69,960.0,45.03,0.2547
891,5869,bike,780.77,19.58,815.93,51.83,0.7543
891,5946,car,624.05,430.83,835.5,537.69,0.6835
891,4341,bike,649.66,1.82,670.71,34.91,0.3136
891,5205,bike,164.88,63.68,189.98,109.14,0.5801
891,5641,bike,580.82,7.31,606.07,35.05,0.362
891,5937,bus,258.81,0.7,304.41,41.16,0.2259
892,1,car,656.35,168.72,769.91,265.84,0.9073
892,170,car,552.52,157.08,641.07,244.71,0.9166
892,1378,car,586.79,247.5,698.05,364.82,0.9306
892,1402,bus,757.96,88.83,957.41,446.69,0.829
892,4152,car,426.35,158.21,506.79,249.65,0.8989
892,4690,car,734.41,307.29,959.3,510.82,0.9332
892,4868,bike,626.8,58.38,667.36,116.46,0.7964
892,5389,car,435.72,309.65,568.61,495.12,0.926
892,5021,bus,296.4,0.79,341.27,41.88,0.4174
892,5762,car,191.24,23.99,219.48,51.63,0.3104
892,4878,car,688.07,0.0,721.97,19.05,0.5301
892,5795,rickshaw,608.18,430.97,842.81,539.41,0.5227
892,4738,car,907.78,7.24,960.0,44.66,0.3981
892,5869,bike,776.64,18.94,812.78,52.04,0.7851
892,5946,car,621.32,430.55,833.44,537.66,0.653
892,4341,bike,650.06,1.35,671.02,34.61,0.313
892,5205,bike,163.97,63.41,188.93,108.45,0.5504
892,5641,bike,581.55,7.13,606.98,35.03,0.402
892,5970,bike,928.31,31.25,956.22,71.59,0.5634
892,5937,bus,258.95,0.67,304.64,41.02,0.254
892,5171,bike,265.15,80.05,305.09,136.91,0.2968
893,1,car,656.25,168.84,769.61,265.62,0.9059
893,170,car,552.47,157.06,641.09,244.75,0.9155
893,1378,car,587.55,247.53,697.7,363.67,0.9315
893,1402,bus,757.19,88.8,957.95,448.44,0.8145
893,4152,car,426.23,157.93,507.0,249.72,0.8958
893,4690,car,734.43,307.31,959.27,510.65,0.9317
893,4868,bike,626.49,57.28,667.36,116.5,0.7981
893,5389,car,435.68,309.69,568.61,495.19,0.931
893,5021,bus,296.35,0.7,341.54,42.01,0.4725
893,5762,car,190.84,23.58,219.59,51.77,0.3324
893,4878,car,688.08,0.0,721.97,19.01,0.4757
893,5795,rickshaw,608.79,430.56,841.75,539.43,0.48
893,4738,car,908.69,7.83,960.0,44.14,0.4708
893,5869,bike,771.69,16.49,810.45,52.25,0.7243
893,5946,car,621.56,430.16,834.37,537.72,0.6579
893,4341,bike,650.49,1.51,671.37,34.6,0.3639
893,5205,bike,163.05,64.15,187.41,107.84,0.3559
893,5641,bike,582.81,8.82,607.4,35.49,0.4138
893,5970,bike,925.49,32.22,952.9,71.76,0.6305
893,5937,bus,259.05,0.64,304.83,40.93,0.2159
893,5171,bike,267.78,82.54,305.58,135.41,0.2259
894,1,car,656.07,168.61,769.69,265.53,0.905
894,170,car,552.3,157.15,641.04,244.91,0.9164
894,1378,car,587.21,247.61,697.76,364.28,0.9328
894,1402,bus,756.84,88.27,958.05,448.27,0.8232
894,4152,car,426.52,158.34,507.27,250.11,0.8959
894,4690,car,734.35,307.26,959.3,510.57,0.9313
894,4868,bike,629.01,56.87,669.66,115.91,0.8229
894,5389,car,435.59,309.74,568.64,495.42,0.9328
894,5021,bus,296.66,0.58,342.06,42.01,0.4568
894,5762,car,190.97,23.87,219.43,51.77,0.4017
894,4878,car,687.85,0.0,721.95,19.1,0.5401
894,5795,rickshaw,609.09,430.25,840.21,539.38,0.5096
894,4738,car,909.09,8.09,960.0,43.94,0.5127
894,5869,bike,768.13,15.72,805.99,51.22,0.5423
894,5946,car,621.05,429.84,834.22,537.69,0.6324
894,5205,bike,161.8,64.41,186.24,108.1,0.3834
894,5641,bike,583.64,9.58,607.81,35.53,0.4078
894,5970,bike,922.82,32.51,950.04,71.72,0.7349
894,5171,bike,270.85,83.17,305.22,129.71,0.2561
895,1,car,655.59,168.7,769.5,265.72,0.9077
895,170,car,552.06,157.16,640.82,244.85,0.9152
895,1378,car,587.16,247.37,697.68,364.07,0.9327
895,1402,bus,757.06,88.57,957.94,447.16,0.8314
895,4152,car,426.06,157.49,507.16,249.66,0.9023
895,4690,car,734.06,307.24,959.42,510.82,0.9333
895,4868,bike,631.63,57.84,672.25,116.62,0.8069
895,5389,car,435.42,309.76,568.51,495.42,0.9327
895,5021,bus,296.76,0.56,342.4,42.06,0.4287
895,5762,car,190.77,23.56,219.51,51.79,0.3681
895,4878,car,687.76,0.0,721.52,18.88,0.6211
895,5795,rickshaw,610.47,429.93,839.38,539.35,0.4953
895,4738,car,909.15,7.8,960.0,43.78,0.504
895,5869,bike,764.16,16.9,801.36,51.9,0.6404
895,5946,car,621.95,429.73,834.15,537.54,0.6706
895,5205,bike,160.9,63.92,185.13,107.05,0.5286
895,5641,bike,584.68,9.81,608.35,35.08,0.3899
895,5970,bike,918.92,31.35,947.17,71.93,0.6499
895,4341,bike,650.77,1.4,670.56,32.98,0.304
895,5937,bus,258.25,0.51,304.3,40.9,0.2264
896,1,car,655.62,168.7,769.46,265.52,0.9057
896,170,car,551.99,157.06,640.9,244.86,0.9164
896,1378,car,587.49,247.31,697.34,363.3,0.9291
896,1402,bus,756.76,88.62,958.09,447.31,0.831
896,4152,car,426.37,158.0,506.86,249.43,0.9012
896,4690,car,734.04,307.19,959.38,510.63,0.9326
896,4868,bike,632.89,57.87,673.57,116.78,0.8185
896,5389,car,435.24,309.79,568.56,495.74,0.9322
896,5021,bus,297.03,0.63,342.4,41.75,0.3529
896,5762,car,190.82,23.21,219.66,51.58,0.3814
896,4878,car,687.75,0.0,721.56,18.89,0.4794
896,5795,rickshaw,611.02,429.68,838.39,539.29,0.3398
896,4738,car,910.95,9.83,959.73,43.7,0.3734
896,5869,bike,761.49,19.3,796.6,52.12,0.4777
896,5946,car,621.93,429.56,833.66,537.38,0.693
896,5205,bike,159.48,63.75,183.49,106.63,0.6806
896,5641,bike,585.23,10.58,608.53,35.19,0.4637
896,5970,bike,914.97,30.59,944.07,72.19,0.618
896,4341,bike,651.72,2.0,671.32,33.38,0.347
896,5171,bike,271.68,78.54,311.78,132.48,0.4351
897,1,car,655.55,168.47,769.72,265.53,0.9057
897,170,car,552.17,157.2,640.89,244.74,0.9146
897,1378,car,587.3,247.36,697.26,363.52,0.9317
897,1402,bus,756.45,88.67,958.34,447.78,0.8255
897,4152,car,426.2,157.69,506.9,249.34,0.8931
897,4690,car,733.8,307.16,959.58,510.94,0.9332
897,4868,bike,633.24,57.11,674.35,116.67,0.8294
897,5389,car,435.29,309.72,568.76,495.88,0.9314
897,5021,bus,297.2,0.51,342.95,41.83,0.4921
897,5762,car,191.26,23.43,219.76,51.57,0.3196
897,4878,car,687.52,0.0,721.51,18.96,0.5085
897,5795,rickshaw,611.45,429.45,837.75,539.31,0.4241
897,4738,car,911.36,10.6,959.67,44.09,0.4944
897,5869,bike,756.94,18.11,793.19,51.98,0.6232
897,5946,car,621.9,429.29,833.81,537.37,0.6919
897,5205,bike,158.0,63.62,182.16,107.28,0.5385
897,5641,bike,585.45,10.08,609.58,35.39,0.538
897,5970,bike,912.47,31.4,941.26,72.4,0.6583
897,4341,bike,652.07,2.09,671.85,33.81,0.473
897,5171,bike,272.97,76.83,313.38,130.73,0.3346
897,5937,bus,257.84,0.44,304.33,41.18,0.2774
898,1,car,655.44,168.64,769.55,265.56,0.9066
898,170,car,552.08,157.32,640.81,244.8,0.9147
898,1378,car,586.93,247.54,697.51,364.51,0.9317
898,1402,bus,756.17,88.71,958.75,448.66,0.8194
898,4152,car,426.26,157.79,506.78,249.22,0.9007
898,4690,car,733.6,307.2,959.57,511.06,0.9322
898,4868,bike,634.16,56.95,675.06,116.2,0.8223
898,5389,car,435.38,309.65,568.79,495.72,0.9334
898,5021,bus,296.96,0.6,342.69,41.8,0.4029
898,5762,car,191.45,23.31,219.78,51.42,0.3432
898,4878,car,687.51,0.0,721.51,18.91,0.5
898,5795,rickshaw,609.91,429.27,834.8,539.24,0.4389
898,4738,car,911.33,10.75,959.59,44.14,0.4247
898,5869,bike,749.68,13.76,789.93,52.01,0.7368
898,5946,car,619.67,428.99,831.85,537.37,0.6527
898,5205,bike,157.09,63.79,181.6,108.25,0.5696
898,5641,bike,585.52,9.22,610.74,35.55,0.4651
898,5970,bike,909.52,31.31,938.61,72.53,0.6498
898,4341,bike,652.29,1.73,672.3,33.88,0.4069
899,1,car,655.52,168.87,769.47,265.54,0.9065
899,170,car,551.9,157.38,640.67,244.81,0.9168
899,1378,car,586.76,247.64,697.46,364.89,0.9341
899,1402,bus,756.31,88.85,958.46,447.36,0.8241
899,4152,car,425.87,158.14,506.59,249.68,0.899
899,4690,car,733.7,307.16,959.37,510.62,0.9338
899,4868,bike,634.59,56.56,674.63,114.33,0.8337
899,5389,car,435.23,309.48,568.92,496.02,0.9294
899,5021,bus,296.87,0.65,342.64,41.75,0.3784
899,5762,car,191.55,23.15,219.78,51.37,0.2912
899,4878,car,687.32,0.0,721.26,18.83,0.5181
899,5795,rickshaw,611.24,428.89,834.69,539.22,0.4842
899,4738,car,910.69,10.3,958.91,43.47,0.5924
899,5869,bike,746.48,12.79,786.82,51.56,0.7102
899,5946,car,620.8,428.53,832.77,537.3,0.6722
899,5205,bike,155.56,63.98,179.99,108.76,0.3223
899,5641,bike,585.84,8.75,611.69,35.59,0.4365
899,5970,bike,905.19,33.18,934.24,73.87,0.6014
899,4341,bike,652.62,1.8,672.64,34.04,0.545
900,1,car,655.33,168.71,769.55,265.58,0.9071
900,170,car,551.33,157.17,640.51,244.9,0.919
900,1378,car,586.7,247.67,697.23,364.85,0.93
900,1402,bus,755.98,88.78,958.82,448.14,0.8171
900,4152,car,425.65,157.69,506.77,249.62,0.905
900,4690,car,733.53,307.22,959.46,510.81,0.9325
900,4868,bike,636.09,56.95,675.69,113.53,0.826
900,5389,car,435.41,309.57,568.99,496.02,0.9308
900,5021,bus,296.53,0.66,342.62,41.89,0.4108
900,5762,car,191.64,23.18,219.85,51.47,0.3288
900,4878,car,687.28,0.0,721.27,18.83,0.5653
900,5795,rickshaw,612.72,428.83,834.14,539.22,0.5093
900,4738,car,910.22,11.18,957.62,43.36,0.5057
900,5869,bike,742.63,11.75,783.22,51.27,0.6991
900,5946,car,621.63,428.33,832.91,537.29,0.6356
900,5205,rickshaw,153.78,64.26,178.74,110.06,0.2985
900,5641,bike,586.39,8.77,612.41,35.56,0.4034
900,5970,bike,901.7,33.78,930.74,74.05,0.5779
900,4341,bike,652.85,1.54,672.86,33.83,0.4308
900,5171,bike,280.13,72.8,319.63,125.46,0.3133
901,1,car,655.0,168.62,769.6,265.75,0.9064
901,170,car,551.31,157.32,640.39,244.83,0.9138
901,1378,car,586.67,247.64,697.0,364.63,0.9312
901,1402,bus,756.33,88.86,958.36,446.06,0.8232
901,4152,car,425.83,157.82,506.75,249.46,0.9036
901,4690,car,733.61,307.2,959.41,510.58,0.9342
901,4868,bike,635.99,57.92,675.91,114.59,0.7135
901,5389,car,435.23,309.59,569.15,496.59,0.9311
901,5021,bus,296.55,0.73,342.44,41.73,0.4468
901,5762,car,191.59,23.19,219.8,51.53,0.3894
901,4878,car,687.24,0.0,721.41,18.93,0.4382
901,5795,rickshaw,611.96,428.85,832.15,539.16,0.4715
901,4738,car,910.49,11.08,958.7,43.72,0.4287
901,5869,bike,740.08,15.04,778.27,52.16,0.575
901,5946,car,620.11,428.3,831.23,537.28,0.6423
901,5641,bike,589.29,10.09,613.6,35.1,0.3352
901,5970,bike,898.54,33.74,928.05,74.46,0.7077
901,4341,bike,653.09,1.7,672.97,33.71,0.4511
901,5171,bike,281.98,72.48,321.58,125.28,0.2828
902,1,car,654.81,168.36,769.62,265.61,0.9068
902,170,car,551.08,157.2,640.6,245.07,0.9153
902,1378,car,586.5,247.42,696.66,364.23,0.929
902,1402,bus,756.42,88.74,958.3,445.0,0.8329
902,4152,car,426.03,158.44,506.56,249.5,0.9031
902,4690,car,733.26,307.18,959.6,510.98,0.9347
902,4868,bike,636.88,57.54,677.37,114.55,0.7815
902,5389,car,434.94,309.51,568.52,495.98,0.9322
902,5021,bus,296.47,0.74,342.57,41.81,0.4056
902,5762,car,191.27,23.02,219.6,51.54,0.3716
902,4878,car,687.19,0.0,721.18,18.79,0.559
902,5795,rickshaw,612.81,428.77,831.23,539.15,0.4272
902,4738,car,909.37,9.65,959.36,43.49,0.4401
902,5869,bike,736.94,16.21,773.82,51.97,0.5161
902,5946,car,621.11,428.18,831.34,537.19,0.6685
902,5641,bike,590.54,9.64,615.04,35.1,0.3172
902,5970,bike,896.15,35.15,924.73,74.12,0.7103
902,4341,bike,653.5,1.91,673.18,33.46,0.533
902,5171,bike,283.45,71.63,323.35,124.89,0.2517
902,5205,bike,153.02,64.76,177.44,109.55,0.4216
903,1,car,654.79,168.28,769.72,265.63,0.9052
903,170,car,551.3,157.27,640.52,244.74,0.9142
903,1378,car,586.83,247.45,696.57,363.75,0.9279
903,1402,bus,755.36,88.36,959.22,448.32,0.8321
903,4152,car,425.93,158.58,506.14,249.15,0.9055
903,4690,car,733.28,307.25,959.55,510.9,0.9351
903,4868,bike,637.8,57.54,678.59,114.63,0.8166
903,5389,car,434.89,309.75,568.46,496.17,0.9283
903,5021,bus,296.53,0.8,342.64,41.81,0.4166
903,5762,car,191.44,23.24,219.37,51.46,0.2623
903,4878,car,687.12,0.0,721.13,18.79,0.5818
903,5795,rickshaw,614.52,428.74,831.61,539.2,0.4708
903,4738,car,909.17,9.77,959.04,43.4,0.5267
903,5869,bike,733.01,14.88,771.25,52.18,0.7242
903,5946,car,622.12,428.13,831.62,537.2,0.642
903,5641,bike,592.96,11.12,615.89,35.23,0.3275
903,5970,bike,893.52,36.89,920.82,73.53,0.5232
903,4341,bike,653.86,2.72,673.28,33.67,0.4081
903,5171,bike,286.7,71.18,326.29,123.93,0.2514
904,1,car,654.75,168.38,769.68,265.69,0.9035
904,170,car,551.19,157.41,640.44,244.8,0.9154
904,1378,car,586.77,247.54,696.4,363.76,0.9269
904,1402,bus,754.8,88.26,959.64,450.19,0.8286
904,4152,car,425.81,159.19,505.86,249.42,0.9021
904,4690,car,733.39,307.3,959.55,510.75,0.9346
904,4868,bike,638.62,56.83,680.17,114.82,0.8478
904,5389,car,435.01,309.69,568.42,495.81,0.9286
904,5021,bus,296.84,0.81,343.23,41.9,0.4607
904,5762,car,191.76,23.49,219.32,51.38,0.3119
904,4878,car,686.87,0.0,721.21,19.0,0.4748
904,5795,rickshaw,615.07,428.8,830.58,539.2,0.4527
904,4738,car,908.54,8.74,959.77,43.36,0.4816
904,5869,bike,731.89,17.08,767.53,52.08,0.4287
904,5946,car,621.48,428.21,830.69,537.51,0.6027
904,5970,bike,889.28,37.61,917.61,75.14,0.2753
904,4341,bike,654.04,2.9,673.56,33.91,0.3034
904,6006,bike,534.93,7.45,556.25,40.14,0.3738
905,1,car,654.72,168.46,769.61,265.74,0.905
905,170,car,550.9,157.38,640.41,244.93,0.9171
905,1378,car,586.34,247.33,696.52,364.21,0.927
905,1402,bus,753.94,88.19,960.0,453.64,0.8166
905,4152,car,425.27,158.81,505.9,249.72,0.9066
905,4690,car,733.1,307.38,959.56,511.05,0.935
905,4868,bike,639.67,56.55,681.75,115.19,0.8008
905,5389,car,434.93,309.68,568.3,495.64,0.9315
905,5021,bus,296.82,0.73,342.99,41.58,0.348
905,5762,car,191.23,23.33,218.92,51.4,0.3253
905,4878,car,687.13,0.0,721.3,18.92,0.3445
905,5795,rickshaw,616.78,428.79,831.53,539.23,0.4396
905,4738,car,907.75,7.82,960.0,43.3,0.4525
905,5869,bike,726.97,17.72,761.61,51.87,0.6889
905,5946,car,622.62,428.2,831.86,537.59,0.6033
905,5970,bike,885.6,37.1,915.24,76.21,0.5611
905,4341,bike,654.63,4.03,673.71,34.04,0.3478
905,6006,bike,536.84,6.67,556.61,37.01,0.3998
906,1,car,654.35,168.24,769.69,265.93,0.9059
906,170,car,550.68,157.33,640.23,244.82,0.9141
906,1378,car,586.49,247.35,696.55,364.21,0.932
906,1402,bus,753.71,88.22,960.0,455.81,0.8123
906,4152,car,425.05,158.1,506.11,249.45,0.9042
906,4690,car,732.83,307.32,959.76,511.4,0.9342
906,4868,bike,640.9,56.2,683.35,115.09,0.8521
906,5389,car,434.55,309.73,568.19,495.98,0.929
906,5021,bus,296.58,0.74,342.81,41.6,0.4264
906,5762,car,191.25,23.57,218.6,51.34,0.3071
906,4878,car,687.15,0.0,721.35,18.98,0.2726
906,5795,rickshaw,617.54,428.91,830.49,539.25,0.4557
906,4738,car,907.96,7.81,960.0,43.34,0.5394
906,5869,bike,723.3,17.72,758.08,51.97,0.7263
906,5946,car,623.28,428.41,830.89,537.45,0.6771
906,5970,bike,883.61,37.2,912.8,75.39,0.5342
906,4341,bike,655.38,4.39,674.27,33.76,0.4135
906,6006,bike,538.33,6.05,558.22,36.75,0.366
906,5641,bike,596.96,12.48,618.62,35.6,0.3262
907,1,car,654.14,167.92,769.8,265.94,0.9046
907,170,car,550.71,157.36,640.26,244.76,0.9139
907,1378,car,586.75,247.33,696.27,363.61,0.9289
907,1402,bus,754.6,88.6,960.0,452.59,0.8156
907,4152,car,424.83,157.43,506.51,249.58,0.9054
907,4690,car,732.98,307.33,959.53,510.96,0.9338
907,4868,bike,642.36,55.87,685.17,115.25,0.8448
907,5389,car,434.68,309.87,568.33,496.12,0.9273
907,5021,bus,296.55,0.75,342.9,41.65,0.4056
907,5762,car,191.39,23.33,218.91,51.23,0.3408
907,4878,car,687.07,0.0,721.16,18.93,0.356
907,5795,rickshaw,619.07,428.98,831.05,539.24,0.4269
907,4738,car,907.5,7.21,960.0,43.39,0.434
907,5869,bike,718.93,18.88,754.11,53.54,0.7436
907,5946,car,624.51,428.54,831.25,537.35,0.6675
907,5970,bike,880.34,37.48,908.76,74.37,0.4693
907,4341,bike,655.77,3.96,675.04,33.6,0.4647
908,1,car,654.24,168.02,769.8,265.99,0.9043
908,170,car,550.57,157.23,640.33,244.81,0.9175
908,1378,car,586.38,247.39,696.6,364.54,0.9316
908,1402,bus,754.85,88.6,959.61,451.17,0.8236
908,4152,car,425.13,157.87,506.24,249.35,0.9055
908,4690,car,732.88,307.38,959.64,511.15,0.9351
908,4868,bike,644.83,55.87,686.83,114.27,0.8442
908,5389,car,434.69,309.67,568.08,495.5,0.9257
908,5021,bus,296.52,0.74,343.05,41.71,0.4896
908,5762,car,191.58,23.13,219.26,51.13,0.3352
908,4878,car,687.07,0.0,720.88,18.74,0.389
908,5795,rickshaw,618.48,429.01,828.81,539.21,0.4262
908,4738,car,907.72,7.62,960.0,43.53,0.605
908,5869,bike,715.48,18.56,750.1,52.92,0.8328
908,5946,car,624.13,428.55,829.86,537.31,0.6977
908,5970,bike,877.68,37.9,906.45,74.94,0.5633
908,4341,bike,656.21,4.14,675.25,33.19,0.373
908,6029,bike,519.2,62.55,548.39,115.3,0.4598
908,5205,bike,146.2,65.66,169.68,109.06,0.348
908,5641,bike,595.59,10.87,619.09,35.98,0.3963
909,1,car,654.24,168.2,769.78,266.21,0.9048
909,170,car,550.62,157.27,640.36,244.78,0.9176
909,1378,car,586.12,247.49,696.55,364.92,0.9298
909,1402,bus,755.06,88.76,959.38,450.25,0.8198
909,4152,car,425.31,158.34,506.1,249.46,0.9022
909,4690,car,732.88,307.36,959.66,511.1,0.9369
909,4868,bike,647.21,55.83,688.47,113.63,0.829
909,5389,car,434.61,309.7,568.14,495.66,0.9304
909,5021,bus,296.36,0.65,342.95,41.66,0.4108
909,5762,car,191.31,23.28,218.98,51.19,0.2741
909,4878,car,687.05,0.0,720.91,18.79,0.3617
909,5795,rickshaw,619.13,428.93,828.72,539.25,0.4444
909,4738,car,907.85,7.65,960.0,43.47,0.5365
909,5869,bike,711.39,18.13,746.62,53.58,0.7882
909,5946,car,623.88,428.38,829.93,537.59,0.6318
909,5970,bike,874.35,38.08,903.44,75.44,0.6221
909,4341,bike,656.15,3.53,675.45,32.97,0.3235
909,6029,bike,519.85,60.75,550.56,116.44,0.4606
909,6031,bike,744.39,2.03,759.57,23.52,0.3618
909,5641,bike,595.09,10.32,619.36,36.02,0.4863
910,1,car,654.61,168.24,769.61,265.75,0.9057
910,170,car,550.67,157.26,640.57,244.92,0.9159
910,1378,car,586.6,247.46,696.72,364.69,0.9315
910,1402,bus,755.15,88.77,959.31,449.67,0.8176
910,4152,car,425.29,158.59,505.9,249.42,0.9038
910,4690,car,732.89,307.31,959.62,510.94,0.9372
910,4868,bike,648.88,55.72,689.76,113.4,0.8563
910,5389,car,434.84,309.6,568.33,495.51,0.9301
910,5021,bus,296.09,0.76,342.63,41.76,0.4935
910,5762,car,191.51,23.08,219.5,51.31,0.3103
910,4878,car,687.08,0.0,720.85,18.74,0.4562
910,5795,rickshaw,618.98,428.78,827.3,539.27,0.4814
910,4738,car,908.48,8.43,959.84,43.53,0.5776
910,5869,bike,707.38,18.69,742.13,53.85,0.8257
910,5946,car,624.04,428.21,829.13,537.45,0.6811
910,5970,bike,870.96,39.05,900.0,75.84,0.6751
910,4341,bike,656.27,3.1,675.79,32.78,0.2559
910,6029,bike,521.67,60.34,552.5,116.57,0.3467
910,5641,bike,595.21,10.37,619.67,36.02,0.6096
911,1,car,654.66,168.32,769.48,265.65,0.9062
911,170,car,550.55,157.22,640.44,244.82,0.9156
911,1378,car,586.93,247.2,696.63,364.04,0.9299
911,1402,bus,754.68,88.67,959.66,450.98,0.8139
911,4152,car,425.07,158.23,505.88,249.18,0.9062
911,4690,car,732.94,307.27,959.56,510.72,0.9363
911,4868,bike,650.06,55.53,691.27,114.04,0.8009
911,5389,car,434.87,309.66,568.37,495.54,0.9273
911,5021,bus,296.35,0.79,342.85,41.72,0.4438
911,5762,car,191.1,22.6,219.58,51.31,0.3805
911,4878,car,687.37,0.0,720.59,18.42,0.4038
911,5795,rickshaw,619.25,428.79,826.36,539.22,0.449
911,4738,car,908.68,8.36,959.92,43.42,0.6357
911,5869,bike,703.77,18.64,739.05,54.62,0.8272
911,5946,car,624.41,428.27,828.45,537.31,0.6836
911,5970,bike,868.27,38.63,897.72,75.88,0.6645
911,4341,bike,656.54,3.24,676.13,32.87,0.3044
911,5641,bike,595.54,10.57,619.81,35.72,0.5257
912,1,car,654.66,168.2,769.61,265.64,0.9053
912,170,car,550.59,157.26,640.34,244.6,0.9162
912,1378,car,586.31,247.16,696.73,364.9,0.9267
912,1402,bus,754.56,88.59,959.69,451.03,0.8186
912,4152,car,425.54,158.89,505.91,249.27,0.8998
912,4690,car,732.82,307.28,959.68,510.92,0.9361
912,4868,bike,651.27,56.07,691.56,113.31,0.7235
912,5389,car,434.65,309.66,568.08,495.31,0.9314
912,5021,bus,296.21,0.8,342.83,41.79,0.451
912,5762,car,191.36,22.86,219.59,51.29,0.3212
912,4878,car,687.67,0.0,720.92,18.46,0.4442
912,5795,rickshaw,620.53,428.77,826.95,539.25,0.4796
912,4738,car,909.89,10.02,959.27,43.63,0.4711
912,5869,bike,700.65,17.86,736.42,54.79,0.7775
912,5946,car,625.28,428.25,828.87,537.32,0.6631
912,5970,bike,864.08,38.74,894.06,76.29,0.5403
912,4341,bike,656.81,3.2,676.37,32.67,0.2434
912,5641,bike,596.76,11.45,620.47,35.55,0.4947
913,1,car,654.12,167.98,769.48,265.76,0.9031
913,170,car,550.88,157.22,640.55,244.46,0.9135
913,1378,car,586.52,247.05,696.64,364.55,0.9264
913,1402,bus,754.72,88.71,959.73,450.85,0.8191
913,4152,car,425.12,158.11,506.16,249.22,0.9048
913,4690,car,732.96,307.23,959.62,510.63,0.9337
913,4868,bike,652.13,56.34,691.75,112.44,0.7544
913,5389,car,434.77,309.43,568.34,495.37,0.9291
913,5021,bus,295.69,0.79,342.39,41.89,0.4166
913,5762,car,191.44,22.99,219.65,51.37,0.3184
913,4878,car,687.87,0.0,720.89,18.32,0.3867
913,5795,rickshaw,620.49,428.79,825.54,539.25,0.495
913,4738,car,909.74,9.57,959.25,43.2,0.5099
913,5869,bike,699.0,19.08,732.47,54.16,0.6764
913,5946,car,624.98,428.22,827.75,537.31,0.6707
913,5970,bike,861.72,37.94,891.53,75.22,0.7114
913,5641,bike,596.86,10.47,621.8,35.7,0.4914
914,1,car,654.17,167.86,769.72,265.82,0.9036
914,170,car,551.14,157.17,640.83,244.47,0.9153
914,1378,car,586.87,247.11,696.47,364.08,0.9348
914,1402,bus,754.82,88.66,959.62,450.25,0.8201
914,4152,car,425.24,158.09,506.15,249.01,0.9057
914,4690,car,732.61,307.23,959.89,511.19,0.9364
914,4868,bike,652.47,56.65,692.58,113.26,0.7805
914,5389,car,434.83,309.44,568.54,495.65,0.9282
914,5021,bus,295.54,0.88,342.15,41.92,0.3859
914,5762,car,191.67,23.09,219.72,51.29,0.3337
914,4878,car,687.98,0.0,720.91,18.09,0.3564
914,5795,rickshaw,621.44,428.62,826.0,539.34,0.5164
914,4738,car,908.45,8.89,959.13,43.22,0.4902
914,5869,bike,694.8,20.27,727.23,54.18,0.7118
914,5946,car,624.7,427.93,827.84,537.67,0.644
914,5970,bike,858.47,37.71,888.93,75.74,0.7365
914,5641,bike,597.22,10.34,622.8,36.1,0.4807
914,5205,bike,139.34,65.62,164.09,112.03,0.2543
915,1,car,653.76,167.57,769.58,265.76,0.9022
915,170,car,550.78,157.22,640.53,244.46,0.9162
915,1378,car,586.66,247.15,696.46,364.37,0.9292
915,1402,bus,754.93,88.64,959.63,449.89,0.8188
915,4152,car,424.95,158.0,506.0,248.96,0.9105
915,4690,car,732.58,307.19,959.79,511.06,0.9362
915,4868,bike,653.06,56.39,693.45,113.14,0.7888
915,5389,car,434.56,309.45,568.52,496.08,0.925
915,5021,bus,295.42,0.88,341.9,41.8,0.404
915,5762,car,191.41,23.05,219.37,51.11,0.3622
915,4878,car,687.96,0.0,720.76,17.87,0.2611
915,5795,rickshaw,621.05,428.7,824.23,539.35,0.477
915,4738,car,908.03,8.22,959.71,43.28,0.4266
915,5869,bike,690.12,19.37,722.85,53.69,0.7952
915,5946,car,624.81,428.11,826.44,537.47,0.6919
915,5970,bike,856.02,37.26,886.63,75.6,0.7062
915,5641,bike,597.48,11.22,621.98,36.02,0.3212
915,5205,bike,138.32,65.38,163.37,112.26,0.3903
915,5171,bike,311.5,68.45,348.93,117.99,0.3617
916,1,car,654.01,167.79,769.43,265.59,0.9026
916,170,car,550.92,157.13,640.77,244.53,0.9177
916,1378,car,587.02,246.79,696.21,363.3,0.9315
916,1402,bus,755.5,88.59,959.01,447.22,0.8218
916,4152,car,424.97,157.68,506.45,249.2,0.9062
916,4690,car,732.82,307.16,959.76,510.75,0.9358
916,4868,bike,653.18,55.92,695.0,114.75,0.8143
916,5389,car,434.72,309.37,568.26,495.32,0.9282
916,5021,bus,294.8,0.98,341.13,41.86,0.4013
916,5762,car,191.24,22.81,219.29,50.95,0.3537
916,4878,car,687.76,0.0,720.53,17.74,0.3296
916,5795,rickshaw,622.91,428.76,825.65,539.32,0.4715
916,4738,car,906.49,5.67,960.0,43.22,0.4594
916,5869,bike,687.25,18.84,719.95,53.26,0.7243
916,5946,car,626.46,428.17,827.76,537.4,0.6503
916,5970,bike,852.87,37.43,883.58,75.99,0.5768
916,5641,bike,596.06,11.77,619.36,36.21,0.3287
917,1,car,654.63,167.69,769.64,265.11,0.9023
917,170,car,550.57,157.07,640.51,244.45,0.9177
917,1378,car,587.16,247.01,696.09,363.25,0.9338
917,1402,bus,755.05,88.62,959.44,448.67,0.8254
917,4152,car,424.98,157.84,506.37,249.22,0.9003
917,4690,car,732.86,307.14,959.63,510.5,0.9368
917,4868,bike,654.11,56.52,695.71,114.86,0.8312
917,5389,car,434.67,309.41,568.12,495.13,0.9303
917,5021,bus,294.77,1.07,340.98,41.93,0.3595
917,5762,car,191.13,22.64,219.35,50.95,0.3884
917,4878,car,687.77,0.0,720.32,17.52,0.3663
917,5795,rickshaw,623.46,428.7,825.8,539.35,0.4829
917,4738,car,908.07,7.88,960.0,43.34,0.4136
917,5869,bike,683.41,19.32,716.37,54.02,0.7823
917,5946,car,626.29,428.05,827.97,537.71,0.6214
917,5970,bike,848.21,37.55,880.06,77.41,0.4836
918,1,car,654.54,168.02,769.38,265.21,0.9022
918,170,car,550.65,156.9,640.74,244.42,0.9194
918,1378,car,587.12,246.76,696.31,363.34,0.9285
918,1402,bus,754.0,88.43,960.0,452.22,0.8077
918,4152,car,424.8,157.47,506.47,249.2,0.9075
918,4690,car,732.88,307.09,959.66,510.4,0.9347
918,4868,bike,654.58,56.4,696.22,114.63,0.817
918,5389,car,434.47,309.34,568.01,495.1,0.9257
918,5021,bus,295.2,0.96,341.17,41.6,0.334
918,5762,car,190.83,22.75,218.83,50.8,0.3454
918,4878,car,688.51,0.0,721.05,17.5,0.2591
918,5795,rickshaw,623.91,428.63,825.9,539.35,0.5116
918,4738,car,906.58,5.4,960.0,43.04,0.3918
918,5869,bike,679.44,18.76,711.91,52.98,0.7714
918,5946,car,626.99,427.95,828.3,537.52,0.6456
918,5970,bike,846.02,37.94,877.4,77.04,0.754
918,5205,bike,136.17,66.56,159.64,110.73,0.5912
919,1,car,654.38,168.08,769.38,265.37,0.9029
919,170,car,550.62,156.73,640.85,244.43,0.9185
919,1378,car,587.25,246.68,696.37,363.22,0.9317
919,1402,bus,754.29,88.32,960.0,451.06,0.8173
919,4152,car,425.19,158.13,506.1,248.88,0.9049
919,4690,car,732.82,307.09,959.64,510.37,0.9373
919,4868,bike,656.13,57.49,697.42,114.78,0.8398
919,5389,car,434.63,309.16,568.18,494.94,0.9272
919,5021,bus,295.34,0.95,341.5,41.64,0.3439
919,5762,car,190.56,22.42,218.82,50.77,0.3665
919,4878,car,688.29,0.0,721.34,17.84,0.5331
919,5795,rickshaw,622.09,428.48,823.36,539.31,0.5052
919,4738,car,907.7,6.46,960.0,42.67,0.4836
919,5869,bike,676.25,18.57,707.8,52.09,0.7057
919,5946,car,625.51,427.79,826.27,537.44,0.6829
919,5970,bike,843.51,37.62,874.53,76.33,0.6948
919,5205,bike,135.12,66.38,158.53,110.67,0.4604
919,5641,bike,599.48,7.31,626.47,36.35,0.3979
920,1,car,654.23,168.07,769.42,265.46,0.903
920,170,car,550.78,156.72,640.87,244.29,0.9176
920,1378,car,587.09,246.6,696.3,363.3,0.9265
920,1402,bus,754.23,88.09,960.0,451.51,0.8104
920,4152,car,425.5,158.74,506.03,248.93,0.9067
920,4690,car,732.57,307.07,959.9,510.84,0.9369
920,4868,bike,657.58,58.46,698.46,114.97,0.8132
920,5389,car,434.62,309.11,568.38,495.23,0.924
920,5021,bus,295.13,0.94,341.5,41.81,0.276
920,5762,car,190.49,22.28,218.9,50.78,0.3399
920,4878,car,688.35,0.0,721.14,17.73,0.5625
920,5795,rickshaw,621.57,428.53,821.9,539.25,0.4624
920,4738,car,908.58,7.69,959.75,42.81,0.5105
920,5869,bike,672.68,19.23,703.8,52.03,0.7004
920,5946,car,625.2,427.81,825.21,537.39,0.6545
920,5641,bike,603.11,7.83,628.49,35.52,0.3885
921,1,car,654.33,168.17,769.34,265.32,0.9044
921,170,car,550.84,156.74,640.93,244.34,0.92
921,1378,car,587.12,246.69,696.23,363.28,0.9265
921,1402,bus,754.12,88.17,960.0,451.88,0.8059
921,4152,car,425.37,158.37,506.04,248.62,0.9
921,4690,car,732.6,307.08,959.91,510.81,0.9383
921,4868,bike,659.78,58.3,700.34,114.48,0.8142
921,5389,car,434.45,309.09,568.56,495.85,0.9219
921,5021,bus,295.0,0.9,341.83,42.04,0.2737
921,5762,car,190.35,22.02,219.06,50.88,0.3389
921,4878,car,688.3,0.0,721.16,17.8,0.5582
921,5795,rickshaw,623.22,428.47,823.42,539.23,0.4341
921,4738,car,908.27,6.94,960.0,42.63,0.4602
921,5869,bike,668.6,17.93,699.62,51.04,0.6968
921,5946,car,626.67,427.77,826.54,537.32,0.6597
921,5641,bike,603.77,7.32,629.4,35.51,0.4972
921,5970,bike,837.52,37.81,868.23,76.07,0.6614
922,1,car,654.45,168.18,769.31,265.11,0.9023
922,170,car,550.63,156.92,640.48,244.17,0.9183
922,1378,car,586.95,246.59,696.29,363.48,0.9285
922,1402,bus,754.14,88.18,960.0,452.14,0.8109
922,4152,car,425.07,158.16,506.06,248.72,0.9057
922,4690,car,732.52,307.05,959.88,510.82,0.9371
922,4868,bike,662.13,58.34,702.73,114.92,0.8196
922,5389,car,434.58,309.01,568.6,495.71,0.9201
922,5021,bus,295.42,0.87,342.18,41.9,0.2731
922,5762,car,190.11,21.79,218.72,50.62,0.3563
922,4878,car,688.27,0.0,721.39,17.96,0.5395
922,5795,rickshaw,622.4,428.49,821.81,539.23,0.4518
922,4738,car,907.51,6.04,960.0,42.85,0.4755
922,5869,bike,663.79,15.72,695.11,49.8,0.7346
922,5946,car,625.94,427.74,825.32,537.32,0.6816
922,5641,bike,604.92,8.01,629.98,35.55,0.4563
922,5970,bike,835.03,38.4,865.7,76.55,0.5877
923,1,car,654.3,166.91,770.83,265.4,0.9041
923,170,car,550.71,156.87,640.63,244.18,0.9205
923,1378,car,586.93,246.46,696.47,363.62,0.9292
923,1402,bus,754.58,88.26,960.0,451.0,0.8161
923,4152,car,425.13,158.0,506.32,248.73,0.9012
923,4690,car,732.14,307.06,960.0,511.44,0.9398
923,4868,bike,664.03,57.26,704.51,114.03,0.8246
923,5389,car,434.65,308.93,568.16,494.95,0.9211
923,5762,car,190.0,21.88,218.59,50.75,0.3287
923,4878,car,688.41,0.0,721.6,18.03,0.4875
923,5795,rickshaw,623.22,428.56,822.12,539.28,0.5225
923,4738,car,908.79,8.31,958.88,42.67,0.4583
923,5869,bike,659.11,14.73,691.92,50.62,0.7487
923,5946,car,626.68,427.83,825.72,537.37,0.6263
923,5641,bike,605.6,7.89,630.63,35.38,0.6083
923,5970,bike,832.65,38.15,862.96,76.0,0.7039
924,1,car,654.51,167.41,770.24,265.23,0.9026
924,170,car,551.13,156.83,640.8,243.91,0.9174
924,1378,car,586.83,246.34,696.46,363.61,0.9268
924,1402,bus,754.54,88.0,960.0,451.45,0.8229
924,4152,car,424.99,157.47,506.72,248.84,0.8929
924,4690,car,732.4,307.04,960.0,511.12,0.9365
924,4868,bike,664.69,55.03,706.66,114.37,0.7788
924,5389,car,434.64,308.89,568.15,494.9,0.9243
924,5762,car,189.94,21.66,218.62,50.63,0.3813
924,4878,car,688.42,0.0,721.43,17.91,0.5524
924,5795,rickshaw,622.87,428.61,821.34,539.27,0.4883
924,4738,car,906.83,4.69,960.0,42.35,0.4661
924,5869,bike,655.49,13.51,688.67,50.21,0.7523
924,5946,car,626.55,427.84,825.4,537.39,0.6491
924,5641,bike,606.27,7.22,631.28,34.54,0.7266
924,5970,bike,829.93,38.76,859.45,75.61,0.5672
925,1,car,654.64,166.85,770.96,265.19,0.9069
925,170,car,551.27,156.69,641.19,244.1,0.9182
925,1378,car,586.84,246.14,696.36,363.3,0.923
925,1402,bus,753.99,87.68,960.0,453.04,0.8226
925,4152,car,425.44,157.98,506.8,248.96,0.8939
925,4690,car,732.61,307.02,959.93,510.81,0.9383
925,4868,bike,665.63,53.49,707.81,113.55,0.6931
925,5389,car,434.3,308.81,568.44,495.81,0.916
925,5762,car,189.79,21.47,218.61,50.65,0.397
925,4878,car,688.67,0.0,721.44,17.77,0.5589
925,5795,rickshaw,624.84,428.46,823.62,539.35,0.5519
925,4738,car,908.28,6.98,959.95,42.62,0.3698
925,5869,bike,651.71,12.47,686.08,51.0,0.5779
925,5946,car,627.8,427.65,827.14,537.46,0.5953
925,5641,bike,607.07,7.1,631.94,34.06,0.6752
925,5970,bike,826.76,37.76,857.3,76.06,0.2507
925,6099,bike,565.57,7.29,592.65,43.54,0.4443
925,5021,bus,295.34,0.95,341.92,41.63,0.2412
926,1,car,654.85,166.58,771.45,265.24,0.9065
926,170,car,551.78,156.65,641.49,243.98,0.9195
926,1378,car,587.0,246.24,696.44,363.31,0.9309
926,1402,bus,754.55,87.73,960.0,451.03,0.8324
926,4152,car,425.51,157.87,507.03,249.1,0.8968
926,4690,car,732.92,306.98,959.77,510.28,0.9349
926,4868,bike,667.34,55.38,707.79,112.95,0.675
926,5389,car,434.46,308.78,568.61,495.89,0.9181
926,5762,car,190.03,21.63,218.54,50.51,0.383
926,4878,car,688.64,0.0,721.37,17.74,0.4733
926,5795,rickshaw,625.29,428.36,824.33,539.35,0.4253
926,4738,car,907.79,5.92,960.0,42.24,0.4437
926,5869,bike,646.6,14.4,680.43,52.24,0.6493
926,5946,car,628.16,427.49,827.81,537.41,0.6151
926,5641,bike,607.5,6.45,633.06,34.06,0.6904
926,5970,bike,824.23,38.07,854.54,75.97,0.5696
926,6099,bike,567.24,7.42,593.65,42.93,0.446
927,1,car,654.92,166.65,771.53,265.34,0.9118
927,170,car,551.65,156.61,641.36,244.0,0.9174
927,1378,car,587.36,246.16,696.68,363.13,0.93
927,1402,bus,755.09,87.59,959.72,448.93,0.8409
927,4152,car,425.67,157.61,506.89,248.45,0.9068
927,4690,car,732.8,306.95,960.0,510.62,0.9367
927,4868,bike,668.41,55.94,708.47,112.77,0.7815
927,5389,car,434.59,308.83,568.37,495.38,0.9159
927,5762,car,190.02,21.21,218.84,50.41,0.4173
927,4878,car,688.63,0.0,721.43,17.77,0.5477
927,5795,rickshaw,625.19,428.38,823.89,539.34,0.4561
927,4738,car,908.99,8.4,958.44,42.27,0.3146
927,5869,bike,644.63,15.41,676.33,51.17,0.7221
927,5946,car,628.18,427.55,827.54,537.35,0.5651
927,5641,bike,608.34,6.51,634.6,34.79,0.5907
927,5970,bike,820.45,38.09,851.01,75.95,0.7526
927,6099,bike,570.87,9.62,595.17,42.51,0.3954
928,1,car,654.95,166.73,771.28,265.19,0.904
928,170,car,551.86,156.69,641.4,243.95,0.9167
928,1378,car,587.59,246.2,696.69,362.92,0.9288
928,1402,bus,755.38,87.61,959.46,447.7,0.8345
928,4152,car,425.71,157.96,506.86,248.67,0.9027
928,4690,car,732.47,306.95,960.0,511.23,0.9372
928,4868,bike,668.66,55.71,709.38,113.3,0.842
928,5389,car,434.42,308.99,568.15,495.42,0.9144
928,5762,car,190.13,21.46,218.78,50.48,0.4031
928,4878,car,688.52,0.0,721.32,17.7,0.5254
928,5795,rickshaw,624.84,428.29,823.39,539.35,0.5153
928,4738,car,906.8,4.59,960.0,42.09,0.3628
928,5869,bike,641.41,18.09,671.38,51.8,0.7566
928,5946,car,627.86,427.43,827.34,537.39,0.6339
928,5641,bike,609.31,7.42,635.56,35.52,0.4153
928,5970,bike,817.65,39.04,848.05,76.29,0.3331
928,6099,bike,571.88,9.13,596.57,42.98,0.4167
929,1,car,655.16,167.04,770.74,264.83,0.9029
929,170,car,552.15,156.73,641.51,243.89,0.918
929,1378,car,587.55,246.12,696.74,362.93,0.9293
929,1402,bus,755.38,87.76,959.62,448.02,0.8232
929,4152,car,425.71,158.25,506.8,248.85,0.9047
929,4690,car,732.75,306.96,960.0,510.91,0.9355
929,4868,bike,669.4,56.07,710.24,113.55,0.8388
929,5389,car,434.56,308.98,568.23,495.38,0.9218
929,5762,car,190.34,21.53,218.97,50.51,0.4022
929,4878,car,688.59,0.0,721.56,17.83,0.3449
929,5795,rickshaw,624.8,428.49,822.7,539.32,0.5682
929,4738,car,908.42,7.15,959.93,42.64,0.276
929,5869,bike,636.86,19.24,667.68,53.81,0.7906
929,5946,car,627.8,427.61,826.83,537.37,0.6049
929,5641,bike,610.18,7.32,636.64,35.67,0.4279
929,5970,bike,815.42,39.38,845.59,76.47,0.5183
929,6029,bike,554.24,62.23,582.99,114.87,0.5621
930,1,car,655.0,166.7,771.38,265.26,0.9031
930,170,car,552.06,156.77,641.4,243.97,0.9173
930,1378,car,587.58,246.35,696.81,363.19,0.9314
930,1402,bus,755.53,87.82,959.64,447.73,0.8282
930,4152,car,425.77,157.8,506.84,248.37,0.9046
930,4690,car,732.81,306.97,960.0,510.95,0.9346
930,4868,bike,670.53,55.93,711.59,113.39,0.7692
930,5389,car,434.74,309.09,568.42,495.54,0.9214
930,5762,car,190.5,21.49,218.98,50.37,0.3893
930,4878,car,688.7,0.0,721.48,17.73,0.3927
930,5795,rickshaw,625.43,428.5,823.22,539.33,0.4914
930,4738,car,907.79,5.9,960.0,42.7,0.3567
930,5869,bike,634.06,19.43,663.92,53.25,0.6981
930,5946,car,628.1,427.64,827.03,537.37,0.6417
930,5970,bike,812.53,39.53,842.36,75.96,0.7582
930,6029,bike,555.6,63.74,584.07,115.45,0.427
930,5021,bus,294.55,1.04,340.7,41.53,0.2549
931,1,car,654.94,166.78,771.25,265.27,0.9021
931,170,car,551.55,156.62,641.16,244.07,0.9195
931,1378,car,587.44,246.35,696.81,363.34,0.9266
931,1402,bus,754.6,87.83,960.0,451.01,0.8195
931,4152,car,425.82,157.96,506.88,248.44,0.906
931,4690,car,732.67,307.0,960.0,511.31,0.9341
931,4868,bike,671.5,55.81,712.91,113.3,0.7849
931,5389,car,434.8,308.97,568.42,495.38,0.9138
931,5762,car,190.81,21.54,219.48,50.57,0.3977
931,4878,car,688.65,0.0,721.53,17.79,0.4717
931,5795,rickshaw,625.43,428.37,823.46,539.37,0.5226
931,4738,car,907.29,4.85,960.0,42.32,0.4267
931,5869,bike,628.21,18.52,659.14,53.73,0.6048
931,5946,car,628.0,427.53,827.2,537.42,0.6012
931,5970,bike,809.87,39.08,840.01,75.99,0.8101
931,6029,bike,556.08,63.93,584.01,114.37,0.2742
931,5021,bus,294.59,0.99,340.76,41.44,0.2859
931,5171,bike,345.38,67.78,383.34,115.29,0.3349
932,1,car,655.29,166.8,771.52,265.25,0.9076
932,170,car,551.95,156.87,641.3,244.07,0.9184
932,1378,car,587.56,246.3,696.84,363.23,0.9284
932,1402,bus,755.01,87.98,960.0,449.64,0.8261
932,4152,car,425.99,158.22,507.09,248.76,0.897
932,4690,car,733.33,307.05,959.78,510.14,0.9328
932,4868,bike,672.24,55.75,714.39,113.9,0.7912
932,5389,car,434.78,308.93,568.35,495.36,0.9228
932,5762,car,190.55,21.35,219.43,50.57,0.398
932,4878,car,688.54,0.0,721.41,17.75,0.5536
932,5795,rickshaw,624.95,428.39,822.6,539.39,0.5382
932,4738,car,909.46,8.37,959.26,42.78,0.3249
932,5869,bike,622.58,18.46,655.21,55.41,0.674
932,5946,car,627.66,427.5,826.73,537.44,0.6146
932,5970,bike,807.52,38.98,837.41,75.71,0.8229
932,6029,bike,557.39,63.68,585.89,114.93,0.446
932,5021,bus,294.73,0.96,340.97,41.38,0.2691
933,1,car,655.2,166.67,771.72,265.42,0.9039
933,170,car,552.21,156.81,641.59,244.14,0.9174
933,1378,car,587.78,246.41,696.83,363.1,0.9281
933,1402,bus,754.71,87.96,960.0,450.7,0.8119
933,4152,car,425.95,158.49,507.05,249.0,0.9004
933,4690,car,733.16,307.03,959.99,510.5,0.9348
933,4868,bike,672.94,55.14,715.95,114.42,0.7903
933,5389,car,434.98,309.1,568.62,495.78,0.9211
933,5762,car,190.79,21.37,219.62,50.49,0.3957
933,4878,car,688.49,0.0,721.61,17.87,0.4891
933,5795,rickshaw,626.11,428.48,823.66,539.36,0.444
933,4738,car,910.0,9.44,958.92,43.05,0.3816
933,5869,bike,618.96,17.57,652.55,55.64,0.4285
933,5946,car,628.44,427.68,827.14,537.36,0.6807
933,5970,bike,804.42,38.73,835.02,76.72,0.7694
933,6029,bike,558.89,64.45,587.01,114.96,0.6574
933,5021,bus,294.58,1.17,340.57,41.23,0.2304
934,1,car,655.21,166.63,771.78,265.46,0.9072
934,170,car,552.35,156.79,641.79,244.29,0.9177
934,1378,car,587.97,246.53,696.69,362.78,0.9259
934,1402,bus,755.2,87.96,960.0,449.38,0.8179
934,4152,car,425.63,157.86,507.37,249.13,0.907
934,4690,car,732.94,307.03,960.0,510.91,0.9325
934,4868,bike,674.87,55.19,718.06,114.49,0.8234
934,5389,car,435.07,309.03,568.74,495.87,0.9227
934,5762,car,190.99,21.38,219.87,50.42,0.3932
934,4878,car,688.56,0.0,721.9,18.0,0.3734
934,5795,rickshaw,626.27,428.54,823.8,539.39,0.5468
934,4738,car,908.56,7.31,960.0,42.9,0.3303
934,5869,bike,616.12,15.39,649.21,53.12,0.5224
934,5946,car,628.15,427.82,827.28,537.69,0.6061
934,5970,bike,801.38,38.35,832.26,76.85,0.8276
934,6029,bike,560.74,64.94,588.48,115.35,0.4904
934,5021,bus,294.67,1.26,340.71,41.37,0.2048
934,5171,bike,350.26,66.38,390.61,116.64,0.323
935,1,car,655.41,166.96,771.57,265.42,0.9038
935,170,car,552.31,156.76,641.69,244.26,0.9191
935,1378,car,588.26,246.7,696.71,362.55,0.9301
935,1402,bus,755.11,87.98,959.99,449.5,0.8125
935,4152,car,425.85,157.65,507.73,249.18,0.899
935,4690,car,733.13,307.02,960.0,510.73,0.9342
935,4868,bike,677.05,54.93,719.89,113.78,0.8413
935,5389,car,434.93,309.06,568.86,496.46,0.9205
935,5762,car,191.26,21.76,219.83,50.4,0.3282
935,4878,car,688.68,0.0,721.75,17.83,0.5147
935,5795,rickshaw,626.33,428.45,824.0,539.38,0.481
935,4738,car,908.49,6.88,960.0,42.68,0.28
935,5869,bike,613.43,14.54,647.7,54.52,0.554
935,5946,car,628.41,427.69,827.42,537.49,0.6421
935,5970,bike,798.62,39.16,828.75,76.79,0.8104
935,6029,bike,562.22,61.76,591.08,116.11,0.3484
935,5021,bus,294.24,1.15,340.7,41.59,0.2229
936,1,car,655.47,167.1,771.24,265.23,0.9024
936,170,car,552.49,156.74,641.92,244.43,0.9167
936,1378,car,587.64,246.74,697.17,363.77,0.9314
936,1402,bus,755.23,87.99,960.0,449.76,0.8146
936,4152,car,425.78,157.55,507.55,249.0,0.903
936,4690,car,733.16,307.06,960.0,510.81,0.9345
936,4868,bike,678.81,54.66,721.7,113.89,0.872
936,5389,car,434.94,309.12,568.9,496.75,0.9208
936,5762,car,191.54,21.67,220.11,50.27,0.3694
936,4878,car,688.75,0.0,722.07,18.02,0.3986
936,5795,rickshaw,625.23,428.55,823.12,539.31,0.4503
936,4738,car,910.02,9.37,959.0,42.96,0.3329
936,5869,bike,608.91,12.88,644.34,54.53,0.5101
936,5946,car,627.29,427.83,826.75,537.59,0.6322
936,5970,bike,795.65,39.5,825.71,76.97,0.6148
937,1,car,655.68,167.55,771.0,265.25,0.903
937,170,car,552.02,156.6,641.68,244.57,0.9198
937,1378,car,587.71,246.88,696.99,363.55,0.9295
937,1402,bus,755.0,88.05,960.0,450.63,0.8126
937,4152,car,426.08,158.07,507.38,249.0,0.908
937,4690,car,733.24,307.04,960.0,510.81,0.9341
937,4868,bike,680.44,54.8,722.88,114.07,0.7921
937,5389,car,435.03,309.04,568.84,496.52,0.9157
937,5762,car,191.15,21.07,220.13,50.12,0.3343
937,4878,car,688.91,0.0,722.13,18.02,0.5069
937,5795,rickshaw,626.35,428.52,824.38,539.33,0.4831
937,4738,car,909.78,9.15,959.16,42.91,0.3635
937,5869,bike,605.68,13.13,639.54,53.12,0.5358
937,5946,car,628.11,427.82,827.85,537.71,0.644
937,5970,bike,792.77,39.13,823.19,77.48,0.6635
937,6029,bike,565.71,56.06,594.73,113.15,0.3923
938,1,car,655.87,167.56,770.96,265.06,0.903
938,170,car,552.56,156.73,641.69,244.27,0.9143
938,1378,car,587.76,246.63,697.18,363.48,0.9307
938,1402,bus,755.09,88.04,960.0,450.41,0.8134
938,4152,car,425.99,158.28,507.21,249.06,0.904
938,4690,car,733.14,307.11,960.0,511.14,0.9328
938,4868,bike,681.53,54.77,724.57,115.59,0.5699
938,5389,car,435.28,309.08,568.55,495.84,0.9198
938,5762,car,190.99,21.33,220.01,50.3,0.4188
938,4878,car,688.88,0.0,722.11,18.05,0.4695
938,5795,rickshaw,627.12,428.59,825.55,539.36,0.491
938,4738,car,910.45,10.53,958.74,43.33,0.3402
938,5869,bike,601.48,14.73,635.63,55.44,0.7003
938,5946,car,628.97,427.87,828.53,537.47,0.6155
938,5970,bike,789.34,39.86,819.76,78.19,0.7654
939,1,car,655.89,167.49,771.05,265.01,0.9026
939,170,car,553.08,156.59,641.97,244.08,0.9137
939,1378,car,587.64,246.39,697.17,363.32,0.9249
939,1402,bus,755.29,88.08,960.0,449.6,0.819
939,4152,car,426.42,158.34,507.21,248.61,0.9033
939,4690,car,733.33,307.09,960.0,510.85,0.9333
939,4868,bike,683.44,54.92,724.96,114.04,0.2607
939,5389,car,435.51,309.01,568.64,495.61,0.9209
939,5762,car,190.83,20.59,220.56,50.3,0.325
939,4878,car,689.22,0.0,722.48,18.12,0.4392
939,5795,rickshaw,627.41,428.44,826.37,539.41,0.5452
939,4738,car,910.17,10.65,958.68,43.41,0.3391
939,5869,bike,596.21,17.34,629.48,56.7,0.3742
939,5946,car,629.11,427.72,829.0,537.45,0.6358
939,5970,bike,786.55,39.79,817.04,78.05,0.6253
939,6029,bike,568.6,57.65,597.56,116.39,0.4275
940,1,car,655.82,167.39,770.97,264.85,0.9039
940,170,car,553.3,156.55,641.93,243.86,0.9161
940,1378,car,588.21,246.5,697.13,362.69,0.9315
940,1402,bus,755.21,88.07,960.0,450.18,0.8254
940,4152,car,426.44,158.0,507.55,248.67,0.8943
940,4690,car,733.31,307.04,960.0,510.87,0.9344
940,4868,bike,684.95,55.03,726.08,113.79,0.7357
940,5389,car,435.5,309.02,568.95,496.27,0.9177
940,5762,car,190.98,20.69,220.5,50.19,0.3244
940,4878,car,689.57,0.0,722.47,17.99,0.392
940,5795,rickshaw,626.81,428.4,826.2,539.36,0.4327
940,4738,car,910.06,10.94,958.39,43.33,0.3668
940,5869,bike,592.45,18.78,624.88,56.96,0.5029
940,5946,car,628.68,427.67,829.49,537.62,0.6045
940,5970,bike,784.53,39.66,814.58,77.61,0.595
940,6029,bike,571.16,60.6,598.91,117.39,0.6362
940,5641,bike,620.15,8.38,645.29,35.16,0.4053
941,1,car,656.02,167.54,771.14,264.98,0.9047
941,170,car,553.07,156.4,641.95,244.1,0.9183
941,1378,car,587.71,246.36,697.05,362.89,0.9262
941,1402,bus,755.24,87.98,960.0,450.15,0.8282
941,4152,car,426.05,157.63,507.68,248.89,0.9085
941,4690,car,733.25,307.07,960.0,511.05,0.9351
941,4868,bike,685.81,55.5,727.07,114.59,0.7606
941,5389,car,435.46,309.02,568.79,496.07,0.9154
941,5762,car,190.74,20.72,220.21,50.19,0.3329
941,4878,car,689.78,0.0,722.54,17.96,0.3803
941,5795,rickshaw,625.67,428.58,824.97,539.33,0.4758
941,4738,car,910.59,11.62,958.31,43.35,0.2918
941,5869,bike,587.17,16.96,622.1,58.51,0.3558
941,5946,car,627.89,427.91,828.69,537.66,0.6322
941,5970,bike,780.41,39.5,811.7,79.24,0.6912
941,6029,bike,573.13,62.42,600.21,117.71,0.569
941,5641,bike,621.07,8.09,646.95,35.39,0.252
942,1,car,655.64,166.7,772.06,265.32,0.912
942,170,car,552.89,156.31,641.74,244.03,0.919
942,1378,car,587.87,246.38,697.23,362.87,0.9307
942,1402,bus,755.57,87.84,960.0,449.0,0.8365
942,4152,car,426.24,157.62,507.85,248.94,0.9048
942,4690,car,733.31,307.02,960.0,511.16,0.9335
942,4868,bike,686.39,55.72,727.5,114.64,0.7213
942,5389,car,435.64,309.08,568.7,495.76,0.9158
942,5762,car,190.84,21.05,220.49,50.65,0.4017
942,4878,car,689.98,0.0,722.39,17.79,0.4319
942,5795,rickshaw,626.91,428.51,826.9,539.42,0.4822
942,4738,car,911.19,12.47,957.87,43.17,0.275
942,5869,bike,582.83,19.3,617.48,60.57,0.4867
942,5946,car,628.96,427.86,830.59,537.78,0.612
942,5970,bike,777.85,39.1,808.53,78.25,0.784
942,5641,bike,622.58,8.92,647.88,35.21,0.2639
942,5205,bike,111.68,68.96,136.76,116.26,0.2825
943,1,car,655.88,166.75,772.13,265.27,0.911
943,170,car,553.06,156.27,641.93,244.12,0.917
943,1378,car,587.78,246.19,697.52,363.11,0.9264
943,1402,bus,755.33,87.61,960.0,450.03,0.8288
943,4152,car,426.37,157.36,508.29,249.21,0.9056
943,4690,car,733.52,307.01,960.0,510.95,0.9347
943,4868,bike,686.76,55.81,728.08,114.89,0.6803
943,5389,car,435.44,309.11,568.66,496.04,0.9248
943,5762,car,191.06,21.11,220.82,50.77,0.466
943,4878,car,690.08,0.0,722.31,17.72,0.4318
943,5795,rickshaw,626.41,428.43,826.5,539.42,0.5165
943,4738,car,910.99,11.9,958.46,42.95,0.3169
943,5869,bike,578.06,17.68,614.47,61.44,0.5381
943,5946,car,628.13,427.72,830.08,537.82,0.5868
943,5970,bike,774.87,39.83,805.75,79.24,0.8059
943,5641,bike,622.46,6.38,649.8,35.2,0.3596
943,5171,bike,368.16,60.68,407.45,108.55,0.3934
944,1,car,655.82,166.71,772.25,265.45,0.9088
944,170,car,553.3,156.5,641.85,244.1,0.9176
944,1378,car,587.71,246.16,697.49,363.07,0.929
944,1402,bus,754.95,87.58,960.0,452.09,0.8224
944,4152,car,426.38,157.28,508.09,248.98,0.9088
944,4690,car,733.49,306.98,960.0,511.02,0.934
944,4868,bike,687.23,55.69,729.0,115.2,0.8281
944,5389,car,435.21,309.08,568.86,496.76,0.9265
944,5762,car,191.19,21.12,220.69,50.46,0.372
944,4878,car,690.33,0.0,722.41,17.66,0.3532
944,5795,rickshaw,626.22,428.41,826.5,539.4,0.4764
944,4738,car,910.36,11.27,958.88,42.89,0.2744
944,5869,bike,574.66,17.67,610.69,60.93,0.4936
944,5946,car,628.12,427.65,829.77,537.55,0.622
944,5970,bike,771.51,39.35,802.87,79.67,0.7587
944,5641,bike,625.15,6.66,651.39,35.08,0.3691
944,5171,bike,370.8,59.94,411.16,109.76,0.2794
944,6029,bike,576.95,62.42,603.55,116.79,0.3888
944,5205,bike,110.32,67.68,135.93,116.5,0.3434
945,1,car,655.77,166.72,772.33,265.65,0.9053
945,170,car,553.73,156.43,641.9,243.75,0.9152
945,1378,car,587.78,246.27,697.52,363.05,0.9269
945,1402,bus,755.08,87.54,960.0,451.55,0.8257
945,4152,car,426.76,157.32,508.0,248.52,0.8942
945,4690,car,733.81,307.04,960.0,510.74,0.934
945,4868,bike,688.49,55.92,730.39,115.43,0.818
945,5389,car,435.34,309.16,568.65,496.45,0.9223
945,5762,car,191.28,21.16,221.21,50.84,0.46
945,4878,car,690.37,0.0,722.46,17.75,0.3859
945,5795,rickshaw,626.36,428.48,826.75,539.4,0.5022
945,4738,car,909.33,9.92,959.78,42.84,0.2876
945,5869,bike,571.02,20.27,603.87,59.5,0.5856
945,5946,car,628.29,427.67,829.88,537.46,0.6281
945,5970,bike,768.61,40.02,799.68,79.91,0.7841
945,5171,bike,374.73,65.79,412.64,111.27,0.2767
945,6029,bike,577.93,61.84,604.91,117.28,0.4304
946,1,car,655.7,166.79,771.94,265.48,0.9072
946,170,car,553.62,156.37,642.07,244.11,0.9169
946,1378,car,587.69,246.31,697.43,363.01,0.9245
946,1402,bus,755.63,87.69,960.0,449.79,0.8344
946,4152,car,427.11,157.26,508.16,248.3,0.9069
946,4690,car,733.92,307.05,960.0,510.53,0.9347
946,4868,bike,689.64,56.02,731.42,114.94,0.8668
946,5389,car,435.44,309.29,568.93,496.96,0.9148
946,5762,car,190.47,21.1,220.46,50.8,0.3993
946,4878,car,690.38,0.0,722.16,17.63,0.3831
946,5795,rickshaw,626.59,428.46,827.11,539.43,0.5386
946,4738,car,909.58,10.09,959.79,42.82,0.3003
946,5869,bike,567.44,21.28,599.84,59.78,0.7528
946,5946,car,628.27,427.61,829.91,537.45,0.6273
946,5970,bike,765.89,40.52,796.03,79.18,0.8045
946,6029,bike,580.16,62.5,606.06,116.19,0.2648
946,6099,bike,593.02,6.21,616.56,39.64,0.4816
947,1,car,655.71,166.66,771.99,265.44,0.9063
947,170,car,553.84,156.34,641.94,243.83,0.9145
947,1378,car,587.87,246.21,697.59,362.95,0.9241
947,1402,bus,755.41,87.69,960.0,451.2,0.8272
947,4152,car,427.08,157.38,508.19,248.57,0.9016
947,4690,car,734.05,307.06,959.97,510.28,0.9347
947,4868,bike,690.48,56.0,731.93,114.24,0.8397
947,5389,car,435.54,309.21,569.01,496.93,0.9236
947,5762,car,190.51,21.25,220.23,50.68,0.4193
947,4878,car,690.56,0.0,722.16,17.59,0.3723
947,5795,rickshaw,626.3,428.47,826.71,539.43,0.4977
947,4738,car,908.92,9.49,960.0,42.93,0.366
947,5869,bike,563.52,22.53,596.1,60.65,0.5827
947,5946,car,628.11,427.63,829.5,537.39,0.6255
947,5970,bike,763.61,41.89,792.99,79.24,0.8339
947,6029,bike,582.64,60.19,606.46,110.01,0.4783
947,6099,bike,593.8,6.0,617.4,40.51,0.4391
947,5641,bike,630.45,10.09,652.07,33.66,0.3354
948,1,car,655.81,166.56,772.07,265.41,0.9118
948,170,car,553.6,156.31,641.9,244.04,0.9177
948,1378,car,587.82,246.4,697.42,362.96,0.9277
948,1402,bus,755.59,87.79,960.0,450.31,0.8356
948,4152,car,427.2,157.76,508.27,248.99,0.9019
948,4690,car,733.99,307.06,959.9,510.25,0.9316
948,4868,bike,692.18,55.51,733.76,114.21,0.8334
948,5389,car,435.43,309.08,569.04,497.11,0.9208
948,5762,car,190.53,21.39,220.37,50.79,0.3983
948,4878,car,690.93,0.0,722.33,17.55,0.3959
948,5795,rickshaw,626.26,428.5,826.54,539.42,0.486
948,4738,car,907.92,8.61,959.82,42.51,0.2906
948,5869,bike,559.17,22.33,591.85,60.2,0.6301
948,5946,car,628.08,427.72,829.85,537.67,0.6059
948,5970,bike,761.07,42.7,790.36,80.07,0.8112
948,6029,bike,585.18,57.54,608.52,107.53,0.3957
948,6099,bike,595.08,6.24,618.07,40.81,0.5695
948,5641,bike,631.73,10.6,652.96,34.01,0.3033
949,1,car,655.75,166.42,772.01,265.32,0.9111
949,170,car,553.83,156.11,642.13,243.94,0.9151
949,1378,car,588.12,246.28,697.61,362.67,0.9273
949,1402,bus,755.68,87.78,960.0,450.43,0.8342
949,4152,car,427.42,158.05,508.09,248.83,0.8972
949,4690,car,733.83,307.02,960.0,510.75,0.9324
949,4868,bike,694.9,55.63,735.62,113.26,0.8525
949,5389,car,435.43,309.17,568.84,496.91,0.9251
949,5762,car,190.49,21.6,220.1,50.73,0.3719
949,4878,car,690.75,0.0,722.12,17.51,0.3641
949,5795,rickshaw,626.19,428.24,827.0,539.42,0.4178
949,4738,car,908.51,8.98,960.0,42.68,0.3666
949,5869,bike,554.42,22.15,588.14,60.93,0.6472
949,5946,car,628.05,427.49,830.61,537.76,0.6316
949,5970,bike,757.95,41.63,788.51,81.03,0.8514
949,6099,bike,596.2,6.96,618.34,40.89,0.6519
949,5641,bike,634.23,11.33,654.26,33.74,0.3106
949,5171,bike,378.96,59.0,417.92,106.58,0.5937
