frame_id,vehicle_id,class,x1,y1,x2,y2,confidence,zone,move_dx,move_dy,alignment,wrong_side
0,1,car,805.03,322.21,1227.78,614.46,0.9754,,,,,0
0,2,car,353.93,287.08,559.63,482.6,0.9525,,,,,0
0,3,car,565.53,119.0,665.02,204.4,0.9419,,,,,0
0,4,rickshaw,923.87,111.39,1041.85,248.93,0.9326,,,,,0
0,5,bike,595.07,175.51,652.01,288.42,0.9302,,,,,0
0,6,car,267.88,191.94,364.71,287.17,0.9184,,,,,0
0,7,rickshaw,793.34,157.79,924.99,297.43,0.9158,,,,,0
0,8,bike,686.47,200.35,763.32,334.76,0.906,,,,,0
0,9,car,499.32,105.67,569.55,169.43,0.9043,,,,,0
0,10,car,302.52,153.73,370.95,211.98,0.9032,,,,,0
0,11,bike,476.16,163.66,520.65,249.45,0.902,,,,,0
0,12,bike,1057.76,224.74,1185.25,430.91,0.8887,,,,,0
0,13,bike,362.36,126.8,385.73,169.28,0.8676,,,,,0
0,14,car,1078.87,60.59,1197.54,151.16,0.8669,,,,,0
0,15,bike,442.7,137.92,473.71,201.69,0.8665,,,,,0
0,16,car,1184.05,61.65,1279.63,160.08,0.8339,,,,,0
0,17,bike,861.88,97.32,908.63,165.59,0.8256,,,,,0
0,18,car,863.92,58.84,970.7,121.6,0.8224,,,,,0
0,19,bike,727.05,75.41,757.82,126.32,0.8089,,,,,0
0,20,bike,698.67,168.75,754.15,251.92,0.7946,,,,,0
0,21,bike,51.64,212.97,69.25,254.91,0.6537,,,,,0
0,22,bike,315.3,71.94,333.21,103.35,0.6461,,,,,0
0,23,car,487.06,86.23,527.41,123.23,0.6328,,,,,0
0,24,rickshaw,593.66,89.04,615.74,118.04,0.621,,,,,0
0,25,car,706.48,46.27,765.72,97.5,0.5271,,,,,0
0,26,bike,34.31,239.72,61.5,292.71,0.5265,,,,,0
0,27,bus,952.76,42.12,1039.76,109.56,0.4987,,,,,0
0,28,car,62.79,187.07,100.93,229.44,0.4569,,,,,0
0,29,car,733.19,55.43,793.78,96.55,0.4501,,,,,0
0,30,bike,593.45,88.88,615.72,118.04,0.4303,,,,,0
0,31,bike,97.69,189.8,121.17,229.9,0.4201,,,,,0
0,32,car,434.5,88.06,465.83,116.0,0.3255,,,,,0
0,33,bike,779.6,68.71,808.81,114.33,0.3117,,,,,0
0,34,rickshaw,0.0,224.47,26.09,291.08,0.2239,,,,,0
0,35,bike,115.24,166.4,137.43,209.09,0.1696,,,,,0
0,36,bike,59.35,189.35,93.72,229.77,0.1689,,,,,0
0,37,rickshaw,450.89,73.6,479.42,99.89,0.1602,,,,,0
0,38,car,803.78,58.67,860.9,112.21,0.1316,,,,,0
0,39,car,518.86,74.16,549.42,105.35,0.1264,,,,,0
0,40,bike,832.29,76.56,856.65,122.17,0.1185,,,,,0
0,41,car,451.39,74.63,478.62,101.52,0.112,,,,,0
1,1,car,805.22,322.18,1227.57,614.15,0.9749,,,,,0
1,2,car,353.93,287.07,559.67,482.62,0.9526,,,,,0
1,3,car,565.54,119.05,664.99,204.41,0.9414,,,,,0
1,4,rickshaw,923.89,111.42,1041.82,248.9,0.9334,,,,,0
1,5,bike,595.1,175.53,652.02,288.42,0.9299,,,,,0
1,6,car,267.84,191.94,364.73,287.22,0.9178,,,,,0
1,7,rickshaw,793.3,157.7,925.02,297.42,0.917,,,,,0
1,8,bike,686.46,200.34,763.33,334.77,0.9062,,,,,0
1,9,car,499.31,105.66,569.57,169.44,0.9039,,,,,0
1,10,car,302.53,153.72,370.98,211.99,0.9032,,,,,0
1,11,bike,476.15,163.66,520.65,249.45,0.9018,,,,,0
1,12,bike,1057.79,224.76,1185.25,430.89,0.8886,,,,,0
1,13,bike,362.35,126.71,385.77,169.27,0.8676,,,,,0
1,14,car,1078.42,60.7,1197.0,151.19,0.8566,,,,,0
1,15,bike,442.71,137.96,473.71,201.71,0.8661,,,,,0
1,16,car,1183.87,61.67,1279.44,160.1,0.8251,,,,,0
1,17,bike,861.84,97.19,908.65,165.54,0.8263,,,,,0
1,18,car,863.76,58.88,970.47,121.6,0.8292,,,,,0
1,19,bike,727.06,75.44,757.81,126.33,0.8065,,,,,0
1,20,bike,698.89,168.75,754.77,252.51,0.792,,,,,0
1,21,bike,51.62,213.02,69.22,254.92,0.6551,,,,,0
1,22,bike,315.28,71.77,333.28,103.36,0.6258,,,,,0
1,23,car,487.15,86.23,527.5,123.22,0.6237,,,,,0
1,24,rickshaw,593.62,88.93,615.78,118.05,0.5973,,,,,0
1,25,car,707.4,46.17,766.8,97.49,0.5307,,,,,0
1,26,bike,34.33,239.74,61.5,292.69,0.5372,,,,,0
1,27,bus,952.96,42.17,1039.88,109.55,0.4554,,,,,0
1,28,car,62.8,187.07,100.93,229.42,0.4572,,,,,0
1,29,car,731.66,55.37,792.37,96.55,0.4389,,,,,0
1,30,bike,593.39,88.79,615.72,118.04,0.4656,,,,,0
1,31,bike,97.73,189.86,121.16,229.88,0.422,,,,,0
1,32,car,434.49,88.05,465.78,115.96,0.3248,,,,,0
1,33,bike,779.59,68.63,808.84,114.31,0.307,,,,,0
1,34,rickshaw,0.0,224.23,26.12,291.0,0.2184,,,,,0
2,1,car,805.25,322.17,1227.55,614.11,0.9748,,,,,0
2,2,car,354.1,287.14,559.45,482.3,0.9524,,,,,0
2,3,car,565.53,119.08,664.94,204.39,0.9409,,,,,0
2,4,rickshaw,923.89,111.43,1041.82,248.9,0.9333,,,,,0
2,5,bike,595.11,175.55,652.01,288.4,0.9299,,,,,0
2,6,car,267.85,191.96,364.66,287.17,0.9169,,,,,0
2,7,rickshaw,793.3,157.68,925.03,297.42,0.9171,,,,,0
2,8,bike,686.47,200.35,763.31,334.74,0.9062,,,,,0
2,9,car,499.37,105.73,569.51,169.41,0.9041,,,,,0
2,10,car,302.51,153.73,370.85,211.9,0.9044,,,,,0
2,11,bike,476.17,163.68,520.63,249.41,0.9008,,,,,0
2,12,bike,1057.79,224.76,1185.26,430.9,0.8886,,,,,0
2,13,bike,362.35,126.71,385.74,169.23,0.8686,,,,,0
2,14,car,1078.34,60.72,1196.92,151.2,0.8565,,,,,0
2,15,bike,442.73,138.03,473.68,201.69,0.866,,,,,0
2,16,car,1183.83,61.67,1279.41,160.1,0.825,,,,,0
2,17,bike,861.83,97.17,908.65,165.54,0.8263,,,,,0
2,18,car,863.72,58.89,970.43,121.6,0.8292,,,,,0
2,19,bike,727.06,75.46,757.8,126.32,0.8064,,,,,0
2,20,bike,698.91,168.76,754.88,252.6,0.7934,,,,,0
2,21,bike,51.56,212.96,69.15,254.87,0.6651,,,,,0
2,22,bike,315.27,71.76,333.26,103.35,0.6472,,,,,0
2,23,car,487.22,86.24,527.47,123.16,0.6372,,,,,0
2,24,rickshaw,593.64,88.97,615.75,118.02,0.5961,,,,,0
2,25,car,707.53,46.16,766.99,97.49,0.532,,,,,0
2,26,bike,33.69,239.08,61.15,292.65,0.5587,,,,,0
2,27,bus,952.99,42.18,1039.91,109.55,0.4555,,,,,0
2,28,car,62.82,187.15,100.75,229.29,0.4484,,,,,0
2,29,car,731.41,55.36,792.15,96.55,0.44,,,,,0
2,30,bike,593.41,88.81,615.7,118.0,0.4843,,,,,0
2,31,bike,97.77,189.84,121.16,229.8,0.444,,,,,0
2,32,car,434.55,88.18,465.66,115.92,0.3484,,,,,0
2,33,bike,779.59,68.63,808.84,114.31,0.3072,,,,,0
2,34,rickshaw,0.02,224.43,26.03,290.83,0.2678,,,,,0
3,1,car,805.25,322.17,1227.55,614.1,0.9748,,,,,0
3,2,car,354.14,287.16,559.38,482.2,0.9524,,,,,0
3,3,car,565.53,119.08,664.92,204.39,0.9408,,,,,0
3,4,rickshaw,923.89,111.43,1041.82,248.9,0.9333,,,,,0
3,5,bike,595.11,175.56,652.01,288.4,0.9299,,,,,0
3,6,car,267.85,191.97,364.64,287.16,0.9169,,,,,0
3,7,rickshaw,793.3,157.68,925.03,297.42,0.9171,,,,,0
3,8,bike,686.47,200.36,763.31,334.74,0.9062,,,,,0
3,9,car,499.39,105.75,569.49,169.4,0.9041,,,,,0
3,10,car,302.51,153.74,370.8,211.87,0.9044,,,,,0
3,11,bike,476.18,163.68,520.63,249.39,0.9008,,,,,0
3,12,bike,1057.8,224.76,1185.26,430.9,0.8886,,,,,0
3,13,bike,362.35,126.71,385.73,169.21,0.8686,,,,,0
3,14,car,1078.32,60.72,1196.91,151.2,0.8565,,,,,0
3,15,bike,442.73,138.05,473.68,201.68,0.866,,,,,0
3,16,car,1183.81,61.67,1279.41,160.1,0.825,,,,,0
3,17,bike,861.83,97.17,908.65,165.53,0.8263,,,,,0
3,18,car,863.71,58.89,970.43,121.6,0.8292,,,,,0
3,19,bike,727.06,75.46,757.8,126.32,0.8064,,,,,0
3,20,bike,698.9,168.76,754.92,252.62,0.7934,,,,,0
3,21,bike,51.55,212.94,69.13,254.85,0.6652,,,,,0
3,22,bike,315.27,71.76,333.25,103.34,0.6474,,,,,0
3,23,car,487.24,86.25,527.46,123.14,0.6374,,,,,0
3,24,rickshaw,593.65,88.99,615.74,118.01,0.5962,,,,,0
3,25,car,707.52,46.16,767.06,97.48,0.532,,,,,0
3,26,bike,33.5,238.87,61.04,292.63,0.5589,,,,,0
3,27,bus,952.99,42.18,1039.91,109.55,0.4556,,,,,0
3,28,car,62.83,187.18,100.69,229.25,0.4486,,,,,0
3,29,car,731.35,55.36,792.12,96.55,0.44,,,,,0
3,30,bike,593.41,88.82,615.69,117.99,0.4844,,,,,0
3,31,bike,97.78,189.83,121.15,229.77,0.4442,,,,,0
3,32,car,434.57,88.22,465.62,115.91,0.3487,,,,,0
3,33,bike,779.59,68.63,808.84,114.31,0.3072,,,,,0
3,34,rickshaw,0.04,224.49,26.0,290.77,0.268,,,,,0
4,1,car,805.24,322.17,1227.56,614.1,0.9748,,,,,0
4,2,car,354.14,287.16,559.38,482.18,0.9524,,,,,0
4,3,car,565.53,119.08,664.92,204.39,0.9408,,,,,0
4,4,rickshaw,923.89,111.43,1041.82,248.9,0.9333,,,,,0
4,5,bike,595.11,175.56,652.01,288.4,0.9299,,,,,0
4,6,car,267.86,191.97,364.63,287.15,0.9169,,,,,0
4,7,rickshaw,793.31,157.68,925.03,297.42,0.9171,,,,,0
4,8,bike,686.47,200.36,763.31,334.73,0.9062,,,,,0
4,9,car,499.39,105.76,569.49,169.39,0.9041,,,,,0
4,10,car,302.5,153.74,370.79,211.87,0.9044,,,,,0
4,11,bike,476.18,163.69,520.63,249.39,0.9008,,,,,0
4,12,bike,1057.8,224.76,1185.26,430.9,0.8886,,,,,0
4,13,bike,362.35,126.71,385.73,169.21,0.8686,,,,,0
4,14,car,1078.31,60.72,1196.92,151.2,0.8565,,,,,0
4,15,bike,442.73,138.06,473.67,201.68,0.866,,,,,0
4,16,car,1183.8,61.67,1279.42,160.1,0.825,,,,,0
4,17,bike,861.83,97.17,908.65,165.53,0.8263,,,,,0
4,18,car,863.7,58.89,970.44,121.6,0.8292,,,,,0
4,19,bike,727.06,75.47,757.8,126.32,0.8064,,,,,0
4,20,bike,698.88,168.76,754.94,252.62,0.7934,,,,,0
4,21,bike,51.55,212.93,69.11,254.84,0.6652,,,,,0
4,22,bike,315.27,71.76,333.24,103.34,0.6473,,,,,0
4,23,car,487.24,86.25,527.46,123.13,0.6374,,,,,0
4,24,rickshaw,593.66,88.99,615.74,118.01,0.5961,,,,,0
4,25,car,707.48,46.16,767.1,97.48,0.532,,,,,0
4,26,bike,33.46,238.82,61.0,292.63,0.5589,,,,,0
4,27,bus,952.99,42.18,1039.92,109.55,0.4556,,,,,0
4,28,car,62.83,187.18,100.67,229.24,0.4486,,,,,0
4,29,car,731.34,55.36,792.14,96.55,0.44,,,,,0
4,30,bike,593.42,88.82,615.68,117.99,0.4844,,,,,0
4,31,bike,97.78,189.83,121.15,229.76,0.4442,,,,,0
4,32,car,434.57,88.23,465.62,115.9,0.3487,,,,,0
4,33,bike,779.59,68.63,808.83,114.31,0.3072,,,,,0
4,34,rickshaw,0.04,224.51,25.99,290.76,0.2679,,,,,0
5,1,car,805.23,322.17,1227.57,614.1,0.9748,,,,,0
5,2,car,354.13,287.17,559.39,482.17,0.9524,,,,,0
5,3,car,565.53,119.08,664.92,204.39,0.9408,,,,,0
5,4,rickshaw,923.88,111.43,1041.82,248.9,0.9333,,,,,0
5,5,bike,595.11,175.56,652.01,288.4,0.9299,,,,,0
5,6,car,267.86,191.97,364.62,287.15,0.9169,,,,,0
5,7,rickshaw,793.31,157.68,925.03,297.42,0.9171,,,,,0
5,8,bike,686.47,200.36,763.31,334.73,0.9062,,,,,0
5,9,car,499.39,105.76,569.49,169.39,0.9041,,,,,0
5,10,car,302.5,153.74,370.79,211.86,0.9044,,,,,0
5,11,bike,476.18,163.69,520.63,249.39,0.9008,,,,,0
5,12,bike,1057.8,224.76,1185.25,430.9,0.8886,,,,,0
5,13,bike,362.36,126.71,385.73,169.21,0.8686,,,,,0
5,14,car,1078.3,60.72,1196.94,151.2,0.8565,,,,,0
5,15,bike,442.74,138.06,473.67,201.68,0.866,,,,,0
5,16,car,1183.79,61.67,1279.44,160.1,0.825,,,,,0
5,17,bike,861.83,97.17,908.65,165.53,0.8263,,,,,0
5,18,car,863.69,58.89,970.46,121.6,0.8292,,,,,0
5,19,bike,727.06,75.46,757.8,126.32,0.8064,,,,,0
5,20,bike,698.85,168.76,754.96,252.62,0.7934,,,,,0
5,21,bike,51.56,212.93,69.1,254.84,0.6652,,,,,0
5,22,bike,315.28,71.76,333.24,103.34,0.6473,,,,,0
5,23,car,487.24,86.25,527.46,123.13,0.6374,,,,,0
5,24,rickshaw,593.66,89.0,615.73,118.01,0.5961,,,,,0
5,25,car,707.42,46.16,767.14,97.48,0.532,,,,,0
5,26,bike,33.47,238.81,60.98,292.63,0.5589,,,,,0
5,27,bus,952.98,42.18,1039.92,109.55,0.4556,,,,,0
5,28,car,62.84,187.18,100.66,229.24,0.4486,,,,,0
5,29,car,731.33,55.36,792.17,96.55,0.44,,,,,0
5,30,bike,593.42,88.82,615.68,117.99,0.4844,,,,,0
5,31,bike,97.79,189.83,121.15,229.76,0.4442,,,,,0
5,32,car,434.56,88.23,465.62,115.9,0.3487,,,,,0
5,33,bike,779.59,68.63,808.83,114.31,0.3072,,,,,0
5,34,rickshaw,0.04,224.51,26.0,290.76,0.2679,,,,,0
6,1,car,805.22,322.17,1227.58,614.1,0.9748,,,,,0
6,2,car,354.11,287.16,559.41,482.18,0.9524,,,,,0
6,3,car,565.53,119.08,664.92,204.39,0.9408,,,,,0
6,4,rickshaw,923.88,111.43,1041.83,248.9,0.9333,,,,,0
6,5,bike,595.11,175.56,652.0,288.4,0.9299,,,,,0
6,6,car,267.87,191.97,364.62,287.15,0.9169,,,,,0
6,7,rickshaw,793.31,157.68,925.02,297.42,0.9171,,,,,0
6,8,bike,686.47,200.36,763.31,334.73,0.9062,,,,,0
6,9,car,499.39,105.76,569.49,169.39,0.9041,,,,,0
6,10,car,302.5,153.74,370.79,211.87,0.9044,,,,,0
6,11,bike,476.18,163.69,520.63,249.39,0.9008,,,,,0
6,12,bike,1057.8,224.76,1185.25,430.9,0.8886,,,,,0
6,13,bike,362.36,126.71,385.72,169.21,0.8686,,,,,0
6,14,car,1078.29,60.72,1196.95,151.2,0.8565,,,,,0
6,15,bike,442.74,138.05,473.67,201.68,0.866,,,,,0
6,16,car,1183.78,61.67,1279.45,160.1,0.825,,,,,0
6,17,bike,861.83,97.17,908.65,165.53,0.8263,,,,,0
6,18,car,863.68,58.89,970.47,121.6,0.8292,,,,,0
6,19,bike,727.06,75.46,757.8,126.32,0.8063,,,,,0
6,20,bike,698.83,168.76,754.98,252.61,0.7934,,,,,0
6,21,bike,51.57,212.93,69.09,254.84,0.6651,,,,,0
6,22,bike,315.29,71.76,333.23,103.34,0.6473,,,,,0
6,23,car,487.24,86.25,527.46,123.13,0.6374,,,,,0
6,24,rickshaw,593.66,88.99,615.73,118.01,0.5961,,,,,0
6,25,car,707.36,46.15,767.2,97.49,0.5324,,,,,0
6,26,bike,33.5,238.82,60.97,292.63,0.5589,,,,,0
6,27,bus,952.98,42.18,1039.93,109.55,0.4554,,,,,0
6,28,car,62.84,187.18,100.66,229.24,0.4484,,,,,0
6,29,car,731.32,55.36,792.2,96.55,0.4401,,,,,0
6,30,bike,593.42,88.82,615.68,117.99,0.4844,,,,,0
6,31,bike,97.79,189.83,121.14,229.76,0.4442,,,,,0
6,32,car,434.56,88.23,465.63,115.91,0.3486,,,,,0
6,33,bike,779.59,68.62,808.84,114.31,0.307,,,,,0
6,34,rickshaw,0.04,224.51,26.0,290.76,0.2678,,,,,0
7,1,car,805.21,322.17,1227.59,614.1,0.9748,,,,,0
7,2,car,354.09,287.16,559.42,482.18,0.9524,,,,,0
7,3,car,565.53,119.08,664.92,204.39,0.9408,,,,,0
7,4,rickshaw,923.88,111.43,1041.83,248.9,0.9333,,,,,0
7,5,bike,595.11,175.56,652.0,288.4,0.9299,,,,,0
7,6,car,267.87,191.97,364.61,287.15,0.9169,,,,,0
7,7,rickshaw,793.32,157.68,925.02,297.42,0.9171,,,,,0
7,8,bike,686.47,200.36,763.31,334.73,0.9062,,,,,0
7,9,car,499.38,105.76,569.5,169.39,0.9041,,,,,0
7,10,car,302.5,153.74,370.8,211.87,0.9044,,,,,0
7,11,bike,476.18,163.69,520.63,249.39,0.9008,,,,,0
7,12,bike,1057.8,224.76,1185.25,430.9,0.8886,,,,,0
7,13,bike,362.36,126.71,385.72,169.21,0.8686,,,,,0
7,14,car,1078.28,60.72,1196.97,151.2,0.8565,,,,,0
7,15,bike,442.74,138.05,473.67,201.68,0.866,,,,,0
7,16,car,1183.77,61.67,1279.46,160.1,0.825,,,,,0
7,17,bike,861.84,97.17,908.64,165.54,0.8263,,,,,0
7,18,car,863.67,58.89,970.48,121.6,0.8292,,,,,0
7,19,bike,727.06,75.46,757.8,126.32,0.8063,,,,,0
7,20,bike,698.8,168.76,755.0,252.61,0.7934,,,,,0
7,21,bike,51.58,212.93,69.08,254.84,0.6652,,,,,0
7,22,bike,315.29,71.76,333.22,103.34,0.6473,,,,,0
7,23,car,487.24,86.25,527.46,123.14,0.6374,,,,,0
7,24,rickshaw,593.66,88.99,615.73,118.01,0.5961,,,,,0
7,25,car,707.31,46.15,767.26,97.49,0.5322,,,,,0
7,26,bike,33.52,238.83,60.96,292.63,0.5589,,,,,0
7,27,bus,952.97,42.18,1039.93,109.55,0.4554,,,,,0
7,28,car,62.85,187.18,100.65,229.24,0.4485,,,,,0
7,29,car,731.31,55.36,792.23,96.55,0.4401,,,,,0
7,30,bike,593.42,88.82,615.68,117.99,0.4844,,,,,0
7,31,bike,97.79,189.83,121.14,229.76,0.4441,,,,,0
7,32,car,434.55,88.23,465.64,115.91,0.3486,,,,,0
7,33,bike,779.6,68.62,808.84,114.31,0.307,,,,,0
7,34,rickshaw,0.03,224.51,26.0,290.76,0.2679,,,,,0
8,1,car,805.19,322.17,1227.6,614.1,0.9748,,,,,0
8,2,car,354.07,287.16,559.44,482.19,0.9524,,,,,0
8,3,car,565.52,119.08,664.92,204.39,0.9409,,,,,0
8,4,rickshaw,923.87,111.43,1041.84,248.9,0.9333,,,,,0
8,5,bike,595.11,175.56,652.0,288.4,0.9299,,,,,0
8,6,car,267.88,191.97,364.61,287.15,0.9169,,,,,0
8,7,rickshaw,793.32,157.68,925.02,297.42,0.9171,,,,,0
8,8,bike,686.47,200.36,763.31,334.73,0.9063,,,,,0
8,9,car,499.38,105.76,569.5,169.39,0.9041,,,,,0
8,10,car,302.5,153.74,370.8,211.87,0.9044,,,,,0
8,11,bike,476.18,163.69,520.63,249.39,0.9008,,,,,0
8,12,bike,1057.8,224.76,1185.25,430.9,0.8886,,,,,0
8,13,bike,362.36,126.71,385.72,169.21,0.8686,,,,,0
8,14,car,1078.27,60.72,1196.98,151.2,0.8565,,,,,0
8,15,bike,442.74,138.05,473.67,201.68,0.866,,,,,0
8,16,car,1183.76,61.67,1279.47,160.1,0.825,,,,,0
8,17,bike,861.83,97.16,908.64,165.54,0.8265,,,,,0
8,18,car,863.66,58.89,970.5,121.6,0.8293,,,,,0
8,19,bike,727.08,75.47,757.82,126.32,0.806,,,,,0
8,20,bike,698.77,168.76,755.02,252.59,0.7934,,,,,0
8,21,bike,51.6,212.94,69.07,254.84,0.6651,,,,,0
8,22,bike,315.3,71.76,333.22,103.34,0.6473,,,,,0
8,23,car,487.24,86.25,527.46,123.14,0.6374,,,,,0
8,24,rickshaw,593.66,88.99,615.73,118.01,0.596,,,,,0
8,25,car,707.21,46.18,767.26,97.52,0.5347,,,,,0
8,26,bike,33.55,238.84,60.94,292.63,0.5586,,,,,0
8,27,bus,952.96,42.18,1039.93,109.55,0.4556,,,,,0
8,28,car,62.86,187.18,100.65,229.25,0.4492,,,,,0
8,29,car,731.23,55.35,792.22,96.56,0.4397,,,,,0
8,30,bike,593.42,88.82,615.68,117.99,0.4846,,,,,0
8,31,bike,97.8,189.83,121.14,229.77,0.444,,,,,0
8,32,car,434.54,88.22,465.65,115.91,0.3487,,,,,0
8,33,bike,779.59,68.61,808.84,114.31,0.3077,,,,,0
8,34,rickshaw,0.03,224.5,26.01,290.76,0.2675,,,,,0
9,1,car,805.28,322.14,1227.52,613.93,0.9748,,,,,0
9,2,car,354.0,287.26,559.35,482.21,0.9523,,,,,0
9,3,car,565.5,119.08,664.88,204.36,0.9379,,,,,0
9,4,rickshaw,923.94,111.76,1041.65,248.88,0.9326,,,,,0
9,5,bike,595.11,175.59,651.98,288.39,0.9306,,,,,0
9,6,car,267.81,191.97,364.51,287.14,0.9168,,,,,0
9,7,rickshaw,793.13,157.24,925.19,297.43,0.9135,,,,,0
9,8,bike,686.45,200.37,763.27,334.7,0.906,,,,,0
9,9,car,499.4,105.72,569.53,169.37,0.9067,,,,,0
9,10,car,302.47,153.83,370.75,211.93,0.9054,,,,,0
9,11,bike,476.21,163.67,520.68,249.45,0.9016,,,,,0
9,12,bike,1057.83,224.71,1185.3,430.9,0.8878,,,,,0
9,13,bike,362.39,126.69,385.76,169.21,0.8689,,,,,0
9,14,car,1078.27,60.7,1196.91,151.1,0.851,,,,,0
9,15,bike,442.73,138.15,473.67,201.79,0.8661,,,,,0
9,16,car,1183.68,61.53,1279.53,160.1,0.8217,,,,,0
9,17,bike,861.57,96.78,908.64,165.54,0.8271,,,,,0
9,18,car,863.6,58.94,970.34,121.57,0.82,,,,,0
9,19,bike,727.03,75.37,757.85,126.37,0.8039,,,,,0
9,20,bike,698.72,168.83,754.63,252.2,0.8003,,,,,0
9,21,bike,51.52,212.75,69.06,254.89,0.6603,,,,,0
9,22,bike,315.21,71.51,333.29,103.4,0.6612,,,,,0
9,23,car,487.27,86.26,527.5,123.14,0.6354,,,,,0
9,24,rickshaw,593.56,88.69,615.82,117.99,0.5429,,,,,0
9,25,car,707.48,46.18,767.68,97.48,0.5306,,,,,0
9,26,bike,33.48,238.79,60.87,292.64,0.5454,,,,,0
9,27,bus,952.42,42.23,1039.33,109.62,0.4514,,,,,0
9,28,car,62.87,187.19,100.67,229.29,0.4192,,,,,0
9,29,car,731.18,55.34,792.23,96.54,0.4373,,,,,0
9,30,bike,593.36,88.62,615.74,117.98,0.5526,,,,,0
9,31,bike,97.87,189.96,121.15,229.8,0.4493,,,,,0
9,32,car,434.62,88.41,465.48,115.84,0.3447,,,,,0
9,33,bike,779.55,68.5,808.89,114.34,0.3275,,,,,0
9,34,rickshaw,0.0,223.59,26.17,290.57,0.2946,,,,,0
10,1,car,830.34,328.19,1246.87,614.46,0.9653,main_carriageway,22.21,0.36,0.016,0
10,2,car,359.0,290.57,568.04,488.76,0.9394,main_carriageway,6.76,6.59,0.698,0
10,3,car,567.15,119.37,666.98,204.94,0.9438,,,,,0
10,4,rickshaw,931.5,111.27,1050.76,250.13,0.9089,main_carriageway,8.28,1.23,0.147,0
10,5,bike,597.85,176.73,655.23,290.68,0.9344,,,,,0
10,6,car,269.31,191.78,367.24,288.15,0.9137,,,,,0
10,7,rickshaw,799.11,156.84,933.59,299.69,0.8887,main_carriageway,7.18,2.27,0.301,0
10,8,bike,695.69,200.73,773.71,337.19,0.8831,main_carriageway,9.81,2.46,0.243,0
10,9,car,500.36,105.69,570.8,169.44,0.9167,,,,,0
10,10,car,302.58,153.67,371.02,211.77,0.8975,,,,,0
10,11,bike,477.58,164.47,522.57,251.41,0.895,,,,,0
10,12,bike,1073.39,228.02,1204.53,440.16,0.9136,main_carriageway,17.43,9.26,0.469,0
10,13,bike,362.54,126.61,386.31,169.88,0.898,,,,,0
10,14,car,1078.11,60.74,1196.82,151.09,0.8377,,,,,0
10,15,bike,444.25,136.94,475.95,202.28,0.8328,,,,,0
10,16,car,1183.33,60.87,1279.82,160.12,0.8118,,,,,0
10,17,bike,866.3,99.51,911.75,165.53,0.8158,,,,,0
10,18,car,864.38,58.87,970.91,121.39,0.8085,,,,,0
10,19,bike,728.35,74.95,759.19,126.09,0.8455,,,,,0
10,20,bike,705.0,170.78,759.84,252.19,0.7211,,,,,0
10,21,bike,53.08,211.71,70.45,253.02,0.5604,,,,,0
10,22,bike,315.26,71.71,333.18,103.3,0.6829,,,,,0
10,23,car,487.99,86.13,527.83,122.61,0.6487,,,,,0
10,24,bike,594.27,86.48,617.75,117.67,0.7068,,,,,0
10,25,car,714.49,47.52,775.86,98.17,0.5275,,,,,0
10,26,bike,35.69,238.22,62.59,291.16,0.6615,,,,,0
10,27,bus,951.02,42.04,1038.3,109.91,0.4164,,,,,0
10,28,car,65.14,187.39,102.09,228.73,0.3517,,,,,0
10,31,bike,99.32,189.63,122.33,229.08,0.3346,,,,,0
10,32,car,434.91,88.56,465.8,115.9,0.3704,,,,,0
10,33,bike,779.67,69.26,808.61,114.45,0.3434,,,,,0
11,1,car,838.88,330.52,1254.5,614.65,0.9654,main_carriageway,30.29,0.55,0.018,0
11,2,car,360.57,291.83,571.53,491.6,0.9401,main_carriageway,9.29,9.42,0.712,0
11,3,car,567.87,119.54,667.77,205.07,0.9467,,,,,0
11,4,rickshaw,934.53,111.61,1053.94,250.55,0.9044,main_carriageway,11.38,1.65,0.143,0
11,5,bike,598.92,177.31,656.41,291.59,0.9324,,,,,0
11,6,car,269.89,191.67,368.42,288.61,0.9145,,,,,0
11,7,rickshaw,801.39,156.74,936.56,300.39,0.8842,main_carriageway,9.81,2.97,0.29,0
11,8,bike,699.16,201.2,777.54,338.28,0.8869,main_carriageway,13.46,3.55,0.255,0
11,9,car,500.56,105.5,571.53,169.59,0.9198,,,,,0
11,10,car,302.45,153.72,371.15,211.91,0.9017,,,,,0
11,11,bike,478.07,164.83,523.26,252.32,0.8976,,,,,0
11,12,bike,1079.03,229.36,1211.25,443.29,0.9117,main_carriageway,23.61,12.39,0.465,0
11,13,bike,362.59,126.57,386.49,170.06,0.8928,,,,,0
11,14,car,1078.13,60.6,1196.81,150.96,0.8775,,,,,0
11,15,bike,444.76,136.56,476.71,202.59,0.83,,,,,0
11,16,car,1183.35,60.81,1279.92,160.19,0.8315,,,,,0
11,17,bike,867.53,99.82,913.01,165.87,0.8209,,,,,0
11,18,car,864.53,58.78,970.97,121.26,0.8145,,,,,0
11,19,bike,728.78,74.83,759.56,125.98,0.8517,,,,,0
11,20,bike,707.22,171.56,761.71,252.05,0.7277,main_carriageway,7.56,-0.56,-0.074,0
11,21,bike,53.57,211.16,71.08,252.4,0.5548,,,,,0
11,22,bike,315.33,71.8,333.17,103.28,0.6707,,,,,0
11,23,car,488.3,86.23,528.04,122.57,0.6557,,,,,0
11,24,bike,594.67,85.84,618.38,117.59,0.7152,,,,,0
11,25,car,716.72,47.7,779.81,98.2,0.5475,,,,,0
11,26,bike,36.51,238.06,63.18,290.59,0.671,,,,,0
11,27,bus,950.7,41.92,1037.93,109.91,0.4404,,,,,0
11,28,car,65.62,187.5,102.31,228.52,0.4399,,,,,0
11,31,bike,99.93,189.61,122.75,228.82,0.315,,,,,0
11,32,car,435.1,88.9,465.75,115.91,0.3602,,,,,0
11,33,bike,779.8,69.69,808.52,114.45,0.3926,,,,,0
11,34,rickshaw,0.5,224.38,26.36,290.08,0.2149,,,,,0
12,1,car,841.32,331.32,1257.93,614.71,0.9659,main_carriageway,33.23,0.61,0.018,0
12,2,car,360.63,292.46,572.13,492.39,0.9403,main_carriageway,9.62,10.21,0.728,0
12,3,car,568.13,119.61,668.12,205.12,0.9463,,,,,0
12,4,rickshaw,935.44,111.38,1055.14,250.53,0.898,main_carriageway,12.44,1.63,0.13,0
12,5,bike,599.32,177.51,656.82,291.92,0.9326,,,,,0
12,6,car,270.05,191.62,368.9,288.85,0.9131,,,,,0
12,7,rickshaw,802.2,156.62,937.67,300.68,0.89,main_carriageway,10.76,3.26,0.29,0
12,8,bike,700.42,201.38,778.85,338.54,0.8855,main_carriageway,14.75,3.81,0.25,0
12,9,car,500.57,105.42,571.85,169.67,0.9203,,,,,0
12,10,car,302.35,153.71,371.37,212.06,0.8988,,,,,0
12,11,bike,478.25,164.96,523.5,252.69,0.8982,,,,,0
12,12,bike,1081.04,229.73,1213.84,444.62,0.9113,main_carriageway,25.91,13.72,0.468,0
12,13,bike,362.63,126.54,386.66,170.25,0.8931,,,,,0
12,14,car,1078.02,60.52,1196.85,150.93,0.8709,,,,,0
12,15,bike,444.92,136.41,476.98,202.8,0.8304,,,,,0
12,16,car,1183.36,60.83,1279.9,160.22,0.8261,,,,,0
12,17,bike,867.98,99.93,913.37,165.59,0.8127,,,,,0
12,18,car,864.76,58.82,971.0,121.21,0.8021,,,,,0
12,19,bike,728.97,74.78,759.7,125.94,0.851,,,,,0
12,20,bike,707.85,171.83,761.96,251.46,0.7181,main_carriageway,8.0,-1.15,-0.142,0
12,21,bike,53.61,210.92,71.34,252.31,0.5257,,,,,0
12,22,bike,315.32,71.75,333.21,103.31,0.649,,,,,0
12,23,car,488.35,86.19,528.17,122.57,0.6509,,,,,0
12,24,bike,594.92,85.61,618.56,117.55,0.7091,,,,,0
12,25,car,716.99,47.92,781.63,98.24,0.5303,,,,,0
12,26,bike,36.83,238.16,63.43,290.55,0.6349,,,,,0
12,27,bus,950.57,41.92,1037.59,109.94,0.4401,,,,,0
12,28,car,65.92,187.33,102.83,228.51,0.4387,,,,,0
12,31,bike,100.16,189.61,122.94,228.79,0.2494,,,,,0
12,32,car,434.91,88.69,466.0,116.01,0.3502,,,,,0
12,33,bike,779.82,69.83,808.5,114.45,0.3741,,,,,0
13,1,car,861.37,338.78,1269.01,615.23,0.9627,main_carriageway,48.8,1.13,0.023,0
13,2,car,362.69,294.49,582.27,502.39,0.9407,main_carriageway,15.73,20.2,0.789,0
13,3,car,569.86,120.38,670.13,206.18,0.9396,,,,,0
13,4,rickshaw,945.57,117.33,1063.41,253.68,0.9267,main_carriageway,21.63,4.78,0.216,0
13,5,bike,601.26,178.73,659.81,294.79,0.9157,main_carriageway,6.98,6.39,0.675,0
13,6,car,271.03,193.14,371.2,291.7,0.9054,main_carriageway,4.87,4.55,0.683,0
13,7,rickshaw,808.08,158.37,943.1,301.97,0.8392,main_carriageway,16.42,4.55,0.267,0
13,8,bike,709.04,205.79,789.1,345.35,0.9015,main_carriageway,24.18,10.62,0.402,0
13,9,car,503.1,109.2,571.54,170.23,0.8841,,,,,0
13,10,car,302.15,154.34,371.96,213.17,0.8704,,,,,0
13,11,bike,481.04,167.43,525.62,254.03,0.8766,main_carriageway,4.93,4.64,0.686,0
13,12,bike,1101.21,232.31,1235.81,449.43,0.8912,main_carriageway,46.98,18.53,0.367,0
13,13,bike,362.99,126.43,387.28,170.69,0.8926,,,,,0
13,14,car,1077.65,60.53,1196.49,150.91,0.8655,,,,,0
13,15,bike,447.15,137.58,479.2,204.07,0.8528,,,,,0
13,16,car,1183.37,60.85,1279.9,160.26,0.8362,,,,,0
13,17,bike,872.52,100.6,918.33,166.72,0.8619,,,,,0
13,18,car,863.72,58.46,971.53,121.89,0.8357,,,,,0
13,19,bike,730.15,74.21,761.35,126.33,0.8318,,,,,0
13,20,bike,714.45,174.07,766.55,250.16,0.7209,main_carriageway,13.61,-2.43,-0.176,0
13,21,bike,54.03,207.79,72.66,251.2,0.5434,,,,,0
13,22,bike,314.78,71.23,333.03,103.53,0.6971,,,,,0
13,23,car,488.99,86.19,529.02,122.59,0.7467,,,,,0
13,24,bike,595.5,83.97,620.46,118.44,0.6351,,,,,0
13,25,car,710.59,46.62,776.38,97.78,0.5597,,,,,0
13,26,bike,38.63,238.16,64.93,289.72,0.6277,,,,,0
13,27,bus,950.38,41.87,1037.62,110.16,0.3965,,,,,0
13,28,car,67.49,187.47,103.97,228.06,0.4409,,,,,0
13,32,car,434.69,88.46,466.46,116.36,0.3531,,,,,0
13,33,bike,780.07,70.29,808.68,114.79,0.4343,,,,,0
13,40,bike,832.2,76.68,856.67,122.32,0.3024,,,,,0
13,29,car,734.94,55.63,794.42,96.23,0.4699,,,,,0
14,1,car,868.3,341.51,1273.33,615.44,0.9615,main_carriageway,54.42,1.51,0.028,0
14,2,car,363.54,295.19,586.02,506.12,0.9402,main_carriageway,18.1,23.91,0.797,0
14,3,car,570.48,120.65,670.87,206.59,0.9396,,,,,0
14,4,rickshaw,949.17,119.58,1066.64,254.9,0.9272,main_carriageway,25.11,6.02,0.233,0
14,5,bike,601.91,179.18,660.99,295.9,0.9151,main_carriageway,7.9,7.51,0.689,0
14,6,car,271.41,193.71,372.08,292.78,0.9051,main_carriageway,5.59,5.64,0.711,0
14,7,rickshaw,810.29,159.18,945.01,302.49,0.8464,main_carriageway,18.49,5.06,0.264,0
14,8,bike,712.17,207.46,793.0,347.91,0.9005,main_carriageway,27.73,13.21,0.43,0
14,9,car,503.88,110.66,571.6,170.45,0.884,,,,,0
14,10,car,301.99,154.57,372.26,213.63,0.8701,,,,,0
14,11,bike,482.11,168.36,526.39,254.53,0.8773,main_carriageway,5.81,5.08,0.659,0
14,12,bike,1108.6,233.25,1244.12,451.19,0.8921,main_carriageway,54.79,20.29,0.347,0
14,13,bike,363.13,126.39,387.52,170.88,0.8925,,,,,0
14,14,car,1077.55,60.56,1196.44,150.94,0.8662,,,,,0
14,15,bike,448.0,137.99,480.05,204.58,0.854,main_carriageway,5.82,2.79,0.432,0
14,16,car,1183.38,60.91,1279.87,160.29,0.8362,,,,,0
14,17,bike,874.17,100.98,920.15,167.16,0.8574,,,,,0
14,18,car,863.31,58.3,971.7,122.17,0.8355,,,,,0
14,19,bike,730.61,74.0,761.93,126.49,0.831,,,,,0
14,20,bike,716.76,174.87,768.31,249.61,0.7175,main_carriageway,15.86,-2.59,-0.161,0
14,21,bike,54.13,206.57,73.15,250.82,0.542,,,,,0
14,22,bike,314.6,71.03,332.98,103.64,0.6978,,,,,0
14,23,car,489.15,86.16,529.41,122.61,0.7452,,,,,0
14,24,bike,595.9,83.36,621.0,118.77,0.636,,,,,0
14,25,car,708.14,46.12,774.44,97.64,0.5554,,,,,0
14,26,bike,39.25,238.15,65.52,289.44,0.6232,opposite_carriageway,5.21,-3.2,0.523,0
14,27,bus,950.32,41.85,1037.59,110.25,0.3879,,,,,0
14,28,car,67.99,187.5,104.42,227.9,0.4467,,,,,0
14,32,car,434.58,88.36,466.7,116.55,0.35,,,,,0
14,33,bike,779.99,70.45,808.44,114.57,0.4228,,,,,0
14,134,car,808.8,159.33,944.0,303.32,0.3268,,,,,0
14,40,bike,832.17,76.67,856.77,122.4,0.2556,,,,,0
14,29,car,735.61,55.66,794.44,96.22,0.4621,,,,,0
15,1,car,885.6,354.72,1275.33,617.84,0.9077,main_carriageway,41.86,3.38,0.08,0
15,2,car,366.86,296.84,595.44,514.09,0.9447,main_carriageway,17.63,25.33,0.821,0
15,3,car,571.14,120.49,673.61,208.4,0.9285,main_carriageway,5.31,3.46,0.546,0
15,4,rickshaw,957.07,119.54,1077.33,257.32,0.9026,main_carriageway,26.07,7.19,0.266,0
15,5,bike,605.19,180.46,665.71,299.78,0.9391,main_carriageway,8.91,9.1,0.715,0
15,6,car,272.17,195.44,373.59,295.26,0.9151,main_carriageway,4.61,7.11,0.839,0
15,7,rickshaw,816.29,159.98,953.28,305.8,0.8351,main_carriageway,18.43,6.11,0.315,0
15,8,bike,723.62,209.62,806.31,352.77,0.9161,main_carriageway,30.26,15.58,0.458,0
15,9,car,506.57,115.37,571.41,171.66,0.8473,,,,,0
15,10,car,299.73,154.5,372.13,214.86,0.8004,,,,,0
15,11,bike,484.91,168.72,529.59,256.16,0.8779,main_carriageway,7.17,4.75,0.552,0
15,12,bike,1129.38,237.86,1260.99,449.07,0.9099,main_carriageway,56.22,8.91,0.157,0
15,13,bike,363.64,126.02,388.36,171.06,0.8897,,,,,0
15,14,car,1077.15,60.5,1196.33,150.99,0.8752,,,,,0
15,15,bike,449.97,138.02,482.31,205.29,0.8672,main_carriageway,6.04,3.01,0.446,0
15,16,car,1183.51,60.97,1279.94,160.34,0.8405,,,,,0
15,17,bike,878.64,100.36,924.98,166.93,0.8614,,,,,0
15,18,car,863.41,58.36,971.54,122.23,0.8445,,,,,0
15,19,bike,731.87,74.19,763.25,126.92,0.8309,,,,,0
15,20,bike,719.32,175.83,774.13,256.55,0.7381,main_carriageway,14.3,4.36,0.292,0
15,21,bike,53.63,206.49,72.74,250.1,0.4167,,,,,0
15,22,bike,314.09,70.85,332.74,104.09,0.695,,,,,0
15,23,car,489.88,86.84,529.92,122.88,0.7291,,,,,0
15,24,bike,597.88,86.03,621.16,119.13,0.6124,,,,,0
15,25,car,707.74,48.95,771.49,98.1,0.5274,,,,,0
15,26,bike,41.27,236.23,67.77,287.93,0.5877,opposite_carriageway,5.38,-3.23,0.515,0
15,27,bus,950.22,41.89,1037.37,110.27,0.4656,,,,,0
15,28,car,69.44,187.0,105.9,227.25,0.3172,,,,,0
15,32,car,433.59,86.32,467.83,116.42,0.3904,,,,,0
15,33,bike,780.21,70.76,808.62,114.82,0.4206,,,,,0
15,134,car,817.94,162.02,952.8,305.63,0.3959,,,,,0
15,40,bike,832.58,76.8,857.31,122.64,0.3136,,,,,0
15,29,car,732.33,54.56,792.54,96.21,0.4446,,,,,0
16,1,car,906.41,365.73,1280.0,620.74,0.8933,main_carriageway,46.51,6.09,0.13,0
16,2,car,371.72,302.06,608.49,527.51,0.9162,main_carriageway,24.06,35.91,0.831,0
16,3,car,573.4,120.93,677.98,210.85,0.9103,main_carriageway,7.87,5.78,0.592,0
16,4,rickshaw,968.61,120.78,1092.01,261.53,0.9226,main_carriageway,36.07,10.98,0.291,0
16,5,bike,610.52,181.86,671.88,303.2,0.8827,main_carriageway,13.54,11.61,0.651,0
16,6,car,273.07,196.72,376.05,298.0,0.9204,main_carriageway,5.41,9.39,0.867,0
16,8,bike,739.08,213.32,824.33,360.75,0.8994,main_carriageway,43.36,22.47,0.46,0
16,9,car,509.36,120.59,571.1,172.86,0.8358,,,,,0
16,10,car,300.14,155.65,372.1,215.05,0.8296,,,,,0
16,11,bike,487.58,168.97,533.71,259.12,0.9147,main_carriageway,9.98,6.8,0.563,0
16,12,bike,1155.07,244.17,1274.7,436.97,0.8882,main_carriageway,69.75,-6.32,-0.09,0
16,13,bike,364.1,126.18,389.05,171.66,0.8892,,,,,0
16,14,car,1076.32,60.39,1195.98,151.15,0.8704,,,,,0
16,15,bike,453.19,138.63,485.35,205.71,0.8631,main_carriageway,8.53,3.12,0.343,0
16,16,car,1183.45,60.89,1279.96,160.37,0.8393,,,,,0
16,17,bike,884.88,99.78,932.23,167.55,0.8904,,,,,0
16,18,car,863.85,58.5,971.54,122.32,0.8442,,,,,0
16,19,bike,733.2,72.09,765.76,127.1,0.7981,,,,,0
16,20,bike,722.75,178.65,785.87,274.18,0.8191,main_carriageway,19.84,22.13,0.744,0
16,21,bike,52.81,208.1,71.99,250.51,0.3842,,,,,0
16,22,bike,313.76,70.86,332.52,104.47,0.6848,,,,,0
16,23,car,490.75,87.34,531.37,123.78,0.6878,,,,,0
16,24,bike,600.85,87.56,623.21,119.47,0.6925,,,,,0
16,25,car,707.49,49.39,771.74,98.59,0.5793,,,,,0
16,26,bike,43.48,232.38,70.37,285.27,0.7678,opposite_carriageway,7.08,-5.32,0.601,0
16,27,bus,950.46,41.89,1037.44,110.27,0.4599,,,,,0
16,28,car,69.83,186.16,106.8,226.32,0.2542,,,,,0
16,32,car,432.99,84.41,469.05,116.29,0.3277,,,,,0
16,33,bike,780.15,70.55,808.76,114.91,0.43,,,,,0
16,134,rickshaw,827.29,162.2,965.92,309.78,0.8054,,,,,0
16,40,bike,832.77,76.43,857.78,122.67,0.2517,,,,,0
16,29,car,729.76,53.91,791.3,96.5,0.4741,,,,,0
16,38,car,804.68,58.82,860.84,111.36,0.2106,,,,,0
17,1,car,914.26,369.77,1280.0,621.78,0.8929,main_carriageway,47.51,7.07,0.147,0
17,2,car,373.7,303.92,613.38,532.53,0.9164,main_carriageway,27.16,40.14,0.828,0
17,3,car,574.34,121.11,679.57,211.79,0.9104,main_carriageway,8.83,6.67,0.603,0
17,4,rickshaw,972.71,121.22,1097.6,263.11,0.9225,main_carriageway,39.86,12.58,0.301,0
17,5,bike,612.59,182.38,674.16,304.47,0.8832,main_carriageway,15.3,12.55,0.634,0
17,6,car,273.38,197.18,376.98,299.02,0.921,main_carriageway,5.7,10.17,0.872,0
17,8,bike,744.85,214.7,831.1,363.73,0.8991,main_carriageway,48.34,25.19,0.462,0
17,9,car,509.94,122.44,571.38,173.28,0.8357,,,,,0
17,10,car,300.12,156.08,372.29,215.13,0.828,,,,,0
17,11,bike,488.54,169.11,535.23,260.22,0.9146,main_carriageway,11.01,7.53,0.565,0
17,12,bike,1164.41,246.51,1279.16,432.17,0.8879,main_carriageway,74.35,-12.45,-0.165,0
17,13,bike,364.27,126.25,389.31,171.88,0.8899,,,,,0
17,14,car,1075.99,60.32,1195.87,151.2,0.8756,,,,,0
17,15,bike,454.4,138.86,486.46,205.87,0.863,main_carriageway,9.48,3.07,0.308,0
17,16,car,1183.38,60.87,1279.92,160.39,0.8387,,,,,0
17,17,bike,887.11,99.51,934.97,167.8,0.8892,,,,,0
17,18,car,864.18,58.56,971.4,122.29,0.8417,,,,,0
17,19,bike,733.73,71.28,766.64,127.16,0.7991,,,,,0
17,20,bike,724.64,179.72,789.75,280.78,0.8184,main_carriageway,22.29,29.32,0.796,0
17,21,bike,52.26,208.79,71.85,250.89,0.3704,,,,,0
17,22,bike,313.66,70.87,332.4,104.61,0.6848,,,,,0
17,23,car,491.06,87.53,531.96,124.1,0.6873,,,,,0
17,24,bike,601.96,88.13,623.92,119.6,0.6918,,,,,0
17,25,car,707.25,49.55,771.93,98.76,0.5791,,,,,0
17,26,bike,44.33,230.91,71.27,284.28,0.7639,opposite_carriageway,7.67,-6.27,0.633,0
17,27,bus,950.56,41.89,1037.38,110.28,0.4653,,,,,0
17,28,car,69.9,185.83,107.33,225.91,0.248,,,,,0
17,32,car,432.82,83.67,469.46,116.23,0.3254,,,,,0
17,33,bike,780.13,70.47,808.81,114.94,0.4303,,,,,0
17,134,rickshaw,830.03,162.3,969.76,311.02,0.8039,,,,,0
17,40,bike,832.81,76.31,857.95,122.68,0.253,,,,,0
17,29,car,728.83,53.67,790.84,96.6,0.4735,,,,,0
17,38,car,804.64,58.82,860.85,111.34,0.2091,,,,,0
18,1,car,940.14,381.79,1280.0,621.37,0.903,main_carriageway,44.88,6.14,0.136,0
18,2,car,379.77,309.61,625.05,543.94,0.9037,main_carriageway,29.93,41.55,0.811,0
18,3,car,576.44,122.01,681.16,212.15,0.9176,main_carriageway,8.8,5.97,0.561,0
18,4,rickshaw,982.27,123.98,1108.94,267.3,0.9439,main_carriageway,41.12,13.62,0.314,0
18,5,bike,616.29,184.91,678.25,307.52,0.9227,main_carriageway,16.74,12.73,0.605,0
18,6,car,274.73,198.08,379.53,301.05,0.9273,main_carriageway,6.01,9.35,0.841,0
18,8,bike,757.93,219.91,844.07,368.26,0.9205,main_carriageway,51.93,22.91,0.404,0
18,9,car,509.79,122.25,573.47,174.11,0.8405,,,,,0
18,10,car,299.94,156.78,372.52,215.59,0.7585,,,,,0
18,11,bike,490.42,170.22,537.72,262.32,0.9317,main_carriageway,10.74,8.29,0.611,0
18,12,bike,1184.22,252.71,1280.0,421.29,0.8379,main_carriageway,63.6,-28.14,-0.405,0
18,13,bike,364.72,126.65,390.12,173.15,0.8959,,,,,0
18,14,car,1078.88,60.48,1197.74,150.81,0.8587,,,,,0
18,15,bike,456.26,141.55,487.88,207.5,0.89,main_carriageway,8.9,3.43,0.36,0
18,16,car,1183.35,60.8,1279.89,160.33,0.8371,,,,,0
18,17,bike,891.46,99.51,939.61,168.23,0.8703,,,,,0
18,18,car,865.84,58.87,970.0,120.73,0.8257,,,,,0
18,19,bike,735.3,71.77,768.01,127.77,0.7211,,,,,0
18,20,bike,732.12,182.24,800.31,290.61,0.8348,main_carriageway,25.71,40.45,0.844,0
18,22,bike,313.69,71.53,332.2,105.08,0.6593,,,,,0
18,23,car,491.76,87.63,533.42,124.84,0.6976,,,,,0
18,24,bike,603.33,88.59,625.43,120.44,0.8107,,,,,0
18,25,car,708.27,49.75,773.7,98.97,0.5655,,,,,0
18,26,bike,46.1,225.94,74.16,282.15,0.6838,opposite_carriageway,8.35,-7.57,0.672,0
18,27,bus,951.78,42.18,1037.89,110.08,0.5143,,,,,0
18,28,car,71.77,185.99,108.58,224.8,0.322,,,,,0
18,32,car,433.09,82.82,470.95,116.53,0.2817,,,,,0
18,33,bike,780.04,70.72,808.68,115.09,0.4351,,,,,0
18,134,rickshaw,836.31,164.03,977.9,314.7,0.8864,,,,,0
18,40,bike,833.03,76.51,858.18,122.72,0.2673,,,,,0
18,29,car,732.49,54.39,792.69,96.6,0.4166,,,,,0
19,1,car,973.58,398.0,1280.0,620.4,0.9198,main_carriageway,55.97,4.96,0.088,0
19,2,car,382.34,316.71,643.5,567.4,0.9121,main_carriageway,38.14,61.28,0.849,0
19,3,car,579.02,122.56,684.39,212.89,0.9171,main_carriageway,11.03,6.3,0.496,0
19,4,rickshaw,996.46,126.43,1124.77,270.97,0.8811,main_carriageway,52.71,16.07,0.292,0
19,5,bike,621.56,187.19,684.58,311.68,0.9132,main_carriageway,21.62,15.78,0.59,0
19,6,car,277.1,199.37,383.72,304.09,0.9233,main_carriageway,8.67,11.31,0.794,0
19,8,bike,774.39,225.02,863.5,377.86,0.8957,main_carriageway,66.36,29.95,0.411,0
19,9,car,511.07,123.91,574.81,174.77,0.8405,,,,,0
19,10,car,301.44,157.68,374.19,216.2,0.6619,,,,,0
19,11,bike,493.6,170.77,542.39,265.88,0.9168,main_carriageway,13.75,11.35,0.637,0
19,12,bike,1205.84,261.52,1280.0,420.48,0.6408,main_carriageway,66.56,-30.71,-0.419,0
19,13,bike,365.7,127.23,391.16,174.26,0.8971,,,,,0
19,14,car,1080.48,60.72,1198.33,150.57,0.8337,,,,,0
19,15,bike,458.31,142.09,490.28,208.54,0.8521,main_carriageway,10.27,3.96,0.36,0
19,16,car,1183.65,60.95,1279.88,160.18,0.8152,,,,,0
19,17,bike,898.07,99.15,946.93,168.46,0.8915,,,,,0
19,18,car,866.32,59.12,968.71,119.98,0.8302,,,,,0
19,19,bike,737.56,73.79,769.18,127.86,0.6963,,,,,0
19,20,bike,741.34,185.11,811.83,300.03,0.8314,main_carriageway,34.05,50.42,0.829,0
19,22,bike,313.59,71.57,332.05,105.26,0.6518,,,,,0
19,23,car,492.46,87.64,534.57,125.28,0.701,,,,,0
19,24,bike,605.69,89.0,627.76,121.16,0.7519,,,,,0
19,25,car,709.21,49.97,775.4,99.05,0.5687,,,,,0
19,26,bike,47.55,216.15,78.85,280.21,0.7162,opposite_carriageway,10.81,-9.23,0.649,0
19,27,bus,951.83,42.29,1037.51,110.09,0.6875,,,,,0
19,28,car,72.65,186.31,109.13,224.17,0.2619,,,,,0
19,32,car,433.49,82.85,471.48,116.71,0.296,,,,,0
19,33,bike,780.02,71.05,808.47,114.97,0.4618,,,,,0
19,134,rickshaw,844.3,166.22,987.76,318.77,0.8974,main_carriageway,39.63,15.45,0.363,0
19,40,bike,833.21,76.62,858.34,122.62,0.2385,,,,,0
19,29,car,731.75,54.56,791.58,96.57,0.3909,,,,,0
19,38,car,805.72,58.72,861.11,110.34,0.2213,,,,,0
20,1,car,986.01,403.51,1280.0,620.02,0.9201,main_carriageway,52.54,2.18,0.041,0
20,2,car,383.57,319.38,650.22,576.5,0.9118,main_carriageway,35.74,62.41,0.868,0
20,3,car,579.85,122.76,685.67,213.15,0.917,main_carriageway,10.38,4.75,0.416,0
20,4,rickshaw,1001.52,127.33,1130.73,272.3,0.8795,main_carriageway,48.92,14.98,0.293,0
20,5,bike,623.47,188.04,686.95,313.21,0.9131,main_carriageway,19.76,13.43,0.562,0
20,6,car,277.99,199.85,385.3,305.21,0.9233,main_carriageway,8.76,9.95,0.75,0
20,8,bike,780.33,226.92,870.74,381.41,0.8958,main_carriageway,60.57,28.64,0.427,0
20,9,car,511.15,124.48,575.64,174.99,0.8403,,,,,0
20,10,car,301.87,158.0,374.96,216.41,0.6622,,,,,0
20,11,bike,494.79,170.98,544.1,267.2,0.9168,main_carriageway,12.2,11.04,0.671,0
20,12,bike,1213.86,264.4,1280.0,420.56,0.6416,main_carriageway,51.74,-28.51,-0.483,0
20,13,bike,366.15,127.46,391.49,174.66,0.8972,,,,,0
20,14,car,1081.17,60.81,1198.46,150.47,0.833,,,,,0
20,15,bike,459.01,142.29,491.16,208.93,0.8518,main_carriageway,8.95,3.64,0.377,0
20,16,car,1183.76,61.02,1279.87,160.13,0.8143,,,,,0
20,17,bike,900.41,99.02,949.69,168.53,0.8914,,,,,0
20,18,car,866.52,59.21,968.22,119.71,0.8303,,,,,0
20,19,bike,738.4,74.56,769.6,127.88,0.6964,,,,,0
20,20,bike,745.44,186.23,815.89,303.86,0.8308,main_carriageway,33.94,47.31,0.813,0
20,22,bike,313.59,71.59,331.97,105.33,0.6516,,,,,0
20,23,car,492.71,87.64,534.98,125.43,0.7004,,,,,0
20,24,bike,606.62,89.15,628.55,121.42,0.7519,,,,,0
20,25,car,712.64,49.17,780.99,98.71,0.5705,,,,,0
20,26,bike,48.31,212.45,80.41,279.48,0.7162,opposite_carriageway,9.84,-8.45,0.651,0
20,27,bus,951.94,42.33,1037.29,110.09,0.6883,,,,,0
20,28,car,72.79,186.43,109.47,223.95,0.263,,,,,0
20,32,car,433.67,82.89,471.66,116.79,0.2952,,,,,0
20,33,bike,779.83,70.74,808.68,115.32,0.4613,,,,,0
20,134,rickshaw,846.9,166.97,991.04,320.13,0.8973,main_carriageway,33.6,14.5,0.396,0
20,40,bike,833.24,76.67,858.41,122.57,0.2371,,,,,0
20,187,bike,110.3,177.52,131.89,222.52,0.3232,,,,,0
20,38,car,805.9,58.7,861.22,110.13,0.221,,,,,0
21,1,car,1014.64,417.74,1280.0,622.6,0.9086,main_carriageway,54.12,1.86,0.034,0
21,2,car,392.05,325.71,660.39,584.67,0.9154,main_carriageway,36.12,57.16,0.845,0
21,3,car,581.36,122.97,689.4,215.15,0.9296,main_carriageway,9.69,4.3,0.406,0
21,4,rickshaw,1011.09,128.31,1143.25,276.08,0.9373,main_carriageway,46.86,14.55,0.297,0
21,5,bike,628.25,191.35,692.81,318.27,0.9088,main_carriageway,19.33,15.07,0.615,0
21,6,car,279.73,202.52,387.12,307.72,0.9119,main_carriageway,8.87,9.72,0.739,0
21,8,bike,793.4,229.42,886.95,388.67,0.9244,main_carriageway,58.47,27.92,0.431,0
21,9,car,511.61,124.49,578.16,175.89,0.8427,,,,,0
21,10,car,304.44,158.98,377.98,217.71,0.6867,,,,,0
21,11,bike,497.9,173.0,547.39,269.82,0.9077,main_carriageway,12.0,10.7,0.666,0
21,13,bike,367.23,128.26,392.34,175.22,0.8924,,,,,0
21,14,car,1081.91,60.76,1199.46,151.04,0.8294,,,,,0
21,15,bike,461.13,142.01,494.11,210.27,0.8465,main_carriageway,8.35,4.56,0.479,0
21,16,car,1183.82,61.01,1279.86,160.08,0.7901,,,,,0
21,17,bike,905.39,98.68,955.33,168.92,0.8631,,,,,0
21,18,car,866.79,58.96,968.49,119.49,0.8414,,,,,0
21,19,bike,739.79,76.05,770.18,127.94,0.6922,,,,,0
21,20,bike,753.78,188.79,824.81,310.27,0.8473,main_carriageway,34.99,36.09,0.718,0
21,22,bike,313.51,72.14,331.65,105.63,0.6248,,,,,0
21,23,car,493.73,87.71,535.85,125.26,0.6665,,,,,0
21,24,bike,608.47,89.74,629.99,121.55,0.7454,,,,,0
21,25,car,713.59,49.19,783.23,98.64,0.5415,,,,,0
21,26,bike,50.51,211.45,81.86,277.96,0.6498,opposite_carriageway,9.26,-7.31,0.62,0
21,27,bus,952.03,42.31,1037.15,110.08,0.6452,,,,,0
21,32,car,433.15,81.6,472.29,116.67,0.2502,,,,,0
21,33,bike,779.79,70.89,808.6,115.47,0.4707,,,,,0
21,134,rickshaw,854.81,168.09,1000.23,322.21,0.7681,main_carriageway,30.91,12.43,0.373,0
21,40,bike,833.23,76.55,858.51,122.53,0.2445,,,,,0
21,187,bike,110.84,175.53,133.18,222.11,0.2622,,,,,0
21,38,car,806.28,58.68,861.39,109.78,0.2417,,,,,0
22,1,car,1055.39,438.97,1280.0,621.93,0.8314,main_carriageway,70.57,0.15,0.002,0
22,2,car,402.08,331.46,676.05,595.86,0.9158,main_carriageway,45.52,63.33,0.812,0
22,3,car,583.3,123.33,693.43,217.17,0.9409,main_carriageway,11.41,5.38,0.426,0
22,4,rickshaw,1024.04,130.16,1160.66,282.6,0.9457,main_carriageway,57.19,19.49,0.323,0
22,5,bike,633.05,192.93,698.82,322.18,0.9105,main_carriageway,22.56,17.71,0.617,0
22,6,car,281.24,204.65,390.18,311.27,0.9128,main_carriageway,10.53,12.25,0.758,0
22,8,bike,811.06,233.44,907.84,397.99,0.9041,main_carriageway,71.48,34.26,0.432,0
22,9,car,509.56,120.3,582.97,177.07,0.8647,,,,,0
22,10,car,306.26,159.87,380.51,219.26,0.8242,main_carriageway,7.18,4.13,0.499,0
22,11,bike,501.79,174.86,551.87,273.2,0.8769,main_carriageway,14.95,12.98,0.656,0
22,13,bike,367.83,129.01,392.89,176.0,0.8866,,,,,0
22,14,car,1083.08,60.87,1199.45,150.69,0.775,,,,,0
22,15,bike,463.66,142.34,497.34,211.62,0.8773,main_carriageway,10.07,5.75,0.496,0
22,16,car,1183.89,61.07,1279.84,160.05,0.769,,,,,0
22,17,bike,912.43,100.06,962.11,169.66,0.8999,,,,,0
22,18,car,866.99,58.88,969.22,119.83,0.8428,,,,,0
22,19,bike,742.26,77.71,771.97,128.19,0.7766,,,,,0
22,20,bike,766.0,191.73,839.86,320.38,0.8223,main_carriageway,45.74,39.6,0.655,0
22,22,bike,313.24,72.4,331.19,105.73,0.633,,,,,0
22,23,car,494.87,87.43,537.68,125.72,0.6935,,,,,0
22,24,bike,610.01,88.74,631.95,121.27,0.6831,,,,,0
22,25,car,714.14,50.03,783.89,98.52,0.5198,,,,,0
22,26,bike,52.67,211.17,82.85,276.01,0.5815,opposite_carriageway,9.96,-8.27,0.639,0
22,27,bus,952.27,42.28,1037.1,110.06,0.6464,,,,,0
22,32,car,432.65,80.48,472.66,116.55,0.2398,,,,,0
22,33,bike,779.84,71.05,808.42,115.42,0.3917,,,,,0
22,134,rickshaw,862.96,166.6,1013.65,326.63,0.8769,main_carriageway,38.41,15.61,0.376,0
22,40,bike,833.07,76.83,858.16,122.29,0.2241,,,,,0
22,38,car,806.39,58.71,861.74,109.75,0.2733,,,,,0
23,1,car,1101.77,462.85,1280.0,623.54,0.4857,main_carriageway,80.82,2.17,0.027,0
23,2,car,414.58,337.12,687.98,599.5,0.9051,main_carriageway,48.87,55.56,0.751,0
23,3,car,585.71,123.99,697.67,219.55,0.9437,main_carriageway,12.89,7.4,0.498,0
23,4,rickshaw,1037.88,131.53,1178.2,287.54,0.9331,main_carriageway,62.43,20.24,0.308,0
23,5,bike,638.98,194.67,706.31,326.55,0.9306,main_carriageway,25.38,19.03,0.6,0
23,6,car,282.85,205.86,394.38,315.18,0.9213,main_carriageway,11.49,14.13,0.776,0
23,8,bike,831.02,238.51,931.53,409.59,0.9185,main_carriageway,80.27,41.33,0.458,0
23,9,car,509.27,117.4,587.21,177.98,0.8948,,,,,0
23,10,car,307.72,160.92,382.37,220.51,0.8498,main_carriageway,8.81,4.92,0.487,0
23,11,bike,505.66,177.15,555.68,275.25,0.8821,main_carriageway,16.6,12.93,0.614,0
23,13,bike,368.51,129.47,393.54,176.35,0.8799,,,,,0
23,14,car,1084.8,60.99,1198.63,149.05,0.7121,,,,,0
23,15,bike,466.99,142.65,501.22,212.83,0.9076,main_carriageway,12.04,5.33,0.405,0
23,16,car,1183.89,61.11,1279.78,160.03,0.7735,,,,,0
23,17,bike,920.21,102.57,968.99,170.36,0.8746,,,,,0
23,18,car,865.99,58.69,970.87,121.52,0.8524,,,,,0
23,19,bike,744.35,78.42,773.8,128.33,0.8224,,,,,0
23,20,bike,778.36,193.65,857.55,333.73,0.8603,main_carriageway,51.74,43.12,0.64,0
23,22,bike,313.13,72.63,330.95,105.87,0.6288,,,,,0
23,23,car,496.21,87.31,539.57,126.24,0.7139,,,,,0
23,24,bike,612.14,88.88,634.43,122.35,0.5575,,,,,0
23,25,car,713.75,52.1,782.01,98.3,0.4879,,,,,0
23,26,bike,55.75,209.71,85.05,273.22,0.5681,opposite_carriageway,10.27,-8.93,0.656,0
23,27,bus,952.01,42.27,1036.75,110.14,0.6285,,,,,0
23,33,bike,779.83,70.9,808.34,115.35,0.3828,,,,,0
23,134,rickshaw,871.73,167.14,1026.74,332.05,0.8693,main_carriageway,42.13,17.35,0.381,0
23,40,bike,832.86,76.71,858.08,122.3,0.2524,,,,,0
23,38,car,806.17,58.67,861.88,109.85,0.2785,,,,,0
24,1,car,1118.08,470.29,1280.0,624.0,0.4967,main_carriageway,72.25,3.6,0.05,0
24,2,car,418.93,339.18,692.72,600.6,0.9049,main_carriageway,42.91,33.2,0.612,0
24,3,car,586.67,124.32,699.11,220.43,0.9448,main_carriageway,11.19,7.54,0.559,0
24,4,rickshaw,1042.85,132.03,1184.84,289.36,0.9329,main_carriageway,53.23,18.39,0.327,0
24,5,bike,641.13,195.32,709.14,328.17,0.9296,main_carriageway,22.07,16.49,0.599,0
24,6,car,283.48,206.29,395.89,316.62,0.9215,main_carriageway,9.27,12.53,0.804,0
24,8,bike,838.53,240.41,940.41,413.99,0.9184,main_carriageway,70.53,36.13,0.456,0
24,9,car,509.15,116.1,588.96,178.44,0.8955,,,,,0
24,10,car,308.24,161.3,383.08,220.95,0.8492,main_carriageway,7.84,4.75,0.518,0
24,11,bike,507.04,177.99,557.05,275.96,0.8814,main_carriageway,14.05,10.08,0.583,0
24,13,bike,368.76,129.6,393.78,176.45,0.8796,,,,,0
24,14,car,1085.49,61.05,1198.21,148.44,0.7141,,,,,0
24,15,bike,468.17,142.74,502.68,213.27,0.9075,main_carriageway,11.13,4.73,0.391,0
24,16,car,1183.88,61.13,1279.76,160.02,0.776,,,,,0
24,17,bike,922.93,103.61,971.5,170.61,0.8731,,,,,0
24,18,car,865.77,58.64,971.32,122.14,0.8517,,,,,0
24,19,bike,745.06,78.65,774.47,128.38,0.8223,,,,,0
24,20,bike,783.55,194.39,864.2,339.1,0.8623,main_carriageway,47.29,39.07,0.637,0
24,22,bike,313.11,72.7,330.85,105.92,0.6277,,,,,0
24,23,car,496.73,87.28,540.22,126.48,0.7159,,,,,0
24,24,bike,613.01,88.94,635.26,122.75,0.5565,,,,,0
24,25,car,713.12,52.89,781.7,98.22,0.4867,,,,,0
24,26,bike,56.95,209.27,85.76,272.21,0.5756,opposite_carriageway,8.16,-8.0,0.7,0
24,27,bus,951.99,42.26,1036.58,110.17,0.6289,,,,,0
24,33,bike,779.87,70.84,808.28,115.32,0.3805,,,,,0
24,134,rickshaw,874.95,167.34,1031.42,334.13,0.8708,main_carriageway,37.16,15.36,0.382,0
24,40,bike,832.75,76.66,858.06,122.3,0.2552,,,,,0
24,38,car,806.0,58.67,861.96,109.92,0.2768,,,,,0
25,2,car,428.75,343.09,704.67,604.12,0.8946,main_carriageway,49.82,27.62,0.485,0
25,3,car,589.57,124.57,703.43,222.02,0.9486,main_carriageway,13.74,8.87,0.542,0
25,4,rickshaw,1053.91,134.31,1198.44,293.71,0.9364,main_carriageway,60.05,21.41,0.336,0
25,5,bike,646.9,197.9,715.68,331.84,0.9012,main_carriageway,26.08,18.63,0.581,0
25,6,car,285.9,207.75,398.84,318.48,0.9243,main_carriageway,10.73,13.27,0.778,0
25,8,bike,854.03,241.96,960.48,423.13,0.9133,main_carriageway,81.72,41.72,0.455,0
25,9,car,510.32,116.37,591.27,179.75,0.8981,,,,,0
25,10,car,308.96,162.25,383.31,221.33,0.8498,main_carriageway,7.72,4.92,0.537,0
25,11,bike,510.21,179.22,561.11,278.95,0.9037,main_carriageway,16.21,11.75,0.587,0
25,13,bike,369.06,129.57,394.58,177.23,0.8602,,,,,0
25,14,car,1085.79,60.95,1198.1,147.97,0.4119,,,,,0
25,15,bike,470.63,143.76,504.98,214.05,0.9077,main_carriageway,12.72,5.12,0.373,0
25,16,car,1183.79,61.83,1280.0,161.32,0.6682,,,,,0
25,17,bike,927.86,103.2,978.12,172.32,0.8823,,,,,0
25,18,car,865.75,58.7,971.44,122.59,0.8236,,,,,0
25,19,bike,746.56,79.09,775.86,128.66,0.8457,,,,,0
25,20,bike,795.22,198.27,876.78,345.63,0.9161,main_carriageway,55.34,41.77,0.602,0
25,22,bike,312.73,73.06,330.83,107.16,0.5234,,,,,0
25,23,car,498.09,87.64,541.19,126.53,0.756,,,,,0
25,24,bike,614.81,88.36,637.2,122.58,0.7381,,,,,0
25,25,car,712.34,52.99,782.36,98.34,0.4883,,,,,0
25,26,bike,59.83,208.02,88.63,271.34,0.7834,opposite_carriageway,9.87,-8.14,0.636,0
25,27,bus,951.63,42.2,1036.17,110.15,0.6913,,,,,0
25,33,bike,779.98,71.2,807.9,115.19,0.3111,,,,,0
25,134,rickshaw,882.64,170.18,1039.66,337.41,0.797,main_carriageway,42.18,17.28,0.379,0
25,40,bike,832.74,77.08,857.82,122.18,0.2325,,,,,0
25,38,car,806.0,58.7,862.01,109.82,0.2743,,,,,0
25,28,car,76.36,182.55,115.8,222.1,0.3705,opposite_carriageway,7.76,-4.22,0.478,0
26,2,car,431.69,344.44,709.6,605.17,0.8952,main_carriageway,44.42,20.5,0.419,0
26,3,car,590.71,124.69,704.97,222.61,0.9483,main_carriageway,12.46,7.46,0.514,0
26,4,rickshaw,1057.72,135.15,1203.53,295.29,0.9366,main_carriageway,53.45,19.21,0.338,0
26,5,bike,648.98,198.85,718.13,333.16,0.9013,main_carriageway,23.03,14.89,0.543,0
26,6,car,286.75,208.26,399.94,319.11,0.9242,main_carriageway,9.92,11.39,0.754,0
26,8,bike,859.71,242.49,967.94,426.52,0.9135,main_carriageway,73.65,37.85,0.457,0
26,9,car,510.85,116.58,592.02,180.26,0.8977,main_carriageway,6.55,4.37,0.555,0
26,10,car,309.15,162.57,383.43,221.44,0.852,main_carriageway,5.08,3.73,0.592,0
26,11,bike,511.35,179.65,562.57,280.0,0.9039,main_carriageway,14.32,10.18,0.58,0
26,13,bike,369.14,129.55,394.9,177.55,0.8599,,,,,0
26,14,car,1085.89,60.9,1198.1,147.81,0.4121,,,,,0
26,15,bike,471.53,144.12,505.79,214.31,0.9075,main_carriageway,11.04,4.04,0.344,0
26,16,car,1183.8,62.1,1280.0,161.81,0.6683,,,,,0
26,17,bike,929.52,103.01,980.53,172.95,0.8828,,,,,0
26,18,car,865.86,58.73,971.33,122.76,0.8247,,,,,0
26,19,bike,747.05,79.17,776.36,128.77,0.8452,,,,,0
26,20,bike,799.85,199.77,881.45,348.14,0.9157,main_carriageway,51.36,37.87,0.593,0
26,22,bike,312.63,73.19,330.79,107.61,0.5254,,,,,0
26,23,car,498.58,87.77,541.51,126.54,0.7547,,,,,0
26,24,bike,615.48,88.14,637.84,122.5,0.7391,,,,,0
26,25,car,711.64,52.98,783.02,98.4,0.4916,,,,,0
26,26,bike,60.99,207.76,89.62,271.07,0.7848,opposite_carriageway,9.12,-6.89,0.603,0
26,27,bus,951.53,42.18,1035.99,110.14,0.6885,,,,,0
26,33,bike,780.09,71.3,807.75,115.14,0.3082,,,,,0
26,134,rickshaw,885.3,171.19,1042.52,338.51,0.7988,main_carriageway,36.39,16.3,0.409,0
26,40,bike,832.71,77.22,857.76,122.15,0.2323,,,,,0
26,38,car,805.94,58.7,862.1,109.79,0.2783,,,,,0
26,28,car,76.21,182.21,116.49,221.98,0.3706,opposite_carriageway,7.73,-3.93,0.453,0
27,2,car,459.39,359.66,730.18,607.13,0.8778,main_carriageway,55.72,11.27,0.198,0
27,3,car,594.76,126.18,711.02,226.0,0.9235,main_carriageway,14.52,8.83,0.519,0
27,4,rickshaw,1081.76,138.51,1232.75,304.19,0.936,main_carriageway,64.91,21.59,0.316,0
27,5,bike,659.35,202.24,730.82,340.62,0.9088,main_carriageway,29.15,18.44,0.535,0
27,6,car,290.83,212.22,407.1,325.47,0.9044,main_carriageway,13.25,14.2,0.731,0
27,8,bike,892.4,251.72,1006.39,445.38,0.9187,main_carriageway,89.94,47.39,0.466,0
27,9,car,512.74,116.61,595.93,182.25,0.8887,main_carriageway,8.07,5.18,0.54,0
27,10,car,309.22,163.64,384.39,223.04,0.7817,,,,,0
27,11,bike,516.87,182.14,570.19,286.73,0.9059,main_carriageway,16.7,13.53,0.63,0
27,13,bike,370.22,129.35,396.98,179.19,0.8735,,,,,0
27,14,car,1084.09,61.2,1194.61,146.21,0.7802,,,,,0
27,15,bike,475.19,144.09,510.35,215.72,0.8742,main_carriageway,12.27,4.1,0.317,0
27,16,car,1183.4,61.61,1279.12,160.32,0.8199,,,,,0
27,17,bike,940.74,103.97,993.43,176.3,0.879,,,,,0
27,18,car,867.97,59.57,970.76,122.02,0.8515,,,,,0
27,19,bike,750.18,80.64,779.29,129.61,0.7243,,,,,0
27,20,bike,820.75,204.47,907.26,362.02,0.9001,main_carriageway,61.07,41.64,0.563,0
27,22,bike,312.42,73.7,330.75,108.64,0.4372,,,,,0
27,23,car,500.37,88.34,542.96,126.86,0.7506,,,,,0
27,24,bike,619.09,88.86,641.75,123.83,0.7771,,,,,0
27,25,car,710.36,52.73,783.81,98.9,0.5158,,,,,0
27,26,bike,65.05,206.09,93.14,268.72,0.4192,opposite_carriageway,11.34,-7.29,0.541,0
27,27,bus,951.7,42.08,1035.65,109.65,0.6558,,,,,0
27,33,bike,780.21,71.22,807.68,114.87,0.2453,,,,,0
27,134,rickshaw,901.51,172.8,1062.51,344.29,0.9172,main_carriageway,43.7,17.66,0.375,0
27,38,car,805.07,58.56,862.13,110.35,0.3089,,,,,0
27,28,car,77.71,181.16,119.4,221.25,0.3417,opposite_carriageway,8.38,-3.55,0.39,0
27,234,car,293.01,135.67,380.28,205.41,0.3428,,,,,0
27,32,car,440.66,87.0,475.22,117.78,0.429,,,,,0
28,2,car,468.12,365.43,739.41,607.68,0.8782,main_carriageway,52.49,8.18,0.154,0
28,3,car,596.32,126.74,713.17,227.25,0.9239,main_carriageway,13.05,7.7,0.508,0
28,4,rickshaw,1090.63,139.76,1243.61,307.49,0.9357,main_carriageway,59.08,19.95,0.32,0
28,5,bike,663.12,203.48,735.57,343.38,0.9089,main_carriageway,26.7,16.83,0.533,0
28,6,car,292.17,213.69,409.93,327.84,0.9046,main_carriageway,12.44,12.66,0.713,0
28,8,bike,904.8,255.21,1020.99,452.5,0.9187,main_carriageway,81.62,42.91,0.465,0
28,9,car,513.65,116.77,597.21,183.03,0.8886,main_carriageway,7.19,5.05,0.575,0
28,10,car,309.17,164.03,384.78,223.61,0.783,,,,,0
28,11,bike,518.92,183.11,572.97,289.23,0.9034,main_carriageway,15.27,13.98,0.675,0
28,13,bike,370.61,129.25,397.74,179.78,0.8734,,,,,0
28,14,car,1083.18,61.31,1193.43,145.59,0.7717,,,,,0
28,15,bike,476.45,144.08,512.07,216.26,0.8742,main_carriageway,10.15,3.43,0.32,0
28,16,car,1183.15,61.41,1278.78,159.75,0.8195,,,,,0
28,17,bike,944.89,104.33,998.18,177.56,0.8789,,,,,0
28,18,car,868.81,59.88,970.52,121.73,0.8528,,,,,0
28,19,bike,751.3,81.23,780.39,129.92,0.7235,,,,,0
28,20,bike,828.77,206.25,917.06,367.29,0.8999,main_carriageway,54.96,33.56,0.521,0
28,22,bike,312.37,73.88,330.7,109.02,0.4364,,,,,0
28,23,car,501.04,88.55,543.48,126.97,0.7498,,,,,0
28,24,bike,620.44,89.1,643.16,124.31,0.7764,,,,,0
28,25,car,709.65,52.66,784.31,99.08,0.5148,,,,,0
28,26,bike,66.57,205.53,94.32,267.88,0.4339,opposite_carriageway,10.04,-5.34,0.469,0
28,27,bus,952.22,42.17,1035.93,109.5,0.6554,,,,,0
28,33,bike,780.33,71.2,807.67,114.75,0.2451,,,,,0
28,134,rickshaw,907.54,173.36,1069.79,346.3,0.9175,main_carriageway,39.43,14.25,0.34,0
28,38,car,804.74,58.53,862.19,110.57,0.3065,,,,,0
28,28,car,78.04,180.81,120.83,221.04,0.3352,opposite_carriageway,8.55,-3.13,0.344,0
28,234,car,293.6,136.08,379.77,204.78,0.3317,,,,,0
28,32,car,441.36,87.83,475.52,117.92,0.4335,,,,,0
29,2,car,469.45,367.44,744.08,607.67,0.878,main_carriageway,50.94,7.07,0.137,0
29,3,car,596.92,126.95,713.85,227.69,0.9235,main_carriageway,12.5,7.26,0.502,0
29,4,rickshaw,1093.69,140.18,1247.46,308.65,0.9356,main_carriageway,56.73,19.29,0.322,0
29,5,bike,664.37,203.86,737.29,344.33,0.9089,main_carriageway,25.69,16.16,0.532,0
29,6,car,292.48,214.21,411.08,328.66,0.9046,main_carriageway,12.09,12.04,0.705,0
29,8,bike,909.26,256.49,1026.28,455.07,0.9187,main_carriageway,78.3,41.08,0.465,0
29,9,car,514.09,116.84,597.54,183.3,0.8886,main_carriageway,6.76,4.86,0.584,0
29,10,car,309.07,164.15,384.96,223.8,0.783,,,,,0
29,11,bike,519.65,183.43,573.93,290.12,0.9038,main_carriageway,14.75,14.16,0.693,0
29,13,bike,370.74,129.21,398.02,179.99,0.8734,,,,,0
29,14,car,1082.64,61.36,1193.18,145.38,0.7725,,,,,0
29,15,bike,476.82,144.05,512.7,216.43,0.8746,main_carriageway,9.33,3.16,0.321,0
29,16,car,1182.98,61.34,1278.71,159.54,0.8199,,,,,0
29,17,bike,946.33,104.45,999.81,178.02,0.8788,,,,,0
29,18,car,869.13,59.99,970.41,121.62,0.853,,,,,0
29,19,bike,751.62,81.42,780.8,130.03,0.7243,,,,,0
29,20,bike,831.79,206.9,920.64,369.16,0.9001,main_carriageway,52.34,30.06,0.498,0
29,22,bike,312.39,73.95,330.66,109.16,0.4363,,,,,0
29,23,car,501.29,88.63,543.63,127.01,0.7496,,,,,0
29,24,bike,620.94,89.22,643.62,124.49,0.7759,,,,,0
29,25,car,709.13,52.62,784.72,99.16,0.5152,,,,,0
29,26,bike,67.14,205.39,94.65,267.61,0.4365,opposite_carriageway,9.54,-4.6,0.434,0
29,27,bus,952.37,42.2,1036.02,109.44,0.6537,,,,,0
29,33,bike,780.39,71.18,807.66,114.7,0.2457,,,,,0
29,134,rickshaw,909.63,173.55,1072.2,346.93,0.9179,main_carriageway,37.73,12.8,0.321,0
29,38,car,804.58,58.51,862.25,110.66,0.3072,,,,,0
29,28,car,77.91,180.7,121.56,220.97,0.3368,opposite_carriageway,8.61,-2.98,0.327,0
29,234,car,293.67,136.21,379.74,204.6,0.3311,,,,,0
29,32,car,441.47,88.07,475.72,117.96,0.4325,,,,,0
30,2,car,476.8,377.95,759.03,619.12,0.8459,main_carriageway,51.2,15.0,0.281,0
30,3,car,598.47,126.94,716.86,229.12,0.9046,main_carriageway,11.16,7.1,0.537,0
30,4,rickshaw,1105.03,142.21,1262.29,314.35,0.9614,main_carriageway,57.48,20.64,0.338,0
30,5,bike,669.42,205.55,744.33,349.46,0.907,main_carriageway,25.59,17.62,0.567,0
30,6,car,292.64,214.67,414.23,332.02,0.8725,main_carriageway,11.06,13.54,0.774,0
30,8,bike,926.49,261.3,1047.17,465.22,0.9103,main_carriageway,79.58,42.09,0.468,0
30,9,car,513.69,116.04,598.8,184.41,0.8902,main_carriageway,5.45,4.66,0.65,0
30,10,car,309.78,165.1,386.64,225.56,0.8233,,,,,0
30,11,bike,522.18,185.18,576.84,292.5,0.9034,main_carriageway,13.85,13.55,0.699,0
30,13,bike,371.1,129.76,398.56,181.05,0.8713,,,,,0
30,14,car,1082.5,61.02,1194.77,146.4,0.87,,,,,0
30,15,bike,478.75,144.84,515.15,217.74,0.8952,main_carriageway,9.14,3.69,0.374,0
30,16,car,1184.45,61.95,1279.5,159.5,0.8449,,,,,0
30,17,bike,951.85,107.23,1004.93,179.96,0.8536,,,,,0
30,18,car,868.1,58.84,970.95,121.61,0.8177,,,,,0
30,19,bike,752.72,81.29,782.1,130.21,0.7014,,,,,0
30,20,bike,843.64,211.05,934.58,376.62,0.934,main_carriageway,53.11,30.99,0.504,0
30,22,bike,312.58,74.61,330.85,109.99,0.2535,,,,,0
30,23,car,502.09,88.92,544.77,127.55,0.6996,,,,,0
30,24,bike,622.56,87.68,646.43,125.21,0.8085,,,,,0
30,25,car,708.85,52.36,785.42,99.18,0.6027,,,,,0
30,26,bike,68.05,202.32,96.1,266.32,0.437,opposite_carriageway,7.84,-5.02,0.539,0
30,27,bus,951.77,42.0,1035.32,109.34,0.7024,,,,,0
30,33,bike,780.36,71.55,807.21,114.27,0.3231,,,,,0
30,134,rickshaw,916.07,174.24,1082.1,351.62,0.912,main_carriageway,37.93,14.21,0.351,0
30,38,car,804.97,58.61,862.93,110.75,0.2753,,,,,0
30,234,car,286.01,135.52,386.78,215.96,0.4181,,,,,0
30,32,car,441.92,88.43,476.43,118.34,0.4632,,,,,0
31,2,car,477.55,381.71,766.1,623.23,0.8454,main_carriageway,51.18,18.06,0.333,0
31,3,car,599.07,126.93,717.87,229.63,0.905,main_carriageway,10.63,7.02,0.551,0
31,4,rickshaw,1109.07,142.95,1267.68,316.43,0.9614,main_carriageway,57.75,21.14,0.344,0
31,5,bike,671.17,206.13,746.95,351.34,0.9072,main_carriageway,25.5,18.18,0.58,0
31,6,car,292.69,214.82,415.33,333.18,0.8719,main_carriageway,10.66,14.07,0.797,0
31,8,bike,932.7,263.07,1055.03,468.99,0.91,main_carriageway,80.04,42.47,0.469,0
31,9,car,513.71,115.73,599.05,184.8,0.8902,main_carriageway,4.95,4.54,0.676,0
31,10,car,310.04,165.44,387.23,226.2,0.8276,,,,,0
31,11,bike,523.06,185.81,577.86,293.34,0.9037,main_carriageway,13.5,13.34,0.703,0
31,13,bike,371.25,129.97,398.72,181.44,0.8712,,,,,0
31,14,car,1082.45,60.9,1195.36,146.8,0.87,,,,,0
31,15,bike,479.35,145.13,516.08,218.21,0.8953,main_carriageway,9.06,3.9,0.396,0
31,16,car,1184.99,62.14,1279.8,159.48,0.8448,,,,,0
31,17,bike,953.73,108.27,1006.75,180.67,0.8538,main_carriageway,25.22,7.72,0.293,0
31,18,car,867.79,58.4,971.07,121.61,0.8177,,,,,0
31,19,bike,753.09,81.25,782.55,130.27,0.7041,,,,,0
31,20,bike,847.98,212.62,939.87,379.41,0.9339,main_carriageway,53.27,31.27,0.506,0
31,22,bike,312.68,74.87,330.91,110.3,0.2535,,,,,0
31,23,car,502.36,89.02,545.19,127.75,0.6998,,,,,0
31,24,bike,623.23,87.1,647.38,125.48,0.8085,,,,,0
31,25,car,708.59,52.25,785.81,99.18,0.6024,,,,,0
31,26,bike,68.43,201.22,96.54,265.88,0.437,opposite_carriageway,7.18,-5.19,0.586,0
31,27,bus,951.61,41.92,1035.01,109.31,0.7026,,,,,0
31,33,bike,780.34,71.7,807.07,114.1,0.3236,,,,,0
31,134,rickshaw,918.39,174.47,1085.53,353.33,0.9123,main_carriageway,38.05,14.82,0.363,0
31,38,car,805.04,58.65,863.26,110.79,0.275,,,,,0
31,234,car,283.92,135.33,388.71,219.45,0.3893,,,,,0
31,32,car,441.99,88.55,476.75,118.48,0.464,,,,,0
31,254,bike,284.58,82.72,300.44,106.59,0.3022,,,,,0
32,2,car,490.57,386.57,783.16,624.0,0.8642,main_carriageway,42.08,16.87,0.372,0
32,3,car,601.21,126.79,722.23,231.92,0.9218,main_carriageway,8.83,5.92,0.557,0
32,4,rickshaw,1119.86,144.67,1280.0,321.55,0.9439,main_carriageway,42.67,17.36,0.377,0
32,5,bike,677.46,208.46,754.36,356.11,0.9171,main_carriageway,20.83,15.49,0.597,0
32,6,car,293.28,215.29,418.48,336.58,0.887,main_carriageway,6.91,11.11,0.849,0
32,8,bike,951.15,266.71,1079.09,481.48,0.9257,main_carriageway,65.72,36.1,0.481,0
32,9,car,513.95,114.91,600.49,185.45,0.9333,,,,,0
32,10,car,309.91,165.94,388.04,227.48,0.8132,,,,,0
32,11,bike,528.41,188.55,583.06,295.17,0.9043,main_carriageway,12.2,8.44,0.569,0
32,13,bike,371.72,130.91,399.41,183.09,0.8701,,,,,0
32,14,car,1081.76,60.82,1196.65,148.31,0.8696,,,,,0
32,15,bike,482.19,145.42,519.17,219.12,0.9026,main_carriageway,7.91,3.4,0.395,0
32,16,car,1184.99,62.04,1279.63,159.16,0.806,,,,,0
32,17,bike,959.65,109.05,1013.56,182.53,0.829,main_carriageway,19.52,6.23,0.304,0
32,18,car,867.51,58.29,970.72,121.68,0.8195,,,,,0
32,19,bike,754.72,81.29,784.16,130.18,0.6979,,,,,0
32,20,bike,859.92,215.93,954.95,388.07,0.9224,main_carriageway,43.43,26.05,0.514,0
32,22,bike,312.71,74.89,330.92,110.42,0.2352,,,,,0
32,23,car,503.01,88.69,546.28,127.87,0.7026,,,,,0
32,24,bike,624.4,86.32,648.76,125.25,0.781,,,,,0
32,25,car,708.59,52.36,785.88,99.0,0.5732,,,,,0
32,26,bike,68.94,196.58,97.69,262.99,0.4737,opposite_carriageway,4.22,-5.73,0.805,0
32,27,bus,952.15,41.94,1035.14,109.23,0.7133,,,,,0
32,33,bike,780.55,72.17,807.08,114.15,0.3314,,,,,0
32,134,rickshaw,928.87,175.96,1095.67,354.33,0.9241,main_carriageway,30.26,10.04,0.315,0
32,38,car,804.77,58.56,863.39,110.91,0.2599,,,,,0
32,234,car,282.73,135.15,390.76,222.47,0.4529,main_carriageway,0.1,17.06,1.0,0
32,32,car,442.23,88.53,477.08,118.43,0.4893,,,,,0
32,254,bike,284.55,82.74,300.41,106.59,0.2716,,,,,0
32,28,car,76.74,172.48,127.03,219.49,0.4584,opposite_carriageway,5.8,-2.61,0.41,0
33,2,car,509.45,396.21,800.44,624.0,0.8593,main_carriageway,51.18,16.32,0.304,0
33,3,car,604.94,127.78,726.87,234.07,0.9301,main_carriageway,11.16,6.82,0.521,0
33,4,rickshaw,1129.09,147.24,1280.0,328.09,0.9386,main_carriageway,37.43,20.6,0.482,0
33,5,bike,685.9,211.22,764.81,362.24,0.9235,main_carriageway,26.01,18.86,0.587,0
33,6,car,295.38,217.28,422.42,340.54,0.8912,main_carriageway,7.85,12.7,0.851,0
33,8,bike,977.05,274.79,1109.96,497.47,0.9023,main_carriageway,80.61,44.97,0.487,0
33,9,car,515.08,114.7,602.04,185.94,0.9319,,,,,0
33,10,car,310.0,167.65,388.67,229.27,0.8446,main_carriageway,2.36,5.66,0.923,0
33,11,bike,533.21,190.5,589.56,300.43,0.9051,main_carriageway,15.44,11.2,0.587,0
33,13,bike,372.32,131.93,400.13,184.56,0.8803,,,,,0
33,14,car,1081.47,60.88,1197.84,149.74,0.8407,,,,,0
33,15,bike,485.39,146.57,522.69,220.84,0.873,main_carriageway,9.78,4.58,0.424,0
33,16,car,1185.15,62.22,1279.31,158.72,0.7453,,,,,0
33,17,bike,966.98,109.93,1022.36,185.82,0.8589,main_carriageway,23.14,8.26,0.336,0
33,18,car,867.96,58.21,971.12,121.66,0.8325,,,,,0
33,19,bike,756.56,80.05,786.75,129.92,0.7309,,,,,0
33,20,bike,875.9,221.21,974.1,398.61,0.9256,main_carriageway,52.09,31.32,0.515,0
33,23,car,504.25,88.76,547.73,128.09,0.69,,,,,0
33,24,bike,625.5,84.56,650.93,125.68,0.8026,,,,,0
33,25,car,708.69,52.23,786.09,98.65,0.645,,,,,0
33,26,bike,70.64,194.44,99.11,260.5,0.4365,opposite_carriageway,4.43,-7.38,0.857,0
33,27,bus,952.77,41.97,1035.28,109.08,0.7272,,,,,0
33,33,bike,780.6,71.61,807.69,114.5,0.3473,,,,,0
33,134,rickshaw,937.87,178.1,1110.19,362.8,0.9215,main_carriageway,35.37,16.5,0.423,0
33,38,car,804.51,58.53,863.54,111.15,0.2484,,,,,0
33,234,car,282.29,135.33,393.05,225.61,0.3097,main_carriageway,0.99,20.83,0.999,0
33,32,car,443.07,88.77,478.18,118.76,0.5403,,,,,0
33,267,bike,123.92,162.01,148.33,211.99,0.4287,,,,,0
33,28,car,76.77,171.22,127.28,218.95,0.5105,opposite_carriageway,5.68,-3.03,0.471,0
34,2,car,526.28,407.39,812.86,624.0,0.8882,main_carriageway,62.8,16.33,0.252,0
34,3,car,607.26,128.0,731.26,236.5,0.8937,main_carriageway,13.88,8.81,0.536,0
34,4,rickshaw,1139.95,148.79,1280.0,334.52,0.8459,main_carriageway,39.4,25.87,0.549,0
34,5,bike,694.48,214.75,775.39,368.99,0.9011,main_carriageway,34.11,24.66,0.586,0
34,6,car,298.31,219.35,427.72,345.19,0.9004,main_carriageway,11.24,16.53,0.827,0
34,8,bike,1009.24,284.2,1146.94,514.17,0.9197,main_carriageway,110.32,59.1,0.472,0
34,9,car,515.37,114.43,603.67,187.15,0.9197,,,,,0
34,10,car,309.41,168.45,391.06,232.37,0.8804,main_carriageway,3.22,8.57,0.936,0
34,11,bike,538.32,192.72,596.1,305.06,0.9323,main_carriageway,20.42,14.94,0.59,0
34,13,bike,373.23,132.43,401.18,185.48,0.8856,main_carriageway,2.83,5.49,0.889,0
34,14,car,1081.34,60.86,1198.42,150.49,0.8593,,,,,0
34,15,bike,487.89,146.58,526.18,222.77,0.866,main_carriageway,12.27,6.34,0.459,0
34,16,car,1185.39,62.06,1278.92,157.68,0.7641,,,,,0
34,17,bike,975.1,109.16,1032.14,187.58,0.8845,main_carriageway,30.55,9.56,0.299,0
34,18,car,868.07,57.99,971.69,121.79,0.8421,,,,,0
34,19,bike,757.91,79.01,789.04,130.14,0.7878,,,,,0
34,20,bike,891.76,224.84,994.63,409.95,0.9051,main_carriageway,66.98,40.79,0.52,0
34,23,car,505.17,88.67,549.05,128.28,0.7073,,,,,0
34,24,bike,627.7,83.24,653.77,125.89,0.7915,,,,,0
34,25,car,709.04,52.31,786.3,98.3,0.655,,,,,0
34,26,bike,72.58,193.29,100.37,257.75,0.5817,opposite_carriageway,5.58,-9.86,0.87,0
34,27,bus,952.98,42.01,1035.3,109.02,0.5626,,,,,0
34,134,rickshaw,954.08,181.07,1122.39,360.05,0.9261,main_carriageway,47.32,13.12,0.267,0
34,38,car,803.46,58.52,863.36,111.83,0.265,,,,,0
34,234,car,281.89,135.67,395.54,229.21,0.283,main_carriageway,2.01,24.61,0.997,0
34,32,car,443.87,88.88,478.88,118.67,0.5443,,,,,0
34,267,bike,125.5,163.03,148.95,210.93,0.5114,,,,,0
34,28,car,77.69,171.14,126.67,218.0,0.5213,,,,,0
34,254,bike,283.76,83.44,300.18,108.18,0.2694,,,,,0
35,2,car,529.55,411.29,819.43,624.0,0.8877,main_carriageway,56.58,4.88,0.086,0
35,3,car,608.21,128.07,732.72,237.39,0.8935,main_carriageway,12.8,8.27,0.543,0
35,4,rickshaw,1145.15,149.32,1280.0,336.9,0.845,main_carriageway,28.92,22.55,0.615,0
35,5,bike,697.55,216.07,779.36,371.49,0.9012,main_carriageway,31.58,22.03,0.572,0
35,6,car,299.49,220.13,429.59,346.9,0.9003,main_carriageway,11.1,14.88,0.801,0
35,8,bike,1021.38,287.87,1161.15,520.62,0.9205,main_carriageway,104.44,55.4,0.469,0
35,9,car,515.59,114.32,604.14,187.58,0.9197,,,,,0
35,10,car,309.17,168.75,391.97,233.52,0.882,main_carriageway,2.36,7.96,0.959,0
35,11,bike,540.15,193.54,598.56,306.79,0.9333,main_carriageway,19.85,14.29,0.584,0
35,13,bike,373.59,132.63,401.52,185.79,0.8841,,,,,0
35,14,car,1081.38,60.85,1198.57,150.77,0.8578,,,,,0
35,15,bike,488.77,146.57,527.44,223.47,0.8662,main_carriageway,11.16,5.73,0.457,0
35,16,car,1185.41,61.99,1278.83,157.3,0.7591,,,,,0
35,17,bike,978.14,108.83,1035.69,188.19,0.884,main_carriageway,28.52,8.23,0.277,0
35,18,car,868.14,57.91,971.87,121.83,0.8421,,,,,0
35,19,bike,758.34,78.63,789.91,130.23,0.7857,,,,,0
35,20,bike,897.65,226.11,1002.55,414.21,0.9047,main_carriageway,60.99,37.59,0.525,0
35,23,car,505.45,88.63,549.55,128.34,0.7103,,,,,0
35,24,bike,628.62,82.73,654.75,125.96,0.7915,,,,,0
35,25,car,709.01,52.34,786.53,98.17,0.6563,,,,,0
35,26,bike,73.22,192.82,100.79,256.76,0.5793,opposite_carriageway,4.93,-9.56,0.889,0
35,27,bus,953.09,42.02,1035.29,108.99,0.5653,,,,,0
35,134,rickshaw,959.85,182.19,1126.97,358.59,0.9286,main_carriageway,44.33,6.97,0.155,0
35,38,car,803.05,58.51,863.32,112.08,0.2645,,,,,0
35,234,car,282.27,135.85,395.88,230.27,0.264,main_carriageway,2.68,14.31,0.983,0
35,32,car,444.09,88.92,479.17,118.65,0.5439,,,,,0
35,267,bike,125.98,163.3,149.19,210.57,0.5144,,,,,0
35,28,car,78.15,171.07,126.25,217.59,0.508,,,,,0
35,254,bike,283.62,83.48,300.17,108.42,0.2712,,,,,0
35,22,bike,312.61,75.84,330.63,111.12,0.2132,,,,,0
36,2,car,543.97,418.91,833.54,624.0,0.8514,main_carriageway,66.93,0.77,0.012,0
36,3,car,612.17,128.96,736.59,238.39,0.9001,main_carriageway,15.91,8.76,0.482,0
36,4,rickshaw,1155.19,153.55,1280.0,341.7,0.7259,main_carriageway,29.22,25.27,0.654,0
36,5,bike,704.28,217.6,788.66,378.07,0.9142,main_carriageway,37.41,26.73,0.581,0
36,6,car,301.11,221.49,433.23,350.5,0.9421,main_carriageway,13.16,17.32,0.796,0
36,8,bike,1047.99,295.42,1193.05,535.87,0.9145,main_carriageway,126.65,66.88,0.467,0
36,9,car,517.19,115.27,605.38,188.36,0.9252,main_carriageway,4.91,3.56,0.587,0
36,10,car,308.54,169.17,394.46,236.74,0.9242,main_carriageway,2.87,10.54,0.965,0
36,11,bike,544.25,194.61,603.74,309.78,0.9547,main_carriageway,23.53,16.44,0.573,0
36,13,bike,374.99,133.06,402.61,185.93,0.885,,,,,0
36,14,car,1081.29,60.79,1198.41,150.93,0.8818,,,,,0
36,15,bike,491.3,147.11,530.41,224.55,0.8376,main_carriageway,13.14,6.34,0.435,0
36,16,car,1185.19,61.72,1278.92,157.16,0.8343,,,,,0
36,17,bike,985.33,110.89,1043.39,190.91,0.9212,main_carriageway,34.12,10.24,0.287,0
36,18,car,867.94,57.87,971.89,122.02,0.8431,,,,,0
36,19,bike,758.98,77.97,791.18,130.63,0.82,,,,,0
36,20,bike,912.03,230.36,1019.93,423.62,0.9297,main_carriageway,72.06,44.21,0.523,0
36,23,car,506.14,88.46,550.74,128.55,0.6895,,,,,0
36,24,bike,630.01,82.65,656.38,126.65,0.8237,,,,,0
36,25,car,708.98,52.25,786.85,98.01,0.6989,,,,,0
36,26,bike,75.03,192.96,102.19,255.73,0.2355,opposite_carriageway,6.12,-10.15,0.856,0
36,27,bus,953.28,42.01,1035.53,109.26,0.5633,,,,,0
36,134,rickshaw,966.46,183.37,1140.45,366.75,0.9052,main_carriageway,51.49,13.42,0.252,0
36,38,car,802.45,58.47,863.03,112.24,0.2475,,,,,0
36,32,car,444.12,88.56,480.02,118.97,0.5397,,,,,0
36,267,bike,127.93,161.61,151.7,209.8,0.6281,,,,,0
36,28,car,77.81,171.19,125.25,217.05,0.3829,,,,,0
36,254,bike,283.62,83.65,300.01,108.41,0.2701,,,,,0
36,22,bike,312.64,75.89,330.63,111.26,0.2307,,,,,0
37,2,car,562.46,430.5,849.02,624.0,0.6853,main_carriageway,68.88,0.0,0.0,0
37,3,car,616.22,131.38,740.25,240.13,0.9111,main_carriageway,16.51,8.21,0.445,0
37,4,car,1169.11,156.75,1280.0,343.74,0.8005,main_carriageway,24.62,22.19,0.669,0
37,5,bike,713.93,221.55,799.75,384.23,0.922,main_carriageway,40.93,28.12,0.566,0
37,6,car,302.94,223.83,437.6,355.37,0.9364,main_carriageway,14.39,18.79,0.794,0
37,8,bike,1081.75,307.72,1233.98,558.66,0.9151,main_carriageway,142.75,77.18,0.476,0
37,9,car,518.77,117.04,606.28,189.44,0.9209,main_carriageway,5.3,3.99,0.601,0
37,10,car,310.56,170.35,397.14,238.75,0.9456,main_carriageway,4.88,11.27,0.918,0
37,11,bike,549.7,197.09,610.5,315.05,0.9223,main_carriageway,24.37,19.88,0.632,0
37,13,bike,376.2,132.77,404.05,186.47,0.9062,,,,,0
37,14,car,1080.6,60.5,1197.96,151.2,0.8897,,,,,0
37,15,bike,495.69,148.57,535.13,225.86,0.8799,main_carriageway,14.73,6.74,0.416,0
37,16,car,1184.52,61.72,1279.53,158.47,0.8445,,,,,0
37,17,bike,994.18,113.48,1051.95,192.98,0.857,main_carriageway,36.46,10.45,0.276,0
37,18,car,867.7,57.94,971.4,122.06,0.8457,,,,,0
37,19,bike,760.8,78.61,792.64,130.82,0.8313,,,,,0
37,20,bike,929.67,235.79,1041.29,436.04,0.9189,main_carriageway,78.05,47.97,0.524,0
37,23,car,508.4,88.35,553.21,128.61,0.7179,,,,,0
37,24,bike,632.74,83.29,658.8,127.06,0.899,,,,,0
37,25,car,708.8,52.01,787.52,98.04,0.7183,,,,,0
37,27,bus,953.64,42.01,1035.84,109.49,0.6654,,,,,0
37,134,rickshaw,978.73,185.41,1156.71,372.75,0.9288,main_carriageway,55.45,18.42,0.315,0
37,38,car,801.98,58.52,862.59,112.16,0.2507,,,,,0
37,32,car,443.68,87.89,481.15,119.75,0.5462,,,,,0
37,267,bike,130.06,161.39,153.62,208.78,0.6318,,,,,0
37,28,car,78.9,171.06,125.24,215.57,0.4677,,,,,0
37,254,bike,283.22,84.39,299.54,109.09,0.3005,,,,,0
37,22,bike,312.3,75.71,330.58,111.75,0.2416,,,,,0
38,2,car,565.53,435.23,857.02,624.0,0.6962,main_carriageway,56.33,0.0,0.0,0
38,3,car,617.59,132.31,741.64,240.77,0.911,main_carriageway,13.71,6.7,0.439,0
38,4,car,1176.01,157.94,1280.0,344.37,0.8001,main_carriageway,23.46,16.28,0.57,0
38,5,bike,717.45,223.11,803.91,386.5,0.922,main_carriageway,35.33,24.26,0.566,0
38,6,car,303.64,224.7,439.18,357.16,0.9363,main_carriageway,12.51,16.62,0.799,0
38,8,bike,1094.26,312.38,1249.69,567.34,0.9149,main_carriageway,128.47,69.87,0.478,0
38,9,car,519.25,117.71,606.57,189.84,0.9208,,,,,0
38,10,car,311.47,170.81,398.04,239.48,0.9461,main_carriageway,5.42,10.21,0.883,0
38,11,bike,551.73,198.01,612.95,316.99,0.9222,main_carriageway,20.96,16.56,0.62,0
38,13,bike,376.71,132.65,404.53,186.65,0.9058,,,,,0
38,14,car,1080.49,60.4,1197.65,151.29,0.889,,,,,0
38,15,bike,497.19,149.14,536.96,226.33,0.8799,main_carriageway,13.04,5.49,0.388,0
38,16,car,1184.28,61.72,1279.75,158.95,0.8448,,,,,0
38,17,bike,997.42,114.56,1055.05,193.75,0.856,main_carriageway,31.56,7.93,0.244,0
38,18,car,867.65,57.97,971.16,122.07,0.8457,,,,,0
38,19,bike,761.5,78.96,793.1,130.91,0.8304,,,,,0
38,20,bike,936.41,237.83,1049.37,440.76,0.9184,main_carriageway,67.89,42.15,0.527,0
38,23,car,509.21,88.3,554.09,128.6,0.7178,,,,,0
38,24,bike,633.8,83.57,659.63,127.2,0.8991,,,,,0
38,25,car,708.56,51.9,787.88,98.07,0.7186,,,,,0
38,27,bus,953.89,42.01,1035.9,109.59,0.6637,,,,,0
38,134,rickshaw,983.23,186.22,1162.64,374.8,0.9277,main_carriageway,48.9,12.0,0.238,0
38,38,car,801.76,58.54,862.46,112.12,0.2509,,,,,0
38,32,car,443.53,87.64,481.53,120.07,0.5459,,,,,0
38,267,bike,130.65,161.34,154.28,208.45,0.6267,opposite_carriageway,6.34,-3.54,0.488,0
38,28,car,79.35,171.12,125.28,215.0,0.4426,,,,,0
38,254,bike,283.12,84.65,299.4,109.35,0.2923,,,,,0
38,22,bike,312.17,75.63,330.52,111.9,0.2419,,,,,0
38,294,rickshaw,1205.37,159.19,1279.64,341.44,0.3991,,,,,0
38,295,bike,551.26,90.29,569.23,117.95,0.3266,,,,,0
39,2,car,588.47,450.27,869.41,624.0,0.3247,main_carriageway,59.37,0.0,0.0,0
39,3,car,620.19,132.4,747.0,243.01,0.9145,main_carriageway,14.34,6.51,0.413,0
39,5,bike,725.51,225.5,813.63,391.67,0.9373,main_carriageway,34.63,22.68,0.548,0
39,6,car,305.05,226.41,443.9,362.38,0.9277,main_carriageway,11.46,17.19,0.832,0
39,8,bike,1120.92,323.44,1276.77,579.8,0.9057,main_carriageway,120.75,65.63,0.478,0
39,9,car,520.8,118.07,608.41,190.49,0.9344,main_carriageway,5.09,3.34,0.549,0
39,10,car,312.7,172.44,401.24,243.31,0.9602,main_carriageway,6.74,10.94,0.852,0
39,11,bike,556.95,199.28,619.39,321.01,0.9149,main_carriageway,20.96,15.95,0.606,0
39,13,bike,378.12,132.95,405.64,186.48,0.9253,,,,,0
39,14,car,1080.34,60.42,1197.15,151.28,0.8809,,,,,0
39,15,bike,499.69,150.31,539.73,227.71,0.859,main_carriageway,12.68,4.94,0.363,0
39,16,car,1184.01,61.63,1279.96,159.41,0.8409,,,,,0
39,17,bike,1004.3,114.18,1063.86,196.15,0.8382,main_carriageway,30.46,8.57,0.271,0
39,18,car,867.72,57.98,971.01,122.05,0.8454,,,,,0
39,19,bike,763.1,78.63,794.89,131.0,0.8374,,,,,0
39,20,bike,950.9,242.6,1066.02,449.31,0.9237,main_carriageway,65.27,39.36,0.516,0
39,23,car,511.19,88.21,556.92,128.89,0.7788,,,,,0
39,24,bike,635.79,83.6,661.74,127.57,0.9015,,,,,0
39,25,car,707.25,50.61,790.0,98.85,0.7171,,,,,0
39,27,bus,953.64,42.05,1035.41,109.59,0.6914,,,,,0
39,134,rickshaw,993.57,187.55,1174.87,377.51,0.9249,main_carriageway,45.98,17.46,0.355,0
39,38,car,802.02,58.55,862.67,111.95,0.274,,,,,0
39,32,car,443.79,87.47,482.06,120.18,0.6086,,,,,0
39,267,bike,131.97,161.53,155.28,207.51,0.5008,opposite_carriageway,6.4,-3.42,0.471,0
39,28,car,80.7,172.45,125.45,214.7,0.5563,,,,,0
39,254,bike,283.37,85.48,299.24,109.58,0.2854,,,,,0
39,22,bike,312.12,76.14,330.4,112.35,0.2529,,,,,0
39,294,rickshaw,1214.29,157.55,1280.0,341.17,0.6435,,,,,0
39,295,bike,551.12,90.09,569.82,118.88,0.33,,,,,0
40,2,car,620.65,467.6,887.72,624.0,0.6999,main_carriageway,79.69,0.0,0.0,0
40,3,car,623.16,133.27,752.53,246.03,0.9248,main_carriageway,17.38,8.64,0.445,0
40,5,bike,735.3,229.7,825.26,399.05,0.8954,main_carriageway,41.83,27.56,0.55,0
40,6,car,308.31,228.86,448.61,366.51,0.907,main_carriageway,13.92,19.61,0.815,0
40,8,bike,1145.58,335.66,1280.0,594.72,0.8919,main_carriageway,121.52,74.1,0.521,0
40,9,car,522.05,118.53,610.71,191.92,0.9185,main_carriageway,6.51,4.34,0.554,0
40,10,car,313.39,173.47,403.29,245.84,0.9636,main_carriageway,7.77,12.32,0.846,0
40,11,bike,563.52,202.25,626.84,325.82,0.9026,main_carriageway,25.83,19.03,0.593,0
40,13,bike,379.01,133.87,405.95,186.1,0.9178,,,,,0
40,14,car,1079.37,60.35,1196.26,151.28,0.8937,,,,,0
40,15,bike,502.08,149.31,543.32,228.87,0.8838,main_carriageway,14.6,5.4,0.347,0
40,16,car,1183.61,61.5,1280.0,159.89,0.836,,,,,0
40,17,bike,1012.99,113.52,1074.7,198.51,0.8747,main_carriageway,36.93,10.32,0.269,0
40,18,car,867.81,57.98,970.71,121.84,0.8359,,,,,0
40,19,bike,764.97,77.2,797.33,130.78,0.8243,,,,,0
40,20,bike,971.2,249.33,1090.06,463.41,0.9168,main_carriageway,80.53,49.2,0.521,0
40,23,car,512.67,88.59,559.01,129.76,0.7853,,,,,0
40,24,bike,637.98,83.28,664.71,128.81,0.8056,,,,,0
40,25,car,706.56,50.04,790.83,99.29,0.766,,,,,0
40,27,bus,953.45,42.06,1035.07,109.68,0.5947,,,,,0
40,134,rickshaw,1005.56,190.34,1189.51,382.05,0.9329,main_carriageway,54.12,23.46,0.398,0
40,38,car,801.86,58.64,862.41,111.89,0.2701,,,,,0
40,32,car,444.05,87.47,482.61,120.42,0.6511,,,,,0
40,267,bike,132.71,160.0,156.26,205.96,0.4954,opposite_carriageway,6.9,-4.61,0.556,0
40,28,car,82.17,172.04,127.17,214.35,0.4347,,,,,0
40,254,bike,283.6,86.25,299.11,109.77,0.2876,,,,,0
40,22,bike,312.14,76.64,330.33,112.71,0.285,,,,,0
40,295,bike,551.85,90.34,572.06,121.45,0.32,,,,,0
41,2,car,627.53,473.23,897.35,624.0,0.6986,main_carriageway,73.69,0.0,0.0,0
41,3,car,624.21,133.6,754.58,247.15,0.9245,main_carriageway,15.01,8.76,0.504,0
41,5,bike,738.84,231.28,829.55,401.79,0.8956,main_carriageway,37.72,23.72,0.532,0
41,6,car,309.57,229.75,450.33,368.09,0.9073,main_carriageway,12.78,17.59,0.809,0
41,8,bike,1155.67,340.19,1280.0,600.12,0.8915,main_carriageway,97.32,64.25,0.551,0
41,9,car,522.47,118.69,611.49,192.45,0.9183,main_carriageway,5.69,4.09,0.583,0
41,10,car,313.79,173.86,403.89,246.75,0.9637,main_carriageway,7.34,10.01,0.806,0
41,11,bike,565.98,203.26,629.63,327.59,0.9031,main_carriageway,23.81,17.81,0.599,0
41,13,bike,379.31,134.23,406.05,185.93,0.9176,,,,,0
41,14,car,1078.98,60.31,1195.89,151.27,0.8939,,,,,0
41,15,bike,502.91,148.91,544.65,229.33,0.8815,main_carriageway,12.92,4.78,0.347,0
41,16,car,1183.48,61.44,1280.0,160.06,0.8361,,,,,0
41,17,bike,1016.17,113.21,1078.69,199.37,0.8745,main_carriageway,33.07,8.46,0.248,0
41,18,car,867.8,57.98,970.57,121.77,0.8363,,,,,0
41,19,bike,765.68,76.58,798.18,130.65,0.8274,,,,,0
41,20,bike,978.83,251.79,1098.9,468.62,0.9168,main_carriageway,72.88,45.0,0.525,0
41,23,car,513.19,88.74,559.77,130.06,0.7832,,,,,0
41,24,bike,638.83,83.15,665.76,129.27,0.8026,,,,,0
41,25,car,706.3,49.81,791.1,99.46,0.7649,,,,,0
41,27,bus,953.45,42.06,1034.88,109.71,0.5952,,,,,0
41,134,rickshaw,1009.47,191.36,1194.98,383.79,0.934,main_carriageway,48.77,17.04,0.33,0
41,38,car,801.85,58.75,862.3,111.85,0.2632,,,,,0
41,32,car,444.14,87.5,482.74,120.5,0.6578,,,,,0
41,267,bike,132.82,159.45,156.62,205.43,0.4886,opposite_carriageway,4.91,-4.37,0.665,0
41,28,car,82.58,171.78,127.88,214.22,0.4376,,,,,0
41,254,bike,283.68,86.51,299.08,109.82,0.2876,,,,,0
41,22,bike,312.16,76.82,330.3,112.83,0.2846,,,,,0
41,295,bike,552.12,90.46,572.79,122.29,0.3198,,,,,0
42,3,car,627.34,135.85,757.95,249.46,0.9129,main_carriageway,14.41,9.33,0.543,0
42,5,bike,748.4,233.37,841.92,409.05,0.921,main_carriageway,38.32,24.82,0.544,0
42,6,car,312.96,231.86,456.36,372.74,0.9167,main_carriageway,14.39,17.37,0.77,0
42,8,bike,1178.07,350.75,1280.0,602.32,0.6955,main_carriageway,71.17,43.66,0.523,0
42,9,car,523.89,119.98,612.48,193.44,0.8568,main_carriageway,5.66,4.0,0.577,0
42,10,car,313.49,174.73,406.8,250.89,0.9557,main_carriageway,6.29,12.14,0.888,0
42,11,bike,570.69,204.69,636.28,332.8,0.9425,main_carriageway,23.38,17.75,0.605,0
42,13,bike,379.72,134.74,407.16,187.77,0.9149,,,,,0
42,14,car,1080.3,60.38,1196.77,151.29,0.8881,,,,,0
42,15,bike,505.56,149.91,547.73,230.76,0.901,main_carriageway,11.24,4.9,0.4,0
42,16,car,1183.69,61.64,1280.0,160.05,0.8265,,,,,0
42,17,bike,1024.58,116.77,1086.52,201.87,0.8566,main_carriageway,32.48,8.89,0.264,0
42,18,car,867.83,58.06,970.43,121.77,0.8283,,,,,0
42,19,bike,767.34,77.12,799.46,130.78,0.7043,,,,,0
42,20,bike,997.34,257.1,1120.57,479.74,0.9205,main_carriageway,73.47,43.7,0.511,0
42,23,car,514.49,89.35,561.37,131.06,0.7705,,,,,0
42,24,bike,640.61,83.72,667.35,129.72,0.8128,,,,,0
42,25,car,706.02,49.71,791.02,99.62,0.7401,,,,,0
42,27,bus,953.98,42.02,1035.15,109.72,0.6656,,,,,0
42,134,rickshaw,1017.92,192.94,1211.03,393.15,0.9279,main_carriageway,46.75,20.4,0.4,0
42,38,car,802.0,58.87,861.99,111.45,0.256,,,,,0
42,32,car,444.18,88.01,482.94,121.17,0.6927,,,,,0
42,267,bike,132.64,159.13,157.0,206.07,0.5635,,,,,0
42,28,car,83.37,173.72,126.73,213.88,0.4066,,,,,0
42,22,bike,312.92,78.33,330.81,113.74,0.3183,,,,,0
43,3,car,630.92,138.09,763.26,253.0,0.9005,main_carriageway,17.47,12.23,0.573,0
43,5,bike,759.52,236.44,856.04,417.2,0.9184,main_carriageway,47.1,30.7,0.546,0
43,6,car,317.23,234.43,461.03,375.29,0.925,main_carriageway,17.72,18.13,0.715,0
43,9,car,524.33,120.43,614.2,194.71,0.8566,main_carriageway,6.36,4.87,0.608,0
43,10,car,314.24,175.48,408.78,253.27,0.9468,main_carriageway,6.75,13.79,0.898,0
43,11,bike,576.47,207.43,643.35,338.01,0.9163,main_carriageway,27.57,21.02,0.606,0
43,13,bike,380.61,135.46,407.78,187.63,0.895,,,,,0
43,14,car,1081.05,60.41,1197.1,151.27,0.875,,,,,0
43,15,bike,509.05,150.41,552.02,232.45,0.9168,main_carriageway,13.46,6.12,0.414,0
43,16,car,1183.8,61.74,1280.0,160.01,0.8266,,,,,0
43,17,bike,1034.41,119.36,1096.93,204.81,0.8967,main_carriageway,39.44,11.06,0.27,0
43,18,car,867.9,58.13,970.31,121.72,0.8269,,,,,0
43,19,bike,769.49,77.36,801.25,130.61,0.7384,,,,,0
43,20,bike,1020.52,263.43,1149.08,496.13,0.8303,main_carriageway,91.91,55.37,0.516,0
43,23,car,515.66,90.17,562.39,131.88,0.7607,,,,,0
43,24,bike,643.09,83.06,669.94,129.53,0.8104,,,,,0
43,25,car,707.1,50.7,789.69,99.09,0.7162,,,,,0
43,27,bus,954.28,42.01,1035.16,109.74,0.6593,,,,,0
43,134,rickshaw,1031.44,196.08,1230.24,402.19,0.9181,main_carriageway,57.91,27.39,0.428,0
43,38,car,802.25,58.69,862.14,111.12,0.2536,,,,,0
43,32,car,444.95,88.82,483.34,121.55,0.6722,,,,,0
43,267,bike,133.23,158.44,157.79,205.71,0.588,,,,,0
43,28,car,85.71,175.34,126.36,212.49,0.3289,,,,,0
43,22,bike,313.24,78.74,331.19,114.15,0.3764,,,,,0
43,254,bike,283.01,87.45,298.68,111.11,0.2729,,,,,0
44,3,car,632.16,138.92,765.21,254.28,0.9005,main_carriageway,15.09,11.27,0.598,0
44,5,bike,763.57,237.59,861.38,420.22,0.9182,main_carriageway,42.91,28.55,0.554,0
44,6,car,318.71,235.35,462.8,376.09,0.9249,main_carriageway,16.28,13.71,0.644,0
44,9,car,524.42,120.62,614.88,195.16,0.8573,main_carriageway,5.04,4.67,0.679,0
44,10,car,314.73,175.74,409.31,254.14,0.9466,main_carriageway,5.05,10.83,0.906,0
44,11,bike,578.58,208.44,645.94,339.93,0.9168,main_carriageway,24.09,18.92,0.618,0
44,13,bike,380.86,135.73,408.03,187.6,0.8946,,,,,0
44,14,car,1081.43,60.43,1197.12,151.26,0.8747,,,,,0
44,15,bike,510.26,150.59,553.62,233.06,0.9171,main_carriageway,12.23,5.35,0.401,0
44,16,car,1183.85,61.77,1279.97,159.99,0.8265,,,,,0
44,17,bike,1037.84,120.33,1100.74,205.89,0.8981,main_carriageway,35.21,9.74,0.267,0
44,18,car,867.93,58.15,970.25,121.71,0.8266,,,,,0
44,19,bike,770.27,77.5,801.79,130.53,0.7398,,,,,0
44,20,bike,1029.31,265.91,1159.67,502.3,0.8256,main_carriageway,86.03,52.99,0.524,0
44,23,car,516.1,90.5,562.67,132.2,0.7616,,,,,0
44,24,bike,644.02,82.8,670.84,129.47,0.811,,,,,0
44,25,car,707.48,51.09,789.22,98.88,0.7178,,,,,0
44,27,bus,954.49,42.0,1035.07,109.75,0.6607,,,,,0
44,134,rickshaw,1036.69,197.25,1237.15,405.03,0.918,main_carriageway,52.7,27.52,0.463,0
44,38,car,802.34,58.61,862.21,110.97,0.2528,,,,,0
44,32,car,445.23,89.26,483.41,121.7,0.6768,,,,,0
44,267,bike,133.38,158.23,158.04,205.61,0.5902,,,,,0
44,28,car,86.47,176.03,126.31,211.99,0.3286,,,,,0
44,22,bike,313.35,78.87,331.34,114.3,0.3744,,,,,0
44,254,bike,282.85,87.63,298.61,111.37,0.2723,,,,,0
45,3,car,637.66,140.15,775.03,259.1,0.9113,main_carriageway,18.5,13.07,0.577,0
45,5,bike,782.42,244.12,885.24,435.85,0.9226,main_carriageway,53.55,36.8,0.566,0
45,6,car,321.12,239.88,473.48,388.95,0.9073,main_carriageway,18.84,22.44,0.766,0
45,9,car,527.1,120.43,620.04,197.46,0.9123,main_carriageway,7.19,5.54,0.61,0
45,10,car,315.81,177.86,413.97,259.95,0.9164,main_carriageway,6.55,14.11,0.907,0
45,11,bike,589.71,213.44,659.89,350.16,0.899,main_carriageway,29.62,24.34,0.635,0
45,13,bike,382.79,135.94,411.03,190.11,0.8591,,,,,0
45,14,car,1082.3,60.34,1197.92,151.46,0.8485,,,,,0
45,15,bike,516.58,152.87,560.06,235.4,0.8771,main_carriageway,15.62,6.53,0.386,0
45,16,car,1183.71,61.61,1279.98,160.01,0.8342,,,,,0
45,17,bike,1051.93,121.14,1118.53,211.98,0.8496,main_carriageway,41.38,13.47,0.309,0
45,18,car,867.86,58.09,970.31,121.74,0.8258,,,,,0
45,19,bike,773.17,76.41,805.56,130.96,0.7641,,,,,0
45,20,bike,1063.78,279.94,1205.2,532.47,0.9041,main_carriageway,103.86,69.06,0.554,0
45,23,car,518.58,89.77,566.29,132.45,0.7915,,,,,0
45,24,bike,648.6,83.81,675.01,130.0,0.8269,,,,,0
45,25,car,707.45,51.06,789.23,98.84,0.7099,,,,,0
45,27,bus,954.4,41.97,1034.84,109.84,0.6271,,,,,0
45,134,rickshaw,1055.67,201.15,1267.62,421.7,0.8776,main_carriageway,64.11,39.65,0.526,0
45,38,car,802.32,58.45,862.62,111.21,0.2196,,,,,0
45,32,car,446.14,90.13,484.3,122.43,0.7018,,,,,0
45,267,bike,133.49,157.34,158.71,205.58,0.4374,,,,,0
45,22,bike,313.24,79.17,331.26,114.57,0.4016,,,,,0
45,254,bike,282.86,88.48,298.48,111.98,0.3017,,,,,0
45,330,car,1026.35,73.16,1103.25,144.81,0.4258,,,,,0
46,3,car,639.62,140.6,778.66,260.86,0.9114,main_carriageway,19.75,13.71,0.57,0
46,5,bike,789.42,246.51,894.25,441.77,0.9224,main_carriageway,57.64,39.98,0.57,0
46,6,car,322.02,241.56,477.36,393.78,0.9075,main_carriageway,19.74,25.69,0.793,0
46,9,car,528.28,120.35,621.86,198.33,0.9121,main_carriageway,8.09,5.88,0.588,0
46,10,car,316.49,178.64,415.47,262.1,0.9137,main_carriageway,7.14,15.35,0.907,0
46,11,bike,593.82,215.29,665.15,353.98,0.8982,main_carriageway,31.68,26.39,0.64,0
46,13,bike,383.51,135.96,412.11,191.04,0.8581,main_carriageway,5.13,5.11,0.706,0
46,14,car,1082.75,60.31,1198.09,151.54,0.8476,,,,,0
46,15,bike,518.89,153.7,562.45,236.24,0.8772,main_carriageway,16.89,6.91,0.379,0
46,16,car,1183.67,61.55,1279.97,160.02,0.834,,,,,0
46,17,bike,1057.19,121.41,1125.07,214.25,0.8507,main_carriageway,43.7,14.88,0.322,0
46,18,car,867.85,58.06,970.34,121.76,0.8262,,,,,0
46,19,bike,774.23,75.99,806.93,131.12,0.7648,,,,,0
46,20,bike,1076.32,285.11,1223.4,544.07,0.9054,main_carriageway,111.0,75.45,0.562,0
46,23,car,519.48,89.49,567.63,132.54,0.7915,,,,,0
46,24,bike,650.33,84.21,676.49,130.16,0.8276,,,,,0
46,25,car,707.43,51.05,789.25,98.82,0.7107,,,,,0
46,27,bus,954.44,41.96,1034.67,109.87,0.6277,,,,,0
46,134,rickshaw,1062.84,202.54,1278.97,428.29,0.8817,main_carriageway,68.68,44.5,0.544,0
46,38,car,802.32,58.39,862.77,111.3,0.2195,,,,,0
46,32,car,446.44,90.45,484.68,122.71,0.7008,,,,,0
46,267,bike,133.52,157.06,159.02,205.57,0.4401,,,,,0
46,22,bike,313.18,79.16,331.26,114.59,0.407,,,,,0
46,254,bike,282.85,88.77,298.44,112.19,0.3027,,,,,0
46,330,car,1026.09,73.06,1103.98,145.66,0.4378,,,,,0
46,28,car,88.36,173.99,129.5,211.03,0.2411,,,,,0
47,3,car,640.23,140.75,779.96,261.46,0.9114,main_carriageway,17.45,12.0,0.567,0
47,5,bike,791.87,247.4,897.48,443.87,0.9225,main_carriageway,49.51,34.82,0.575,0
47,6,car,322.38,242.16,478.69,395.54,0.9076,main_carriageway,15.88,22.8,0.821,0
47,9,car,528.83,120.31,622.36,198.63,0.9121,main_carriageway,7.41,5.19,0.574,0
47,10,car,316.96,178.91,415.78,262.86,0.9137,main_carriageway,6.23,11.97,0.887,0
47,11,bike,595.22,215.95,667.03,355.33,0.8986,main_carriageway,27.64,22.53,0.632,0
47,13,bike,383.79,135.95,412.46,191.37,0.8581,,,,,0
47,14,car,1083.01,60.29,1198.03,151.56,0.8469,,,,,0
47,15,bike,519.64,154.0,563.27,236.52,0.8772,main_carriageway,14.81,5.76,0.362,0
47,16,car,1183.65,61.49,1279.97,160.02,0.833,,,,,0
47,17,bike,1059.04,121.47,1127.29,215.06,0.8507,main_carriageway,37.62,13.19,0.331,0
47,18,car,867.85,58.05,970.34,121.76,0.8262,,,,,0
47,19,bike,774.58,75.84,807.39,131.18,0.7649,,,,,0
47,20,bike,1080.14,287.02,1230.36,548.28,0.9051,main_carriageway,96.3,68.54,0.58,0
47,23,car,519.77,89.38,568.1,132.56,0.7914,,,,,0
47,24,bike,650.95,84.37,676.95,130.23,0.8279,,,,,0
47,25,car,707.4,51.05,789.27,98.82,0.7108,,,,,0
47,27,bus,954.52,41.96,1034.54,109.88,0.6278,,,,,0
47,134,rickshaw,1065.54,203.03,1280.0,430.72,0.881,main_carriageway,58.3,37.57,0.542,0
47,38,car,802.33,58.37,862.83,111.33,0.2193,,,,,0
47,32,car,446.51,90.56,484.84,122.81,0.7007,,,,,0
47,267,bike,133.45,156.96,159.13,205.59,0.4324,,,,,0
47,22,bike,313.15,79.15,331.27,114.59,0.407,,,,,0
47,254,bike,282.85,88.86,298.44,112.25,0.3027,,,,,0
47,330,car,1026.03,73.02,1104.22,145.97,0.4376,,,,,0
47,28,car,88.56,173.46,130.22,210.91,0.2384,,,,,0
48,3,car,644.27,142.15,784.45,263.08,0.9176,main_carriageway,17.27,10.08,0.504,0
48,5,bike,804.38,251.38,911.61,449.61,0.9103,main_carriageway,50.22,32.41,0.542,0
48,6,car,323.34,243.73,484.82,402.81,0.914,main_carriageway,14.95,27.52,0.879,0
48,9,car,530.6,120.81,623.42,198.67,0.9187,main_carriageway,7.74,3.96,0.455,0
48,10,car,316.88,179.88,417.93,266.64,0.9376,main_carriageway,5.89,13.37,0.915,0
48,11,bike,601.43,218.02,674.7,360.25,0.9179,main_carriageway,28.15,22.24,0.62,0
48,13,bike,384.61,136.2,413.62,192.43,0.8726,main_carriageway,4.92,4.8,0.698,0
48,14,car,1080.21,60.26,1195.68,151.5,0.8424,,,,,0
48,15,bike,521.71,151.14,567.49,237.71,0.8927,main_carriageway,14.07,5.26,0.35,0
48,16,car,1183.64,61.45,1279.95,159.99,0.8363,,,,,0
48,17,bike,1064.95,120.07,1137.19,219.64,0.9224,main_carriageway,35.4,14.83,0.386,0
48,18,car,867.94,58.04,970.43,121.75,0.8276,,,,,0
48,19,bike,776.09,76.57,808.32,130.9,0.8587,,,,,0
48,20,bike,1101.53,294.22,1257.13,564.29,0.9046,main_carriageway,94.53,68.16,0.585,0
48,23,car,520.71,89.81,569.4,133.29,0.8119,,,,,0
48,24,bike,653.56,85.16,679.67,131.31,0.8534,,,,,0
48,25,car,707.38,51.11,789.18,98.82,0.6778,,,,,0
48,27,bus,954.52,41.94,1034.42,109.88,0.5558,,,,,0
48,134,rickshaw,1073.8,204.1,1280.0,429.03,0.8367,main_carriageway,46.06,26.84,0.503,0
48,32,car,447.29,90.91,485.46,122.87,0.6475,,,,,0
48,267,bike,135.03,156.63,160.31,204.06,0.3737,,,,,0
48,22,bike,312.99,78.98,331.21,114.57,0.3808,,,,,0
48,254,bike,282.74,88.75,298.51,112.39,0.2886,,,,,0
48,330,car,1027.28,73.41,1103.91,144.81,0.4081,,,,,0
48,350,bike,504.74,81.93,524.94,108.03,0.3903,,,,,0
49,3,car,648.86,144.0,790.15,265.42,0.9001,main_carriageway,20.82,11.14,0.472,0
49,5,bike,818.14,255.72,929.27,460.13,0.9219,main_carriageway,61.23,39.91,0.546,0
49,6,car,325.86,246.9,491.24,410.25,0.9326,main_carriageway,17.8,34.16,0.887,0
49,9,car,531.8,121.79,625.49,200.68,0.8952,main_carriageway,9.0,5.52,0.523,0
49,10,car,317.36,181.27,421.67,271.62,0.9087,main_carriageway,7.5,17.48,0.919,0
49,11,bike,611.1,223.33,685.11,366.73,0.9203,main_carriageway,35.85,26.8,0.599,0
49,13,bike,385.65,136.81,414.75,193.25,0.8703,main_carriageway,5.75,5.65,0.701,0
49,14,car,1077.66,60.17,1194.23,151.73,0.7937,,,,,0
49,15,bike,524.25,151.14,570.96,239.63,0.8982,main_carriageway,15.66,6.57,0.387,0
49,16,car,1183.73,61.35,1279.99,159.88,0.8292,,,,,0
49,17,bike,1073.77,121.8,1150.61,228.45,0.8788,main_carriageway,42.9,22.56,0.465,0
49,18,car,868.0,58.02,970.48,121.72,0.8339,,,,,0
49,19,bike,777.41,76.76,809.86,131.33,0.858,,,,,0
49,20,bike,1125.76,303.46,1280.0,575.95,0.8712,main_carriageway,108.39,73.65,0.562,0
49,23,car,521.79,89.5,571.07,133.63,0.804,,,,,0
49,24,bike,655.99,85.25,682.68,132.46,0.8296,,,,,0
49,25,car,707.27,51.13,789.16,98.9,0.6837,,,,,0
49,27,bus,953.59,41.75,1034.12,110.23,0.5626,,,,,0
49,134,rickshaw,1087.25,206.56,1280.0,420.39,0.8461,main_carriageway,46.7,15.36,0.312,0
49,32,car,447.99,91.23,486.19,122.99,0.5746,,,,,0
49,267,bike,136.0,156.49,161.06,203.28,0.2304,,,,,0
49,22,bike,313.18,79.57,331.53,115.38,0.4802,,,,,0
49,254,bike,282.4,88.95,298.49,113.09,0.2966,,,,,0
49,330,car,1032.59,74.22,1107.4,143.34,0.2643,,,,,0
49,350,bike,504.79,81.52,525.94,108.88,0.3048,,,,,0
50,3,car,650.38,144.64,792.34,266.23,0.9004,main_carriageway,15.01,7.13,0.429,0
50,5,bike,823.09,257.35,935.97,464.04,0.9217,main_carriageway,45.7,28.19,0.525,0
50,6,car,326.84,248.09,493.55,413.17,0.9329,main_carriageway,12.89,24.22,0.883,0
50,9,car,532.38,122.15,626.14,201.41,0.8938,main_carriageway,5.69,3.95,0.57,0
50,10,car,317.77,181.78,422.94,273.65,0.907,main_carriageway,5.47,13.7,0.929,0
50,11,bike,614.66,225.31,688.99,369.12,0.9203,main_carriageway,27.03,18.96,0.574,0
50,13,bike,386.01,137.03,415.15,193.54,0.8711,,,,,0
50,14,car,1076.49,60.16,1193.82,151.81,0.792,,,,,0
50,15,bike,525.16,151.06,572.2,240.34,0.8984,main_carriageway,10.36,4.94,0.43,0
50,16,car,1183.77,61.32,1279.99,159.85,0.8286,,,,,0
50,17,bike,1077.25,122.51,1155.57,231.89,0.8791,main_carriageway,31.18,19.91,0.538,0
50,18,car,868.01,58.01,970.51,121.71,0.8341,,,,,0
50,19,bike,777.86,76.85,810.45,131.48,0.8582,,,,,0
50,20,bike,1135.1,306.88,1280.0,580.19,0.8728,main_carriageway,73.06,47.72,0.547,0
50,23,car,522.12,89.32,571.65,133.79,0.8033,,,,,0
50,24,bike,656.87,85.28,683.76,132.86,0.8289,,,,,0
50,25,car,707.23,51.13,789.15,98.94,0.6843,,,,,0
50,27,bus,953.24,41.67,1034.0,110.37,0.5593,,,,,0
50,134,rickshaw,1092.2,207.44,1280.0,416.91,0.8502,main_carriageway,24.45,-4.79,-0.192,0
50,32,car,448.18,91.32,486.53,123.01,0.5768,,,,,0
50,267,bike,136.29,156.45,161.33,203.01,0.232,,,,,0
50,22,bike,313.27,79.77,331.67,115.66,0.484,,,,,0
50,254,bike,282.26,89.0,298.48,113.36,0.2957,,,,,0
50,330,car,1034.19,74.48,1108.89,142.84,0.2729,,,,,0
50,350,bike,504.81,81.38,526.25,109.2,0.2949,,,,,0
51,3,car,652.92,145.22,797.73,269.02,0.9032,main_carriageway,16.19,8.16,0.45,0
51,5,bike,835.55,262.58,951.64,474.53,0.9059,main_carriageway,51.76,32.76,0.535,0
51,6,car,329.61,251.3,498.23,418.44,0.9378,main_carriageway,14.23,24.66,0.866,0
51,9,car,533.37,122.11,628.29,202.7,0.9015,main_carriageway,5.76,4.37,0.604,0
51,10,car,318.71,183.41,425.82,277.93,0.9127,main_carriageway,6.28,15.83,0.929,0
51,11,bike,620.85,226.6,698.13,375.62,0.9092,main_carriageway,30.0,21.64,0.585,0
51,13,bike,387.63,138.28,416.32,193.57,0.8777,,,,,0
51,14,car,1076.29,60.16,1194.16,151.72,0.7023,,,,,0
51,15,bike,529.25,154.31,575.15,241.51,0.8523,main_carriageway,11.53,5.27,0.416,0
51,16,car,1183.7,61.16,1280.0,159.93,0.8224,,,,,0
51,17,bike,1085.53,123.14,1166.55,237.37,0.9081,main_carriageway,34.91,23.12,0.552,0
51,18,car,868.0,57.99,970.54,121.71,0.839,,,,,0
51,19,bike,779.29,76.18,812.63,131.76,0.8421,,,,,0
51,20,bike,1153.6,319.52,1280.0,590.98,0.8544,main_carriageway,66.94,46.91,0.574,0
51,23,car,524.1,89.7,573.41,133.9,0.8355,,,,,0
51,24,bike,659.41,86.19,686.01,133.47,0.8423,,,,,0
51,25,car,707.09,50.75,790.34,99.43,0.6701,,,,,0
51,27,bus,953.21,41.64,1034.04,110.4,0.5262,,,,,0
51,134,rickshaw,1100.7,211.05,1280.0,419.07,0.7269,main_carriageway,19.44,-9.22,-0.428,0
51,32,car,448.71,91.82,486.96,123.24,0.5575,,,,,0
51,22,bike,313.32,80.29,331.75,116.17,0.4586,,,,,0
51,254,bike,281.82,88.99,298.53,114.19,0.2656,,,,,0
51,350,bike,505.21,81.14,527.39,110.04,0.3518,,,,,0
52,3,car,657.09,145.96,803.62,270.96,0.9115,main_carriageway,20.26,9.5,0.425,0
52,5,bike,851.89,267.4,972.31,485.64,0.9247,main_carriageway,67.42,41.77,0.527,0
52,6,car,332.7,253.54,505.31,424.92,0.9382,main_carriageway,18.47,29.38,0.847,0
52,9,car,534.87,122.63,630.0,203.44,0.9232,main_carriageway,6.84,4.81,0.575,0
52,10,car,320.87,186.31,427.81,281.21,0.9269,main_carriageway,7.97,18.35,0.917,0
52,11,bike,629.32,230.48,708.82,383.31,0.9141,main_carriageway,37.95,27.98,0.593,0
52,13,bike,389.05,139.05,418.15,194.67,0.8758,main_carriageway,5.48,3.3,0.516,0
52,14,car,1074.65,59.92,1191.5,149.63,0.76,,,,,0
52,15,bike,534.71,156.99,580.28,243.34,0.8388,main_carriageway,16.04,6.82,0.391,0
52,16,car,1183.75,61.32,1280.0,159.99,0.8474,,,,,0
52,17,bike,1096.32,122.37,1179.31,240.59,0.8983,main_carriageway,44.65,25.53,0.496,0
52,18,car,868.16,58.06,970.57,121.67,0.8403,,,,,0
52,19,bike,781.18,77.54,814.06,131.88,0.8048,,,,,0
52,20,bike,1181.22,353.43,1280.0,601.12,0.6789,main_carriageway,75.36,52.84,0.574,0
52,23,car,526.05,90.15,574.62,133.42,0.8744,,,,,0
52,24,bike,661.96,85.85,688.81,133.64,0.8112,,,,,0
52,25,car,708.07,51.45,789.78,99.08,0.6612,,,,,0
52,27,bus,953.21,41.63,1034.05,110.4,0.5098,,,,,0
52,134,rickshaw,1106.84,213.12,1280.0,431.5,0.8558,main_carriageway,20.65,0.78,0.038,0
52,32,car,449.6,92.49,487.66,123.64,0.57,,,,,0
52,22,bike,313.64,80.76,332.08,116.46,0.5419,,,,,0
52,254,bike,281.59,89.28,298.43,114.76,0.2712,,,,,0
52,350,bike,505.71,80.89,528.7,111.09,0.366,,,,,0
53,3,car,658.66,146.26,805.73,271.48,0.91,main_carriageway,17.83,8.4,0.426,0
53,5,bike,857.71,269.22,980.24,489.85,0.925,main_carriageway,60.98,40.24,0.551,0
53,6,car,333.86,254.4,507.78,427.35,0.9379,main_carriageway,16.74,24.54,0.826,0
53,9,car,535.59,122.97,630.49,203.6,0.9208,main_carriageway,6.03,4.93,0.633,0
53,10,car,321.86,187.41,428.3,282.35,0.9273,main_carriageway,7.68,15.71,0.899,0
53,11,bike,632.39,231.85,712.85,386.13,0.9146,main_carriageway,34.55,25.88,0.599,0
53,13,bike,389.46,139.3,418.86,195.09,0.8753,,,,,0
53,14,car,1073.9,59.83,1190.97,148.8,0.7599,,,,,0
53,15,bike,536.19,158.76,581.26,244.0,0.8585,main_carriageway,14.12,6.29,0.407,0
53,16,car,1183.89,61.54,1279.93,159.99,0.8481,,,,,0
53,17,bike,1100.71,122.11,1183.93,241.78,0.9021,main_carriageway,41.25,22.14,0.473,0
53,18,car,868.14,58.07,970.55,121.65,0.8386,,,,,0
53,19,bike,781.81,78.1,814.6,131.91,0.8038,,,,,0
53,20,bike,1191.78,363.8,1280.0,604.39,0.6727,main_carriageway,56.56,40.1,0.578,0
53,23,car,526.65,90.38,574.99,133.19,0.8676,,,,,0
53,24,bike,662.86,85.67,689.79,133.68,0.8126,,,,,0
53,25,car,707.45,50.61,791.13,99.51,0.6706,,,,,0
53,27,bus,953.37,41.64,1034.16,110.35,0.5154,,,,,0
53,134,rickshaw,1110.62,213.98,1280.0,435.87,0.7628,main_carriageway,18.41,6.84,0.348,0
53,32,car,449.89,92.76,487.95,123.79,0.5648,,,,,0
53,22,bike,313.75,81.02,332.2,116.55,0.5479,,,,,0
53,254,bike,281.48,89.33,298.36,114.94,0.2791,,,,,0
53,350,bike,505.78,80.8,528.86,111.43,0.3593,,,,,0
54,3,car,659.01,146.34,806.47,271.68,0.9097,main_carriageway,13.24,6.26,0.428,0
54,5,bike,859.12,270.2,982.61,491.02,0.9256,main_carriageway,47.16,30.89,0.548,0
54,6,car,334.26,254.69,508.54,428.28,0.9384,main_carriageway,12.85,18.03,0.814,0
54,9,car,535.82,123.11,630.6,203.62,0.9203,,,,,0
54,10,car,322.34,187.79,428.28,282.7,0.9272,main_carriageway,5.79,11.08,0.886,0
54,11,bike,633.32,232.33,714.22,387.06,0.9142,main_carriageway,25.66,20.33,0.621,0
54,13,bike,389.51,139.35,419.15,195.23,0.8756,,,,,0
54,14,car,1073.2,60.63,1189.96,148.57,0.7475,,,,,0
54,15,bike,536.57,159.34,581.52,244.19,0.8602,main_carriageway,11.44,4.56,0.37,0
54,16,car,1183.89,61.55,1279.91,160.0,0.8477,,,,,0
54,17,bike,1102.43,122.02,1185.23,242.08,0.9038,main_carriageway,31.64,13.63,0.396,0
54,18,car,867.96,58.02,970.47,121.69,0.8378,,,,,0
54,19,bike,781.92,78.28,814.84,131.91,0.8055,,,,,0
54,20,bike,1193.39,350.05,1280.0,605.3,0.673,main_carriageway,33.82,29.35,0.655,0
54,23,car,526.8,90.44,575.18,133.07,0.8691,,,,,0
54,24,bike,663.12,85.63,690.05,133.72,0.8141,,,,,0
54,25,car,707.35,50.36,791.55,99.66,0.662,,,,,0
54,27,bus,953.32,41.65,1034.12,110.4,0.5165,,,,,0
54,134,rickshaw,1113.14,214.34,1280.0,437.35,0.7772,main_carriageway,12.95,16.96,0.795,0
54,32,car,449.88,92.84,488.04,123.89,0.5385,,,,,0
54,22,bike,313.72,81.03,332.24,116.49,0.5524,,,,,0
54,254,bike,281.46,89.31,298.32,114.97,0.2992,,,,,0
54,350,bike,505.88,80.89,528.71,111.51,0.3523,,,,,0
55,3,car,667.77,148.7,815.87,273.8,0.8961,main_carriageway,20.46,7.57,0.347,0
55,5,bike,884.7,278.7,1014.48,508.93,0.9376,main_carriageway,70.06,44.89,0.539,0
55,6,car,340.28,261.53,521.03,441.54,0.9242,main_carriageway,20.46,28.37,0.811,0
55,9,car,538.99,124.62,633.58,204.84,0.8944,main_carriageway,7.03,3.43,0.439,0
55,10,car,324.76,190.46,433.17,288.0,0.9021,main_carriageway,8.61,14.35,0.857,0
55,11,bike,648.8,237.95,732.92,398.83,0.909,main_carriageway,39.03,29.71,0.606,0
55,13,bike,391.81,141.56,421.43,197.24,0.9311,main_carriageway,6.04,3.7,0.522,0
55,14,car,1072.65,60.01,1191.09,148.48,0.8121,,,,,0
55,15,bike,541.49,157.85,588.74,247.04,0.8483,main_carriageway,16.43,6.7,0.378,0
55,16,car,1184.44,62.07,1279.92,159.97,0.8563,,,,,0
55,17,bike,1119.72,125.79,1202.64,246.31,0.8786,main_carriageway,44.77,14.42,0.307,0
55,18,car,867.89,58.17,970.05,121.62,0.8349,,,,,0
55,19,bike,785.46,77.74,819.31,132.04,0.831,,,,,0
55,23,car,528.73,90.53,578.21,134.38,0.8686,,,,,0
55,24,bike,667.43,85.7,694.98,135.11,0.8823,,,,,0
55,25,car,708.13,51.32,790.14,99.22,0.6482,,,,,0
55,27,bus,953.22,41.68,1033.97,110.38,0.5906,,,,,0
55,134,car,1125.93,222.0,1280.0,452.62,0.5443,main_carriageway,16.87,35.71,0.904,0
55,32,car,451.18,92.95,489.98,124.35,0.6246,,,,,0
55,22,bike,313.72,81.44,332.4,117.09,0.5923,,,,,0
55,254,bike,281.1,89.38,298.26,115.66,0.3186,,,,,0
55,350,bike,505.2,79.35,529.19,112.07,0.4254,,,,,0
56,3,car,670.66,149.56,819.59,274.66,0.8954,main_carriageway,19.8,5.64,0.274,0
56,5,bike,893.93,281.85,1026.66,515.65,0.9374,main_carriageway,66.7,41.12,0.525,0
56,6,car,342.36,264.24,525.17,446.35,0.9236,main_carriageway,19.84,27.91,0.815,0
56,9,car,540.38,124.91,634.64,204.83,0.8951,main_carriageway,6.68,2.13,0.304,0
56,10,car,325.75,191.42,434.85,289.96,0.9021,main_carriageway,8.04,12.03,0.832,0
56,11,bike,654.57,240.04,739.88,403.19,0.9091,main_carriageway,37.74,27.57,0.59,0
56,13,bike,392.63,142.38,422.28,197.99,0.9314,main_carriageway,5.48,4.42,0.628,0
56,14,car,1072.16,59.8,1191.72,148.46,0.8119,,,,,0
56,15,bike,543.24,157.31,591.35,248.08,0.8482,main_carriageway,15.1,6.57,0.399,0
56,16,car,1184.73,62.35,1279.9,159.95,0.8568,,,,,0
56,17,bike,1126.25,127.37,1209.02,247.91,0.881,main_carriageway,41.6,10.54,0.246,0
56,18,car,867.86,58.24,969.88,121.58,0.834,,,,,0
56,19,bike,786.6,77.55,821.09,132.14,0.836,,,,,0
56,23,car,529.49,90.54,579.22,134.85,0.8686,,,,,0
56,24,bike,669.04,85.7,696.77,135.62,0.8819,,,,,0
56,25,car,708.37,51.71,789.6,99.04,0.6477,,,,,0
56,27,bus,953.15,41.69,1033.88,110.38,0.5973,,,,,0
56,134,car,1133.33,225.6,1280.0,458.67,0.5419,main_carriageway,16.32,39.6,0.925,0
56,32,car,451.58,92.94,490.78,124.52,0.6185,,,,,0
56,22,bike,313.69,81.66,332.44,117.3,0.5877,,,,,0
56,254,bike,280.97,89.34,298.22,115.91,0.3184,,,,,0
56,350,bike,505.09,78.82,529.18,112.25,0.4255,,,,,0
56,415,rickshaw,1167.96,227.77,1279.09,458.07,0.5367,,,,,0
56,416,bike,583.51,106.01,604.21,128.46,0.5182,,,,,0
57,3,car,673.93,150.73,826.71,278.48,0.897,main_carriageway,19.96,7.52,0.352,0
57,5,bike,911.93,288.94,1049.49,529.81,0.8966,main_carriageway,68.61,44.17,0.541,0
57,6,car,346.19,267.48,533.09,453.73,0.9319,main_carriageway,20.63,28.81,0.813,0
57,9,car,540.71,125.45,635.36,205.3,0.9006,,,,,0
57,10,car,327.47,192.52,438.01,292.69,0.9184,main_carriageway,8.4,11.48,0.807,0
57,11,bike,664.82,246.74,752.31,413.75,0.9231,main_carriageway,39.5,30.44,0.61,0
57,13,bike,393.96,142.81,423.62,198.11,0.9125,main_carriageway,5.19,3.44,0.552,0
57,14,car,1071.11,59.65,1192.99,149.59,0.7863,,,,,0
57,15,bike,547.73,159.0,595.82,249.45,0.841,main_carriageway,14.28,6.11,0.393,0
57,16,car,1184.36,62.51,1279.4,159.83,0.85,,,,,0
57,17,bike,1137.66,131.2,1220.63,252.41,0.9012,main_carriageway,41.33,11.82,0.275,0
57,18,car,867.87,58.25,969.91,121.62,0.8335,,,,,0
57,19,bike,787.3,77.53,822.47,132.32,0.8126,,,,,0
57,23,car,530.82,91.1,581.8,136.58,0.873,,,,,0
57,24,bike,671.84,86.33,699.33,136.07,0.8561,,,,,0
57,25,car,707.4,51.59,788.84,98.89,0.6423,,,,,0
57,27,bus,953.09,41.69,1033.82,110.39,0.6067,,,,,0
57,32,car,452.22,92.64,491.91,124.54,0.5769,,,,,0
57,22,bike,314.23,83.3,332.66,118.19,0.6071,,,,,0
57,254,bike,280.78,89.5,298.16,116.45,0.3229,,,,,0
57,350,bike,505.03,78.17,529.38,112.6,0.4504,,,,,0
57,415,car,1176.34,234.71,1280.0,458.26,0.6264,,,,,0
57,416,bike,585.81,106.99,606.96,129.91,0.4141,,,,,0
58,3,car,674.82,151.14,829.54,280.0,0.8968,main_carriageway,19.99,8.52,0.392,0
58,5,bike,918.38,291.61,1058.17,535.06,0.8963,main_carriageway,69.3,45.21,0.546,0
58,6,car,347.59,268.65,535.95,456.42,0.932,main_carriageway,20.95,29.07,0.811,0
58,9,car,540.67,125.63,635.7,205.44,0.9003,,,,,0
58,10,car,328.2,192.91,439.05,293.66,0.9189,main_carriageway,8.54,11.31,0.798,0
58,11,bike,668.51,249.02,756.99,417.67,0.922,main_carriageway,40.13,31.54,0.618,0
58,13,bike,394.38,142.93,424.13,198.13,0.912,,,,,0
58,14,car,1070.57,59.6,1193.68,150.05,0.7865,,,,,0
58,15,bike,549.32,159.65,597.47,249.96,0.8407,main_carriageway,14.67,5.96,0.376,0
58,16,car,1184.18,62.56,1279.25,159.78,0.85,,,,,0
58,17,bike,1141.86,132.6,1224.75,254.04,0.9011,main_carriageway,40.98,12.26,0.287,0
58,18,car,867.88,58.25,969.91,121.63,0.8336,,,,,0
58,19,bike,787.38,77.54,823.07,132.38,0.813,,,,,0
58,23,car,531.31,91.32,582.7,137.23,0.8731,,,,,0
58,24,bike,672.87,86.56,700.21,136.22,0.8558,,,,,0
58,25,car,706.98,51.55,788.64,98.83,0.6416,,,,,0
58,27,bus,953.08,41.69,1033.8,110.4,0.6066,,,,,0
58,32,car,452.45,92.52,492.33,124.5,0.5808,,,,,0
58,22,bike,314.43,83.9,332.76,118.51,0.6068,,,,,0
58,254,bike,280.73,89.54,298.12,116.65,0.3207,,,,,0
58,350,bike,505.17,77.94,529.29,112.72,0.46,,,,,0
58,415,car,1179.11,236.98,1280.0,459.08,0.6199,,,,,0
58,416,bike,586.56,107.32,607.91,130.41,0.4106,,,,,0
59,3,car,681.93,152.42,842.38,285.48,0.9131,main_carriageway,29.41,13.8,0.425,0
59,5,bike,951.19,302.76,1100.66,561.79,0.9151,main_carriageway,105.06,70.77,0.559,0
59,6,car,352.77,274.89,549.95,471.97,0.9391,main_carriageway,29.96,43.69,0.825,0
59,9,car,542.03,126.81,639.14,207.98,0.8606,main_carriageway,7.38,4.36,0.509,0
59,10,car,330.62,194.99,444.06,298.36,0.9099,main_carriageway,12.03,15.66,0.793,0
59,11,bike,685.85,252.3,779.82,431.53,0.924,main_carriageway,59.07,44.47,0.601,0
59,13,bike,396.61,143.34,427.47,200.37,0.8982,main_carriageway,7.71,5.14,0.555,0
59,14,car,1070.62,59.97,1195.76,151.83,0.7231,,,,,0
59,15,bike,557.72,161.57,606.78,253.45,0.8345,main_carriageway,23.2,9.26,0.371,0
59,16,car,1183.35,62.85,1278.32,159.55,0.789,,,,,0
59,17,bike,1162.5,136.63,1247.51,261.39,0.8982,main_carriageway,61.18,19.31,0.301,0
59,18,car,867.87,58.29,969.9,121.67,0.8315,,,,,0
59,19,bike,791.68,79.59,826.6,132.55,0.6526,,,,,0
59,23,car,533.96,91.06,586.37,137.73,0.8445,,,,,0
59,24,bike,677.23,86.9,704.68,136.98,0.8138,,,,,0
59,25,car,706.63,51.67,788.32,98.87,0.6309,,,,,0
59,27,bus,953.13,41.7,1033.83,110.41,0.6026,,,,,0
59,32,car,453.1,92.64,493.77,125.19,0.711,,,,,0
59,22,bike,314.5,84.53,332.73,118.76,0.5985,,,,,0
59,254,bike,280.6,89.35,298.11,116.82,0.3129,,,,,0
59,350,bike,506.19,78.69,529.52,112.93,0.4098,,,,,0
59,415,car,1197.84,249.36,1280.0,473.65,0.6288,,,,,0
60,3,car,683.6,152.73,848.01,288.74,0.9043,main_carriageway,23.99,14.94,0.529,0
60,5,bike,963.21,307.18,1116.84,572.19,0.9163,main_carriageway,90.44,63.26,0.573,0
60,6,car,354.99,277.25,555.21,477.79,0.9393,main_carriageway,24.45,36.25,0.829,0
60,9,car,541.97,126.69,640.86,209.1,0.8511,main_carriageway,5.13,4.26,0.639,0
60,10,car,331.59,195.92,445.86,300.25,0.9102,main_carriageway,9.76,12.25,0.782,0
60,11,bike,692.41,253.8,788.29,436.74,0.9242,main_carriageway,49.49,37.91,0.608,0
60,13,bike,397.28,143.52,428.68,201.32,0.8976,main_carriageway,6.36,4.08,0.54,0
60,14,car,1070.45,59.77,1196.06,151.66,0.7844,,,,,0
60,15,bike,560.82,162.28,610.23,254.68,0.8385,main_carriageway,20.41,7.64,0.351,0
60,16,car,1182.75,61.97,1278.63,159.4,0.8275,,,,,0
60,17,bike,1170.28,138.19,1255.89,264.01,0.8977,main_carriageway,51.9,17.7,0.323,0
60,18,car,866.91,57.86,970.17,122.04,0.8473,,,,,0
60,19,bike,792.46,79.47,828.01,132.66,0.6666,,,,,0
60,23,car,534.96,90.92,587.83,137.87,0.8579,,,,,0
60,24,bike,678.79,86.92,706.25,137.19,0.8313,,,,,0
60,25,car,706.1,51.57,788.46,99.08,0.6351,,,,,0
60,27,bus,953.18,41.6,1034.17,110.48,0.6878,,,,,0
60,32,car,453.24,92.71,494.34,125.58,0.761,,,,,0
60,22,bike,314.43,84.79,332.65,118.86,0.5656,,,,,0
60,254,bike,280.45,88.72,298.24,116.86,0.2878,,,,,0
60,350,bike,506.83,79.22,529.45,112.98,0.4204,,,,,0
60,415,car,1204.36,252.26,1280.0,478.19,0.6494,,,,,0
60,449,bike,598.04,107.24,618.48,137.29,0.5855,,,,,0
61,3,car,688.06,153.95,856.6,293.04,0.9208,main_carriageway,27.2,18.38,0.56,0
61,5,bike,986.63,317.3,1143.47,585.16,0.9419,main_carriageway,104.75,69.51,0.553,0
61,6,car,358.12,280.83,565.37,488.96,0.9278,main_carriageway,27.98,42.61,0.836,0
61,9,car,541.47,126.43,645.02,213.07,0.9075,main_carriageway,5.74,8.24,0.821,0
61,10,car,333.03,197.59,449.13,303.9,0.9207,main_carriageway,10.78,13.94,0.791,0
61,11,bike,704.05,260.73,801.75,446.56,0.8989,main_carriageway,55.67,43.37,0.615,0
61,13,bike,398.41,143.71,430.44,202.66,0.8751,main_carriageway,6.97,4.67,0.557,0
61,14,car,1070.36,59.65,1195.53,150.89,0.8022,,,,,0
61,15,bike,567.03,167.39,614.92,256.54,0.8814,main_carriageway,23.68,8.46,0.336,0
61,16,car,1182.85,61.31,1279.43,159.48,0.8397,,,,,0
61,17,bike,1180.16,137.47,1269.0,268.96,0.901,main_carriageway,56.94,21.05,0.347,0
61,18,car,866.52,57.66,970.3,122.18,0.8472,,,,,0
61,19,bike,793.85,79.14,830.42,132.64,0.7286,,,,,0
61,23,car,535.99,91.41,589.11,138.35,0.8666,,,,,0
61,24,bike,681.56,86.8,709.6,138.28,0.8582,,,,,0
61,25,car,706.22,51.5,788.57,98.88,0.66,,,,,0
61,27,bus,953.22,41.56,1034.38,110.51,0.6581,,,,,0
61,32,car,453.67,93.03,495.16,126.23,0.7795,,,,,0
61,22,bike,314.5,84.6,332.98,119.03,0.6128,,,,,0
61,254,bike,280.07,87.98,298.68,117.89,0.263,,,,,0
61,350,bike,507.42,80.16,529.19,113.19,0.4305,,,,,0
61,449,bike,600.59,108.58,619.34,136.05,0.5703,,,,,0
62,3,car,689.48,154.43,859.89,294.79,0.9204,main_carriageway,24.37,16.31,0.556,0
62,5,bike,995.0,321.12,1153.81,589.87,0.9421,main_carriageway,93.69,60.06,0.54,0
62,6,car,359.42,282.14,569.0,493.1,0.9277,main_carriageway,24.57,39.37,0.848,0
62,9,car,541.36,126.28,646.48,214.56,0.9079,main_carriageway,5.88,9.26,0.844,0
62,10,car,333.63,198.19,450.23,305.25,0.9212,main_carriageway,9.19,12.56,0.807,0
62,11,bike,708.25,263.32,806.79,450.2,0.8992,main_carriageway,48.95,36.45,0.597,0
62,13,bike,398.8,143.77,431.08,203.14,0.8752,main_carriageway,6.15,5.03,0.633,0
62,14,car,1070.24,59.61,1195.48,150.59,0.8016,,,,,0
62,15,bike,569.21,169.34,616.61,257.15,0.8821,main_carriageway,21.13,7.7,0.342,0
62,16,car,1182.9,61.06,1279.73,159.52,0.8397,,,,,0
62,17,bike,1183.93,137.16,1273.63,270.8,0.9015,main_carriageway,49.64,18.39,0.347,0
62,18,car,866.37,57.59,970.35,122.23,0.8473,,,,,0
62,19,bike,794.38,79.06,831.67,132.63,0.7306,,,,,0
62,23,car,536.26,91.6,589.62,138.53,0.8659,,,,,0
62,24,bike,682.56,86.73,710.78,138.69,0.8592,,,,,0
62,25,car,706.2,51.46,788.67,98.79,0.6615,,,,,0
62,27,bus,953.21,41.54,1034.49,110.53,0.657,,,,,0
62,32,car,453.83,93.13,495.44,126.46,0.7786,,,,,0
62,22,bike,314.5,84.5,333.12,119.08,0.613,,,,,0
62,254,bike,280.01,87.69,298.76,118.27,0.2627,,,,,0
62,350,bike,507.73,80.53,528.98,113.25,0.4316,,,,,0
62,449,bike,601.41,109.02,619.64,135.62,0.5683,,,,,0
62,465,bike,117.5,180.3,140.14,225.61,0.3221,,,,,0
63,3,car,698.21,158.66,873.97,303.18,0.9345,main_carriageway,33.91,23.18,0.564,0
63,5,bike,1037.51,334.97,1202.51,609.9,0.9329,main_carriageway,131.73,74.84,0.494,0
63,6,car,367.48,291.39,584.41,509.98,0.9458,main_carriageway,34.18,53.56,0.843,0
63,9,car,542.24,127.12,650.48,218.4,0.8642,main_carriageway,8.18,12.96,0.846,0
63,10,car,337.73,201.73,456.85,311.1,0.9111,main_carriageway,13.67,17.44,0.787,0
63,11,bike,731.35,270.51,837.0,470.72,0.9026,main_carriageway,71.42,53.05,0.596,0
63,13,bike,401.11,145.27,433.68,205.18,0.9098,main_carriageway,8.14,7.05,0.655,0
63,14,car,1070.04,59.77,1194.93,150.26,0.7903,,,,,0
63,15,bike,576.37,168.29,626.24,260.88,0.8783,main_carriageway,27.91,10.92,0.364,0
63,16,car,1183.45,61.68,1279.68,159.45,0.8064,,,,,0
63,17,bike,1201.26,142.4,1280.0,274.76,0.861,main_carriageway,57.33,20.72,0.34,0
63,18,car,866.45,57.6,970.31,122.17,0.8455,,,,,0
63,19,bike,799.18,78.63,837.33,132.82,0.8148,,,,,0
63,23,car,538.23,92.07,592.8,139.74,0.8935,,,,,0
63,24,bike,688.46,89.27,716.11,140.04,0.7986,,,,,0
63,25,car,708.03,51.77,789.42,98.41,0.6866,,,,,0
63,27,bus,953.09,41.54,1034.43,110.52,0.6662,,,,,0
63,32,car,454.56,92.87,496.79,126.8,0.7682,,,,,0
63,22,bike,314.48,83.87,333.77,119.69,0.6788,,,,,0
63,254,bike,280.19,87.86,298.98,119.0,0.2998,,,,,0
63,350,bike,509.56,82.63,529.68,114.1,0.5082,,,,,0
63,449,bike,608.18,109.53,629.11,139.83,0.7594,,,,,0
64,3,car,701.36,160.27,879.37,306.43,0.9348,main_carriageway,28.21,20.95,0.596,0
64,5,bike,1052.81,340.16,1221.61,617.53,0.9317,main_carriageway,111.28,55.74,0.448,0
64,6,car,370.55,294.89,590.12,516.39,0.9464,main_carriageway,28.98,44.42,0.838,0
64,9,car,542.69,127.46,651.84,219.82,0.8637,main_carriageway,6.68,11.84,0.871,0
64,10,car,339.21,203.04,459.27,313.26,0.9117,main_carriageway,11.9,14.9,0.781,0
64,11,bike,740.04,273.37,848.32,478.39,0.9023,main_carriageway,61.35,46.86,0.607,0
64,13,bike,401.95,145.78,434.67,205.98,0.9096,main_carriageway,6.27,5.61,0.667,0
64,14,car,1070.14,59.9,1194.78,150.03,0.7816,,,,,0
64,15,bike,579.12,168.78,629.33,262.07,0.8768,main_carriageway,21.98,8.62,0.365,0
64,16,car,1183.65,61.92,1279.62,159.34,0.821,,,,,0
64,17,bike,1208.3,144.33,1280.0,276.17,0.8626,main_carriageway,39.14,14.78,0.353,0
64,18,car,866.46,57.56,970.35,122.15,0.8511,,,,,0
64,19,bike,800.91,78.65,839.48,132.88,0.8164,,,,,0
64,23,car,538.79,92.21,594.04,140.2,0.8946,,,,,0
64,24,bike,690.35,89.76,718.31,140.91,0.7976,,,,,0
64,25,car,708.73,51.92,789.77,98.3,0.6805,,,,,0
64,27,bus,952.9,41.59,1034.34,110.56,0.6604,,,,,0
64,32,car,454.84,92.56,497.4,126.91,0.7836,,,,,0
64,22,bike,314.41,83.53,334.01,119.91,0.687,,,,,0
64,254,bike,280.32,87.8,299.03,119.29,0.291,,,,,0
64,350,bike,510.25,83.11,529.96,114.41,0.5151,,,,,0
64,449,bike,610.12,109.73,632.17,141.35,0.759,,,,,0
65,3,car,702.38,160.85,881.3,307.56,0.9345,main_carriageway,26.03,18.82,0.586,0
65,5,bike,1057.56,341.96,1228.94,620.12,0.9318,main_carriageway,103.22,47.93,0.421,0
65,6,car,371.71,296.15,592.05,518.62,0.9463,main_carriageway,26.78,40.83,0.836,0
65,9,car,542.94,127.56,652.18,220.31,0.8627,main_carriageway,6.14,11.21,0.877,0
65,10,car,339.74,203.49,460.11,313.99,0.9117,main_carriageway,11.2,13.74,0.775,0
65,11,bike,743.11,274.39,852.39,481.15,0.9027,main_carriageway,57.4,44.41,0.612,0
65,13,bike,402.24,145.95,435.0,206.25,0.9095,main_carriageway,5.64,4.93,0.658,0
65,14,car,1070.14,59.97,1194.79,149.94,0.7809,,,,,0
65,15,bike,579.9,168.08,630.69,262.62,0.8769,main_carriageway,19.77,7.94,0.373,0
65,16,car,1183.72,62.04,1279.62,159.3,0.8209,,,,,0
65,17,bike,1211.24,145.02,1280.0,276.59,0.8629,main_carriageway,32.53,12.58,0.361,0
65,18,car,866.5,57.55,970.36,122.13,0.8491,,,,,0
65,19,bike,801.38,78.65,840.33,132.9,0.8148,,,,,0
65,23,car,538.89,92.26,594.55,140.34,0.8938,,,,,0
65,24,bike,690.95,89.93,719.08,141.21,0.7976,,,,,0
65,25,car,709.1,52.05,789.95,98.24,0.6803,,,,,0
65,27,bus,952.78,41.61,1034.29,110.58,0.6608,,,,,0
65,32,car,454.97,92.46,497.54,126.95,0.7845,,,,,0
65,22,bike,314.4,83.43,334.12,120.01,0.685,,,,,0
65,254,bike,280.44,87.77,298.98,119.39,0.2917,,,,,0
65,350,bike,510.6,83.34,529.97,114.54,0.5136,,,,,0
65,449,bike,610.61,109.8,633.22,141.89,0.7594,,,,,0
66,3,car,705.48,162.23,888.91,312.56,0.9438,main_carriageway,24.87,19.52,0.617,0
66,5,bike,1080.43,351.16,1249.53,621.9,0.938,main_carriageway,99.93,36.74,0.345,0
66,6,car,373.88,298.49,600.64,527.93,0.9453,main_carriageway,25.51,38.97,0.837,0
66,9,car,545.8,130.04,653.85,221.62,0.8746,main_carriageway,6.58,8.55,0.792,0
66,10,car,341.86,205.05,464.56,317.63,0.9084,main_carriageway,12.13,13.73,0.749,0
66,11,bike,753.55,279.09,866.6,493.33,0.9132,main_carriageway,57.18,46.77,0.633,0
66,13,bike,403.81,146.71,437.02,207.85,0.9144,main_carriageway,5.99,5.19,0.655,0
66,14,car,1070.06,59.95,1194.82,149.87,0.7869,,,,,0
66,15,bike,583.62,168.72,635.09,264.35,0.893,main_carriageway,18.38,7.81,0.391,0
66,16,car,1183.56,62.16,1280.0,160.12,0.8403,,,,,0
66,17,bike,1217.53,144.1,1280.0,277.89,0.7948,main_carriageway,24.18,8.93,0.346,0
66,18,car,866.49,57.57,970.33,122.13,0.8474,,,,,0
66,19,bike,802.46,78.06,842.11,132.99,0.7841,,,,,0
66,23,car,541.14,93.44,596.08,140.61,0.8996,,,,,0
66,24,bike,693.54,90.76,721.63,141.86,0.8217,,,,,0
66,25,car,709.17,51.82,790.21,98.07,0.6738,,,,,0
66,27,bus,952.76,41.61,1034.37,110.59,0.6312,,,,,0
66,32,car,454.88,92.21,497.89,127.25,0.777,,,,,0
66,22,bike,314.17,83.08,334.31,120.42,0.7017,,,,,0
66,254,bike,280.45,89.5,298.37,120.27,0.263,,,,,0
66,350,bike,510.83,83.31,529.41,113.47,0.4725,,,,,0
66,449,bike,613.23,110.94,636.72,144.2,0.6615,,,,,0
67,3,car,706.56,162.78,891.64,314.37,0.9443,main_carriageway,24.41,19.58,0.626,0
67,5,bike,1088.0,354.48,1257.22,622.15,0.9376,main_carriageway,98.21,32.28,0.312,0
67,6,car,374.77,299.34,603.59,531.31,0.9454,main_carriageway,24.97,38.21,0.837,0
67,9,car,546.82,130.95,654.45,222.04,0.8736,main_carriageway,6.71,7.48,0.744,0
67,10,car,342.63,205.61,466.22,318.94,0.9085,main_carriageway,12.5,13.69,0.739,0
67,11,bike,757.43,280.84,871.78,497.87,0.9135,main_carriageway,57.09,47.67,0.641,0
67,13,bike,404.36,146.96,437.72,208.42,0.9144,main_carriageway,6.1,5.28,0.654,0
67,14,car,1069.97,59.94,1194.9,149.85,0.7862,,,,,0
67,15,bike,584.91,168.92,636.67,264.96,0.8925,main_carriageway,17.88,7.81,0.4,0
67,16,car,1183.52,62.2,1280.0,160.4,0.8404,,,,,0
67,17,bike,1220.52,143.52,1280.0,278.31,0.7922,main_carriageway,21.48,7.51,0.33,0
67,18,car,866.49,57.57,970.33,122.13,0.8478,,,,,0
67,19,bike,802.69,77.83,842.72,133.02,0.7871,,,,,0
67,23,car,541.89,93.9,596.68,140.68,0.8995,,,,,0
67,24,bike,694.41,91.04,722.53,142.07,0.8236,,,,,0
67,25,car,709.17,51.73,790.34,98.01,0.6731,,,,,0
67,27,bus,952.72,41.61,1034.42,110.59,0.6326,,,,,0
67,32,car,454.9,92.13,497.94,127.36,0.7757,,,,,0
67,22,bike,314.09,82.95,334.39,120.56,0.7044,,,,,0
67,254,bike,280.45,90.11,298.12,120.64,0.267,,,,,0
67,350,bike,510.94,83.27,529.14,113.05,0.4726,,,,,0
67,449,bike,614.02,111.32,638.14,145.44,0.6659,,,,,0
67,506,bike,124.55,180.23,143.93,222.74,0.3459,,,,,0
68,3,car,711.23,164.35,899.18,318.07,0.9461,main_carriageway,19.11,14.89,0.615,0
68,5,bike,1108.5,361.87,1274.19,622.56,0.9124,main_carriageway,71.34,12.66,0.175,0
68,6,car,380.34,304.25,614.18,541.59,0.9233,main_carriageway,21.32,31.61,0.829,0
68,9,car,548.39,133.32,655.66,223.83,0.8353,main_carriageway,5.66,5.43,0.692,0
68,10,car,343.82,206.87,469.74,322.35,0.9068,main_carriageway,9.49,11.25,0.764,0
68,11,bike,772.71,286.47,890.82,511.26,0.9127,main_carriageway,47.59,40.54,0.648,0
68,13,bike,405.79,147.26,439.5,209.3,0.923,main_carriageway,5.25,4.12,0.617,0
68,14,car,1069.92,60.04,1194.77,149.76,0.7853,,,,,0
68,15,bike,588.26,168.02,641.43,267.08,0.8672,main_carriageway,13.54,6.2,0.416,0
68,16,car,1182.86,62.13,1280.0,162.01,0.8379,,,,,0
68,18,car,866.51,57.59,970.38,122.18,0.846,,,,,0
68,19,bike,804.98,78.3,844.71,132.82,0.8346,,,,,0
68,23,car,544.03,94.19,599.05,141.03,0.9203,,,,,0
68,24,bike,696.66,89.15,726.1,142.58,0.8656,,,,,0
68,25,car,709.79,51.78,790.34,97.67,0.6899,,,,,0
68,27,bus,952.84,41.6,1034.65,110.6,0.625,,,,,0
68,32,car,455.17,91.72,498.41,127.3,0.7808,,,,,0
68,22,bike,314.06,82.82,334.45,120.58,0.694,,,,,0
68,254,bike,280.49,90.46,298.02,120.92,0.2771,,,,,0
68,350,bike,511.37,84.27,529.53,114.44,0.5012,,,,,0
68,449,bike,615.55,112.78,641.92,150.36,0.66,,,,,0
68,506,bike,126.42,179.97,145.38,221.58,0.4462,,,,,0
68,515,bike,779.4,71.1,810.71,115.33,0.3573,,,,,0
69,3,car,717.64,166.88,909.87,323.97,0.9393,main_carriageway,23.39,17.54,0.6,0
69,5,bike,1133.76,375.58,1280.0,622.85,0.8858,main_carriageway,69.67,5.32,0.076,0
69,6,car,385.55,311.91,627.03,557.41,0.9272,main_carriageway,25.95,41.02,0.845,0
69,9,car,550.01,133.97,658.28,225.23,0.8598,main_carriageway,6.88,5.41,0.618,0
69,10,car,344.72,208.63,473.75,327.02,0.9195,main_carriageway,10.0,13.76,0.809,0
69,11,bike,790.25,293.8,911.97,525.25,0.8966,main_carriageway,56.93,46.86,0.636,0
69,13,bike,407.6,147.93,441.11,209.57,0.9033,main_carriageway,6.05,3.59,0.511,0
69,14,car,1069.92,60.13,1194.81,149.74,0.7855,,,,,0
69,15,bike,594.38,169.35,648.05,269.27,0.8714,main_carriageway,16.99,7.2,0.39,0
69,16,car,1183.03,62.28,1280.0,161.92,0.8298,,,,,0
69,18,car,866.51,57.62,970.47,122.29,0.8434,,,,,0
69,19,bike,807.35,79.15,846.67,132.55,0.7844,,,,,0
69,23,car,546.72,94.52,602.51,141.93,0.9258,,,,,0
69,24,bike,700.28,89.87,729.75,143.39,0.7954,,,,,0
69,25,car,709.5,51.89,790.07,97.71,0.6966,,,,,0
69,27,bus,952.86,41.6,1034.78,110.62,0.6225,,,,,0
69,32,car,455.87,91.75,498.94,127.35,0.7688,,,,,0
69,22,bike,314.06,83.3,334.5,121.12,0.6613,,,,,0
69,254,bike,280.61,91.43,297.68,121.12,0.2555,,,,,0
69,350,bike,511.61,84.99,529.42,114.96,0.5474,,,,,0
69,449,bike,618.61,113.32,648.5,156.15,0.7385,,,,,0
69,506,bike,128.43,178.47,146.87,219.03,0.5823,,,,,0
69,515,bike,780.14,71.96,810.37,114.63,0.2561,,,,,0
70,3,car,723.46,168.61,922.96,331.61,0.9331,main_carriageway,31.37,24.05,0.608,0
70,5,bike,1159.95,386.18,1280.0,621.43,0.7958,main_carriageway,76.72,1.31,0.017,0
70,6,car,389.02,320.38,643.04,579.52,0.9266,main_carriageway,34.15,60.9,0.872,0
70,9,car,551.32,134.84,661.12,227.23,0.9242,main_carriageway,8.66,6.92,0.624,0
70,10,car,348.2,210.67,477.97,329.98,0.9148,main_carriageway,13.16,15.99,0.772,0
70,11,bike,812.7,302.57,940.32,544.36,0.9238,main_carriageway,78.76,63.21,0.626,0
70,13,bike,409.51,149.22,443.41,211.54,0.8933,main_carriageway,7.84,5.29,0.559,0
70,14,car,1071.87,60.5,1196.97,150.58,0.8004,,,,,0
70,15,bike,599.37,170.34,654.0,272.03,0.9039,main_carriageway,21.39,9.41,0.403,0
70,16,car,1183.08,62.21,1279.95,160.94,0.8446,,,,,0
70,18,car,866.22,57.72,970.28,122.42,0.856,,,,,0
70,19,bike,809.93,77.91,850.89,132.67,0.7975,,,,,0
70,23,car,549.12,94.86,605.62,142.72,0.928,,,,,0
70,24,bike,704.55,92.23,733.36,144.1,0.7964,,,,,0
70,25,car,710.44,52.42,790.27,97.55,0.6691,,,,,0
70,27,bus,953.94,41.69,1035.7,110.5,0.4973,,,,,0
70,32,car,457.22,92.24,500.16,127.94,0.7361,,,,,0
70,22,bike,313.45,83.12,334.2,121.39,0.6122,,,,,0
70,254,bike,280.27,91.65,297.4,121.47,0.2702,,,,,0
70,350,bike,511.4,85.92,528.97,116.11,0.5057,,,,,0
70,449,bike,622.66,114.57,653.49,159.0,0.8283,,,,,0
70,506,bike,130.3,177.46,148.6,217.72,0.6869,,,,,0
70,532,bike,94.93,173.04,116.83,216.9,0.6676,,,,,0
71,3,car,730.83,170.37,935.73,337.95,0.9334,main_carriageway,36.09,25.39,0.575,0
71,6,car,396.04,328.51,662.33,601.14,0.9231,main_carriageway,41.93,73.21,0.868,0
71,9,car,551.36,134.32,663.36,228.86,0.9692,main_carriageway,7.53,7.24,0.693,0
71,10,car,350.07,212.57,482.62,334.7,0.8956,main_carriageway,13.13,17.07,0.793,0
71,11,bike,836.96,313.27,969.03,562.81,0.9141,main_carriageway,92.92,69.48,0.599,0
71,13,bike,411.05,148.61,446.43,213.71,0.8833,main_carriageway,8.33,5.86,0.576,0
71,14,car,1074.27,60.86,1198.89,150.8,0.874,,,,,0
71,15,bike,604.96,170.6,661.35,274.88,0.896,main_carriageway,23.8,10.53,0.405,0
71,16,car,1183.64,62.92,1279.47,160.45,0.8523,,,,,0
71,18,car,865.85,57.82,970.0,122.46,0.8597,,,,,0
71,19,bike,812.42,77.78,853.88,132.44,0.811,,,,,0
71,23,car,550.79,94.62,608.24,143.25,0.9134,,,,,0
71,24,bike,708.83,94.21,736.93,144.61,0.7945,,,,,0
71,25,car,710.67,53.02,790.89,98.27,0.6679,,,,,0
71,27,bus,953.62,41.8,1035.01,110.44,0.4732,,,,,0
71,32,car,458.24,92.27,501.16,128.14,0.7204,,,,,0
71,22,bike,313.32,83.54,334.29,122.17,0.6029,,,,,0
71,254,bike,280.07,91.7,297.32,121.8,0.2629,,,,,0
71,350,bike,512.27,87.64,528.94,116.77,0.5023,,,,,0
71,449,bike,626.12,114.59,658.22,161.19,0.7619,,,,,0
71,506,bike,131.7,175.52,150.15,216.24,0.6225,,,,,0
71,532,bike,95.43,172.68,117.37,216.64,0.7898,,,,,0
72,3,car,733.62,171.01,940.45,340.32,0.9333,main_carriageway,37.94,25.95,0.565,0
72,6,car,398.96,331.61,669.51,609.52,0.9231,main_carriageway,45.06,78.21,0.867,0
72,9,car,551.44,134.09,664.05,229.44,0.9692,main_carriageway,7.11,7.4,0.721,0
72,10,car,350.78,213.25,484.23,336.43,0.8959,main_carriageway,13.08,17.49,0.801,0
72,11,bike,846.08,317.37,979.99,569.76,0.9137,main_carriageway,98.43,71.89,0.59,0
72,13,bike,411.61,148.36,447.52,214.5,0.8834,main_carriageway,8.52,6.08,0.581,0
72,14,car,1075.25,61.0,1199.52,150.87,0.8736,,,,,0
72,15,bike,606.93,170.69,664.16,275.93,0.8959,main_carriageway,24.75,10.97,0.405,0
72,16,car,1183.82,63.17,1279.33,160.26,0.8522,,,,,0
72,18,car,865.66,57.85,969.94,122.48,0.8597,,,,,0
72,19,bike,813.15,77.72,855.08,132.36,0.8102,,,,,0
72,23,car,551.36,94.52,609.18,143.44,0.9134,,,,,0
72,24,bike,710.27,94.89,738.18,144.77,0.7941,,,,,0
72,25,car,710.71,53.24,791.16,98.53,0.6674,,,,,0
72,27,bus,953.56,41.84,1034.72,110.42,0.4727,,,,,0
72,32,car,458.67,92.29,501.47,128.2,0.7208,,,,,0
72,22,bike,313.27,83.7,334.34,122.46,0.603,,,,,0
72,254,bike,280.01,91.71,297.29,121.91,0.2631,,,,,0
72,350,bike,512.65,88.28,528.85,117.0,0.5024,,,,,0
72,449,bike,627.5,114.58,659.95,162.01,0.7621,,,,,0
72,506,bike,132.13,174.89,150.58,215.81,0.6224,opposite_carriageway,7.12,-6.93,0.698,0
72,532,bike,95.61,172.54,117.56,216.55,0.7895,,,,,0
72,545,bike,1233.67,395.95,1279.89,620.49,0.3402,,,,,0
73,3,car,741.47,172.94,950.05,343.46,0.9228,main_carriageway,40.56,25.39,0.531,0
73,6,car,408.99,336.86,684.49,619.42,0.9041,main_carriageway,49.48,77.83,0.844,0
73,9,car,552.37,134.58,667.07,231.96,0.9603,main_carriageway,7.7,8.13,0.726,0
73,10,car,352.52,214.68,489.61,341.67,0.9135,main_carriageway,14.29,19.32,0.804,0
73,11,bike,865.93,327.76,1004.99,589.38,0.9117,main_carriageway,103.69,78.12,0.602,0
73,13,bike,413.16,148.18,449.61,215.62,0.8863,main_carriageway,8.74,6.32,0.586,0
73,14,car,1075.67,61.08,1199.62,150.86,0.8717,,,,,0
73,15,bike,612.63,172.29,669.98,277.87,0.8704,main_carriageway,26.46,10.79,0.378,0
73,16,car,1184.01,63.34,1279.26,160.07,0.8526,,,,,0
73,18,car,865.36,57.83,969.68,122.36,0.8567,,,,,0
73,19,bike,815.19,78.31,857.01,132.22,0.824,,,,,0
73,23,car,553.0,95.08,610.93,143.94,0.9253,,,,,0
73,24,bike,713.34,95.67,741.79,146.18,0.8789,,,,,0
73,25,car,711.28,53.38,791.86,98.8,0.6456,,,,,0
73,27,bus,953.58,41.88,1034.52,110.41,0.5482,,,,,0
73,32,car,458.95,92.44,502.01,128.73,0.7283,,,,,0
73,22,bike,313.28,84.3,334.17,122.63,0.5838,,,,,0
73,254,bike,280.13,92.94,296.92,122.15,0.2423,,,,,0
73,350,bike,513.38,89.29,528.99,117.28,0.487,,,,,0
73,449,bike,631.53,115.67,663.97,163.18,0.8039,,,,,0
73,506,bike,132.8,172.64,151.85,215.08,0.5998,opposite_carriageway,6.42,-6.5,0.711,0
73,532,bike,95.85,171.69,117.91,215.93,0.7652,,,,,0
73,515,bike,778.73,70.72,809.99,114.98,0.3152,,,,,0
74,3,car,744.28,173.63,953.56,344.53,0.9229,main_carriageway,35.16,20.56,0.505,0
74,6,car,412.63,338.77,690.08,622.95,0.9044,main_carriageway,45.07,65.54,0.824,0
74,9,car,552.76,134.72,668.07,232.89,0.9604,main_carriageway,6.27,7.66,0.774,0
74,10,car,353.27,215.18,491.47,343.62,0.9135,main_carriageway,13.13,16.6,0.784,0
74,11,bike,873.26,331.66,1014.39,596.73,0.9114,main_carriageway,92.72,71.48,0.611,0
74,13,bike,413.75,148.09,450.3,216.01,0.8862,main_carriageway,7.67,6.44,0.643,0
74,14,car,1075.87,61.11,1199.59,150.85,0.8717,,,,,0
74,15,bike,614.7,172.93,672.02,278.55,0.8706,main_carriageway,22.15,9.28,0.386,0
74,16,car,1184.04,63.4,1279.27,159.99,0.8526,,,,,0
74,18,car,865.19,57.81,969.63,122.32,0.857,,,,,0
74,19,bike,815.76,78.51,857.78,132.17,0.8243,,,,,0
74,23,car,553.52,95.29,611.57,144.11,0.9248,,,,,0
74,24,bike,714.35,95.92,743.11,146.67,0.8787,,,,,0
74,25,car,711.52,53.42,792.1,98.89,0.6466,,,,,0
74,27,bus,953.63,41.9,1034.4,110.41,0.546,,,,,0
74,32,car,459.12,92.5,502.17,128.92,0.7285,,,,,0
74,22,bike,313.26,84.5,334.14,122.71,0.5842,,,,,0
74,254,bike,280.16,93.38,296.81,122.22,0.2416,,,,,0
74,350,bike,513.59,89.62,528.92,117.39,0.478,,,,,0
74,449,bike,633.04,116.07,665.45,163.65,0.805,,,,,0
74,506,bike,133.03,171.89,152.23,214.86,0.5991,opposite_carriageway,4.98,-4.17,0.642,0
74,532,bike,95.9,171.4,118.0,215.72,0.7644,,,,,0
74,515,bike,778.64,70.58,809.95,115.04,0.3195,,,,,0
75,3,car,750.22,175.26,963.07,348.89,0.936,main_carriageway,33.43,17.28,0.459,0
75,6,car,419.65,342.0,697.48,624.0,0.9042,main_carriageway,42.54,44.48,0.723,0
75,9,car,554.67,135.46,669.85,233.59,0.9208,main_carriageway,6.04,6.36,0.725,0
75,10,car,355.31,216.55,494.53,346.25,0.9188,main_carriageway,11.83,16.27,0.809,0
75,11,bike,899.02,345.95,1042.27,611.23,0.9182,main_carriageway,94.14,66.87,0.579,0
75,13,bike,415.01,148.18,452.26,217.52,0.9123,main_carriageway,7.17,5.98,0.64,0
75,14,car,1076.22,61.15,1199.46,150.69,0.8629,,,,,0
75,15,bike,619.31,172.63,678.09,280.91,0.8901,main_carriageway,22.02,8.88,0.374,0
75,16,car,1184.15,63.51,1279.3,159.93,0.8513,,,,,0
75,18,car,865.42,57.84,969.7,122.19,0.8505,,,,,0
75,19,bike,817.47,78.9,859.47,131.91,0.8285,,,,,0
75,23,car,555.05,95.33,613.65,144.42,0.9254,,,,,0
75,24,bike,716.7,93.49,747.1,147.17,0.87,,,,,0
75,25,car,711.59,53.47,791.77,98.79,0.6581,,,,,0
75,27,bus,953.7,41.91,1034.26,110.39,0.6074,,,,,0
75,32,car,459.41,92.52,502.62,129.2,0.7593,,,,,0
75,22,bike,313.45,85.46,334.21,123.37,0.5615,,,,,0
75,350,bike,514.2,89.65,529.42,117.45,0.4643,,,,,0
75,449,bike,635.06,116.5,671.76,171.24,0.769,,,,,0
75,506,bike,133.9,170.49,153.21,213.93,0.4512,,,,,0
75,532,bike,96.33,170.79,118.5,215.33,0.7236,,,,,0
75,515,bike,778.97,70.96,809.87,114.91,0.3216,,,,,0
76,3,car,757.97,178.94,974.96,355.32,0.9423,main_carriageway,33.19,17.37,0.464,0
76,6,car,434.76,354.75,704.98,624.0,0.932,main_carriageway,40.68,22.86,0.49,0
76,9,car,555.29,136.18,671.99,236.13,0.9145,main_carriageway,6.28,7.27,0.757,0
76,10,car,357.93,219.21,500.14,351.84,0.9288,main_carriageway,12.69,17.14,0.804,0
76,11,bike,927.55,357.92,1071.27,619.7,0.9091,main_carriageway,96.41,56.89,0.508,0
76,13,bike,417.06,149.18,454.59,219.29,0.9091,main_carriageway,7.08,5.58,0.619,0
76,14,car,1076.31,61.15,1199.36,150.66,0.8636,,,,,0
76,15,bike,626.1,174.06,685.79,283.98,0.9007,main_carriageway,22.79,9.1,0.371,0
76,16,car,1184.11,63.51,1279.34,159.92,0.8519,,,,,0
76,18,car,865.39,57.76,969.93,122.22,0.8554,,,,,0
76,19,bike,819.36,78.94,862.0,132.02,0.8396,,,,,0
76,23,car,557.39,95.36,616.57,144.9,0.9307,,,,,0
76,24,bike,720.2,91.2,752.23,148.01,0.8768,,,,,0
76,25,car,710.34,53.68,791.17,99.39,0.5934,,,,,0
76,27,bus,953.76,41.88,1034.21,110.37,0.5638,,,,,0
76,32,car,459.9,92.79,503.24,129.64,0.785,,,,,0
76,22,bike,314.06,87.52,334.21,124.23,0.4818,,,,,0
76,350,bike,515.35,88.82,530.76,117.16,0.4971,,,,,0
76,449,bike,637.64,117.38,678.85,180.13,0.8189,main_carriageway,16.07,18.94,0.762,0
76,506,bike,134.57,168.18,154.34,212.95,0.4147,,,,,0
76,532,bike,97.37,170.71,119.19,214.47,0.6418,,,,,0
76,515,bike,778.63,70.76,809.72,115.05,0.2808,,,,,0
77,3,car,760.59,180.25,979.52,357.65,0.9421,main_carriageway,33.02,17.33,0.465,0
77,6,car,439.22,359.47,708.55,624.0,0.9317,main_carriageway,39.65,14.48,0.343,0
77,9,car,555.65,136.44,672.58,237.05,0.914,main_carriageway,6.37,7.61,0.767,0
77,10,car,359.04,220.22,502.09,353.74,0.9283,main_carriageway,13.06,17.31,0.798,0
77,11,bike,937.43,362.3,1082.43,622.58,0.9098,main_carriageway,96.89,52.82,0.479,0
77,13,bike,417.84,149.54,455.38,219.88,0.9087,main_carriageway,7.05,5.38,0.607,0
77,14,car,1076.38,61.15,1199.27,150.65,0.8632,,,,,0
77,15,bike,628.59,174.62,688.62,285.11,0.9016,main_carriageway,23.06,9.18,0.37,0
77,16,car,1184.06,63.5,1279.38,159.92,0.8518,,,,,0
77,18,car,865.37,57.73,970.04,122.22,0.8548,,,,,0
77,19,bike,819.85,78.98,863.03,132.08,0.8398,,,,,0
77,23,car,558.25,95.33,617.73,145.13,0.927,,,,,0
77,24,bike,721.55,90.45,754.06,148.31,0.8758,,,,,0
77,25,car,709.93,53.77,790.95,99.61,0.5929,,,,,0
77,27,bus,953.82,41.87,1034.17,110.37,0.5663,,,,,0
77,32,car,460.12,92.9,503.45,129.79,0.786,,,,,0
77,22,bike,314.28,88.31,334.23,124.54,0.4825,,,,,0
77,350,bike,515.8,88.51,531.21,117.04,0.4978,,,,,0
77,449,bike,638.92,117.73,681.44,183.73,0.8187,main_carriageway,16.46,21.72,0.797,0
77,506,bike,134.81,167.27,154.71,212.63,0.4162,,,,,0
77,532,bike,97.76,170.72,119.49,214.18,0.6491,,,,,0
77,515,bike,778.5,70.71,809.61,115.11,0.281,,,,,0
78,3,car,767.6,182.26,991.1,363.08,0.9389,main_carriageway,33.59,19.62,0.504,0
78,6,car,452.11,366.35,719.02,624.0,0.922,main_carriageway,38.83,4.58,0.117,0
78,9,car,557.86,137.78,675.27,238.94,0.9052,main_carriageway,6.85,6.98,0.714,0
78,10,car,361.15,222.82,506.51,358.7,0.9369,main_carriageway,12.76,17.03,0.8,0
78,11,bike,962.47,371.15,1104.79,623.12,0.9183,main_carriageway,98.17,33.74,0.325,0
78,13,bike,419.96,150.29,457.23,220.39,0.8796,main_carriageway,7.21,4.77,0.552,0
78,14,car,1076.41,61.13,1199.18,150.62,0.8627,,,,,0
78,15,bike,633.2,174.47,695.22,288.19,0.9369,main_carriageway,22.9,10.32,0.411,0
78,16,car,1184.05,63.51,1279.4,159.9,0.8504,,,,,0
78,18,car,865.69,57.82,970.24,122.2,0.8539,,,,,0
78,19,bike,821.4,78.79,865.38,132.18,0.7828,,,,,0
78,23,car,560.13,95.22,620.75,145.96,0.9311,,,,,0
78,24,bike,724.26,89.5,757.5,148.96,0.8635,,,,,0
78,25,car,711.12,53.89,791.38,99.47,0.5551,,,,,0
78,27,bus,953.73,41.84,1034.07,110.42,0.5433,,,,,0
78,32,car,460.79,93.57,503.81,130.15,0.817,,,,,0
78,22,bike,314.76,90.65,334.37,126.1,0.3967,,,,,0
78,350,bike,516.79,87.93,532.22,116.61,0.5179,,,,,0
78,449,bike,642.56,118.48,685.0,185.42,0.8482,main_carriageway,16.03,22.24,0.811,0
78,506,bike,135.41,166.34,155.33,211.97,0.4462,,,,,0
78,532,bike,98.42,170.33,120.23,213.85,0.5948,,,,,0
78,515,bike,778.42,70.15,809.82,115.12,0.3349,,,,,0
79,3,car,777.08,184.36,1006.42,369.42,0.9371,main_carriageway,42.83,24.89,0.502,0
79,6,car,470.71,376.69,734.28,624.0,0.9131,main_carriageway,51.14,1.05,0.021,0
79,9,car,560.74,138.99,678.82,240.61,0.9118,main_carriageway,9.37,7.72,0.636,0
79,10,car,363.23,224.69,512.54,364.76,0.9348,main_carriageway,15.51,21.14,0.806,0
79,11,bike,998.63,386.66,1136.01,624.0,0.9316,main_carriageway,123.49,27.27,0.216,0
79,13,bike,422.67,151.15,460.14,221.75,0.8736,main_carriageway,9.38,5.74,0.522,0
79,14,car,1076.37,61.09,1199.07,150.62,0.865,,,,,0
79,15,bike,639.9,176.26,702.73,290.97,0.8944,main_carriageway,27.96,12.42,0.406,0
79,16,car,1184.02,63.5,1279.44,159.9,0.8511,,,,,0
79,18,car,866.17,57.99,970.63,122.32,0.8416,,,,,0
79,19,bike,823.75,79.07,868.06,131.93,0.6713,,,,,0
79,23,car,561.93,94.78,623.86,146.76,0.9038,,,,,0
79,24,bike,728.19,89.03,762.11,149.97,0.8922,,,,,0
79,25,car,711.83,53.61,790.7,98.33,0.567,,,,,0
79,27,bus,953.7,41.83,1033.98,110.42,0.5262,,,,,0
79,32,car,461.95,94.08,504.59,130.34,0.8123,,,,,0
79,22,bike,314.8,91.33,334.39,126.62,0.4107,,,,,0
79,350,bike,517.97,88.38,533.01,116.3,0.4951,,,,,0
79,449,bike,647.82,119.64,689.76,186.68,0.9236,main_carriageway,19.54,23.03,0.762,0
79,506,bike,137.11,163.07,157.83,210.91,0.3248,opposite_carriageway,4.84,-3.95,0.632,0
79,532,bike,99.96,169.83,121.84,213.4,0.4499,,,,,0
79,515,bike,778.58,70.32,809.74,115.05,0.2777,,,,,0
79,589,rickshaw,54.21,194.21,89.81,242.5,0.5002,,,,,0
79,254,bike,276.74,91.4,295.65,124.91,0.3261,,,,,0
80,3,car,780.35,185.12,1012.25,371.83,0.937,main_carriageway,39.65,22.94,0.501,0
80,6,car,475.4,380.31,741.57,624.0,0.9136,main_carriageway,49.92,0.0,0.0,0
80,9,car,561.74,139.43,680.14,241.22,0.9117,main_carriageway,8.68,7.63,0.66,0
80,10,car,364.11,225.36,514.58,366.97,0.9347,main_carriageway,14.43,20.72,0.821,0
80,11,bike,1010.77,392.19,1147.63,624.0,0.9319,main_carriageway,108.56,12.77,0.117,0
80,13,bike,423.69,151.46,461.17,222.21,0.8735,main_carriageway,8.8,4.69,0.471,0
80,14,car,1076.39,61.08,1198.99,150.61,0.8654,,,,,0
80,15,bike,642.29,176.9,705.56,291.99,0.8929,main_carriageway,25.22,11.08,0.402,0
80,16,car,1183.99,63.5,1279.48,159.9,0.851,,,,,0
80,18,car,866.34,58.07,970.79,122.39,0.8405,,,,,0
80,19,bike,824.37,79.15,869.22,131.85,0.6659,,,,,0
80,23,car,562.59,94.6,624.92,147.04,0.9038,,,,,0
80,24,bike,729.62,88.69,763.8,150.35,0.893,,,,,0
80,25,car,711.69,53.44,790.34,97.95,0.5617,,,,,0
80,27,bus,953.72,41.82,1033.92,110.42,0.526,,,,,0
80,32,car,462.36,94.26,504.86,130.4,0.8122,,,,,0
80,22,bike,314.71,91.48,334.38,126.78,0.4073,,,,,0
80,350,bike,518.4,88.59,533.3,116.18,0.4946,,,,,0
80,449,bike,649.97,120.08,691.4,187.12,0.9235,main_carriageway,17.27,15.88,0.677,0
80,506,bike,137.73,161.86,158.67,210.53,0.3236,,,,,0
80,532,bike,100.47,169.55,122.45,213.23,0.4449,,,,,0
80,515,bike,778.63,70.34,809.69,115.03,0.2737,,,,,0
80,589,rickshaw,54.36,193.86,90.08,242.37,0.499,,,,,0
80,254,bike,276.6,91.21,295.38,125.13,0.3244,,,,,0
81,3,car,786.68,187.34,1024.74,378.71,0.9416,main_carriageway,39.25,23.39,0.512,0
81,6,car,489.47,390.02,754.83,624.0,0.9437,main_carriageway,52.28,0.0,0.0,0
81,9,car,562.38,140.06,681.99,243.17,0.9028,main_carriageway,8.54,7.04,0.636,0
81,10,car,367.92,228.71,519.73,371.72,0.9393,main_carriageway,14.79,19.88,0.802,0
81,11,bike,1045.23,406.52,1178.21,624.0,0.9279,main_carriageway,112.31,4.3,0.038,0
81,13,bike,425.51,152.26,463.45,223.83,0.8799,main_carriageway,8.66,4.54,0.465,0
81,14,car,1076.34,61.08,1198.83,150.59,0.8651,,,,,0
81,15,bike,649.76,178.97,712.96,293.27,0.8444,main_carriageway,25.42,9.29,0.343,0
81,16,car,1183.98,63.5,1279.51,159.9,0.8502,,,,,0
81,18,car,866.58,58.15,970.57,122.14,0.8432,,,,,0
81,19,bike,826.72,78.83,872.31,131.75,0.7018,,,,,0
81,23,car,564.29,94.79,626.7,147.47,0.8964,,,,,0
81,24,bike,733.33,90.53,766.63,150.65,0.8631,,,,,0
81,25,car,712.05,53.45,790.2,97.47,0.5835,,,,,0
81,27,bus,953.74,41.83,1033.86,110.42,0.5597,,,,,0
81,32,car,463.18,94.58,505.74,130.58,0.8078,,,,,0
81,22,bike,314.9,92.39,334.52,127.52,0.3519,,,,,0
81,350,bike,519.38,89.3,534.59,117.21,0.3911,,,,,0
81,449,bike,653.91,120.01,695.65,188.52,0.8762,main_carriageway,16.53,8.39,0.452,0
81,506,bike,138.4,160.83,159.44,210.17,0.2709,,,,,0
81,532,bike,101.63,169.16,123.21,211.92,0.4176,,,,,0
81,515,bike,778.52,69.98,809.58,114.78,0.2919,,,,,0
81,589,rickshaw,55.49,193.92,90.6,241.65,0.4497,,,,,0
81,254,bike,276.82,92.77,294.9,125.69,0.3041,,,,,0
81,599,car,809.16,62.66,868.67,106.33,0.3992,,,,,0
82,3,car,796.68,190.95,1041.04,386.85,0.9451,main_carriageway,48.8,29.2,0.513,0
82,6,car,507.57,401.73,770.83,624.0,0.9115,main_carriageway,65.32,0.0,0.0,0
82,9,car,562.85,140.99,684.05,246.04,0.9214,main_carriageway,9.34,8.99,0.694,0
82,10,car,372.53,232.68,526.79,377.76,0.9345,main_carriageway,19.09,24.02,0.783,0
82,11,bike,1088.16,426.59,1214.47,624.0,0.9058,main_carriageway,141.38,1.42,0.01,0
82,13,bike,428.2,153.49,466.45,225.36,0.9079,main_carriageway,10.71,5.48,0.455,0
82,14,car,1076.3,61.1,1198.69,150.58,0.8647,,,,,0
82,15,bike,656.84,177.86,722.43,296.62,0.8375,main_carriageway,31.03,11.51,0.348,0
82,16,car,1183.99,63.53,1279.53,159.89,0.8507,,,,,0
82,18,car,866.27,58.25,970.28,122.11,0.8285,,,,,0
82,19,bike,830.74,78.75,877.07,131.25,0.6671,,,,,0
82,23,car,565.86,94.86,629.41,148.69,0.9227,,,,,0
82,24,bike,737.74,92.61,770.39,151.6,0.8864,,,,,0
82,25,car,709.34,52.97,789.78,98.04,0.6074,,,,,0
82,27,bus,953.88,41.83,1033.86,110.38,0.5362,,,,,0
82,32,car,463.7,94.97,507.08,131.58,0.8293,,,,,0
82,22,bike,314.88,93.4,334.58,128.55,0.3947,,,,,0
82,350,bike,519.75,89.61,535.37,118.08,0.4089,,,,,0
82,449,bike,658.38,119.83,700.19,189.35,0.8379,main_carriageway,19.11,5.62,0.282,0
82,532,bike,102.86,169.09,123.82,210.47,0.4448,,,,,0
82,515,bike,778.23,69.33,809.52,114.63,0.2799,,,,,0
82,589,rickshaw,56.66,193.44,92.01,241.52,0.4094,,,,,0
82,254,bike,276.99,94.55,294.34,126.22,0.3611,,,,,0
82,599,car,809.69,60.97,870.55,105.54,0.4544,,,,,0
83,3,car,805.7,193.9,1058.17,395.59,0.9349,main_carriageway,52.59,32.51,0.526,0
83,6,car,527.43,415.67,788.65,624.0,0.9213,main_carriageway,72.47,0.0,0.0,0
83,9,car,564.51,141.34,687.71,248.54,0.9058,main_carriageway,9.54,9.6,0.709,0
83,10,car,375.05,236.05,533.7,385.46,0.9332,main_carriageway,20.55,26.76,0.793,0
83,11,bike,1134.26,451.54,1250.11,624.0,0.8554,main_carriageway,158.55,0.88,0.006,0
83,13,bike,431.01,153.8,469.97,226.82,0.9262,main_carriageway,11.89,6.43,0.476,0
83,14,car,1076.4,61.13,1198.61,150.56,0.8588,,,,,0
83,15,bike,665.68,181.05,731.81,300.39,0.8904,main_carriageway,34.53,12.2,0.333,0
83,16,car,1184.01,63.57,1279.55,159.89,0.8489,,,,,0
83,18,car,865.63,58.26,969.84,122.05,0.8207,,,,,0
83,19,bike,833.1,78.34,880.51,130.95,0.6712,,,,,0
83,23,car,567.93,94.87,632.45,149.53,0.9242,,,,,0
83,24,bike,741.69,91.59,775.51,152.7,0.8664,,,,,0
83,25,car,707.9,52.73,789.78,98.44,0.6099,,,,,0
83,27,bus,953.9,41.84,1033.79,110.35,0.5607,,,,,0
83,32,car,464.36,95.1,508.46,132.15,0.8389,,,,,0
83,22,bike,314.54,93.09,334.66,128.87,0.3941,,,,,0
83,350,bike,519.76,88.78,536.1,118.49,0.3377,,,,,0
83,449,bike,663.47,121.35,706.63,193.88,0.7994,main_carriageway,21.27,8.46,0.37,0
83,532,bike,103.52,169.11,124.1,209.44,0.3606,opposite_carriageway,4.48,-4.41,0.701,0
83,515,bike,778.13,69.72,808.91,114.4,0.3057,,,,,0
83,254,bike,277.0,95.66,294.15,127.01,0.2942,,,,,0
83,599,car,808.34,59.86,870.01,104.97,0.4542,,,,,0
84,3,car,808.76,194.95,1064.77,398.82,0.9349,main_carriageway,45.01,29.4,0.547,0
84,6,car,530.73,420.38,798.31,624.0,0.9196,main_carriageway,62.02,0.0,0.0,0
84,9,car,565.19,141.39,688.96,249.47,0.9007,main_carriageway,7.3,8.86,0.772,0
84,10,car,375.97,237.33,536.26,388.5,0.9339,main_carriageway,18.23,23.74,0.793,0
84,11,bike,1147.76,459.59,1262.36,624.0,0.8581,main_carriageway,137.74,0.0,0.0,0
84,13,bike,431.98,153.86,471.28,227.34,0.9273,main_carriageway,10.23,5.59,0.48,0
84,14,car,1076.49,61.15,1198.55,150.51,0.8549,,,,,0
84,15,bike,668.84,182.0,735.39,301.78,0.8873,main_carriageway,30.8,10.81,0.331,0
84,16,car,1183.75,63.34,1279.59,159.92,0.8461,,,,,0
84,18,car,865.2,58.26,969.68,122.01,0.8183,,,,,0
84,19,bike,833.74,78.24,882.05,130.84,0.6636,,,,,0
84,23,car,568.69,94.87,633.53,149.82,0.9232,,,,,0
84,24,bike,743.08,91.1,777.36,153.11,0.8661,,,,,0
84,25,car,707.27,52.69,789.76,98.57,0.6069,,,,,0
84,27,bus,953.91,41.84,1033.75,110.34,0.5503,,,,,0
84,32,car,464.5,95.11,508.99,132.34,0.8393,,,,,0
84,22,bike,314.16,92.43,334.72,128.94,0.3972,,,,,0
84,350,bike,519.82,88.75,536.27,118.51,0.3298,,,,,0
84,449,bike,665.57,121.96,708.93,195.55,0.8019,main_carriageway,18.46,8.87,0.433,0
84,532,bike,103.75,169.16,124.25,209.07,0.3721,,,,,0
84,515,bike,778.14,69.91,808.67,114.29,0.2995,,,,,0
84,254,bike,276.99,95.97,294.08,127.27,0.2983,,,,,0
84,599,car,807.6,59.47,869.7,104.83,0.4746,,,,,0
84,621,bike,16.83,238.56,43.31,289.24,0.3952,,,,,0
84,589,rickshaw,58.57,191.49,94.21,240.0,0.2473,,,,,0
85,3,car,809.18,194.75,1067.46,399.93,0.9337,main_carriageway,42.02,28.1,0.556,0
85,6,car,528.08,421.86,804.54,624.0,0.9175,main_carriageway,57.82,0.0,0.0,0
85,9,car,565.43,141.48,689.26,249.99,0.9024,main_carriageway,6.4,8.77,0.808,0
85,10,car,376.24,237.81,536.99,389.65,0.9348,main_carriageway,17.27,22.68,0.796,0
85,11,bike,1149.66,461.62,1266.46,624.0,0.8629,main_carriageway,128.86,0.0,0.0,0
85,13,bike,432.31,153.89,471.76,227.52,0.9284,main_carriageway,9.6,5.31,0.484,0
85,14,car,1076.25,61.24,1198.21,150.52,0.8463,,,,,0
85,15,bike,669.51,181.86,736.78,302.69,0.905,main_carriageway,29.22,10.7,0.344,0
85,16,car,1183.91,63.66,1279.48,159.9,0.8488,,,,,0
85,18,car,865.19,58.24,969.91,122.01,0.8154,,,,,0
85,19,bike,833.63,78.27,882.73,130.8,0.6419,,,,,0
85,23,car,568.88,94.83,633.87,149.94,0.9241,,,,,0
85,24,bike,743.68,91.65,777.79,153.28,0.864,,,,,0
85,25,car,706.71,52.64,789.85,98.77,0.5907,,,,,0
85,27,bus,954.83,42.23,1033.73,109.97,0.5495,,,,,0
85,32,car,464.95,95.27,508.72,131.65,0.8403,,,,,0
85,22,bike,314.03,92.17,334.8,128.99,0.4197,,,,,0
85,350,bike,519.74,88.57,536.35,118.51,0.3457,,,,,0
85,449,bike,666.6,122.14,709.24,195.07,0.8015,main_carriageway,17.24,7.95,0.419,0
85,532,bike,103.71,168.88,124.38,208.87,0.3999,,,,,0
85,515,bike,778.11,69.97,808.52,114.27,0.3181,,,,,0
85,254,bike,277.0,96.19,294.01,127.38,0.3053,,,,,0
85,599,car,807.4,59.08,869.57,104.41,0.5,,,,,0
85,621,bike,16.73,238.57,43.3,289.45,0.4255,,,,,0
86,3,car,818.17,197.78,1081.99,407.02,0.9333,main_carriageway,44.37,28.31,0.538,0
86,6,car,540.11,432.16,816.08,624.0,0.8128,main_carriageway,55.94,0.0,0.0,0
86,9,car,567.33,142.34,693.34,253.19,0.9174,main_carriageway,8.15,10.02,0.776,0
86,10,car,378.72,240.34,540.81,393.73,0.9332,main_carriageway,15.94,22.01,0.81,0
86,11,bike,1173.14,480.42,1276.59,624.0,0.5826,main_carriageway,113.14,0.0,0.0,0
86,13,bike,434.42,155.76,473.26,228.12,0.903,main_carriageway,9.36,4.29,0.417,0
86,14,car,1076.2,61.13,1198.29,150.55,0.8398,,,,,0
86,15,bike,677.42,187.22,743.5,305.71,0.8834,main_carriageway,29.1,12.44,0.393,0
86,16,car,1183.92,63.87,1279.38,159.89,0.8455,,,,,0
86,18,car,864.05,58.27,969.63,122.63,0.8231,,,,,0
86,19,bike,834.64,79.3,883.96,130.99,0.5262,,,,,0
86,23,car,570.58,95.27,635.81,150.38,0.9403,,,,,0
86,24,bike,747.01,93.07,780.96,154.12,0.8633,,,,,0
86,25,car,706.16,52.71,789.66,99.04,0.6406,,,,,0
86,27,bus,954.35,41.99,1033.79,110.23,0.5071,,,,,0
86,32,car,465.02,95.21,509.78,132.36,0.8519,,,,,0
86,22,bike,314.3,92.25,335.11,129.13,0.4029,,,,,0
86,350,bike,520.05,87.45,537.33,118.66,0.3474,,,,,0
86,449,bike,669.38,121.79,714.58,200.05,0.7137,main_carriageway,17.2,11.53,0.557,0
86,532,bike,104.05,169.54,124.22,208.49,0.3476,,,,,0
86,515,bike,778.8,70.7,808.91,114.5,0.2798,,,,,0
86,599,car,806.21,58.44,869.45,104.54,0.5602,,,,,0
86,621,bike,18.66,237.51,45.3,288.53,0.4616,,,,,0
87,3,car,827.79,200.81,1100.16,416.54,0.9463,main_carriageway,45.12,29.69,0.55,0
87,6,car,555.9,448.21,825.93,624.0,0.7593,main_carriageway,51.71,0.0,0.0,0
87,9,car,568.91,143.09,696.86,256.05,0.9006,main_carriageway,9.43,10.01,0.728,0
87,10,car,381.6,243.48,548.85,402.33,0.9249,main_carriageway,15.57,24.57,0.845,0
87,13,bike,437.06,157.71,475.94,230.06,0.8843,main_carriageway,9.18,4.7,0.456,0
87,14,car,1076.21,61.09,1198.27,150.53,0.8391,,,,,0
87,15,bike,686.41,189.46,753.13,309.19,0.8848,main_carriageway,30.13,12.57,0.385,0
87,16,car,1183.95,64.03,1279.31,159.85,0.8439,,,,,0
87,18,car,863.07,58.11,969.1,122.45,0.8108,,,,,0
87,19,bike,836.21,78.92,886.58,131.05,0.6562,,,,,0
87,23,car,573.99,96.28,639.5,151.48,0.9351,,,,,0
87,24,bike,751.33,92.33,786.72,155.94,0.8947,,,,,0
87,25,car,706.28,52.54,790.45,99.15,0.6482,,,,,0
87,27,bus,954.19,41.9,1033.83,110.3,0.5119,,,,,0
87,32,car,465.19,95.14,510.79,132.97,0.8409,,,,,0
87,22,bike,314.28,92.09,335.53,129.89,0.4118,,,,,0
87,350,bike,520.15,86.85,537.81,118.92,0.3597,,,,,0
87,449,bike,675.41,123.82,719.26,200.18,0.7979,main_carriageway,18.05,10.83,0.514,0
87,532,bike,104.17,170.35,124.06,208.86,0.3459,,,,,0
87,599,car,805.34,58.62,869.64,105.45,0.5663,,,,,0
87,621,bike,21.72,236.57,48.15,287.26,0.4815,,,,,0
88,3,car,839.02,203.31,1122.03,427.35,0.9369,main_carriageway,48.59,31.76,0.547,0
88,6,car,584.28,466.53,845.1,624.0,0.6174,main_carriageway,56.65,0.0,0.0,0
88,9,car,572.47,144.56,701.35,258.21,0.881,main_carriageway,10.8,9.67,0.667,0
88,10,car,385.61,246.71,557.61,410.76,0.9551,main_carriageway,17.24,25.3,0.826,0
88,13,bike,440.14,158.91,479.29,231.57,0.886,main_carriageway,9.23,4.75,0.458,0
88,14,car,1076.2,61.06,1198.22,150.51,0.8387,,,,,0
88,15,bike,694.44,188.89,763.7,313.24,0.8634,main_carriageway,30.33,12.85,0.39,0
88,16,car,1183.97,64.12,1279.3,159.81,0.846,,,,,0
88,18,car,852.59,57.89,964.61,124.8,0.8528,,,,,0
88,23,car,576.92,96.53,643.23,152.39,0.9407,,,,,0
88,24,bike,755.52,91.49,791.93,157.07,0.847,,,,,0
88,25,car,706.27,52.72,790.43,99.23,0.6565,,,,,0
88,27,bus,954.17,41.88,1033.83,110.33,0.553,,,,,0
88,32,car,465.61,94.88,512.02,133.49,0.8217,,,,,0
88,22,bike,314.87,92.68,335.95,130.3,0.4265,,,,,0
88,350,bike,520.28,86.29,538.08,118.8,0.3644,,,,,0
88,449,bike,680.95,123.82,725.86,202.14,0.8253,main_carriageway,18.36,8.26,0.41,0
88,532,bike,105.19,171.52,124.46,208.75,0.4984,,,,,0
88,599,car,804.87,58.59,870.39,106.44,0.6324,,,,,0
88,621,bike,25.23,235.64,50.7,284.54,0.7161,,,,,0
88,589,rickshaw,63.21,189.9,98.0,237.55,0.4897,opposite_carriageway,8.59,-4.95,0.499,0
89,3,car,843.15,204.2,1130.26,431.38,0.9368,main_carriageway,49.94,32.56,0.546,0
89,6,car,588.37,472.31,856.04,624.0,0.6023,main_carriageway,57.68,0.0,0.0,0
89,9,car,573.8,145.15,703.02,258.97,0.8811,main_carriageway,11.33,9.5,0.642,0
89,10,car,387.31,247.89,560.69,413.91,0.9552,main_carriageway,17.88,25.41,0.818,0
89,13,bike,441.22,159.32,480.53,232.1,0.885,main_carriageway,9.25,4.76,0.458,0
89,14,car,1076.19,61.05,1198.17,150.5,0.8384,,,,,0
89,15,bike,697.46,188.98,767.48,314.73,0.8615,main_carriageway,30.36,12.95,0.392,0
89,16,car,1183.96,64.16,1279.32,159.79,0.8467,,,,,0
89,18,car,848.27,57.81,963.49,125.65,0.8517,,,,,0
89,23,car,577.95,96.63,644.57,152.71,0.941,,,,,0
89,24,bike,757.04,91.14,793.81,157.5,0.8467,,,,,0
89,25,car,706.24,52.79,790.47,99.25,0.6565,,,,,0
89,27,bus,954.17,41.87,1033.82,110.33,0.5528,,,,,0
89,32,car,465.77,94.75,512.46,133.68,0.8202,,,,,0
89,22,bike,315.12,92.9,336.08,130.43,0.4241,,,,,0
89,350,bike,520.33,86.09,538.14,118.76,0.3666,,,,,0
89,449,bike,683.01,123.85,728.26,202.88,0.8244,main_carriageway,18.38,7.33,0.37,0
89,532,bike,105.59,171.93,124.66,208.73,0.5026,,,,,0
89,599,car,804.76,58.57,870.62,106.79,0.6399,,,,,0
89,621,bike,26.37,235.36,51.46,283.62,0.7222,opposite_carriageway,8.84,-5.62,0.536,0
89,589,rickshaw,63.69,189.78,98.23,237.34,0.4878,opposite_carriageway,8.74,-5.03,0.499,0
90,3,car,854.03,206.3,1147.83,438.55,0.9286,main_carriageway,62.61,38.62,0.525,0
90,9,car,575.0,145.87,706.21,261.45,0.8941,main_carriageway,13.26,11.46,0.654,0
90,10,car,390.02,249.78,567.04,419.79,0.9517,main_carriageway,21.91,30.14,0.809,0
90,13,bike,443.3,159.34,483.69,234.19,0.9232,main_carriageway,11.46,6.67,0.503,0
90,14,car,1077.11,61.1,1199.06,150.61,0.858,,,,,0
90,15,bike,703.72,190.44,774.9,317.96,0.8982,main_carriageway,36.16,15.27,0.389,0
90,16,car,1183.86,63.89,1279.53,159.82,0.8303,,,,,0
90,18,car,852.79,58.09,966.34,124.58,0.8321,,,,,0
90,23,car,579.56,96.6,647.17,153.62,0.9444,,,,,0
90,24,bike,760.73,89.75,798.5,158.22,0.8934,,,,,0
90,25,car,705.97,52.51,791.42,99.6,0.6891,,,,,0
90,27,bus,955.18,42.24,1033.71,109.88,0.5478,,,,,0
90,32,car,466.16,95.04,513.26,134.49,0.8288,,,,,0
90,22,bike,317.56,95.42,337.33,131.44,0.4543,,,,,0
90,350,bike,520.64,85.92,538.46,118.87,0.4126,,,,,0
90,449,bike,688.35,125.02,734.46,205.7,0.807,main_carriageway,23.48,10.63,0.412,0
90,532,bike,105.38,171.45,124.92,209.08,0.465,,,,,0
90,599,car,802.52,57.88,870.92,108.06,0.5819,,,,,0
90,621,bike,27.68,234.15,53.14,283.26,0.6931,opposite_carriageway,10.39,-6.19,0.512,0
90,589,rickshaw,64.85,188.69,99.29,236.33,0.24,opposite_carriageway,9.02,-5.32,0.508,0
90,19,bike,840.04,75.63,893.84,130.17,0.5144,,,,,0
91,3,car,867.24,211.64,1169.5,450.09,0.9404,main_carriageway,68.29,43.07,0.533,0
91,9,car,576.63,146.7,709.48,263.92,0.8866,main_carriageway,12.72,10.73,0.645,0
91,10,car,395.45,254.99,574.35,426.8,0.9474,main_carriageway,25.13,33.07,0.796,0
91,13,bike,446.66,160.08,487.82,236.25,0.9072,main_carriageway,13.4,8.13,0.519,0
91,14,car,1077.33,61.08,1199.44,150.77,0.8548,,,,,0
91,15,bike,714.48,193.26,786.89,322.5,0.8688,main_carriageway,40.22,16.79,0.385,0
91,16,car,1183.77,63.78,1279.61,159.88,0.8314,,,,,0
91,18,car,853.36,58.09,967.32,124.45,0.8391,,,,,0
91,23,car,582.22,96.94,650.6,154.53,0.9494,,,,,0
91,24,bike,765.34,89.02,804.12,159.48,0.8977,,,,,0
91,25,car,705.76,52.32,791.62,99.62,0.6889,,,,,0
91,27,bus,955.69,42.38,1033.69,109.72,0.5642,,,,,0
91,32,car,467.18,94.78,514.48,134.62,0.8253,,,,,0
91,22,bike,318.54,96.19,338.15,132.6,0.449,,,,,0
91,350,bike,521.57,85.82,539.17,118.56,0.4364,,,,,0
91,449,bike,694.87,126.17,740.42,205.74,0.8855,main_carriageway,25.66,5.69,0.216,0
91,532,bike,105.86,171.02,125.45,208.86,0.4562,,,,,0
91,599,car,802.33,58.4,869.65,107.67,0.479,,,,,0
91,621,bike,30.51,231.6,56.32,281.57,0.6327,opposite_carriageway,11.44,-6.96,0.52,0
91,19,bike,842.63,75.5,897.91,130.21,0.2555,,,,,0
92,3,car,871.93,213.63,1177.79,454.52,0.9404,main_carriageway,60.88,37.98,0.529,0
92,9,car,577.28,146.99,710.59,264.8,0.8864,main_carriageway,11.05,8.75,0.621,0
92,10,car,397.5,256.95,577.03,429.37,0.9474,main_carriageway,22.04,27.04,0.775,0
92,13,bike,447.87,160.34,489.35,236.99,0.9073,main_carriageway,12.11,6.93,0.497,0
92,14,car,1077.42,61.07,1199.56,150.83,0.8549,,,,,0
92,15,bike,718.35,194.31,791.35,324.16,0.8689,main_carriageway,35.08,14.97,0.392,0
92,16,car,1183.73,63.73,1279.65,159.9,0.8314,,,,,0
92,18,car,853.43,58.09,967.87,124.4,0.8391,,,,,0
92,23,car,583.16,97.07,651.86,154.86,0.9495,,,,,0
92,24,bike,767.07,88.74,806.16,159.94,0.8977,,,,,0
92,25,car,705.69,52.25,791.7,99.62,0.6888,,,,,0
92,27,bus,955.92,42.44,1033.64,109.66,0.5645,,,,,0
92,32,car,467.64,94.69,514.84,134.65,0.8244,,,,,0
92,22,bike,318.99,96.44,338.34,133.01,0.4487,,,,,0
92,350,bike,521.94,85.78,539.39,118.44,0.4357,,,,,0
92,449,bike,697.26,126.6,742.59,205.65,0.8857,main_carriageway,22.59,5.47,0.235,0
92,532,bike,106.04,170.86,125.62,208.79,0.4563,,,,,0
92,599,car,802.25,58.63,869.18,107.5,0.4791,,,,,0
92,621,bike,31.5,230.69,57.39,280.99,0.6325,opposite_carriageway,9.51,-6.27,0.55,0
92,19,bike,843.19,75.46,899.67,130.22,0.2556,,,,,0
92,679,bike,834.28,79.96,864.63,130.64,0.3674,,,,,0
93,3,car,883.96,217.55,1198.08,464.4,0.9253,main_carriageway,60.5,37.05,0.522,0
93,9,car,579.73,147.78,714.84,267.36,0.8805,main_carriageway,10.38,9.15,0.661,0
93,10,car,400.91,260.49,584.6,436.9,0.9472,main_carriageway,21.14,26.14,0.777,0
93,13,bike,450.19,160.93,492.28,238.74,0.86,main_carriageway,11.52,7.17,0.528,0
93,14,car,1077.38,61.05,1199.57,150.88,0.8588,,,,,0
93,15,bike,726.18,194.28,801.21,327.38,0.8857,main_carriageway,34.62,14.14,0.378,0
93,16,car,1183.79,63.81,1279.65,159.9,0.8369,,,,,0
93,18,car,849.93,58.09,967.88,126.04,0.8605,,,,,0
93,23,car,585.12,97.67,654.25,155.7,0.9503,,,,,0
93,24,bike,771.57,91.06,809.83,160.84,0.8636,,,,,0
93,25,car,705.0,51.91,792.04,99.93,0.7138,,,,,0
93,27,bus,956.06,42.44,1033.63,109.67,0.5502,,,,,0
93,32,car,468.48,94.99,515.42,134.88,0.8658,,,,,0
93,22,bike,319.14,97.17,338.34,134.03,0.388,,,,,0
93,350,bike,523.19,86.08,540.48,118.49,0.5287,,,,,0
93,449,bike,701.95,127.15,747.99,207.99,0.8559,main_carriageway,21.57,5.85,0.262,0
93,532,bike,107.49,171.63,126.29,208.17,0.4831,,,,,0
93,599,car,801.53,57.97,870.24,108.3,0.6514,,,,,0
93,621,bike,33.46,228.68,59.25,278.91,0.7239,opposite_carriageway,8.39,-5.63,0.557,0
94,3,car,898.32,223.85,1220.66,476.51,0.9368,main_carriageway,72.79,45.13,0.527,0
94,9,car,582.25,148.22,719.5,270.07,0.8832,main_carriageway,12.47,11.1,0.665,0
94,10,car,404.21,264.11,594.55,447.09,0.9376,main_carriageway,25.38,33.18,0.794,0
94,13,bike,453.56,161.55,496.2,240.57,0.8807,main_carriageway,14.0,8.47,0.518,0
94,14,car,1077.38,61.01,1199.6,150.91,0.856,,,,,0
94,15,bike,736.13,196.23,812.15,330.57,0.9049,main_carriageway,41.67,15.84,0.355,0
94,16,car,1183.79,63.83,1279.64,159.91,0.8353,,,,,0
94,18,car,850.99,58.18,968.81,125.86,0.8445,,,,,0
94,23,car,587.13,97.76,657.32,156.74,0.9524,,,,,0
94,24,bike,777.37,94.06,814.81,162.19,0.8778,,,,,0
94,25,car,704.96,51.99,791.99,100.08,0.6677,,,,,0
94,27,bus,956.18,42.43,1033.61,109.66,0.5441,,,,,0
94,32,car,469.73,96.15,515.95,135.5,0.8697,,,,,0
94,22,bike,318.65,96.93,338.06,134.7,0.3641,,,,,0
94,350,bike,524.06,85.96,541.48,118.61,0.5688,,,,,0
94,449,bike,708.72,127.85,755.18,209.8,0.8785,main_carriageway,26.32,6.92,0.254,0
94,532,bike,108.6,171.1,127.23,207.54,0.5317,,,,,0
94,599,car,801.29,57.82,870.16,108.41,0.5876,,,,,0
94,621,bike,35.65,227.65,61.06,277.34,0.7101,opposite_carriageway,9.44,-6.28,0.554,0
95,3,car,903.47,226.27,1229.25,481.01,0.9365,main_carriageway,65.43,42.46,0.544,0
95,9,car,583.3,148.38,721.08,271.05,0.883,main_carriageway,11.59,9.6,0.638,0
95,10,car,405.46,265.44,598.19,450.89,0.9377,main_carriageway,23.3,31.1,0.8,0
95,13,bike,454.81,161.76,497.6,241.24,0.8808,main_carriageway,12.71,7.05,0.485,0
95,14,car,1077.39,61.0,1199.6,150.91,0.8558,,,,,0
95,15,bike,739.66,196.94,816.19,331.7,0.9044,main_carriageway,38.62,13.74,0.335,0
95,16,car,1183.78,63.84,1279.64,159.92,0.8352,,,,,0
95,18,car,851.3,58.23,969.26,125.8,0.8441,,,,,0
95,23,car,587.88,97.85,658.34,157.1,0.9531,,,,,0
95,24,bike,779.43,95.21,816.55,162.67,0.8779,,,,,0
95,25,car,704.99,52.04,791.94,100.14,0.6666,,,,,0
95,27,bus,956.26,42.43,1033.57,109.67,0.5449,,,,,0
95,32,car,470.22,96.62,516.08,135.73,0.8705,,,,,0
95,22,bike,318.54,96.86,337.87,134.94,0.364,,,,,0
95,350,bike,524.36,85.89,541.85,118.65,0.5703,,,,,0
95,449,bike,711.26,128.08,757.76,210.44,0.8785,main_carriageway,23.11,4.74,0.201,0
95,532,bike,108.98,170.84,127.52,207.31,0.5431,,,,,0
95,599,car,801.25,57.77,870.09,108.47,0.5896,,,,,0
95,621,bike,36.41,227.26,61.64,276.8,0.7117,opposite_carriageway,8.62,-6.46,0.6,0
95,714,bike,0.02,223.5,24.32,277.2,0.3115,,,,,0
96,3,car,914.55,229.26,1251.13,492.23,0.9416,main_carriageway,64.47,42.14,0.547,0
96,9,car,585.13,148.95,723.87,273.03,0.8796,main_carriageway,11.44,9.11,0.623,0
96,10,car,409.75,269.35,605.57,457.87,0.9377,main_carriageway,22.76,31.07,0.807,0
96,13,bike,457.0,161.9,500.82,243.29,0.9173,main_carriageway,11.67,7.04,0.517,0
96,14,car,1077.51,61.06,1199.53,150.82,0.8499,,,,,0
96,15,bike,748.24,196.94,827.33,336.24,0.8928,main_carriageway,37.1,13.74,0.347,0
96,16,car,1184.0,64.21,1279.54,159.92,0.8413,,,,,0
96,18,car,856.34,58.33,971.35,124.3,0.831,,,,,0
96,23,car,590.03,98.35,660.75,157.94,0.9549,,,,,0
96,24,bike,783.49,93.93,821.87,163.85,0.8909,,,,,0
96,25,car,706.26,52.53,790.96,99.31,0.6983,,,,,0
96,27,bus,956.18,42.45,1033.37,109.68,0.5009,,,,,0
96,32,car,470.68,96.7,516.87,136.16,0.8742,,,,,0
96,22,bike,318.44,96.53,337.77,135.05,0.3894,,,,,0
96,350,bike,525.16,85.97,542.69,118.96,0.5422,,,,,0
96,449,bike,717.09,128.74,764.04,212.36,0.8949,main_carriageway,22.92,6.62,0.277,0
96,532,bike,109.72,170.12,128.0,206.25,0.4437,,,,,0
96,599,car,802.18,57.77,870.95,108.58,0.5952,,,,,0
96,621,bike,38.31,226.57,62.62,274.42,0.7411,opposite_carriageway,7.05,-7.15,0.712,0
96,714,bike,1.17,222.42,25.02,275.03,0.4357,,,,,0
96,19,bike,848.78,78.14,904.95,130.03,0.3859,,,,,0
97,3,car,923.89,232.45,1271.88,505.24,0.9078,main_carriageway,73.03,50.72,0.57,0
97,9,car,586.13,150.26,727.03,276.66,0.881,main_carriageway,12.64,11.86,0.684,0
97,10,car,413.92,273.38,617.03,469.1,0.946,main_carriageway,28.21,39.73,0.815,0
97,13,bike,461.15,163.76,504.66,244.7,0.9204,main_carriageway,14.29,7.71,0.475,0
97,14,car,1077.57,61.18,1199.17,150.64,0.834,,,,,0
97,15,bike,758.85,199.31,838.96,340.5,0.9081,main_carriageway,44.05,16.34,0.348,0
97,16,car,1184.19,64.36,1279.55,159.85,0.8344,,,,,0
97,18,car,855.06,58.28,972.78,126.06,0.8672,,,,,0
97,23,car,592.49,97.56,664.91,158.77,0.9473,,,,,0
97,24,bike,789.9,95.55,828.07,165.12,0.88,,,,,0
97,25,car,706.86,52.88,790.41,98.93,0.6679,,,,,0
97,27,bus,956.29,42.48,1033.3,109.67,0.5624,,,,,0
97,32,car,471.4,97.35,517.54,136.76,0.8873,,,,,0
97,22,bike,318.51,96.63,337.69,135.24,0.4021,,,,,0
97,350,bike,525.72,85.69,543.33,118.99,0.628,,,,,0
97,449,bike,724.35,129.8,771.75,214.56,0.8942,main_carriageway,28.12,8.91,0.302,0
97,532,bike,110.22,168.97,128.73,205.82,0.3457,,,,,0
97,599,car,806.65,57.87,871.89,106.3,0.4925,,,,,0
97,621,bike,40.45,225.49,64.3,272.44,0.7973,opposite_carriageway,7.93,-8.55,0.733,0
97,714,bike,2.0,221.29,25.83,273.72,0.4573,,,,,0
97,515,bike,780.23,73.27,810.95,118.45,0.2846,,,,,0
98,3,car,927.59,233.74,1279.19,510.19,0.9085,main_carriageway,62.37,45.79,0.592,0
98,9,car,586.64,150.74,727.99,277.9,0.8808,main_carriageway,10.03,10.54,0.724,0
98,10,car,415.5,274.86,621.28,473.34,0.9459,main_carriageway,25.63,36.44,0.818,0
98,13,bike,462.71,164.47,506.03,245.18,0.9202,main_carriageway,13.13,6.44,0.44,0
98,14,car,1077.58,61.22,1199.03,150.58,0.8343,,,,,0
98,15,bike,762.74,200.18,843.21,342.07,0.9083,main_carriageway,39.28,14.69,0.35,0
98,16,car,1184.27,64.41,1279.56,159.82,0.8347,,,,,0
98,18,car,854.83,58.25,973.23,126.67,0.8668,,,,,0
98,23,car,593.43,97.26,666.35,159.06,0.9475,,,,,0
98,24,bike,792.24,96.11,830.35,165.59,0.8804,,,,,0
98,25,car,707.03,53.04,790.15,98.78,0.6642,,,,,0
98,27,bus,956.37,42.49,1033.23,109.66,0.5614,,,,,0
98,32,car,471.65,97.62,517.77,136.98,0.8872,,,,,0
98,22,bike,318.61,96.7,337.59,135.28,0.4088,,,,,0
98,350,bike,525.94,85.6,543.52,119.0,0.6285,,,,,0
98,449,bike,727.06,130.19,774.51,215.35,0.8946,main_carriageway,25.81,7.36,0.274,0
98,532,bike,110.42,168.56,128.95,205.68,0.3471,,,,,0
98,599,car,808.46,57.94,872.09,105.37,0.4937,,,,,0
98,621,bike,41.16,225.12,64.86,271.75,0.7978,opposite_carriageway,6.65,-7.16,0.732,0
98,714,bike,2.23,221.02,26.07,273.32,0.4552,,,,,0
98,740,car,576.36,80.43,609.04,118.48,0.328,,,,,0
98,741,bike,545.92,79.87,563.68,108.65,0.3148,,,,,0
98,515,bike,780.43,73.42,810.91,118.62,0.2869,,,,,0
99,3,car,932.97,237.21,1280.0,522.76,0.911,main_carriageway,47.0,46.25,0.701,0
99,9,car,587.7,150.49,731.94,280.52,0.9003,main_carriageway,8.95,10.45,0.76,0
99,10,car,421.07,279.25,632.58,483.12,0.9369,main_carriageway,27.45,36.03,0.796,0
99,13,bike,464.89,165.26,509.06,247.45,0.9204,main_carriageway,12.1,6.88,0.494,0
99,14,car,1077.53,61.18,1199.09,150.59,0.8257,,,,,0
99,15,bike,772.44,201.44,855.37,347.71,0.9095,main_carriageway,39.76,17.14,0.396,0
99,16,car,1184.2,64.34,1279.58,159.81,0.836,,,,,0
99,18,car,855.25,58.24,973.77,127.07,0.8724,,,,,0
99,23,car,595.84,97.17,669.49,159.57,0.9446,,,,,0
99,24,bike,796.01,95.81,834.79,166.32,0.898,,,,,0
99,25,car,706.98,53.08,790.13,98.79,0.6699,,,,,0
99,27,bus,956.51,42.48,1033.27,109.66,0.5281,,,,,0
99,32,car,472.15,98.43,518.26,137.72,0.8862,,,,,0
99,22,bike,318.73,97.87,337.42,136.11,0.3084,,,,,0
99,350,bike,526.77,85.14,544.51,119.18,0.6936,,,,,0
99,449,bike,732.71,131.05,780.58,217.25,0.9274,main_carriageway,24.69,7.45,0.289,0
99,532,bike,111.04,168.57,129.35,205.45,0.3489,,,,,0
99,599,car,809.85,58.23,872.53,105.22,0.4354,,,,,0
99,621,bike,42.62,223.91,66.46,270.89,0.8299,opposite_carriageway,6.18,-6.45,0.722,0
99,714,bike,3.73,220.87,27.29,271.99,0.3885,,,,,0
99,740,car,576.56,80.68,609.34,118.82,0.2431,,,,,0
99,741,bike,546.71,79.37,564.8,108.69,0.2968,,,,,0
99,589,rickshaw,71.03,185.8,103.21,229.96,0.3153,opposite_carriageway,12.78,-11.56,0.671,0
100,3,car,942.83,246.59,1280.0,538.87,0.9185,main_carriageway,45.05,57.86,0.789,0
100,9,car,589.72,151.26,736.79,284.23,0.9131,main_carriageway,11.06,13.18,0.766,0
100,10,car,425.49,284.14,642.07,492.95,0.9371,main_carriageway,31.95,42.06,0.796,0
100,13,bike,468.16,165.96,513.24,249.76,0.9132,main_carriageway,14.5,8.52,0.507,0
100,14,car,1077.43,61.16,1199.06,150.61,0.832,,,,,0
100,15,bike,785.05,203.73,869.41,352.34,0.917,main_carriageway,49.31,20.64,0.386,0
100,16,car,1184.1,64.18,1279.66,159.83,0.835,,,,,0
100,18,car,857.22,58.19,974.85,127.0,0.873,,,,,0
100,23,car,598.19,97.49,672.65,160.51,0.9483,,,,,0
100,24,bike,802.44,96.49,841.65,167.91,0.8843,,,,,0
100,25,car,706.91,53.2,789.89,98.76,0.6521,,,,,0
100,27,bus,956.59,42.49,1033.23,109.68,0.5346,,,,,0
100,32,car,473.0,98.57,519.18,137.79,0.8826,,,,,0
100,22,bike,318.7,97.91,337.44,136.53,0.3798,,,,,0
100,350,bike,528.01,85.69,545.4,119.19,0.6901,,,,,0
100,449,bike,740.49,131.44,789.22,219.35,0.9019,main_carriageway,30.35,8.91,0.282,0
100,532,bike,111.55,168.27,129.78,205.18,0.3599,,,,,0
100,599,car,810.33,58.7,872.58,105.62,0.4183,,,,,0
100,621,bike,45.28,223.26,68.53,269.47,0.7749,opposite_carriageway,7.88,-7.33,0.681,0
100,714,bike,4.9,220.33,28.0,269.63,0.3214,opposite_carriageway,4.28,-7.57,0.87,0
100,740,car,577.4,79.63,610.98,118.65,0.3118,,,,,0
100,741,bike,546.38,80.45,565.51,111.39,0.3725,,,,,0
100,589,rickshaw,71.97,185.39,103.81,228.64,0.4864,opposite_carriageway,11.5,-11.36,0.703,0
100,515,bike,781.01,72.33,809.93,114.96,0.316,,,,,0
101,3,car,947.86,250.11,1280.0,545.12,0.9182,main_carriageway,31.09,52.89,0.862,0
101,9,car,590.58,151.55,738.44,285.58,0.9131,main_carriageway,10.01,12.55,0.782,0
101,10,car,427.14,285.94,645.53,496.53,0.9372,main_carriageway,28.68,38.66,0.803,0
101,13,bike,469.33,166.21,514.77,250.6,0.9133,main_carriageway,13.14,7.31,0.486,0
101,14,car,1077.38,61.15,1199.05,150.61,0.8321,,,,,0
101,15,bike,789.68,204.54,874.63,354.04,0.9169,main_carriageway,44.37,17.8,0.372,0
101,16,car,1184.05,64.11,1279.68,159.83,0.8349,,,,,0
101,18,car,858.2,58.16,975.04,126.98,0.873,,,,,0
101,23,car,599.01,97.6,673.78,160.84,0.9485,,,,,0
101,24,bike,804.79,96.74,844.11,168.48,0.8848,,,,,0
101,25,car,706.86,53.25,789.83,98.74,0.6528,,,,,0
101,27,bus,956.64,42.49,1033.18,109.68,0.5346,,,,,0
101,32,car,473.27,98.65,519.52,137.81,0.8822,,,,,0
101,22,bike,318.73,97.91,337.4,136.68,0.3852,,,,,0
101,350,bike,528.49,85.92,545.7,119.19,0.6884,,,,,0
101,449,bike,743.36,131.55,792.35,220.1,0.9023,main_carriageway,27.29,7.74,0.273,0
101,532,bike,111.69,168.08,129.9,205.12,0.3588,,,,,0
101,599,car,810.61,58.88,872.5,105.77,0.4131,,,,,0
101,621,bike,46.25,223.02,69.19,268.96,0.7688,opposite_carriageway,7.25,-5.46,0.601,0
101,714,bike,5.12,220.15,28.36,268.92,0.3035,opposite_carriageway,3.64,-6.11,0.859,0
101,740,car,577.66,79.32,611.53,118.58,0.308,,,,,0
101,741,bike,546.25,80.8,565.75,112.23,0.3728,,,,,0
101,589,rickshaw,72.18,185.27,104.08,228.24,0.4707,opposite_carriageway,7.52,-9.31,0.778,0
101,515,bike,781.1,72.07,809.74,114.07,0.3175,,,,,0
102,3,car,953.19,256.2,1280.0,561.21,0.9014,main_carriageway,18.71,55.97,0.948,0
102,9,car,592.84,152.12,742.28,287.99,0.9245,main_carriageway,10.98,11.33,0.718,0
102,10,car,430.19,291.67,656.32,510.26,0.9505,main_carriageway,27.78,41.16,0.829,0
102,13,bike,472.41,166.95,518.66,252.56,0.9333,main_carriageway,12.63,7.86,0.528,0
102,14,car,1077.11,61.08,1198.93,150.68,0.8453,,,,,0
102,15,bike,800.22,206.58,887.24,359.64,0.9139,main_carriageway,44.83,19.14,0.393,0
102,16,car,1183.95,64.19,1279.57,159.87,0.8442,,,,,0
102,18,car,859.13,58.28,975.16,127.09,0.8766,,,,,0
102,23,car,601.3,98.03,676.29,161.3,0.9616,,,,,0
102,24,bike,808.78,97.76,848.39,169.86,0.8387,,,,,0
102,25,car,706.79,53.18,790.19,98.89,0.6516,,,,,0
102,27,bus,956.7,42.5,1033.16,109.7,0.5445,,,,,0
102,32,car,474.08,99.17,521.11,138.86,0.8733,,,,,0
102,22,bike,318.96,98.35,337.51,137.11,0.3983,,,,,0
102,350,bike,529.71,87.19,546.67,119.78,0.7299,,,,,0
102,449,bike,748.46,132.35,798.53,223.15,0.8924,main_carriageway,25.45,8.59,0.32,0
102,532,bike,112.27,168.14,130.08,204.28,0.3873,,,,,0
102,599,car,809.3,59.14,871.95,106.87,0.4206,,,,,0
102,621,bike,47.68,221.07,70.38,266.68,0.7517,opposite_carriageway,6.66,-5.76,0.654,0
102,714,bike,5.93,219.11,29.79,268.16,0.4746,opposite_carriageway,3.94,-5.56,0.816,0
102,740,car,579.29,78.56,613.82,118.56,0.3221,,,,,0
102,741,bike,546.83,79.85,566.43,111.35,0.4904,,,,,0
102,589,rickshaw,72.33,184.72,104.72,228.08,0.5104,opposite_carriageway,7.56,-9.26,0.774,0
102,515,bike,781.11,72.1,809.04,112.84,0.4062,,,,,0
103,3,car,958.71,262.21,1280.0,583.61,0.9103,main_carriageway,15.96,73.42,0.977,0
103,9,car,595.67,154.94,747.29,293.06,0.9201,main_carriageway,14.16,15.16,0.731,0
103,10,car,432.99,297.02,669.64,526.71,0.9405,main_carriageway,32.93,53.37,0.851,0
103,13,bike,476.41,167.96,523.2,254.88,0.8944,main_carriageway,15.44,9.7,0.532,0
103,14,car,1077.06,61.06,1198.9,150.71,0.8478,,,,,0
103,15,bike,813.07,210.06,902.11,366.48,0.9098,main_carriageway,54.62,24.41,0.408,0
103,16,car,1183.87,64.15,1279.57,159.87,0.8426,,,,,0
103,18,car,861.19,58.53,975.4,126.78,0.8653,,,,,0
103,23,car,604.18,98.56,679.62,162.19,0.9568,,,,,0
103,24,bike,813.72,97.46,854.46,171.28,0.8802,,,,,0
103,25,car,705.61,52.92,790.63,99.57,0.65,,,,,0
103,27,bus,956.64,42.47,1033.11,109.73,0.4903,,,,,0
103,32,car,474.78,98.41,523.52,139.58,0.8804,,,,,0
103,22,bike,318.91,98.25,337.54,137.45,0.3947,,,,,0
103,350,bike,530.9,87.82,547.75,119.96,0.7739,,,,,0
103,449,bike,756.41,133.63,806.9,225.01,0.885,main_carriageway,30.87,9.66,0.299,0
103,532,bike,113.37,168.57,130.51,203.22,0.3512,,,,,0
103,599,car,808.39,59.27,871.64,107.79,0.4809,,,,,0
103,621,bike,49.76,220.67,72.1,265.17,0.7579,opposite_carriageway,7.92,-6.58,0.639,0
103,714,bike,6.54,218.32,31.05,267.57,0.4863,opposite_carriageway,4.65,-5.75,0.778,0
103,740,car,579.73,79.09,614.1,118.68,0.2996,,,,,0
103,741,bike,547.43,78.83,567.16,110.48,0.4832,,,,,0
103,589,rickshaw,72.71,183.58,105.82,227.65,0.5268,opposite_carriageway,7.19,-8.68,0.77,0
103,515,bike,780.73,71.79,808.92,112.76,0.4116,,,,,0
104,3,car,963.98,264.52,1280.0,592.12,0.9111,main_carriageway,15.5,69.36,0.976,0
104,9,car,596.81,156.0,749.05,294.93,0.9199,main_carriageway,13.11,14.41,0.74,0
104,10,car,434.27,299.02,674.39,532.92,0.9406,main_carriageway,27.5,49.8,0.875,0
104,13,bike,477.9,168.33,524.81,255.73,0.8946,main_carriageway,14.38,8.28,0.499,0
104,14,car,1077.04,61.05,1198.87,150.71,0.847,,,,,0
104,15,bike,817.75,211.38,907.6,369.02,0.9098,main_carriageway,48.77,21.31,0.4,0
104,16,car,1183.85,64.14,1279.58,159.87,0.8429,,,,,0
104,18,car,862.26,58.63,975.32,126.66,0.8656,,,,,0
104,23,car,605.2,98.76,680.81,162.5,0.957,,,,,0
104,24,bike,815.45,97.33,856.7,171.79,0.8796,,,,,0
104,25,car,705.21,52.83,790.77,99.83,0.6489,,,,,0
104,27,bus,956.63,42.46,1033.08,109.74,0.4931,,,,,0
104,32,car,475.0,98.01,524.49,139.84,0.8811,,,,,0
104,22,bike,318.92,98.18,337.53,137.56,0.3965,,,,,0
104,350,bike,531.3,88.04,548.18,120.02,0.7749,,,,,0
104,449,bike,759.29,134.11,809.97,225.66,0.8849,main_carriageway,27.99,8.41,0.288,0
104,532,bike,113.75,168.74,130.7,202.85,0.3559,,,,,0
104,599,car,808.15,59.32,871.48,108.23,0.4736,,,,,0
104,621,bike,50.42,220.58,72.72,264.66,0.7616,opposite_carriageway,7.03,-6.23,0.663,0
104,714,bike,6.57,218.04,31.68,267.41,0.487,,,,,0
104,740,rickshaw,580.9,78.94,615.47,118.76,0.2866,,,,,0
104,741,bike,547.62,78.46,567.42,110.13,0.4828,,,,,0
104,589,rickshaw,72.78,183.18,106.24,227.51,0.5268,,,,,0
104,515,bike,780.57,71.68,808.91,112.74,0.4039,,,,,0
105,3,car,974.44,272.71,1280.0,610.58,0.8874,main_carriageway,15.81,71.71,0.977,0
105,9,car,599.41,156.55,753.22,297.05,0.9198,main_carriageway,13.06,12.82,0.701,0
105,10,car,441.03,302.9,686.27,542.55,0.9323,main_carriageway,29.87,49.6,0.857,0
105,13,bike,481.57,170.21,528.22,257.15,0.8878,main_carriageway,14.19,7.39,0.462,0
105,14,car,1077.19,61.08,1198.8,150.63,0.8405,,,,,0
105,15,bike,828.2,213.82,920.73,376.4,0.9166,main_carriageway,47.24,24.06,0.454,0
105,16,car,1183.86,64.13,1279.61,159.87,0.8408,,,,,0
105,18,car,864.38,59.36,975.48,126.76,0.8588,,,,,0
105,23,car,608.34,99.11,684.52,163.31,0.9547,,,,,0
105,24,bike,822.1,100.61,862.75,173.85,0.8506,,,,,0
105,25,car,706.04,52.98,790.37,99.3,0.628,,,,,0
105,27,bus,956.69,42.48,1033.04,109.74,0.5441,,,,,0
105,32,car,475.92,98.53,525.82,140.76,0.8914,,,,,0
105,22,bike,319.29,99.57,337.52,138.35,0.4028,,,,,0
105,350,bike,532.69,88.61,549.45,120.18,0.7507,,,,,0
105,449,bike,765.84,135.89,817.39,228.91,0.8734,main_carriageway,26.76,9.56,0.336,0
105,532,bike,115.02,168.32,131.85,202.05,0.4827,,,,,0
105,599,car,808.34,59.49,871.71,108.94,0.3592,,,,,0
105,621,bike,52.46,218.6,74.98,263.04,0.698,opposite_carriageway,6.81,-6.43,0.686,0
105,714,bike,10.65,218.5,35.36,266.81,0.3079,opposite_carriageway,6.56,-2.82,0.395,0
105,740,rickshaw,582.38,79.61,616.56,118.96,0.3453,,,,,0
105,741,bike,548.44,78.07,568.34,109.86,0.4679,,,,,0
105,589,rickshaw,73.39,182.85,106.64,226.53,0.2946,,,,,0
105,515,bike,780.61,71.77,809.1,112.77,0.4347,,,,,0
106,3,car,994.48,284.48,1280.0,618.58,0.8454,main_carriageway,23.31,73.46,0.953,0
106,9,car,603.05,158.81,758.58,300.95,0.914,main_carriageway,16.31,15.37,0.686,0
106,10,car,444.8,309.53,704.73,565.24,0.9085,main_carriageway,38.43,68.71,0.873,0
106,13,bike,486.02,171.23,533.44,259.37,0.907,main_carriageway,17.68,8.77,0.444,0
106,14,car,1077.17,61.12,1198.54,150.51,0.8354,,,,,0
106,15,bike,842.68,216.59,937.26,382.12,0.9288,main_carriageway,57.82,28.08,0.437,0
106,16,car,1183.84,64.09,1279.63,159.86,0.8381,,,,,0
106,18,car,865.86,59.64,975.86,127.02,0.8464,,,,,0
106,23,car,612.12,100.58,688.11,164.3,0.9293,,,,,0
106,24,bike,827.77,99.56,870.01,175.53,0.8715,,,,,0
106,25,car,705.35,52.98,790.46,99.77,0.6046,,,,,0
106,27,bus,956.66,42.51,1032.92,109.76,0.5448,,,,,0
106,32,car,476.49,98.92,527.19,141.91,0.8687,,,,,0
106,22,bike,319.73,101.09,337.69,139.44,0.601,,,,,0
106,350,bike,533.8,88.9,550.74,120.65,0.686,,,,,0
106,449,bike,773.78,136.63,826.33,231.57,0.9072,main_carriageway,32.2,11.47,0.336,0
106,532,bike,116.19,167.6,133.21,201.67,0.5408,,,,,0
106,599,car,809.23,59.63,871.28,108.29,0.3855,,,,,0
106,621,bike,53.65,214.83,77.13,261.13,0.76,opposite_carriageway,7.67,-7.83,0.714,0
106,740,rickshaw,583.63,80.21,617.69,119.41,0.4685,,,,,0
106,741,bike,548.97,77.57,569.23,109.93,0.4774,,,,,0
106,589,rickshaw,74.85,182.99,107.78,225.43,0.3151,,,,,0
106,515,bike,780.7,71.91,809.23,112.73,0.4026,,,,,0
107,3,car,1005.56,289.17,1280.0,621.37,0.8468,main_carriageway,26.18,60.16,0.917,0
107,9,car,604.41,159.57,760.55,302.36,0.9145,main_carriageway,14.92,14.37,0.694,0
107,10,car,446.75,312.02,711.17,573.73,0.9082,main_carriageway,35.71,63.47,0.872,0
107,13,bike,487.6,171.61,535.35,260.17,0.9074,main_carriageway,15.94,7.61,0.431,0
107,14,car,1077.2,61.13,1198.45,150.46,0.8348,,,,,0
107,15,bike,847.93,217.61,943.44,384.2,0.9289,main_carriageway,51.95,24.56,0.427,0
107,16,car,1183.88,64.08,1279.67,159.85,0.8379,,,,,0
107,18,car,866.73,59.76,975.7,127.1,0.8459,,,,,0
107,23,car,613.44,101.19,689.48,164.64,0.9297,,,,,0
107,24,bike,829.81,99.19,872.64,176.13,0.8699,,,,,0
107,25,car,705.11,52.98,790.47,99.94,0.6038,,,,,0
107,27,bus,956.67,42.53,1032.85,109.76,0.5457,,,,,0
107,32,car,476.72,99.09,527.63,142.33,0.8689,,,,,0
107,22,bike,319.91,101.63,337.73,139.84,0.5997,,,,,0
107,350,bike,534.17,88.99,551.23,120.83,0.6867,,,,,0
107,449,bike,776.67,136.84,829.59,232.54,0.9059,main_carriageway,29.63,9.39,0.302,0
107,532,bike,116.59,167.34,133.73,201.6,0.5381,,,,,0
107,599,car,809.66,59.7,871.03,108.04,0.3826,,,,,0
107,621,bike,54.05,213.47,77.88,260.45,0.7569,opposite_carriageway,6.94,-6.23,0.668,0
107,740,rickshaw,584.07,80.42,618.09,119.57,0.4731,,,,,0
107,741,bike,549.15,77.41,569.54,109.96,0.4779,,,,,0
107,589,rickshaw,75.21,183.05,108.32,225.03,0.3034,,,,,0
107,515,bike,780.69,71.97,809.32,112.74,0.4021,,,,,0
108,3,car,1027.05,297.18,1280.0,615.73,0.8788,main_carriageway,34.17,32.12,0.685,0
108,9,car,606.84,162.16,764.42,306.22,0.9093,main_carriageway,14.15,13.16,0.681,0
108,10,car,447.66,317.27,728.84,598.06,0.8957,main_carriageway,36.93,71.35,0.888,0
108,13,bike,491.47,173.55,538.96,261.19,0.9116,main_carriageway,15.41,6.31,0.379,0
108,14,car,1077.24,61.12,1198.19,150.34,0.8344,,,,,0
108,15,bike,860.63,221.35,957.6,389.6,0.9092,main_carriageway,51.52,23.12,0.409,0
108,16,car,1183.32,63.8,1279.47,159.86,0.8273,,,,,0
108,18,car,869.02,60.48,975.72,126.92,0.8273,,,,,0
108,23,car,615.94,102.12,692.84,166.1,0.9234,,,,,0
108,24,bike,836.03,102.55,877.66,177.16,0.8435,,,,,0
108,25,car,706.05,52.89,790.13,99.16,0.6084,,,,,0
108,27,bus,956.35,42.45,1032.57,109.68,0.5589,,,,,0
108,32,car,477.33,99.2,528.23,142.51,0.8501,,,,,0
108,22,bike,320.09,102.19,337.68,140.02,0.5523,,,,,0
108,350,bike,534.85,90.0,552.04,121.88,0.6132,,,,,0
108,449,bike,784.03,138.49,837.54,235.1,0.8961,main_carriageway,29.13,10.09,0.327,0
108,532,bike,116.9,167.87,133.87,201.68,0.434,,,,,0
108,599,car,810.35,59.76,870.89,107.4,0.3607,,,,,0
108,621,bike,54.81,211.5,79.04,259.27,0.718,opposite_carriageway,6.0,-5.9,0.701,0
108,740,rickshaw,586.08,80.89,619.61,119.27,0.336,,,,,0
108,741,bike,549.66,78.48,569.39,109.91,0.4126,,,,,0
108,589,rickshaw,75.72,183.26,108.57,224.27,0.3298,,,,,0
108,515,bike,780.6,71.94,809.44,112.95,0.3324,,,,,0
108,714,bike,17.38,213.41,42.27,262.41,0.3157,opposite_carriageway,13.09,-6.51,0.445,0
109,3,car,1055.07,309.95,1280.0,610.42,0.8287,main_carriageway,45.54,18.3,0.373,0
109,9,car,611.08,166.32,767.97,309.41,0.8883,main_carriageway,16.6,14.48,0.657,0
109,10,car,459.69,325.26,741.99,607.88,0.9199,main_carriageway,46.51,74.96,0.85,0
109,13,bike,495.76,174.57,543.93,263.61,0.9181,main_carriageway,18.49,7.88,0.392,0
109,14,car,1077.54,61.19,1197.99,150.28,0.8215,,,,,0
109,15,bike,876.41,224.74,975.73,396.23,0.9067,main_carriageway,63.39,27.21,0.394,0
109,16,car,1183.28,63.91,1279.4,159.87,0.8271,,,,,0
109,18,car,867.12,59.59,974.19,126.58,0.8285,,,,,0
109,23,car,618.07,102.02,696.7,167.39,0.9338,,,,,0
109,24,bike,842.1,102.45,884.89,178.97,0.8589,,,,,0
109,25,car,706.4,52.87,789.97,98.87,0.5415,,,,,0
109,27,bus,956.43,42.4,1032.67,109.74,0.5636,,,,,0
109,32,car,477.57,98.85,529.09,142.82,0.8427,,,,,0
109,22,bike,320.12,103.21,337.71,141.11,0.6086,,,,,0
109,350,bike,535.48,90.72,552.95,122.94,0.4176,,,,,0
109,449,bike,792.5,139.72,847.2,238.47,0.8853,main_carriageway,35.22,12.81,0.342,0
109,532,bike,116.91,165.8,134.84,201.58,0.4498,,,,,0
109,599,car,810.45,60.02,870.9,107.45,0.3161,,,,,0
109,621,bike,56.62,211.07,80.17,257.67,0.6265,opposite_carriageway,6.82,-6.99,0.716,0
109,740,rickshaw,588.5,80.81,622.41,119.32,0.328,,,,,0
109,741,bike,551.07,80.04,569.62,109.76,0.4118,,,,,0
109,589,rickshaw,75.8,182.97,109.2,224.28,0.3373,,,,,0
109,515,bike,780.58,72.35,809.24,113.03,0.2953,,,,,0
110,3,car,1068.15,314.6,1280.0,607.98,0.8286,main_carriageway,46.86,-2.6,-0.055,0
110,9,car,612.56,167.9,769.29,310.53,0.8881,main_carriageway,14.61,13.48,0.678,0
110,10,car,464.66,328.34,746.75,611.38,0.9196,main_carriageway,42.06,68.83,0.853,0
110,13,bike,497.34,174.89,545.68,264.38,0.9185,main_carriageway,16.62,7.23,0.399,0
110,14,car,1077.73,61.21,1197.83,150.27,0.8212,,,,,0
110,15,bike,882.07,225.98,982.49,398.63,0.9064,main_carriageway,57.81,22.23,0.359,0
110,16,car,1183.24,63.95,1279.39,159.87,0.8265,,,,,0
110,18,car,866.71,59.26,973.58,126.44,0.8269,,,,,0
110,23,car,618.77,101.99,698.07,167.86,0.9337,,,,,0
110,24,bike,844.24,102.41,887.5,179.62,0.8591,,,,,0
110,25,car,706.37,52.75,790.02,98.83,0.5437,,,,,0
110,27,bus,956.5,42.38,1032.71,109.78,0.5644,,,,,0
110,32,car,477.67,98.66,529.37,142.91,0.8421,,,,,0
110,22,bike,320.13,103.56,337.71,141.5,0.6086,,,,,0
110,350,bike,535.67,90.99,553.29,123.32,0.4164,,,,,0
110,449,bike,795.64,140.22,850.75,239.7,0.8847,main_carriageway,31.58,10.79,0.323,0
110,532,bike,116.92,165.19,135.15,201.56,0.451,,,,,0
110,599,car,810.4,60.06,870.93,107.44,0.3208,,,,,0
110,621,bike,57.28,210.99,80.49,257.07,0.6219,opposite_carriageway,5.16,-5.97,0.756,0
110,740,rickshaw,589.28,80.76,623.47,119.29,0.3298,,,,,0
110,741,bike,551.6,80.61,569.66,109.71,0.4118,,,,,0
110,589,rickshaw,75.71,182.88,109.49,224.31,0.3294,,,,,0
110,515,bike,780.54,72.49,809.18,113.06,0.3006,,,,,0
110,826,car,586.77,79.85,624.54,118.8,0.3184,,,,,0
111,3,car,1091.25,326.08,1280.0,608.98,0.7743,main_carriageway,48.38,-9.6,-0.195,0
111,9,car,613.93,167.94,775.78,315.35,0.9036,main_carriageway,14.04,14.4,0.716,0
111,10,car,475.31,333.41,759.07,617.55,0.8941,main_carriageway,42.43,52.31,0.777,0
111,13,bike,500.6,175.55,549.92,266.85,0.9379,main_carriageway,15.53,7.48,0.434,0
111,14,car,1077.54,61.01,1197.81,150.34,0.8273,,,,,0
111,15,bike,894.37,228.45,998.03,405.89,0.9084,main_carriageway,56.23,23.77,0.389,0
111,16,car,1183.17,63.85,1279.47,159.88,0.8409,,,,,0
111,18,car,866.01,59.03,971.81,125.54,0.8504,,,,,0
111,23,car,622.05,102.44,702.3,169.06,0.9368,,,,,0
111,24,bike,850.45,104.69,893.52,181.27,0.8905,main_carriageway,23.1,5.74,0.241,0
111,25,car,706.28,52.56,790.27,98.88,0.6287,,,,,0
111,27,bus,956.32,42.35,1032.58,109.8,0.5722,,,,,0
111,32,car,479.02,99.47,530.25,143.38,0.8373,,,,,0
111,22,bike,320.32,104.65,337.65,142.02,0.5822,,,,,0
111,350,bike,536.72,90.83,554.04,122.47,0.3682,,,,,0
111,449,bike,803.18,142.34,858.71,242.56,0.9091,main_carriageway,30.89,10.99,0.335,0
111,532,bike,116.85,164.62,135.24,201.27,0.3727,,,,,0
111,599,car,811.21,59.87,871.02,106.48,0.2517,,,,,0
111,621,bike,60.19,212.12,82.4,255.98,0.2953,opposite_carriageway,5.91,-5.15,0.657,0
111,740,rickshaw,589.44,80.54,624.39,119.71,0.3152,,,,,0
111,741,bike,551.89,81.2,570.0,110.53,0.4253,,,,,0
111,515,bike,780.39,72.19,809.34,113.13,0.2846,,,,,0
111,826,car,587.11,80.04,625.27,119.42,0.3063,,,,,0
112,3,car,1117.81,342.14,1280.0,612.32,0.696,main_carriageway,56.12,-9.05,-0.159,0
112,9,car,617.72,170.15,781.79,319.42,0.9217,main_carriageway,17.27,17.06,0.703,0
112,10,car,488.04,340.31,774.31,624.0,0.906,main_carriageway,52.21,50.27,0.694,0
112,13,bike,504.51,176.25,555.11,269.77,0.9249,main_carriageway,18.33,9.6,0.464,0
112,14,car,1077.82,60.98,1197.9,150.34,0.8171,,,,,0
112,15,bike,910.54,231.57,1018.62,416.08,0.9284,main_carriageway,68.89,31.88,0.42,0
112,16,car,1183.12,63.79,1279.52,159.89,0.8352,,,,,0
112,18,car,870.96,60.33,972.34,124.16,0.7785,,,,,0
112,23,car,625.69,103.03,706.86,170.28,0.9205,,,,,0
112,24,bike,857.21,104.68,901.57,183.45,0.8931,main_carriageway,28.17,7.32,0.252,0
112,25,car,706.32,52.55,790.36,98.94,0.6522,,,,,0
112,27,bus,956.22,42.37,1032.49,109.85,0.5738,,,,,0
112,32,car,480.18,100.67,531.04,144.2,0.8622,,,,,0
112,22,bike,320.36,104.93,337.81,142.56,0.6023,,,,,0
112,350,bike,537.45,89.99,555.1,122.06,0.3737,,,,,0
112,449,bike,812.97,144.68,868.95,245.4,0.8984,main_carriageway,37.83,12.86,0.322,0
112,532,bike,115.45,163.61,133.85,200.26,0.2962,,,,,0
112,740,rickshaw,590.39,79.56,626.39,119.74,0.2309,,,,,0
112,741,bike,552.14,80.22,571.0,110.92,0.4929,,,,,0
112,515,bike,780.22,71.81,809.56,113.25,0.3297,,,,,0
112,826,car,588.48,79.51,627.54,119.85,0.2829,,,,,0
112,714,bike,25.02,210.05,49.21,257.98,0.2881,opposite_carriageway,19.26,-10.18,0.467,0
113,9,car,621.69,172.63,789.09,324.55,0.9274,main_carriageway,19.76,18.33,0.68,0
113,10,car,506.05,351.14,788.63,624.0,0.9043,main_carriageway,59.09,25.94,0.402,0
113,13,bike,509.83,177.37,561.23,272.52,0.9148,main_carriageway,20.31,11.33,0.487,0
113,14,car,1077.79,60.93,1197.85,150.39,0.8258,,,,,0
113,15,bike,929.44,235.86,1041.0,425.46,0.9027,main_carriageway,76.11,35.86,0.426,0
113,16,car,1183.08,63.72,1279.58,159.91,0.8322,,,,,0
113,18,car,876.81,62.6,974.07,124.23,0.7126,,,,,0
113,23,car,628.37,103.41,711.01,171.97,0.9024,,,,,0
113,24,bike,863.21,102.61,909.87,185.58,0.885,main_carriageway,29.69,8.42,0.273,0
113,25,car,706.43,52.57,790.25,98.86,0.6859,,,,,0
113,27,bus,955.18,42.11,1032.27,110.25,0.5077,,,,,0
113,32,car,481.52,101.68,532.18,144.85,0.8771,,,,,0
113,22,bike,320.53,105.5,337.86,142.8,0.6177,,,,,0
113,350,bike,539.04,89.09,557.12,121.76,0.4489,,,,,0
113,449,bike,822.73,145.65,880.48,249.45,0.9237,main_carriageway,40.82,14.35,0.332,0
113,532,bike,114.81,162.41,133.56,199.72,0.316,,,,,0
113,741,bike,553.31,80.29,572.44,111.41,0.4788,,,,,0
113,515,bike,779.99,71.35,809.81,113.48,0.2883,,,,,0
113,826,car,589.05,78.14,629.97,120.54,0.3535,,,,,0
113,848,bike,1196.33,360.09,1280.0,621.34,0.5158,,,,,0
113,589,rickshaw,78.65,182.65,112.09,223.1,0.3537,,,,,0
114,9,car,623.05,173.55,791.86,326.41,0.9271,main_carriageway,17.93,17.0,0.688,0
114,10,car,511.7,355.14,794.87,624.0,0.9044,main_carriageway,52.44,16.12,0.294,0
114,13,bike,511.79,177.77,563.43,273.53,0.9149,main_carriageway,17.76,9.92,0.488,0
114,14,car,1077.82,60.91,1197.79,150.4,0.8262,,,,,0
114,15,bike,936.37,237.47,1049.5,428.96,0.9026,main_carriageway,66.87,32.73,0.44,0
114,16,car,1183.05,63.7,1279.61,159.91,0.8323,,,,,0
114,18,car,879.08,63.42,974.53,124.27,0.713,,,,,0
114,23,car,629.33,103.53,712.48,172.59,0.9024,,,,,0
114,24,bike,865.41,101.8,912.9,186.36,0.8853,main_carriageway,25.66,7.39,0.277,0
114,25,car,706.49,52.58,790.2,98.84,0.6859,,,,,0
114,27,bus,954.77,42.02,1032.21,110.4,0.5072,,,,,0
114,32,car,481.94,102.06,532.64,145.07,0.877,,,,,0
114,22,bike,320.58,105.69,337.89,142.87,0.6175,,,,,0
114,350,bike,539.58,88.74,557.88,121.63,0.4487,,,,,0
114,449,bike,826.25,145.96,884.71,250.93,0.9235,main_carriageway,35.63,12.46,0.33,0
114,532,bike,114.53,162.0,133.39,199.53,0.3143,,,,,0
114,741,bike,553.73,80.32,572.99,111.59,0.4787,,,,,0
114,515,bike,779.9,71.18,809.9,113.57,0.2881,,,,,0
114,826,car,589.27,77.69,630.68,120.75,0.3543,,,,,0
114,848,bike,1199.7,362.77,1280.0,622.47,0.5171,,,,,0
114,861,bike,275.18,104.18,292.38,138.34,0.3128,,,,,0
114,589,rickshaw,78.86,182.66,112.58,222.97,0.3566,,,,,0
115,9,car,623.38,173.85,792.87,327.0,0.9271,main_carriageway,17.2,16.47,0.692,0
115,10,car,512.54,356.48,797.93,624.0,0.9043,main_carriageway,49.53,12.62,0.247,0
115,13,bike,512.45,177.89,564.12,273.84,0.9149,main_carriageway,16.78,9.46,0.491,0
115,14,car,1077.86,60.9,1197.73,150.41,0.8262,,,,,0
115,15,bike,938.54,238.0,1052.46,430.12,0.9026,main_carriageway,63.22,31.49,0.446,0
115,16,car,1183.04,63.69,1279.62,159.92,0.8323,,,,,0
115,18,car,880.02,63.71,974.53,124.29,0.713,,,,,0
115,23,car,629.64,103.56,712.9,172.79,0.9024,,,,,0
115,24,bike,866.1,101.47,913.86,186.61,0.8853,main_carriageway,24.11,6.99,0.278,0
115,25,car,706.52,52.58,790.16,98.83,0.6859,,,,,0
115,27,bus,954.61,41.98,1032.21,110.46,0.5072,,,,,0
115,32,car,482.01,102.19,532.83,145.14,0.877,,,,,0
115,22,bike,320.59,105.75,337.9,142.88,0.6175,,,,,0
115,350,bike,539.73,88.6,558.17,121.58,0.4487,,,,,0
115,449,bike,827.36,146.05,886.09,251.42,0.9235,main_carriageway,33.53,11.72,0.33,0
115,532,bike,114.41,161.87,133.32,199.48,0.3143,,,,,0
115,741,bike,553.87,80.32,573.17,111.66,0.4787,,,,,0
115,515,bike,779.87,71.11,809.93,113.61,0.2882,,,,,0
115,826,car,589.38,77.56,630.8,120.81,0.3543,,,,,0
115,848,bike,1201.11,363.63,1280.0,622.84,0.5171,,,,,0
115,861,bike,275.18,104.18,292.38,138.34,0.3129,,,,,0
115,589,rickshaw,78.82,182.66,112.85,222.92,0.3566,,,,,0
116,9,car,625.78,176.0,797.99,331.38,0.9362,main_carriageway,17.03,16.03,0.685,0
116,10,car,526.78,363.12,810.14,624.0,0.9056,main_carriageway,51.27,6.45,0.125,0
116,13,bike,515.46,178.22,567.69,274.87,0.9145,main_carriageway,16.32,8.02,0.441,0
116,14,car,1077.95,60.87,1197.81,150.45,0.8285,,,,,0
116,15,bike,951.2,240.79,1069.06,438.41,0.9118,main_carriageway,63.93,32.52,0.453,0
116,16,car,1182.95,63.67,1279.58,159.92,0.8368,,,,,0
116,18,car,872.2,60.92,971.29,124.27,0.7773,,,,,0
116,23,car,632.34,104.47,716.25,174.12,0.9138,,,,,0
116,24,bike,871.39,101.49,920.28,188.62,0.9086,main_carriageway,23.85,7.35,0.295,0
116,25,car,706.62,52.63,790.09,98.79,0.6967,,,,,0
116,27,bus,954.47,41.95,1032.23,110.46,0.4677,,,,,0
116,32,car,482.2,102.69,533.42,145.75,0.8773,,,,,0
116,22,bike,320.38,105.13,337.99,142.88,0.5965,,,,,0
116,350,bike,540.19,88.38,558.85,121.7,0.4993,,,,,0
116,449,bike,834.8,147.63,894.31,254.17,0.8944,main_carriageway,33.61,11.61,0.327,0
116,741,bike,554.48,79.39,574.51,111.97,0.4174,,,,,0
116,515,bike,779.83,71.02,809.97,113.61,0.3279,,,,,0
116,826,car,589.95,75.79,633.17,121.17,0.3159,,,,,0
116,861,bike,274.82,103.76,292.37,138.6,0.2654,,,,,0
116,589,rickshaw,79.75,182.52,114.34,223.38,0.4662,,,,,0
117,9,car,629.05,177.61,805.48,336.81,0.9296,main_carriageway,17.51,17.39,0.705,0
117,10,car,545.38,373.1,826.92,624.0,0.8955,main_carriageway,54.98,0.0,0.0,0
117,13,bike,519.69,179.8,572.74,277.55,0.9011,main_carriageway,16.41,7.78,0.429,0
117,14,car,1077.91,60.86,1197.8,150.55,0.8391,,,,,0
117,15,bike,970.47,245.45,1090.64,446.35,0.9301,main_carriageway,65.98,30.27,0.417,0
117,16,car,1182.9,63.59,1279.62,159.92,0.8366,,,,,0
117,18,car,869.16,59.76,970.17,124.25,0.8508,,,,,0
117,23,car,636.08,105.43,720.38,175.27,0.9416,,,,,0
117,24,bike,879.5,105.92,927.03,190.28,0.913,main_carriageway,23.87,6.83,0.275,0
117,25,car,706.95,52.82,789.81,98.63,0.6767,,,,,0
117,27,bus,955.41,42.16,1032.57,110.14,0.4891,,,,,0
117,32,car,483.23,102.77,534.76,145.9,0.8971,,,,,0
117,22,bike,320.39,104.97,338.11,142.95,0.617,,,,,0
117,350,bike,541.08,87.84,560.2,122.09,0.5758,,,,,0
117,449,bike,844.77,150.66,905.08,258.25,0.9037,main_carriageway,33.96,12.85,0.354,0
117,515,bike,779.9,71.37,809.89,113.74,0.3462,,,,,0
117,826,car,591.57,76.1,634.58,121.46,0.3144,,,,,0
117,861,bike,274.58,104.19,292.33,139.41,0.3896,,,,,0
117,589,rickshaw,80.61,181.83,114.96,222.61,0.3508,,,,,0
117,886,bike,329.57,69.83,344.85,90.25,0.3383,,,,,0
117,599,car,809.2,58.5,872.22,106.96,0.2839,,,,,0
118,9,car,632.54,179.56,812.78,342.14,0.9303,main_carriageway,17.27,17.59,0.714,0
118,10,car,562.94,386.3,841.93,624.0,0.869,main_carriageway,55.09,0.0,0.0,0
118,13,bike,524.82,180.83,579.1,280.59,0.9196,main_carriageway,16.43,8.07,0.441,0
118,14,car,1077.93,60.82,1197.83,150.61,0.84,,,,,0
118,15,bike,993.01,251.27,1116.04,455.89,0.8674,main_carriageway,69.31,30.43,0.402,0
118,16,car,1182.96,63.65,1279.65,159.92,0.8375,,,,,0
118,18,car,867.0,59.37,969.18,124.49,0.8787,,,,,0
118,23,car,640.05,106.78,724.38,176.47,0.9338,,,,,0
118,24,bike,887.42,107.33,935.41,192.05,0.8804,main_carriageway,24.88,6.47,0.252,0
118,25,car,706.64,52.6,789.98,98.73,0.667,,,,,0
118,27,bus,954.85,41.97,1032.75,110.6,0.5008,,,,,0
118,32,car,483.68,102.93,535.69,146.31,0.8913,,,,,0
118,22,bike,320.41,105.1,338.16,143.08,0.6101,,,,,0
118,350,bike,542.31,88.02,561.36,122.38,0.6238,,,,,0
118,449,bike,855.69,152.28,917.78,262.56,0.9452,main_carriageway,35.13,13.11,0.35,0
118,515,bike,779.84,71.62,809.82,114.0,0.3284,,,,,0
118,826,car,593.41,76.72,635.6,121.37,0.3641,,,,,0
118,861,bike,274.44,105.49,292.24,140.8,0.4291,,,,,0
118,589,rickshaw,82.63,182.17,116.55,222.6,0.3405,,,,,0
118,886,bike,329.68,70.41,344.76,90.55,0.3576,,,,,0
118,599,car,809.07,58.81,871.42,106.42,0.3015,,,,,0
119,9,car,633.78,180.22,815.47,344.08,0.9302,main_carriageway,17.17,17.67,0.717,0
119,10,car,565.93,390.91,850.07,624.0,0.8686,main_carriageway,54.72,0.0,0.0,0
119,13,bike,526.64,181.19,581.45,281.67,0.9193,main_carriageway,16.44,8.14,0.444,0
119,14,car,1077.96,60.81,1197.81,150.64,0.8428,,,,,0
119,15,bike,1001.16,253.34,1125.64,459.42,0.8696,main_carriageway,70.47,30.46,0.397,0
119,16,car,1182.97,63.65,1279.67,159.93,0.8372,,,,,0
119,18,car,866.12,59.2,968.86,124.59,0.8779,,,,,0
119,23,car,641.41,107.27,725.86,176.9,0.9337,,,,,0
119,24,bike,890.15,107.73,938.48,192.67,0.8807,main_carriageway,25.16,6.31,0.243,0
119,25,car,706.57,52.54,790.01,98.77,0.6647,,,,,0
119,27,bus,954.64,41.9,1032.83,110.79,0.5018,,,,,0
119,32,car,483.82,103.07,536.01,146.46,0.8921,,,,,0
119,22,bike,320.44,105.21,338.16,143.09,0.6085,,,,,0
119,350,bike,542.8,88.09,561.75,122.49,0.6197,,,,,0
119,449,bike,859.61,152.81,922.54,264.14,0.946,main_carriageway,35.6,13.21,0.348,0
119,515,bike,779.81,71.68,809.78,114.07,0.3285,,,,,0
119,826,car,594.2,77.14,635.83,121.32,0.3844,,,,,0
119,861,bike,274.4,106.0,292.19,141.27,0.4358,,,,,0
119,589,rickshaw,83.45,182.33,117.08,222.56,0.3419,,,,,0
119,886,bike,329.73,70.59,344.74,90.64,0.3596,,,,,0
119,599,car,808.98,58.92,871.31,106.24,0.2982,,,,,0
120,9,car,637.77,183.46,821.37,348.69,0.9275,main_carriageway,21.44,21.69,0.711,0
120,10,car,579.12,400.46,862.69,624.0,0.88,main_carriageway,65.67,0.0,0.0,0
120,13,bike,531.23,183.25,586.84,284.96,0.9203,main_carriageway,20.75,11.12,0.472,0
120,14,car,1078.34,60.81,1198.08,150.59,0.8239,,,,,0
120,15,bike,1018.06,256.25,1147.99,470.05,0.889,main_carriageway,87.53,39.93,0.415,0
120,16,car,1182.61,62.69,1280.0,159.87,0.8161,,,,,0
120,18,car,866.67,59.16,969.15,124.31,0.8699,,,,,0
120,23,car,644.0,107.78,729.61,178.13,0.9225,,,,,0
120,24,bike,897.25,109.48,945.93,194.56,0.836,main_carriageway,31.61,7.95,0.244,0
120,25,car,705.79,53.1,789.22,99.3,0.6508,,,,,0
120,27,bus,954.71,42.0,1032.54,110.48,0.5308,,,,,0
120,32,car,484.85,102.54,538.05,146.63,0.8753,,,,,0
120,22,bike,320.53,104.89,338.41,143.1,0.534,,,,,0
120,350,bike,544.38,89.26,563.07,123.11,0.6292,,,,,0
120,449,bike,869.09,154.59,932.66,267.05,0.9475,main_carriageway,44.15,15.63,0.334,0
120,515,bike,779.82,71.84,809.72,114.22,0.2366,,,,,0
120,826,car,596.0,78.43,636.58,121.49,0.4327,,,,,0
120,861,bike,274.55,107.89,291.69,141.73,0.3488,,,,,0
120,886,bike,329.74,70.78,344.85,90.97,0.3509,,,,,0
121,9,car,641.55,185.41,830.3,355.15,0.9365,main_carriageway,24.04,23.77,0.703,0
121,10,car,603.42,413.04,884.43,624.0,0.8559,main_carriageway,75.46,0.0,0.0,0
121,13,bike,536.15,183.97,593.27,288.35,0.9085,main_carriageway,23.13,13.48,0.503,0
121,14,car,1078.46,60.78,1198.2,150.59,0.8283,,,,,0
121,15,bike,1040.78,262.21,1175.52,482.65,0.9173,main_carriageway,98.02,44.24,0.411,0
121,16,car,1182.48,62.26,1280.0,159.83,0.82,,,,,0
121,18,car,867.08,59.48,970.2,125.02,0.8739,,,,,0
121,23,car,647.57,108.04,734.83,179.39,0.9408,,,,,0
121,24,bike,905.07,110.98,955.13,198.24,0.8722,main_carriageway,34.26,9.62,0.27,0
121,25,car,706.41,53.28,789.07,98.98,0.6586,,,,,0
121,27,bus,955.22,42.12,1032.97,110.55,0.5475,,,,,0
121,32,car,485.67,102.09,540.56,147.44,0.8917,,,,,0
121,22,bike,320.45,104.32,338.7,143.3,0.5742,,,,,0
121,350,bike,546.32,89.74,565.23,124.1,0.5597,,,,,0
121,449,bike,880.41,154.88,946.24,271.55,0.9374,main_carriageway,48.77,17.38,0.336,0
121,515,bike,779.77,71.75,809.7,114.26,0.2329,,,,,0
121,826,car,597.59,78.57,638.12,121.6,0.4841,,,,,0
121,861,bike,274.4,108.35,291.61,142.24,0.3104,,,,,0
121,886,bike,329.65,70.95,344.95,91.41,0.3442,,,,,0
121,589,rickshaw,85.99,180.69,118.8,220.19,0.2544,opposite_carriageway,6.56,-2.73,0.384,0
122,9,car,642.85,186.11,833.63,357.56,0.9367,main_carriageway,20.98,20.75,0.703,0
122,10,car,608.24,417.24,895.23,624.0,0.8542,main_carriageway,65.59,0.0,0.0,0
122,13,bike,537.92,184.23,595.63,289.58,0.9081,main_carriageway,20.56,12.03,0.505,0
122,14,car,1078.49,60.77,1198.21,150.59,0.8263,,,,,0
122,15,bike,1049.06,264.46,1186.03,487.37,0.9172,main_carriageway,86.99,41.02,0.427,0
122,16,car,1182.48,62.1,1280.0,159.82,0.8201,,,,,0
122,18,car,867.26,59.61,970.6,125.28,0.8738,,,,,0
122,23,car,648.74,108.12,736.84,179.84,0.9408,,,,,0
122,24,bike,907.85,111.52,958.49,199.59,0.8718,main_carriageway,29.91,9.31,0.297,0
122,25,car,706.61,53.36,789.05,98.86,0.6581,,,,,0
122,27,bus,955.4,42.16,1033.12,110.57,0.5478,,,,,0
122,32,car,485.9,101.9,541.53,147.74,0.891,,,,,0
122,22,bike,320.43,104.11,338.8,143.37,0.5738,,,,,0
122,350,bike,547.04,89.92,565.99,124.47,0.5601,,,,,0
122,449,bike,884.58,154.95,951.19,273.21,0.938,main_carriageway,42.96,14.96,0.329,0
122,515,bike,779.77,71.71,809.68,114.27,0.2329,,,,,0
122,826,car,598.14,78.63,638.65,121.63,0.4845,,,,,0
122,861,bike,274.35,108.54,291.59,142.41,0.3103,,,,,0
122,886,bike,329.62,71.0,344.98,91.55,0.3438,,,,,0
122,589,rickshaw,86.53,180.35,119.03,219.69,0.2551,opposite_carriageway,5.74,-3.69,0.541,0
123,9,car,646.81,187.95,840.35,361.53,0.9462,main_carriageway,20.92,19.39,0.68,0
123,10,car,620.63,433.31,902.91,624.0,0.8482,main_carriageway,59.34,0.0,0.0,0
123,13,bike,543.19,185.3,601.6,291.76,0.9282,main_carriageway,20.43,11.17,0.48,0
123,14,car,1078.72,60.75,1198.35,150.54,0.8329,,,,,0
123,15,bike,1068.3,269.19,1208.97,497.42,0.9263,main_carriageway,84.11,41.53,0.443,0
123,16,car,1182.56,62.17,1280.0,159.8,0.8172,,,,,0
123,18,car,866.56,59.5,971.26,126.23,0.8878,,,,,0
123,23,car,651.52,108.78,741.2,181.77,0.9324,main_carriageway,14.15,5.3,0.351,0
123,24,bike,914.39,112.1,966.35,202.49,0.896,main_carriageway,28.96,10.44,0.339,0
123,25,car,706.82,53.43,789.05,98.75,0.6615,,,,,0
123,27,bus,955.46,42.19,1033.05,110.51,0.6288,,,,,0
123,32,car,486.2,101.96,542.8,148.53,0.8965,,,,,0
123,22,bike,320.62,104.36,339.07,143.73,0.6302,,,,,0
123,350,bike,548.44,89.49,567.63,124.32,0.5439,,,,,0
123,449,bike,894.13,156.88,961.97,277.4,0.8779,main_carriageway,41.31,14.84,0.338,0
123,515,bike,779.79,71.68,809.64,114.23,0.2301,,,,,0
123,826,rickshaw,598.97,79.07,640.2,122.95,0.528,,,,,0
123,861,bike,274.02,107.71,291.92,142.83,0.3038,,,,,0
123,886,bike,329.77,71.33,345.05,91.79,0.3386,,,,,0
123,589,rickshaw,87.86,179.93,119.82,218.65,0.2886,opposite_carriageway,6.06,-3.96,0.547,0
123,740,car,599.38,78.2,639.65,123.07,0.3775,,,,,0
123,714,bike,38.92,204.12,61.12,247.95,0.4098,opposite_carriageway,31.22,-19.62,0.532,0
124,9,car,651.44,190.67,849.58,368.22,0.9166,main_carriageway,25.88,24.14,0.682,0
124,10,car,662.91,448.52,934.16,624.0,0.6195,main_carriageway,90.53,0.0,0.0,0
124,13,bike,549.03,187.26,607.75,294.4,0.9115,main_carriageway,24.34,12.73,0.463,0
124,14,car,1078.48,60.57,1198.55,150.71,0.8506,,,,,0
124,15,bike,1091.09,275.44,1238.19,512.14,0.9182,main_carriageway,101.24,52.72,0.462,0
124,16,car,1182.49,62.12,1280.0,159.85,0.8408,,,,,0
124,18,car,866.03,59.17,972.06,127.01,0.877,,,,,0
124,23,car,655.35,109.93,746.17,183.79,0.9377,main_carriageway,17.12,6.89,0.373,0
124,24,bike,922.06,111.93,975.27,204.42,0.8397,main_carriageway,34.35,11.75,0.324,0
124,25,car,706.63,53.29,789.13,98.71,0.6695,,,,,0
124,27,bus,955.89,42.21,1033.38,110.49,0.5107,,,,,0
124,32,car,486.1,101.64,544.21,149.56,0.8928,,,,,0
124,22,bike,320.7,104.59,339.19,144.02,0.6101,,,,,0
124,350,bike,549.71,89.33,569.14,124.48,0.5159,,,,,0
124,449,bike,906.57,160.12,975.66,282.62,0.9044,main_carriageway,50.04,18.48,0.346,0
124,515,bike,779.38,71.45,809.51,114.48,0.285,,,,,0
124,861,bike,273.72,107.41,291.92,143.11,0.2722,,,,,0
124,886,bike,329.94,71.64,345.17,92.07,0.3475,,,,,0
124,951,bike,554.84,82.53,578.01,121.92,0.3148,,,,,0
124,714,bike,40.61,203.86,62.48,247.13,0.321,opposite_carriageway,32.42,-20.28,0.53,0
125,9,car,653.06,191.67,853.08,370.77,0.9166,main_carriageway,23.5,22.08,0.685,0
125,10,car,673.23,453.3,948.11,623.66,0.6024,main_carriageway,89.77,-0.34,-0.004,0
125,13,bike,551.18,188.0,609.95,295.34,0.9118,main_carriageway,21.53,10.38,0.434,0
125,14,car,1078.39,60.5,1198.61,150.78,0.8506,,,,,0
125,15,bike,1099.26,277.76,1249.49,517.7,0.9183,main_carriageway,91.35,47.65,0.462,0
125,16,car,1182.49,62.1,1280.0,159.86,0.8407,,,,,0
125,18,car,865.92,59.05,972.25,127.34,0.8783,,,,,0
125,23,car,656.72,110.33,748.01,184.52,0.9377,main_carriageway,15.56,6.39,0.38,0
125,24,bike,924.89,111.87,978.55,205.08,0.8401,main_carriageway,30.13,10.52,0.33,0
125,25,car,706.51,53.22,789.21,98.7,0.6708,,,,,0
125,27,bus,956.06,42.21,1033.48,110.48,0.5102,,,,,0
125,32,car,486.05,101.48,544.69,149.95,0.8925,,,,,0
125,22,bike,320.71,104.6,339.25,144.12,0.6094,,,,,0
125,350,bike,550.13,89.34,569.66,124.55,0.5093,,,,,0
125,449,bike,911.08,161.3,980.7,284.52,0.906,main_carriageway,45.02,17.47,0.362,0
125,515,bike,779.25,71.34,809.46,114.58,0.2859,,,,,0
125,861,bike,273.62,107.34,291.92,143.19,0.2699,,,,,0
125,886,bike,330.01,71.75,345.21,92.18,0.3369,,,,,0
125,951,bike,554.99,82.62,578.07,121.84,0.3106,,,,,0
125,714,bike,41.15,203.77,62.88,246.84,0.3316,opposite_carriageway,29.01,-19.97,0.567,0
125,740,rickshaw,601.25,78.85,641.67,123.72,0.63,,,,,0
126,9,car,657.35,194.2,860.89,376.17,0.936,main_carriageway,23.2,21.02,0.672,0
126,10,car,696.2,466.54,965.32,623.67,0.7974,main_carriageway,86.84,-0.33,-0.004,0
126,13,bike,556.19,188.48,615.86,297.64,0.914,main_carriageway,21.32,9.29,0.4,0
126,14,car,1078.45,60.57,1198.53,150.75,0.8517,,,,,0
126,15,bike,1119.2,284.39,1272.66,530.23,0.8817,main_carriageway,87.78,47.58,0.477,0
126,16,car,1182.47,62.12,1280.0,159.9,0.8378,,,,,0
126,18,car,866.64,58.75,972.0,126.4,0.8432,,,,,0
126,23,car,660.12,110.77,752.3,185.6,0.9214,main_carriageway,15.01,6.21,0.382,0
126,24,bike,932.81,114.13,986.31,206.74,0.9068,main_carriageway,29.46,8.5,0.277,0
126,25,car,706.58,53.32,788.98,98.57,0.6693,,,,,0
126,27,bus,955.75,42.23,1033.21,110.5,0.626,,,,,0
126,32,car,487.46,101.57,546.49,150.47,0.9097,,,,,0
126,22,bike,320.82,105.03,339.41,144.57,0.5799,,,,,0
126,350,bike,552.29,87.63,572.89,124.54,0.4849,,,,,0
126,449,bike,922.05,165.99,991.67,288.63,0.9211,main_carriageway,43.53,17.08,0.365,0
126,515,bike,779.31,71.44,809.43,114.61,0.2778,,,,,0
126,886,bike,330.06,71.74,345.2,92.14,0.3423,,,,,0
126,714,bike,42.55,204.37,63.77,246.7,0.2887,opposite_carriageway,23.33,-15.71,0.558,0
126,740,rickshaw,602.56,78.9,643.32,124.08,0.6155,,,,,0
127,9,car,662.28,197.92,870.58,383.55,0.9469,main_carriageway,28.19,25.99,0.678,0
127,10,car,720.39,485.72,975.33,624.0,0.7089,main_carriageway,96.12,0.0,0.0,0
127,13,bike,562.44,190.78,622.98,301.6,0.907,main_carriageway,25.94,12.02,0.42,0
127,14,car,1078.55,60.6,1198.56,150.72,0.8498,,,,,0
127,15,bike,1138.49,292.48,1280.0,541.08,0.8736,main_carriageway,91.7,53.71,0.505,0
127,16,car,1182.48,62.12,1280.0,159.93,0.8411,,,,,0
127,18,car,867.06,58.81,971.58,125.88,0.8374,,,,,0
127,23,car,663.97,111.22,757.89,187.49,0.9344,main_carriageway,18.14,7.65,0.389,0
127,24,bike,945.39,120.25,997.03,209.44,0.7616,main_carriageway,38.04,9.85,0.251,0
127,25,car,706.81,53.57,788.74,98.44,0.632,,,,,0
127,27,bus,955.51,42.3,1032.78,110.33,0.7049,,,,,0
127,32,car,489.53,103.07,547.53,150.95,0.9267,,,,,0
127,22,bike,320.76,104.77,339.56,144.7,0.5667,,,,,0
127,350,bike,553.76,87.2,574.71,124.55,0.5709,,,,,0
127,449,bike,935.28,168.85,1006.62,294.2,0.9225,main_carriageway,53.07,20.99,0.368,0
127,515,bike,779.79,71.9,809.51,114.55,0.2443,,,,,0
127,886,bike,330.23,71.89,345.41,92.44,0.3485,,,,,0
127,740,car,603.62,77.9,645.14,124.2,0.4544,,,,,0
127,975,car,438.2,81.1,479.48,121.09,0.3402,,,,,0
127,976,car,496.0,75.64,529.77,104.15,0.329,,,,,0
128,9,car,663.9,199.28,874.32,386.27,0.9471,main_carriageway,25.53,24.74,0.696,0
128,10,car,723.67,491.55,983.19,624.0,0.6965,main_carriageway,91.66,0.0,0.0,0
128,13,bike,564.73,191.63,625.54,303.04,0.907,main_carriageway,22.74,11.28,0.444,0
128,14,car,1078.59,60.61,1198.58,150.71,0.85,,,,,0
128,15,bike,1146.23,295.51,1280.0,545.05,0.8732,main_carriageway,74.48,47.63,0.539,0
128,16,car,1182.48,62.11,1280.0,159.94,0.8408,,,,,0
128,18,car,867.2,58.84,971.44,125.69,0.8381,,,,,0
128,23,car,665.36,111.37,759.89,188.17,0.9339,main_carriageway,16.26,6.4,0.366,0
128,24,bike,949.95,122.61,1000.88,210.4,0.7583,main_carriageway,35.04,7.91,0.22,0
128,25,car,706.84,53.66,788.7,98.4,0.6311,,,,,0
128,27,bus,955.4,42.32,1032.63,110.28,0.7053,,,,,0
128,32,car,490.22,103.58,547.97,151.12,0.9269,,,,,0
128,22,bike,320.73,104.64,339.61,144.75,0.5686,,,,,0
128,350,bike,554.28,87.1,575.4,124.58,0.5647,,,,,0
128,449,bike,939.99,169.78,1012.13,296.23,0.9236,main_carriageway,48.01,18.83,0.365,0
128,515,bike,779.99,72.09,809.52,114.52,0.2418,,,,,0
128,886,bike,330.31,71.93,345.46,92.54,0.3483,,,,,0
128,740,car,604.03,77.52,645.74,124.25,0.4472,,,,,0
128,975,car,438.35,81.13,479.61,121.1,0.3418,,,,,0
128,976,car,496.08,75.57,529.87,104.11,0.3322,,,,,0
128,984,rickshaw,604.28,77.95,644.95,124.71,0.4359,,,,,0
129,9,car,668.97,201.9,882.54,391.38,0.9365,main_carriageway,25.25,23.16,0.676,0
129,10,car,745.71,508.8,990.61,624.0,0.414,main_carriageway,69.63,0.0,0.0,0
129,13,bike,569.73,192.35,631.67,305.74,0.9186,main_carriageway,22.31,11.34,0.453,0
129,14,car,1078.71,60.67,1198.53,150.67,0.856,,,,,0
129,15,bike,1163.07,302.66,1280.0,549.73,0.8662,main_carriageway,56.89,37.59,0.551,0
129,16,car,1182.55,62.1,1280.0,159.93,0.8326,,,,,0
129,18,car,864.23,58.94,965.03,124.15,0.6207,,,,,0
129,23,car,668.76,111.77,764.36,189.55,0.9485,main_carriageway,15.8,5.76,0.343,0
129,24,bike,960.75,132.33,1006.91,210.73,0.6044,main_carriageway,35.16,6.31,0.177,0
129,25,car,706.97,53.77,788.72,98.34,0.6351,,,,,0
129,27,bus,954.7,42.26,1031.93,110.01,0.803,,,,,0
129,32,car,491.86,104.93,548.68,151.51,0.9342,,,,,0
129,22,bike,320.98,105.36,339.89,145.47,0.3704,,,,,0
129,350,bike,554.89,87.84,576.13,125.33,0.5881,,,,,0
129,449,bike,951.1,171.42,1024.79,300.55,0.8972,main_carriageway,46.83,17.93,0.358,0
129,515,bike,780.22,72.52,809.43,114.49,0.2331,,,,,0
129,886,bike,330.54,72.06,345.55,92.58,0.3364,,,,,0
129,740,car,605.18,77.52,647.11,124.63,0.408,,,,,0
129,975,car,442.37,83.79,481.15,121.42,0.3178,,,,,0
129,976,car,496.52,75.5,530.86,104.55,0.3189,,,,,0
129,984,rickshaw,605.73,77.93,646.6,124.92,0.5048,,,,,0
130,9,car,674.09,204.28,894.88,399.82,0.9293,main_carriageway,31.42,29.05,0.679,0
130,13,bike,576.31,193.63,639.8,309.85,0.9096,main_carriageway,27.49,14.51,0.467,0
130,14,car,1077.24,60.48,1196.76,149.47,0.7982,,,,,0
130,16,car,1182.91,61.83,1280.0,159.91,0.7801,,,,,0
130,18,car,883.57,63.9,976.49,125.49,0.7243,,,,,0
130,23,car,673.24,112.56,770.24,191.45,0.9336,main_carriageway,19.38,6.93,0.337,0
130,24,bike,968.48,122.09,1017.84,205.38,0.8716,main_carriageway,41.44,0.3,0.007,0
130,25,car,706.47,53.38,789.08,98.39,0.6641,,,,,0
130,27,bus,954.61,42.37,1032.06,110.22,0.706,,,,,0
130,32,car,492.91,104.97,550.96,152.48,0.9243,,,,,0
130,22,bike,320.78,104.54,340.38,146.41,0.4727,,,,,0
130,350,bike,555.76,86.13,577.89,125.23,0.6731,,,,,0
130,449,bike,964.56,171.05,1040.73,304.62,0.8843,main_carriageway,56.75,20.1,0.334,0
130,515,bike,779.9,72.34,809.11,114.35,0.4355,,,,,0
130,886,bike,330.67,72.19,345.74,92.97,0.3876,,,,,0
130,740,rickshaw,607.05,77.29,649.51,125.28,0.5656,,,,,0
130,975,car,441.74,83.41,481.19,121.64,0.3653,,,,,0
130,976,car,495.53,75.65,531.74,106.51,0.3237,,,,,0
130,984,car,607.29,77.24,648.79,124.91,0.4045,,,,,0
130,848,bike,1215.22,335.42,1280.0,552.7,0.6798,,,,,0
131,9,car,675.8,205.11,899.59,402.99,0.9289,main_carriageway,28.57,26.82,0.684,0
131,13,bike,578.68,194.08,642.75,311.35,0.9087,main_carriageway,24.69,13.71,0.485,0
131,14,car,1076.42,60.42,1196.36,149.01,0.8056,,,,,0
131,16,car,1183.09,61.69,1280.0,159.9,0.7758,,,,,0
131,18,car,891.43,65.8,980.27,126.0,0.7062,,,,,0
131,23,car,674.87,112.81,772.41,192.16,0.9333,main_carriageway,17.43,6.56,0.352,0
131,24,bike,971.0,118.67,1021.66,203.65,0.8717,main_carriageway,36.77,-3.09,-0.084,0
131,25,car,706.27,53.24,789.23,98.4,0.6585,,,,,0
131,27,bus,954.49,42.37,1032.17,110.32,0.6999,,,,,0
131,32,car,493.26,105.01,551.79,152.82,0.925,,,,,0
131,22,bike,320.75,104.28,340.52,146.78,0.4736,,,,,0
131,350,bike,556.07,85.47,578.52,125.17,0.6743,,,,,0
131,449,bike,969.48,170.92,1046.55,306.15,0.8844,main_carriageway,51.16,17.52,0.324,0
131,515,bike,779.76,72.24,808.99,114.33,0.4399,,,,,0
131,886,bike,330.75,72.21,345.76,93.07,0.3828,,,,,0
131,740,rickshaw,607.77,77.17,650.33,125.53,0.5503,,,,,0
131,975,car,441.95,83.51,481.39,121.71,0.3702,,,,,0
131,976,car,495.31,75.65,531.94,107.13,0.3325,,,,,0
131,984,car,607.71,77.02,649.47,124.91,0.4214,,,,,0
131,1006,bike,120.98,157.29,141.16,193.99,0.3043,,,,,0
131,848,bike,1216.77,335.25,1280.0,551.56,0.678,,,,,0
132,9,car,680.79,207.56,909.4,409.47,0.9347,main_carriageway,28.66,25.92,0.671,0
132,13,bike,584.2,195.44,649.3,314.31,0.914,main_carriageway,24.04,12.71,0.467,0
132,14,car,1075.68,60.34,1196.45,148.91,0.8081,,,,,0
132,16,car,1183.19,61.71,1280.0,159.87,0.7763,,,,,0
132,18,car,878.28,61.44,971.9,124.5,0.829,,,,,0
132,23,car,678.17,113.34,776.36,193.13,0.9259,main_carriageway,16.33,5.64,0.326,0
132,24,bike,979.2,121.56,1030.1,205.97,0.895,main_carriageway,33.44,-3.47,-0.103,0
132,25,car,705.97,53.05,789.35,98.44,0.6466,,,,,0
132,27,bus,953.63,42.35,1032.55,111.25,0.5467,,,,,0
132,32,car,493.82,105.43,552.68,153.4,0.9294,,,,,0
132,22,bike,320.85,104.45,340.55,146.99,0.5512,,,,,0
132,350,bike,556.38,85.78,578.63,125.28,0.6367,,,,,0
132,449,bike,981.37,172.88,1060.23,311.13,0.9193,main_carriageway,49.85,16.93,0.322,0
132,515,bike,779.56,72.02,809.02,114.52,0.4654,,,,,0
132,886,bike,330.71,72.56,345.64,93.43,0.393,,,,,0
132,740,rickshaw,608.89,77.19,651.65,125.85,0.3829,,,,,0
132,975,car,446.09,84.42,484.59,122.12,0.3695,,,,,0
132,976,car,495.95,75.81,532.6,107.64,0.4164,,,,,0
132,984,car,609.02,77.06,651.03,125.14,0.4408,,,,,0
132,1006,bike,122.1,157.73,142.14,194.19,0.2796,,,,,0
132,741,bike,563.66,80.36,584.86,114.72,0.2323,,,,,0
133,9,car,687.64,211.69,920.56,416.76,0.9341,main_carriageway,34.99,30.49,0.657,0
133,13,bike,592.13,197.67,658.5,318.9,0.9248,main_carriageway,30.18,15.86,0.465,0
133,14,car,1075.2,60.3,1196.86,148.95,0.8016,,,,,0
133,16,car,1183.35,61.74,1280.0,159.85,0.7778,,,,,0
133,18,car,873.36,59.61,969.32,123.88,0.851,,,,,0
133,23,car,682.99,113.78,782.31,194.44,0.9305,main_carriageway,20.02,6.27,0.299,0
133,24,bike,987.8,123.44,1042.59,214.31,0.9126,main_carriageway,39.78,3.91,0.098,0
133,25,car,705.96,53.13,789.19,98.44,0.6256,,,,,0
133,27,bus,951.42,42.28,1032.57,112.95,0.4601,,,,,0
133,32,car,494.98,105.2,555.23,154.32,0.9337,,,,,0
133,22,bike,321.05,104.87,340.62,147.24,0.5602,,,,,0
133,350,bike,557.55,85.52,579.73,124.95,0.6678,,,,,0
133,449,bike,997.18,178.54,1077.84,319.65,0.9036,main_carriageway,61.45,23.42,0.356,0
133,515,bike,779.59,71.91,809.02,114.46,0.4686,,,,,0
133,886,bike,330.67,72.69,345.52,93.54,0.3876,,,,,0
133,740,car,610.39,76.91,653.7,126.21,0.5198,,,,,0
133,975,car,448.2,84.0,487.1,122.58,0.3155,,,,,0
133,976,car,496.17,75.97,533.97,109.23,0.4256,,,,,0
133,1006,bike,122.86,158.21,142.73,194.38,0.2958,,,,,0
134,9,car,689.95,213.23,924.92,419.52,0.9343,main_carriageway,31.68,28.14,0.664,0
134,13,bike,595.06,198.52,661.87,320.62,0.9252,main_carriageway,27.76,14.88,0.472,0
134,14,car,1074.85,60.3,1197.27,148.96,0.7988,,,,,0
134,16,car,1183.41,61.79,1280.0,159.83,0.776,,,,,0
134,18,car,871.31,58.92,968.48,123.67,0.851,,,,,0
134,23,car,684.72,113.93,784.46,194.89,0.9306,main_carriageway,18.03,5.34,0.284,0
134,24,bike,990.9,124.1,1047.12,217.33,0.9129,main_carriageway,35.18,6.6,0.184,0
134,25,car,705.92,53.14,789.16,98.45,0.6261,,,,,0
134,27,bus,950.52,42.25,1032.67,113.65,0.4571,,,,,0
134,32,car,495.44,105.18,556.1,154.64,0.934,,,,,0
134,22,bike,321.14,105.03,340.63,147.33,0.5573,,,,,0
134,350,bike,558.02,85.4,580.15,124.78,0.6626,,,,,0
134,449,bike,1003.0,180.74,1084.39,322.87,0.904,main_carriageway,55.75,22.32,0.372,0
134,515,bike,779.62,71.87,809.01,114.43,0.4681,,,,,0
134,886,bike,330.67,72.74,345.45,93.58,0.3875,,,,,0
134,740,car,610.92,76.82,654.43,126.36,0.5194,,,,,0
134,975,car,449.06,83.82,487.76,122.72,0.3154,,,,,0
134,976,car,496.39,75.97,534.29,109.76,0.4262,,,,,0
134,1006,bike,123.08,158.36,142.89,194.43,0.2934,,,,,0
135,9,car,694.88,215.68,937.49,428.59,0.9217,main_carriageway,31.7,28.77,0.672,0
135,13,bike,601.88,199.45,669.69,323.41,0.9281,main_carriageway,27.73,13.56,0.439,0
135,14,car,1074.61,60.24,1197.84,149.07,0.7709,,,,,0
135,16,car,1183.53,61.96,1280.0,159.8,0.7619,,,,,0
135,18,car,870.63,58.58,968.45,123.46,0.8279,,,,,0
135,23,car,688.55,115.63,789.27,197.28,0.9114,main_carriageway,17.17,5.83,0.322,0
135,24,bike,999.05,125.45,1057.3,222.1,0.9182,main_carriageway,35.01,16.72,0.431,0
135,25,car,706.04,53.12,789.4,98.49,0.6575,,,,,0
135,27,bus,948.59,41.93,1031.14,113.12,0.4705,,,,,0
135,32,car,496.68,105.41,557.81,155.18,0.9205,,,,,0
135,22,bike,321.24,106.0,340.7,148.3,0.5851,,,,,0
135,350,bike,559.55,83.67,583.34,126.02,0.7498,,,,,0
135,449,bike,1017.62,188.0,1098.41,327.84,0.8898,main_carriageway,55.37,23.22,0.387,0
135,515,bike,779.7,71.86,809.0,114.35,0.4866,,,,,0
135,886,bike,330.79,72.95,345.46,93.72,0.3742,,,,,0
135,740,rickshaw,612.62,76.72,656.26,126.6,0.4008,,,,,0
135,975,car,448.25,82.34,488.04,122.8,0.3216,,,,,0
135,976,car,496.57,76.47,534.62,110.92,0.3244,,,,,0
135,1006,bike,123.74,158.81,142.82,193.45,0.3175,,,,,0
136,9,car,702.39,219.14,951.68,437.45,0.927,main_carriageway,39.34,34.46,0.659,0
136,13,bike,610.51,202.18,679.13,327.42,0.9356,main_carriageway,34.11,16.07,0.426,0
136,14,car,1074.94,60.23,1198.42,148.92,0.7659,,,,,0
136,16,car,1183.65,62.12,1280.0,159.78,0.7644,,,,,0
136,18,car,872.15,58.2,972.46,124.05,0.8377,,,,,0
136,23,car,692.33,116.36,795.87,200.37,0.9174,main_carriageway,20.46,8.21,0.372,0
136,24,bike,1010.73,126.33,1070.99,225.84,0.9192,main_carriageway,44.53,22.19,0.446,0
136,25,car,705.99,53.0,789.59,98.48,0.6699,,,,,0
136,27,bus,947.82,41.85,1030.15,112.26,0.6098,,,,,0
136,32,car,497.94,106.05,559.6,156.22,0.9116,,,,,0
136,22,bike,321.58,107.59,340.75,149.15,0.6652,,,,,0
136,350,bike,560.15,82.38,585.4,127.52,0.7892,,,,,0
136,449,bike,1034.57,189.05,1118.43,334.36,0.8888,main_carriageway,68.49,28.21,0.381,0
136,515,bike,779.74,71.84,808.92,114.18,0.4787,,,,,0
136,886,bike,330.84,73.14,345.38,93.79,0.3627,,,,,0
136,740,rickshaw,614.23,76.7,658.21,127.0,0.4738,,,,,0
136,975,car,448.31,81.35,488.94,123.29,0.3454,,,,,0
136,976,car,497.05,76.62,535.3,111.83,0.2674,,,,,0
136,1006,bike,124.65,158.94,143.33,192.79,0.3144,,,,,0
136,1037,car,613.69,77.51,658.13,126.81,0.4242,,,,,0
136,1040,rickshaw,93.26,173.8,125.48,225.24,0.3287,,,,,0
136,714,bike,54.17,187.06,79.09,236.81,0.4636,opposite_carriageway,29.51,-21.17,0.583,0
137,9,car,705.07,220.46,957.05,440.68,0.9257,main_carriageway,35.96,31.21,0.655,0
137,13,bike,613.61,203.21,682.59,328.91,0.9358,main_carriageway,31.35,14.6,0.422,0
137,14,car,1074.9,60.23,1198.7,148.85,0.761,,,,,0
137,16,car,1183.82,62.31,1280.0,159.77,0.7701,,,,,0
137,18,car,873.08,58.09,975.31,124.47,0.8419,,,,,0
137,23,car,693.76,116.69,798.24,201.54,0.9168,main_carriageway,18.74,8.41,0.41,0
137,24,bike,1015.02,126.66,1076.23,227.28,0.9202,main_carriageway,40.98,21.31,0.461,0
137,25,car,705.93,52.96,789.7,98.52,0.6724,,,,,0
137,27,bus,947.33,41.8,1030.12,112.11,0.5967,,,,,0
137,32,car,498.33,106.17,560.34,156.61,0.9111,,,,,0
137,22,bike,321.73,108.31,340.77,149.49,0.6538,,,,,0
137,350,bike,560.39,81.7,586.23,128.06,0.7913,,,,,0
137,449,bike,1040.67,189.64,1125.66,337.03,0.894,main_carriageway,62.37,25.9,0.384,0
137,515,bike,779.77,71.81,808.9,114.11,0.4943,,,,,0
137,886,bike,330.88,73.21,345.33,93.81,0.3607,,,,,0
137,740,rickshaw,614.81,76.75,658.84,127.12,0.4565,,,,,0
137,975,car,448.04,80.86,488.78,123.46,0.3294,,,,,0
137,1006,bike,124.94,159.05,143.48,192.55,0.3236,,,,,0
137,1037,car,613.96,77.64,658.37,126.93,0.4209,,,,,0
137,1040,rickshaw,93.23,173.96,125.78,225.94,0.3598,,,,,0
137,714,bike,54.54,186.16,79.71,236.46,0.4666,opposite_carriageway,17.11,-11.49,0.558,0
138,9,car,709.39,222.84,969.29,449.54,0.9346,main_carriageway,35.24,32.78,0.681,0
138,13,bike,619.51,204.76,690.33,333.55,0.8986,main_carriageway,29.61,14.65,0.444,0
138,14,car,1076.09,60.21,1200.32,149.2,0.7358,,,,,0
138,16,car,1183.92,62.41,1279.98,159.77,0.7988,,,,,0
138,18,car,875.04,58.15,979.14,124.63,0.8547,,,,,0
138,23,car,698.63,118.03,803.07,202.59,0.932,main_carriageway,18.2,8.15,0.409,0
138,24,bike,1024.04,129.59,1086.26,232.01,0.9105,main_carriageway,39.96,17.7,0.405,0
138,25,car,705.55,52.69,790.02,98.66,0.6833,,,,,0
138,27,bus,950.39,42.15,1031.08,110.41,0.6509,,,,,0
138,32,car,499.28,106.35,561.85,157.32,0.9033,,,,,0
138,22,bike,322.04,109.25,340.76,149.54,0.718,,,,,0
138,350,bike,561.59,81.72,587.77,128.96,0.771,,,,,0
138,449,bike,1055.23,193.64,1141.06,342.47,0.9015,main_carriageway,60.63,22.82,0.352,0
138,515,bike,779.82,71.69,808.77,113.79,0.5202,,,,,0
138,886,bike,331.13,73.45,345.44,93.93,0.4008,,,,,0
138,740,car,616.32,77.26,659.79,127.01,0.5226,,,,,0
138,975,car,449.63,81.73,489.04,123.55,0.3233,,,,,0
138,1006,bike,125.39,158.95,144.01,192.58,0.2941,,,,,0
138,1040,rickshaw,93.37,171.81,126.66,224.97,0.3147,,,,,0
138,714,bike,55.75,187.21,80.44,236.4,0.4515,opposite_carriageway,16.55,-10.73,0.544,0
138,1061,bus,126.96,130.99,653.39,620.26,0.3134,,,,,0
138,976,car,499.32,77.98,535.6,111.95,0.3128,,,,,0
139,9,car,719.35,228.34,983.55,457.94,0.9394,main_carriageway,44.02,38.42,0.658,0
139,13,bike,628.89,207.54,700.34,337.45,0.9272,main_carriageway,36.15,16.83,0.422,0
139,14,car,1074.82,60.07,1199.33,148.89,0.8,,,,,0
139,16,car,1184.1,62.58,1279.93,159.73,0.8042,,,,,0
139,18,car,874.93,58.49,980.3,124.83,0.8522,,,,,0
139,23,car,703.58,119.74,809.51,205.29,0.938,main_carriageway,21.96,10.4,0.428,0
139,24,bike,1035.21,131.16,1099.5,236.98,0.9242,main_carriageway,48.35,19.65,0.377,0
139,25,car,704.02,52.16,790.8,99.57,0.6999,,,,,0
139,27,bus,952.11,42.25,1031.89,109.46,0.5593,,,,,0
139,32,car,499.24,104.79,564.34,158.12,0.8998,,,,,0
139,22,bike,322.09,109.47,340.89,149.76,0.6858,,,,,0
139,350,bike,563.62,81.29,589.78,128.84,0.7555,,,,,0
139,449,bike,1073.58,197.37,1163.78,353.19,0.9385,main_carriageway,74.98,30.32,0.375,0
139,515,bike,779.7,71.43,808.76,113.76,0.5435,,,,,0
139,886,bike,331.28,73.71,345.59,94.31,0.3906,,,,,0
139,740,rickshaw,616.89,76.7,661.3,127.61,0.469,,,,,0
139,975,car,450.65,82.34,489.16,123.74,0.2558,,,,,0
139,1006,bike,125.47,158.87,144.22,192.72,0.2651,,,,,0
139,1040,rickshaw,93.21,169.63,127.87,225.06,0.3929,,,,,0
139,714,bike,57.16,188.44,81.08,235.85,0.3304,opposite_carriageway,17.11,-10.99,0.541,0
139,976,car,501.46,79.78,535.66,112.09,0.4938,,,,,0
139,861,bike,272.72,117.66,289.74,150.84,0.2812,,,,,0
140,9,car,722.85,230.41,989.07,460.99,0.9393,main_carriageway,39.78,32.4,0.632,0
140,13,bike,632.33,208.57,704.0,338.86,0.9273,main_carriageway,32.38,15.45,0.431,0
140,14,car,1074.17,60.02,1199.08,148.8,0.8025,,,,,0
140,16,car,1184.16,62.63,1279.9,159.72,0.8041,,,,,0
140,18,car,874.56,58.62,981.16,124.91,0.8524,,,,,0
140,23,car,705.29,120.39,811.87,206.28,0.9382,main_carriageway,19.67,9.0,0.416,0
140,24,bike,1039.3,131.67,1104.42,238.86,0.9241,main_carriageway,43.69,16.76,0.358,0
140,25,car,703.51,51.95,791.02,99.91,0.7007,,,,,0
140,27,bus,952.67,42.28,1032.34,109.15,0.5543,,,,,0
140,32,car,499.32,104.25,565.11,158.42,0.9001,,,,,0
140,22,bike,322.08,109.45,340.96,149.83,0.6883,,,,,0
140,350,bike,564.44,81.13,590.47,128.77,0.7584,,,,,0
140,449,bike,1080.21,198.71,1172.29,357.2,0.9382,main_carriageway,68.23,29.36,0.395,0
140,515,bike,779.65,71.32,808.75,113.77,0.5437,,,,,0
140,886,bike,331.36,73.82,345.62,94.45,0.3901,,,,,0
140,740,car,617.08,76.47,661.82,127.84,0.4634,,,,,0
140,975,car,451.16,82.58,489.03,123.8,0.2578,,,,,0
140,1006,bike,125.57,158.86,144.35,192.73,0.2698,,,,,0
140,1040,rickshaw,93.2,168.99,128.21,225.09,0.3978,,,,,0
140,714,bike,57.62,188.95,81.29,235.67,0.3355,opposite_carriageway,16.3,-11.03,0.561,0
140,976,car,502.25,80.35,535.61,112.13,0.4917,,,,,0
140,861,bike,272.65,117.85,289.73,151.04,0.285,,,,,0
141,9,car,728.78,233.63,1003.68,471.01,0.9399,main_carriageway,39.2,33.56,0.65,0
141,13,bike,638.94,209.35,712.19,342.37,0.9354,main_carriageway,30.75,14.95,0.437,0
141,14,car,1075.41,60.23,1200.72,149.38,0.6808,,,,,0
141,16,car,1183.66,62.5,1279.58,159.69,0.7771,,,,,0
141,18,car,873.24,58.79,980.19,124.74,0.8493,,,,,0
141,23,car,709.85,120.89,818.07,207.9,0.9235,main_carriageway,19.86,7.53,0.355,0
141,24,bike,1049.69,133.35,1116.53,243.41,0.9369,main_carriageway,42.25,17.57,0.384,0
141,25,car,703.3,51.84,790.98,100.07,0.7047,,,,,0
141,27,bus,952.97,42.31,1032.08,108.46,0.5669,,,,,0
141,32,car,500.95,104.83,566.79,159.12,0.9054,,,,,0
141,22,bike,322.23,109.88,341.08,149.92,0.7596,,,,,0
141,350,bike,565.54,81.78,591.07,128.77,0.769,,,,,0
141,449,bike,1095.66,201.49,1189.92,363.49,0.9035,main_carriageway,66.29,29.13,0.402,0
141,515,bike,779.92,71.45,808.87,113.67,0.4579,,,,,0
141,886,bike,331.51,74.06,345.78,94.85,0.3896,,,,,0
141,740,car,618.89,75.67,664.48,128.36,0.5342,,,,,0
141,1006,bike,126.35,159.08,144.89,192.3,0.2644,,,,,0
141,1040,rickshaw,93.77,167.05,129.21,223.9,0.3765,,,,,0
141,976,car,502.97,80.46,536.62,112.8,0.457,,,,,0
141,861,bike,272.62,118.48,289.6,151.34,0.3059,,,,,0
142,9,car,734.37,236.74,1021.95,484.49,0.9364,main_carriageway,47.1,43.81,0.681,0
142,13,bike,648.01,210.9,723.34,347.81,0.9017,main_carriageway,37.57,18.9,0.449,0
142,14,car,1073.89,60.2,1200.32,150.0,0.697,,,,,0
142,16,car,1183.52,62.51,1279.45,159.64,0.7642,,,,,0
142,18,car,872.42,59.2,979.04,124.42,0.8314,,,,,0
142,23,car,715.42,121.94,824.63,209.39,0.908,main_carriageway,24.02,7.85,0.311,0
142,24,bike,1061.52,131.52,1131.87,247.84,0.9308,main_carriageway,51.07,20.56,0.373,0
142,25,car,703.73,52.06,790.67,99.99,0.6755,,,,,0
142,27,bus,952.74,42.16,1032.28,108.42,0.5062,,,,,0
142,32,car,502.45,105.86,567.79,159.69,0.8954,,,,,0
142,22,bike,322.4,110.35,341.26,150.02,0.7617,,,,,0
142,350,bike,566.57,82.36,591.97,129.14,0.7748,,,,,0
142,449,bike,1116.5,205.89,1214.08,373.47,0.9002,main_carriageway,82.12,36.44,0.406,0
142,515,bike,780.18,71.59,808.89,113.36,0.395,,,,,0
142,886,bike,331.59,74.19,345.81,95.03,0.3882,,,,,0
142,740,car,621.25,75.2,666.91,128.29,0.5704,,,,,0
142,1040,rickshaw,94.38,166.12,130.26,223.77,0.2761,,,,,0
142,976,car,504.08,80.01,538.35,113.13,0.4646,,,,,0
142,861,bike,272.59,118.91,289.46,151.42,0.3397,,,,,0
142,1087,rickshaw,621.79,75.29,666.02,128.37,0.3646,,,,,0
143,9,car,746.03,242.57,1044.4,498.66,0.9339,main_carriageway,55.88,49.12,0.66,0
143,13,bike,658.04,213.61,735.54,354.39,0.9354,main_carriageway,41.87,20.84,0.446,0
143,14,car,1073.08,60.06,1200.38,150.42,0.5412,,,,,0
143,16,car,1183.77,63.36,1279.96,160.83,0.7153,,,,,0
143,18,car,868.22,59.25,971.93,123.05,0.8154,,,,,0
143,23,car,721.34,122.86,832.56,211.71,0.9192,main_carriageway,26.1,9.12,0.33,0
143,24,bike,1076.0,132.84,1148.56,253.06,0.929,main_carriageway,57.13,21.05,0.346,0
143,25,car,705.2,52.63,789.79,99.27,0.6631,,,,,0
143,27,bus,951.4,42.21,1032.15,109.21,0.3828,,,,,0
143,32,car,503.32,106.87,569.31,161.2,0.8885,,,,,0
143,22,bike,322.77,111.21,341.6,150.3,0.7558,,,,,0
143,350,bike,567.7,83.15,592.94,129.76,0.8117,,,,,0
143,449,bike,1137.96,210.12,1239.66,385.03,0.918,main_carriageway,90.66,42.56,0.425,0
143,515,bike,780.29,71.66,808.91,113.13,0.3019,,,,,0
143,886,bike,331.82,74.54,346.24,95.91,0.3901,,,,,0
143,740,car,623.27,75.25,669.16,128.92,0.5452,,,,,0
143,1040,rickshaw,94.94,164.98,130.8,222.62,0.2713,,,,,0
143,976,car,505.75,79.93,540.07,113.05,0.4621,,,,,0
143,861,bike,272.28,119.61,289.32,152.36,0.4324,,,,,0
143,1087,rickshaw,623.23,75.41,667.69,128.78,0.3556,,,,,0
144,9,car,750.14,244.7,1053.23,504.0,0.9341,main_carriageway,50.23,46.06,0.676,0
144,13,bike,661.73,214.61,740.06,356.85,0.9353,main_carriageway,36.28,19.4,0.472,0
144,14,car,1072.75,60.0,1200.43,150.58,0.5427,,,,,0
144,16,car,1183.89,63.68,1280.0,161.28,0.7159,,,,,0
144,18,car,866.83,59.27,969.17,122.54,0.8153,,,,,0
144,23,car,723.39,123.19,835.51,212.56,0.9194,main_carriageway,22.9,7.27,0.303,0
144,24,bike,1081.51,133.36,1154.79,254.99,0.9295,main_carriageway,50.8,18.01,0.334,0
144,25,car,705.77,52.85,789.47,98.98,0.6636,,,,,0
144,27,bus,950.58,42.21,1032.19,109.69,0.384,,,,,0
144,32,car,503.59,107.2,569.91,161.77,0.8871,,,,,0
144,22,bike,322.84,111.51,341.79,150.4,0.7543,,,,,0
144,350,bike,568.1,83.44,593.26,130.02,0.811,,,,,0
144,449,bike,1146.05,211.69,1249.23,389.41,0.9178,main_carriageway,78.96,36.22,0.417,0
144,515,bike,780.29,71.68,808.94,113.05,0.304,,,,,0
144,886,bike,331.93,74.65,346.34,96.23,0.3985,,,,,0
144,740,car,624.06,75.27,669.89,129.16,0.5361,,,,,0
144,1040,rickshaw,95.14,164.58,130.97,222.19,0.2686,,,,,0
144,976,car,506.27,79.8,540.7,113.02,0.4582,,,,,0
144,861,bike,272.16,119.86,289.28,152.69,0.428,,,,,0
144,1087,rickshaw,623.71,75.44,668.23,128.92,0.3652,,,,,0
145,9,car,751.28,245.43,1056.54,505.81,0.9341,main_carriageway,47.95,44.82,0.683,0
145,13,bike,662.93,214.94,741.55,357.68,0.9353,main_carriageway,34.08,18.82,0.483,0
145,14,car,1072.61,59.98,1200.47,150.63,0.5426,,,,,0
145,16,car,1183.95,63.8,1280.0,161.44,0.7159,,,,,0
145,18,car,866.47,59.28,968.03,122.35,0.8153,,,,,0
145,23,car,723.98,123.28,836.52,212.83,0.9194,main_carriageway,21.67,6.55,0.289,0
145,24,bike,1083.39,133.53,1156.84,255.63,0.9295,main_carriageway,48.25,16.77,0.328,0
145,25,car,705.99,52.93,789.35,98.88,0.6636,,,,,0
145,27,bus,950.2,42.22,1032.29,109.88,0.384,,,,,0
145,32,car,503.65,107.32,570.1,161.96,0.8871,,,,,0
145,22,bike,322.8,111.6,341.92,150.42,0.7543,,,,,0
145,350,bike,568.23,83.56,593.32,130.11,0.811,,,,,0
145,449,bike,1148.77,212.2,1252.4,390.9,0.9178,main_carriageway,74.34,33.7,0.413,0
145,515,bike,780.26,71.69,808.98,113.02,0.304,,,,,0
145,886,bike,332.02,74.69,346.34,96.34,0.3985,,,,,0
145,740,car,624.39,75.28,670.05,129.24,0.5361,,,,,0
145,1040,rickshaw,95.2,164.49,131.0,222.05,0.2686,,,,,0
145,976,car,506.42,79.74,540.92,112.99,0.4582,,,,,0
145,861,bike,272.11,119.93,289.28,152.8,0.428,,,,,0
145,1087,rickshaw,623.83,75.45,668.34,128.95,0.3652,,,,,0
146,9,car,758.1,250.54,1070.56,516.35,0.9348,main_carriageway,48.1,45.34,0.686,0
146,13,bike,671.14,216.05,751.24,361.49,0.9253,main_carriageway,35.62,19.12,0.473,0
146,14,car,1072.9,59.91,1199.93,149.81,0.7319,,,,,0
146,16,car,1183.68,63.25,1279.52,160.35,0.7365,,,,,0
146,18,car,865.16,59.31,965.49,122.15,0.7857,,,,,0
146,23,car,727.77,123.97,842.2,214.91,0.9049,main_carriageway,21.02,7.01,0.316,0
146,24,bike,1093.17,133.2,1168.38,258.88,0.9054,main_carriageway,47.66,15.47,0.309,0
146,25,car,706.1,52.9,789.42,98.81,0.6658,,,,,0
146,27,bus,951.08,42.12,1031.64,108.04,0.2657,,,,,0
146,32,car,504.37,107.13,572.39,163.1,0.8784,,,,,0
146,22,bike,323.04,112.08,342.39,150.79,0.7775,,,,,0
146,350,bike,569.03,83.5,594.11,130.27,0.8572,,,,,0
146,449,bike,1164.44,216.68,1269.73,398.62,0.9371,main_carriageway,74.3,35.13,0.427,0
146,515,bike,780.06,71.68,808.97,113.18,0.3358,,,,,0
146,886,bike,332.12,74.71,346.34,96.41,0.3946,,,,,0
146,740,car,625.83,75.36,671.51,129.51,0.5226,,,,,0
146,1040,rickshaw,95.99,163.21,131.73,220.51,0.2644,,,,,0
146,976,car,507.4,79.61,541.68,112.59,0.5145,,,,,0
146,861,bike,272.04,119.89,289.35,153.04,0.484,,,,,0
146,1127,bike,939.53,68.23,1006.07,126.9,0.3378,,,,,0
147,9,car,768.7,256.18,1090.81,529.62,0.9427,main_carriageway,51.59,45.13,0.658,0
147,13,bike,682.38,220.79,763.0,366.99,0.899,main_carriageway,37.02,19.18,0.46,0
147,14,car,1073.64,60.25,1198.79,148.57,0.8203,,,,,0
147,16,car,1183.45,62.9,1279.36,159.96,0.8229,,,,,0
147,18,car,871.2,59.58,973.2,122.66,0.7927,,,,,0
147,23,car,733.15,124.52,850.11,217.26,0.9157,main_carriageway,21.61,7.87,0.342,0
147,24,bike,1107.53,137.06,1183.67,264.6,0.904,main_carriageway,48.9,16.76,0.324,0
147,25,car,706.08,52.93,789.4,98.84,0.6442,,,,,0
147,27,bus,950.0,41.9,1032.24,109.17,0.2568,,,,,0
147,32,car,505.45,106.7,575.02,164.12,0.8869,,,,,0
147,22,bike,323.11,112.33,342.78,151.21,0.7794,,,,,0
147,350,bike,570.12,83.68,595.34,131.06,0.8919,,,,,0
147,449,bike,1181.4,222.67,1280.0,408.38,0.8899,main_carriageway,65.41,34.91,0.471,0
147,515,bike,779.99,71.85,808.92,113.28,0.3435,,,,,0
147,886,bike,332.21,74.8,346.34,96.57,0.403,,,,,0
147,740,car,627.59,76.67,672.92,130.36,0.5819,,,,,0
147,1040,rickshaw,97.47,162.62,133.0,218.96,0.3485,,,,,0
147,976,car,508.07,79.19,543.09,112.77,0.5592,,,,,0
147,861,bike,271.91,119.82,289.4,153.38,0.5143,,,,,0
147,975,car,456.83,85.32,493.4,125.54,0.3046,,,,,0
148,9,car,780.6,261.64,1117.15,546.52,0.9405,main_carriageway,53.66,47.86,0.666,0
148,13,bike,694.31,224.56,776.75,373.93,0.9228,main_carriageway,38.74,19.54,0.45,0
148,14,car,1074.04,60.47,1200.38,149.73,0.8234,,,,,0
148,16,car,1183.27,62.75,1279.22,159.72,0.8086,,,,,0
148,18,car,871.85,59.55,974.71,122.67,0.8101,,,,,0
148,23,car,739.04,125.95,858.88,220.81,0.8977,main_carriageway,22.01,9.1,0.382,0
148,24,bike,1124.46,141.19,1200.63,268.43,0.9032,main_carriageway,50.27,15.37,0.292,0
148,25,car,705.98,52.89,789.45,98.91,0.6406,,,,,0
148,27,bus,950.17,42.08,1032.45,109.22,0.2944,,,,,0
148,32,car,507.35,107.29,576.95,164.83,0.8837,,,,,0
148,22,bike,322.99,112.45,343.28,152.21,0.7779,,,,,0
148,350,bike,571.49,85.64,595.94,131.61,0.8944,,,,,0
148,449,bike,1198.02,229.24,1280.0,418.69,0.8187,main_carriageway,50.2,33.66,0.557,0
148,515,bike,779.92,71.77,809.07,113.42,0.3287,,,,,0
148,886,bike,332.28,75.03,346.41,97.0,0.3936,,,,,0
148,740,car,629.05,77.2,675.06,131.53,0.492,,,,,0
148,1040,rickshaw,98.6,162.78,133.94,218.18,0.3648,,,,,0
148,976,car,509.3,79.49,544.72,113.27,0.6537,,,,,0
148,861,bike,271.77,119.98,289.45,153.95,0.5086,,,,,0
148,975,car,457.05,84.43,494.36,125.95,0.2726,,,,,0
149,9,car,784.75,263.66,1127.35,552.95,0.9403,main_carriageway,54.37,48.95,0.669,0
149,13,bike,698.65,225.95,781.79,376.5,0.9228,main_carriageway,39.33,19.65,0.447,0
149,14,car,1074.24,60.56,1200.91,150.13,0.8246,,,,,0
149,16,car,1183.17,62.69,1279.21,159.63,0.8098,,,,,0
149,18,car,871.88,59.53,975.45,122.65,0.8098,,,,,0
149,23,car,741.13,126.48,862.14,222.12,0.8976,main_carriageway,22.18,9.56,0.396,0
149,24,bike,1130.69,142.81,1206.9,269.8,0.9029,main_carriageway,50.64,14.81,0.281,0
149,25,car,705.95,52.87,789.46,98.94,0.6404,,,,,0
149,27,bus,950.22,42.15,1032.56,109.18,0.2932,,,,,0
149,32,car,508.11,107.57,577.59,165.08,0.8848,,,,,0
149,22,bike,322.89,112.49,343.51,152.57,0.7794,,,,,0
149,350,bike,571.98,86.39,596.11,131.79,0.895,,,,,0
149,449,bike,1205.35,231.69,1280.0,422.3,0.8186,main_carriageway,45.04,32.89,0.59,0
149,515,bike,779.89,71.75,809.15,113.48,0.3292,,,,,0
149,886,bike,332.35,75.12,346.4,97.15,0.3941,,,,,0
149,740,car,629.53,77.39,675.86,131.96,0.487,,,,,0
149,1040,rickshaw,98.88,162.88,134.38,217.91,0.3647,,,,,0
149,976,car,509.68,79.61,545.36,113.45,0.6542,,,,,0
149,861,bike,271.74,120.13,289.42,154.15,0.5057,,,,,0
149,975,car,457.26,84.15,494.56,126.09,0.2709,,,,,0
150,9,car,797.27,270.23,1147.7,565.45,0.9782,main_carriageway,68.58,59.64,0.656,0
150,13,bike,708.4,228.98,792.82,381.8,0.9113,main_carriageway,48.37,24.12,0.446,0
150,14,car,1076.41,60.62,1202.86,150.3,0.5232,,,,,0
150,16,car,1182.95,63.16,1279.59,160.66,0.695,,,,,0
150,18,car,868.9,59.5,971.97,122.44,0.7989,,,,,0
150,23,car,746.24,127.11,869.93,224.72,0.9049,main_carriageway,27.84,11.89,0.393,0
150,24,bike,1144.46,146.29,1221.62,274.56,0.9074,main_carriageway,62.92,18.93,0.288,0
150,25,car,706.17,52.83,789.67,98.93,0.6055,,,,,0
150,32,car,508.81,107.14,579.44,165.75,0.9049,,,,,0
150,22,bike,322.73,112.12,343.9,152.93,0.8028,,,,,0
150,350,bike,573.89,88.03,597.45,132.33,0.888,,,,,0
150,515,bike,779.62,71.75,809.1,113.78,0.377,,,,,0
150,886,bike,332.32,75.15,346.46,97.52,0.4244,,,,,0
150,740,car,630.64,76.75,677.66,131.96,0.493,,,,,0
150,1040,rickshaw,100.25,164.92,135.26,218.45,0.3482,,,,,0
150,976,car,509.54,79.98,545.77,114.33,0.6247,,,,,0
150,861,bike,271.61,120.56,289.17,154.37,0.6622,,,,,0
150,975,car,457.41,83.05,494.89,125.52,0.3968,,,,,0
150,1154,car,264.65,94.54,290.66,124.2,0.3277,,,,,0
151,9,car,806.55,274.07,1175.82,584.71,0.9872,main_carriageway,76.86,68.36,0.665,0
151,13,bike,721.09,232.44,807.47,388.76,0.9272,main_carriageway,53.09,27.27,0.457,0
151,14,car,1094.83,59.46,1234.98,154.69,0.6295,,,,,0
151,16,car,1182.93,63.4,1279.64,160.89,0.6515,,,,,0
151,18,car,869.34,59.26,973.35,122.63,0.8143,,,,,0
151,23,car,752.62,127.85,878.78,227.34,0.9364,main_carriageway,30.72,12.43,0.375,0
151,24,bike,1161.43,149.07,1241.06,281.22,0.9496,main_carriageway,70.47,22.34,0.302,0
151,25,car,706.06,52.71,789.85,99.03,0.6136,,,,,0
151,32,car,510.41,107.8,581.1,166.47,0.9309,,,,,0
151,22,bike,322.49,111.7,344.13,153.13,0.7932,,,,,0
151,350,bike,575.64,88.78,599.36,133.2,0.8841,,,,,0
151,515,bike,779.48,71.62,809.08,113.84,0.3831,,,,,0
151,886,bike,332.36,75.61,346.58,98.3,0.4308,,,,,0
151,740,car,632.3,76.33,679.72,131.92,0.4811,,,,,0
151,1040,rickshaw,102.35,166.92,136.07,217.96,0.2367,,,,,0
151,976,car,509.1,80.02,546.24,115.37,0.6188,,,,,0
151,861,bike,271.46,120.04,289.28,154.45,0.6448,,,,,0
151,975,car,457.13,82.74,494.85,125.46,0.4424,,,,,0
151,1154,car,263.84,95.87,291.2,127.1,0.2686,,,,,0
152,9,car,809.82,275.45,1186.54,591.94,0.9872,main_carriageway,68.43,62.32,0.673,0
152,13,bike,725.74,233.71,812.85,391.26,0.9271,main_carriageway,46.61,24.27,0.462,0
152,14,car,1099.99,59.03,1248.57,156.29,0.6262,,,,,0
152,16,car,1182.91,63.49,1279.67,160.98,0.6534,,,,,0
152,18,car,869.51,59.17,974.04,122.71,0.8147,,,,,0
152,23,car,754.93,128.15,882.02,228.31,0.9364,main_carriageway,26.84,11.05,0.381,0
152,24,bike,1167.58,150.04,1248.24,283.68,0.9489,main_carriageway,62.31,19.08,0.293,0
152,25,car,706.04,52.67,789.87,99.06,0.612,,,,,0
152,32,car,511.01,108.07,581.67,166.72,0.9298,,,,,0
152,22,bike,322.35,111.52,344.25,153.17,0.7928,,,,,0
152,350,bike,576.23,89.03,600.07,133.5,0.8854,,,,,0
152,515,bike,779.44,71.58,809.07,113.86,0.3764,,,,,0
152,886,bike,332.4,75.78,346.59,98.58,0.4296,,,,,0
152,740,car,632.89,76.19,680.47,131.88,0.4887,,,,,0
152,1040,rickshaw,103.03,167.75,136.41,217.81,0.2363,,,,,0
152,976,car,508.94,80.03,546.35,115.76,0.6188,,,,,0
152,861,bike,271.4,119.78,289.32,154.47,0.6466,,,,,0
152,975,car,457.01,82.64,494.81,125.43,0.4411,,,,,0
152,1154,car,263.59,96.34,291.37,128.08,0.2665,,,,,0
153,9,car,819.54,281.24,1206.3,604.36,0.9818,main_carriageway,64.04,57.84,0.67,0
153,13,bike,735.54,235.83,824.71,397.39,0.9066,main_carriageway,44.6,23.46,0.466,0
153,14,car,1081.48,59.98,1223.36,153.83,0.4956,,,,,0
153,16,car,1183.07,63.63,1279.66,160.87,0.7778,,,,,0
153,18,car,868.34,59.09,972.49,122.52,0.8415,,,,,0
153,23,car,759.63,129.58,888.62,231.18,0.9402,main_carriageway,25.16,10.37,0.381,0
153,24,bike,1181.67,152.59,1263.34,288.01,0.9515,main_carriageway,59.96,19.58,0.31,0
153,25,car,705.86,52.51,790.08,99.19,0.6369,,,,,0
153,32,car,511.95,107.81,584.12,167.89,0.9313,,,,,0
153,22,bike,322.29,111.73,344.49,153.7,0.7734,,,,,0
153,350,bike,577.64,90.35,601.04,133.78,0.8238,,,,,0
153,515,bike,779.37,71.43,809.06,113.85,0.4501,,,,,0
153,886,bike,332.55,75.92,346.67,98.77,0.4661,,,,,0
153,740,rickshaw,635.34,76.36,682.65,131.91,0.4495,,,,,0
153,1040,rickshaw,104.09,167.9,137.37,217.47,0.2628,,,,,0
153,976,car,508.44,80.28,545.87,116.35,0.5533,,,,,0
153,861,bike,271.19,119.78,289.12,154.6,0.6568,,,,,0
153,975,car,458.02,83.46,495.68,126.18,0.3889,,,,,0
153,1154,car,263.53,96.66,291.69,128.91,0.2644,,,,,0
154,9,car,839.43,291.28,1230.81,615.4,0.9832,main_carriageway,79.07,62.45,0.62,0
154,13,bike,749.47,240.64,839.9,404.32,0.9093,main_carriageway,54.46,27.82,0.455,0
154,14,car,1074.3,60.41,1212.59,152.7,0.55,,,,,0
154,16,car,1183.38,63.75,1279.2,159.98,0.7911,,,,,0
154,18,car,868.12,59.11,971.7,122.24,0.8534,,,,,0
154,23,car,766.44,129.82,897.89,233.37,0.9211,main_carriageway,30.53,11.25,0.346,0
154,24,bike,1197.81,155.72,1279.9,292.98,0.8586,main_carriageway,70.06,23.18,0.314,0
154,25,car,705.83,52.37,790.33,99.27,0.6815,,,,,0
154,32,car,514.3,109.05,586.2,168.98,0.9329,,,,,0
154,22,bike,322.61,112.44,344.73,154.02,0.7565,,,,,0
154,350,bike,578.37,88.33,602.83,133.93,0.769,,,,,0
154,515,bike,779.18,70.89,809.25,113.96,0.4535,,,,,0
154,886,bike,332.66,75.99,346.69,98.8,0.4727,,,,,0
154,740,rickshaw,637.4,75.95,685.19,132.25,0.6688,,,,,0
154,976,car,508.81,80.18,546.34,116.78,0.5769,,,,,0
154,861,bike,271.06,119.61,289.01,154.59,0.6546,,,,,0
154,975,car,460.78,84.17,497.79,126.65,0.2896,,,,,0
154,1154,car,263.7,97.04,291.71,129.17,0.2924,,,,,0
155,9,car,846.08,295.11,1240.72,619.35,0.9833,main_carriageway,70.92,53.9,0.605,0
155,13,bike,754.55,242.44,845.57,407.03,0.9096,main_carriageway,49.45,25.23,0.454,0
155,14,car,1071.93,60.56,1208.2,152.26,0.5515,,,,,0
155,16,car,1183.44,63.79,1279.1,159.65,0.7898,,,,,0
155,18,car,868.05,59.12,971.37,122.14,0.8532,,,,,0
155,23,car,768.91,129.87,901.27,234.15,0.9212,main_carriageway,27.0,9.43,0.33,0
155,24,bike,1203.78,156.77,1280.0,294.83,0.843,main_carriageway,58.85,20.27,0.326,0
155,25,car,705.86,52.31,790.39,99.3,0.6811,,,,,0
155,32,car,515.15,109.44,586.97,169.37,0.9326,,,,,0
155,22,bike,322.69,112.72,344.84,154.13,0.7565,,,,,0
155,350,bike,578.65,87.6,603.43,133.97,0.7684,,,,,0
155,515,bike,779.13,70.7,809.31,114.01,0.4543,,,,,0
155,886,bike,332.72,76.01,346.68,98.82,0.4765,,,,,0
155,740,rickshaw,638.18,75.79,686.06,132.37,0.6645,,,,,0
155,976,car,509.06,80.13,546.38,116.93,0.5742,,,,,0
155,861,bike,271.03,119.53,288.96,154.58,0.6543,,,,,0
155,975,car,461.9,84.44,498.45,126.82,0.2908,,,,,0
155,1154,car,263.8,97.14,291.69,129.21,0.2918,,,,,0
155,1200,bike,544.8,90.59,565.57,118.57,0.3562,,,,,0
156,9,car,868.36,306.37,1256.98,622.83,0.985,main_carriageway,71.49,38.12,0.471,0
156,13,bike,766.37,245.76,858.82,413.41,0.9164,main_carriageway,48.32,24.65,0.454,0
156,14,car,1071.58,60.6,1206.15,151.81,0.608,,,,,0
156,16,car,1183.63,63.92,1279.61,160.08,0.8105,,,,,0
156,18,car,869.43,59.23,971.65,121.62,0.8573,,,,,0
156,23,car,774.85,131.95,909.47,237.8,0.9127,main_carriageway,26.46,10.46,0.368,0
156,24,bike,1214.23,163.59,1280.0,299.87,0.4997,main_carriageway,45.87,18.65,0.377,0
156,25,car,705.96,52.47,790.02,99.22,0.6899,,,,,0
156,32,car,517.2,110.24,589.12,170.09,0.9301,,,,,0
156,22,bike,322.65,112.75,344.91,154.19,0.7442,,,,,0
156,350,bike,579.12,86.27,604.51,134.18,0.771,,,,,0
156,515,bike,779.14,70.74,809.31,114.06,0.4657,,,,,0
156,886,bike,332.7,76.03,346.68,99.02,0.4625,,,,,0
156,740,rickshaw,638.67,74.67,688.2,133.36,0.4897,,,,,0
156,976,car,509.84,80.96,546.34,117.26,0.5613,,,,,0
156,861,bike,271.1,119.32,289.21,154.83,0.6752,,,,,0
156,975,car,462.8,85.29,498.82,127.28,0.2354,,,,,0
156,1154,car,264.2,98.18,291.46,129.49,0.3291,,,,,0
156,1200,bike,546.54,89.81,567.29,117.76,0.469,,,,,0
156,1061,bus,139.99,116.2,687.36,622.5,0.2484,,,,,0
157,9,car,881.32,314.39,1267.56,624.0,0.9867,main_carriageway,76.26,32.06,0.388,0
157,13,bike,781.85,249.6,876.69,421.48,0.9417,main_carriageway,59.97,30.22,0.45,0
157,14,car,1071.75,60.76,1204.8,151.49,0.5584,,,,,0
157,16,car,1183.56,64.06,1279.98,160.71,0.7772,,,,,0
157,18,car,869.91,59.23,971.62,121.37,0.8702,,,,,0
157,23,car,783.32,135.26,918.03,240.85,0.93,main_carriageway,32.2,12.54,0.363,0
157,25,car,706.02,52.57,789.74,99.16,0.6634,,,,,0
157,32,car,518.69,110.93,591.42,171.3,0.9174,,,,,0
157,22,bike,322.73,112.86,345.23,154.63,0.7038,,,,,0
157,350,bike,580.03,85.63,605.91,134.84,0.7349,,,,,0
157,515,bike,779.16,70.93,809.27,114.18,0.495,,,,,0
157,886,bike,332.76,76.06,346.83,99.32,0.4614,,,,,0
157,740,car,641.23,76.69,689.94,134.41,0.5199,,,,,0
157,976,car,510.98,81.0,547.4,117.55,0.5454,,,,,0
157,861,bike,271.07,119.81,288.98,155.04,0.6828,,,,,0
157,1154,car,263.84,97.27,291.97,129.66,0.3999,,,,,0
157,1200,bike,549.03,90.11,570.05,118.33,0.359,,,,,0
157,1230,rickshaw,641.11,76.26,689.65,135.8,0.48,,,,,0
157,1232,bike,622.29,70.72,637.4,100.61,0.4818,,,,,0
158,9,car,885.06,317.21,1271.82,624.0,0.9867,main_carriageway,65.52,19.64,0.287,0
158,13,bike,787.51,251.0,883.31,424.53,0.9416,main_carriageway,55.28,27.14,0.441,0
158,14,car,1072.0,60.82,1204.09,151.38,0.5573,,,,,0
158,16,car,1183.53,64.1,1280.0,160.95,0.7764,,,,,0
158,18,car,870.11,59.22,971.62,121.3,0.8711,,,,,0
158,23,car,786.3,136.51,921.2,241.96,0.9299,main_carriageway,29.62,10.78,0.342,0
158,25,car,706.08,52.65,789.6,99.13,0.6599,,,,,0
158,32,car,519.17,111.18,592.28,171.72,0.9177,,,,,0
158,22,bike,322.79,112.92,345.39,154.76,0.6995,,,,,0
158,350,bike,580.39,85.36,606.37,135.08,0.736,,,,,0
158,515,bike,779.17,71.0,809.25,114.23,0.4902,,,,,0
158,886,bike,332.81,76.09,346.85,99.45,0.4604,,,,,0
158,740,car,642.18,77.49,690.57,134.82,0.5234,,,,,0
158,976,car,511.48,81.02,547.68,117.63,0.541,,,,,0
158,861,bike,271.08,120.03,288.86,155.1,0.684,,,,,0
158,1154,car,263.74,96.96,292.12,129.73,0.4008,,,,,0
158,1200,bike,549.75,90.15,570.88,118.39,0.3642,,,,,0
158,1230,rickshaw,641.45,76.54,689.97,136.04,0.4726,,,,,0
158,1232,bike,622.35,70.98,637.42,100.76,0.4816,,,,,0
158,1242,bike,1248.95,163.34,1279.95,302.7,0.5189,,,,,0
158,1244,bike,831.93,75.45,875.03,122.16,0.3038,,,,,0
159,9,car,895.94,324.34,1272.96,624.0,0.9854,main_carriageway,49.33,8.6,0.172,0
159,13,bike,800.88,253.85,899.2,431.95,0.9177,main_carriageway,55.36,27.63,0.447,0
159,14,car,1072.93,60.9,1203.98,151.28,0.5739,,,,,0
159,16,car,1183.08,64.12,1279.85,161.15,0.7535,,,,,0
159,18,car,870.17,59.19,971.59,121.23,0.8652,,,,,0
159,23,car,792.52,137.53,929.92,244.69,0.9095,main_carriageway,29.06,11.32,0.363,0
159,25,car,706.08,52.47,789.69,99.02,0.6778,,,,,0
159,32,car,519.99,111.35,594.76,173.21,0.9186,,,,,0
159,22,bike,323.75,114.88,345.8,155.25,0.6886,,,,,0
159,350,bike,582.21,86.59,607.77,135.7,0.7703,,,,,0
159,515,bike,779.0,70.59,809.33,114.26,0.4818,,,,,0
159,886,bike,332.76,76.26,346.82,99.73,0.4515,,,,,0
159,740,car,644.01,78.07,692.29,135.32,0.6232,,,,,0
159,976,car,512.69,81.24,548.7,118.02,0.4699,,,,,0
159,861,bike,271.08,120.06,288.94,155.31,0.6834,,,,,0
159,1154,car,263.86,97.19,292.13,129.89,0.3778,,,,,0
159,1200,bike,550.97,88.7,572.64,117.48,0.4109,,,,,0
159,1232,bike,622.39,70.95,637.55,100.84,0.5496,,,,,0
159,1244,bike,836.08,75.05,879.99,122.41,0.3274,,,,,0
160,9,car,916.09,334.41,1279.33,623.87,0.9722,main_carriageway,54.31,4.52,0.083,0
160,13,bike,817.22,259.83,918.16,442.45,0.9152,main_carriageway,67.63,35.42,0.464,0
160,14,car,1073.58,60.88,1203.9,151.23,0.5962,,,,,0
160,16,car,1182.83,64.05,1279.77,161.22,0.7638,,,,,0
160,18,car,870.23,59.24,971.38,121.1,0.8518,,,,,0
160,23,car,799.63,139.54,940.18,248.74,0.9138,main_carriageway,34.82,14.59,0.387,0
160,25,car,706.09,52.37,789.67,98.93,0.664,,,,,0
160,32,car,521.47,111.88,597.33,174.55,0.9158,,,,,0
160,22,bike,323.89,115.34,346.36,155.97,0.6917,,,,,0
160,350,bike,583.99,87.95,609.39,136.89,0.8014,,,,,0
160,515,bike,778.94,70.4,809.35,114.28,0.5006,,,,,0
160,886,bike,332.76,76.5,346.85,100.09,0.4551,,,,,0
160,740,car,645.28,78.15,694.29,136.19,0.4599,,,,,0
160,976,car,513.4,80.78,550.1,118.79,0.4325,,,,,0
160,861,bike,270.7,119.93,288.94,155.91,0.6516,,,,,0
160,1154,car,263.9,97.7,292.24,130.56,0.3812,,,,,0
160,1200,bike,554.24,89.2,576.47,118.57,0.4747,,,,,0
160,1232,bike,622.52,70.52,638.08,101.15,0.6057,,,,,0
160,1244,bike,837.02,74.52,881.61,122.32,0.3478,,,,,0
161,9,car,923.06,337.94,1280.0,623.21,0.9725,main_carriageway,38.86,0.38,0.01,0
161,13,bike,823.24,262.05,925.22,446.33,0.9157,main_carriageway,61.63,32.92,0.471,0
161,14,car,1074.05,60.88,1203.74,151.23,0.5981,,,,,0
161,16,car,1182.74,64.02,1279.75,161.23,0.7621,,,,,0
161,18,car,870.25,59.26,971.31,121.05,0.8504,,,,,0
161,23,car,802.01,140.27,944.09,250.28,0.9141,main_carriageway,30.89,12.48,0.375,0
161,25,car,706.06,52.29,789.67,98.89,0.6643,,,,,0
161,32,car,521.97,112.11,598.26,175.06,0.9167,,,,,0
161,22,bike,323.86,115.5,346.63,156.21,0.6897,,,,,0
161,350,bike,584.67,88.52,609.96,137.33,0.7996,,,,,0
161,515,bike,778.94,70.31,809.37,114.32,0.5167,,,,,0
161,886,bike,332.81,76.63,346.87,100.23,0.4503,,,,,0
161,740,car,645.66,78.14,695.01,136.51,0.4824,,,,,0
161,976,car,513.81,80.66,550.47,119.09,0.4348,,,,,0
161,861,bike,270.54,119.88,288.95,156.13,0.6509,,,,,0
161,1154,car,263.94,97.86,292.25,130.77,0.383,,,,,0
161,1200,bike,555.38,89.42,577.84,118.96,0.4754,,,,,0
161,1232,bike,622.54,70.4,638.25,101.28,0.6074,,,,,0
161,1244,bike,837.03,74.44,882.05,122.33,0.3497,,,,,0
161,1281,rickshaw,645.67,78.74,694.73,135.45,0.3857,,,,,0
162,9,car,930.6,343.82,1280.0,624.0,0.8942,main_carriageway,30.86,0.0,0.0,0
162,13,bike,838.64,265.49,943.68,454.78,0.9091,main_carriageway,61.89,33.3,0.474,0
162,14,car,1074.36,60.92,1203.87,151.56,0.5575,,,,,0
162,16,car,1182.46,63.91,1279.63,161.23,0.7541,,,,,0
162,18,car,869.36,59.2,971.26,121.49,0.854,,,,,0
162,23,car,807.45,141.88,954.04,255.18,0.9051,main_carriageway,30.07,14.33,0.43,0
162,25,car,706.45,52.55,789.46,98.83,0.6338,,,,,0
162,32,car,523.36,112.24,600.3,175.82,0.9181,,,,,0
162,22,bike,323.43,115.13,347.08,156.98,0.6991,,,,,0
162,350,bike,585.64,88.83,611.05,137.91,0.8257,,,,,0
162,515,bike,778.88,70.12,809.51,114.55,0.5175,,,,,0
162,886,bike,332.77,76.77,346.88,100.52,0.4638,,,,,0
162,740,car,648.22,78.68,697.32,136.7,0.4911,,,,,0
162,976,car,514.47,80.35,551.25,119.34,0.4157,,,,,0
162,861,bike,270.42,119.9,289.01,156.43,0.6082,,,,,0
162,1154,car,263.94,97.93,292.46,131.19,0.3914,,,,,0
162,1200,bike,558.79,90.29,582.68,121.39,0.3624,,,,,0
162,1232,bike,622.36,69.78,638.46,101.38,0.61,,,,,0
162,1244,bike,837.29,74.41,882.72,122.25,0.3599,,,,,0
162,1281,rickshaw,647.65,79.11,696.76,135.9,0.5325,,,,,0
162,975,rickshaw,467.78,87.12,503.24,128.62,0.2866,,,,,0
163,9,car,950.89,356.35,1280.0,624.0,0.9154,main_carriageway,37.0,0.0,0.0,0
163,13,bike,857.95,270.4,966.57,465.02,0.9189,main_carriageway,76.85,40.49,0.466,0
163,14,car,1074.44,60.94,1203.45,151.58,0.61,,,,,0
163,16,car,1182.54,63.87,1279.75,161.23,0.7653,,,,,0
163,18,car,869.29,59.25,971.24,121.52,0.8506,,,,,0
163,23,car,816.79,142.98,966.76,258.74,0.9369,main_carriageway,38.02,16.78,0.404,0
163,25,car,706.89,52.73,789.25,98.66,0.5879,,,,,0
163,32,car,524.8,112.49,602.58,176.85,0.9206,,,,,0
163,22,bike,324.33,116.23,347.77,157.3,0.6836,,,,,0
163,350,bike,587.71,88.79,613.12,137.85,0.7695,,,,,0
163,515,bike,778.92,70.12,809.53,114.66,0.5144,,,,,0
163,886,bike,332.63,76.94,346.75,100.73,0.4603,,,,,0
163,740,car,651.59,79.6,700.11,136.72,0.5155,,,,,0
163,976,car,516.07,80.93,552.48,119.95,0.376,,,,,0
163,861,bike,270.42,119.77,289.14,156.51,0.6195,,,,,0
163,1154,car,263.88,97.95,292.43,131.37,0.3921,,,,,0
163,1200,bike,562.12,91.66,585.54,122.28,0.5681,,,,,0
163,1232,bike,622.37,69.54,638.67,101.52,0.556,,,,,0
163,1244,bike,836.95,74.37,882.81,122.16,0.3419,,,,,0
163,975,rickshaw,468.59,87.47,503.75,128.53,0.3391,,,,,0
163,27,bus,953.86,42.43,1043.0,116.98,0.2918,,,,,0
163,1061,bus,140.05,120.55,685.14,621.35,0.2295,,,,,0
164,9,car,958.27,360.63,1280.0,624.0,0.9158,main_carriageway,34.68,0.0,0.0,0
164,13,bike,864.89,272.12,975.24,468.81,0.9186,main_carriageway,70.03,36.86,0.466,0
164,14,car,1074.62,60.94,1203.17,151.59,0.6166,,,,,0
164,16,car,1182.52,63.86,1279.77,161.23,0.7677,,,,,0
164,18,car,869.17,59.27,971.18,121.53,0.8526,,,,,0
164,23,car,820.05,143.33,971.39,260.03,0.9359,main_carriageway,34.5,15.34,0.406,0
164,25,car,707.24,52.94,789.08,98.56,0.5792,,,,,0
164,32,car,525.33,112.64,603.35,177.26,0.9207,,,,,0
164,22,bike,324.62,116.61,348.12,157.43,0.6814,,,,,0
164,350,bike,588.46,88.73,613.87,137.79,0.7679,,,,,0
164,515,bike,778.95,70.13,809.5,114.7,0.5189,,,,,0
164,886,bike,332.59,77.01,346.69,100.78,0.4538,,,,,0
164,740,car,652.66,79.77,701.17,136.72,0.5366,,,,,0
164,976,car,516.76,81.13,552.8,120.15,0.3725,,,,,0
164,861,bike,270.38,119.65,289.2,156.55,0.6255,,,,,0
164,1154,car,263.93,98.0,292.35,131.41,0.3869,,,,,0
164,1200,bike,563.28,92.24,586.55,122.79,0.5734,,,,,0
164,1232,bike,622.37,69.37,638.8,101.58,0.5399,,,,,0
164,1244,bike,836.46,74.33,882.8,122.11,0.3386,,,,,0
164,975,rickshaw,468.84,87.6,503.92,128.51,0.3529,,,,,0
164,27,bus,955.23,42.46,1043.32,117.65,0.2583,,,,,0
164,1061,bus,139.32,122.74,684.82,621.19,0.2781,,,,,0
165,9,car,978.59,372.42,1280.0,620.0,0.8995,main_carriageway,31.59,-3.87,-0.122,0
165,13,bike,881.16,277.52,994.61,478.91,0.9212,main_carriageway,70.19,36.46,0.461,0
165,14,car,1074.86,60.94,1202.75,151.49,0.6189,,,,,0
165,16,car,1182.61,63.83,1279.88,161.23,0.7732,,,,,0
165,18,car,869.99,59.3,971.6,121.21,0.8665,,,,,0
165,23,car,826.96,145.16,981.01,263.6,0.9375,main_carriageway,34.08,14.86,0.4,0
165,25,car,707.48,52.86,789.1,98.35,0.5842,,,,,0
165,32,car,527.9,114.01,605.89,178.67,0.9211,,,,,0
165,22,bike,324.98,116.73,349.3,159.07,0.6687,,,,,0
165,350,bike,590.43,89.04,615.85,138.19,0.8084,,,,,0
165,515,bike,778.96,70.06,809.55,114.79,0.5168,,,,,0
165,886,bike,332.59,77.19,346.86,101.29,0.4107,,,,,0
165,740,car,654.04,80.6,702.98,137.85,0.4959,,,,,0
165,976,rickshaw,516.74,81.28,553.4,121.33,0.4055,,,,,0
165,861,bike,270.67,120.4,289.5,157.13,0.5363,,,,,0
165,1154,car,263.95,97.81,293.18,132.2,0.3781,,,,,0
165,1200,bike,565.57,93.02,588.52,123.25,0.3172,,,,,0
165,1232,bike,622.59,68.92,639.13,101.42,0.5235,,,,,0
165,1244,bike,836.07,73.78,883.54,122.23,0.3862,,,,,0
165,975,rickshaw,468.78,87.14,505.0,129.49,0.3134,,,,,0
165,27,bus,956.45,42.49,1043.45,117.88,0.6011,,,,,0
165,1061,bus,136.56,120.63,685.65,621.12,0.2945,,,,,0
165,1333,car,518.05,81.21,552.43,121.32,0.3986,,,,,0
165,1334,rickshaw,653.13,81.18,703.15,137.98,0.3978,,,,,0
166,9,car,1003.98,390.16,1280.0,620.53,0.9007,main_carriageway,40.46,-2.68,-0.066,0
166,13,bike,902.77,283.7,1021.05,492.48,0.9113,main_carriageway,87.68,46.15,0.466,0
166,14,car,1075.33,60.9,1202.7,151.47,0.6332,,,,,0
166,16,car,1182.65,63.73,1280.0,161.25,0.7826,,,,,0
166,18,car,870.51,59.39,971.82,120.96,0.8557,,,,,0
166,23,car,835.32,146.83,993.89,268.42,0.9283,main_carriageway,41.56,18.14,0.4,0
166,25,car,707.92,53.12,789.14,98.39,0.5515,,,,,0
166,32,car,530.21,114.69,608.42,179.45,0.916,,,,,0
166,22,bike,325.72,117.41,349.98,159.79,0.7103,,,,,0
166,350,bike,592.38,89.99,617.18,137.86,0.8126,,,,,0
166,515,bike,779.05,70.31,809.45,114.84,0.5135,,,,,0
166,886,bike,332.75,77.22,346.92,101.11,0.4817,,,,,0
166,740,car,656.19,81.98,704.9,138.56,0.4378,,,,,0
166,976,car,517.37,80.86,554.37,121.61,0.3633,,,,,0
166,861,bike,270.68,120.26,289.71,157.26,0.5634,,,,,0
166,1154,car,263.85,97.96,293.49,132.9,0.3496,,,,,0
166,1200,bike,568.42,92.52,591.42,122.76,0.3641,,,,,0
166,1232,bike,623.24,69.74,639.42,101.63,0.5042,,,,,0
166,1244,bike,835.48,73.62,883.59,122.32,0.3464,,,,,0
166,975,rickshaw,469.07,86.71,505.69,129.66,0.2589,,,,,0
166,27,bus,957.77,42.6,1039.91,113.75,0.7222,,,,,0
166,1061,bus,135.06,120.0,686.07,621.36,0.3475,main_carriageway,20.39,1.1,0.054,0
166,1333,rickshaw,517.99,80.93,552.9,121.67,0.3753,,,,,0
167,9,car,1012.84,395.87,1280.0,620.68,0.8986,main_carriageway,41.12,-3.32,-0.08,0
167,13,bike,910.62,286.01,1031.04,497.53,0.9104,main_carriageway,79.67,42.75,0.473,0
167,14,car,1075.63,60.89,1202.51,151.48,0.6501,,,,,0
167,16,car,1182.66,63.7,1280.0,161.26,0.7847,,,,,0
167,18,car,870.64,59.39,972.06,120.87,0.8625,,,,,0
167,23,car,838.29,147.43,998.77,270.18,0.9285,main_carriageway,37.78,15.0,0.369,0
167,25,car,708.04,53.18,789.17,98.41,0.545,,,,,0
167,32,car,531.13,115.11,609.27,179.72,0.9158,,,,,0
167,22,bike,326.22,117.85,350.29,160.06,0.7076,,,,,0
167,350,bike,593.14,90.51,617.63,137.74,0.8034,,,,,0
167,515,bike,779.1,70.45,809.38,114.86,0.5131,,,,,0
167,886,bike,332.89,77.25,347.03,101.03,0.4959,,,,,0
167,740,car,656.85,82.47,705.67,138.81,0.4346,,,,,0
167,976,rickshaw,517.35,80.86,554.34,121.85,0.352,,,,,0
167,861,bike,270.69,120.25,289.84,157.34,0.5653,,,,,0
167,1154,car,263.83,97.99,293.56,133.07,0.3574,,,,,0
167,1200,bike,569.26,92.31,592.34,122.63,0.3994,,,,,0
167,1232,bike,623.56,70.13,639.52,101.69,0.4982,,,,,0
167,1244,bike,834.91,73.71,883.34,122.36,0.3438,,,,,0
167,975,rickshaw,469.15,86.52,505.91,129.74,0.2703,,,,,0
167,27,bus,958.33,42.68,1038.73,112.33,0.7074,,,,,0
167,1061,bus,133.66,118.32,687.05,621.42,0.3389,,,,,0
167,1333,car,518.32,80.59,553.41,121.57,0.3693,,,,,0
168,9,car,1035.39,413.37,1280.0,623.54,0.7351,main_carriageway,42.25,-0.46,-0.011,0
168,13,bike,928.61,291.77,1054.08,511.16,0.9153,main_carriageway,79.09,46.14,0.504,0
168,14,car,1076.17,60.87,1202.51,151.45,0.6665,,,,,0
168,16,car,1182.64,63.58,1280.0,161.26,0.7784,,,,,0
168,18,car,870.41,59.43,972.12,120.96,0.8577,,,,,0
168,23,car,846.11,148.64,1010.63,274.47,0.9353,main_carriageway,36.6,15.73,0.395,0
168,25,car,708.09,53.24,789.1,98.42,0.5582,,,,,0
168,32,car,532.51,115.96,612.03,181.77,0.8937,main_carriageway,8.58,4.92,0.497,0
168,22,bike,328.81,119.9,351.74,160.46,0.6489,,,,,0
168,350,bike,593.74,91.32,618.47,138.58,0.7935,,,,,0
168,515,bike,779.13,70.41,809.41,114.89,0.5222,,,,,0
168,886,bike,332.93,77.26,347.03,100.94,0.4993,,,,,0
168,740,car,659.16,82.94,708.47,139.83,0.3855,,,,,0
168,976,car,518.85,81.2,555.08,121.61,0.3923,,,,,0
168,861,bike,270.51,120.03,289.95,157.49,0.5463,,,,,0
168,1154,car,263.94,97.71,294.02,133.17,0.3585,,,,,0
168,1200,bike,573.43,92.32,595.46,121.44,0.5566,,,,,0
168,1232,bike,624.29,70.52,640.02,101.89,0.474,,,,,0
168,1244,bike,833.52,73.53,882.42,122.57,0.3664,,,,,0
168,975,rickshaw,470.82,86.89,507.3,129.91,0.2754,,,,,0
168,27,bus,959.25,42.47,1038.85,111.42,0.7953,,,,,0
168,1061,bus,133.5,118.07,687.14,621.02,0.3089,,,,,0
168,1333,rickshaw,519.75,81.34,554.14,121.54,0.4466,,,,,0
168,1361,car,430.81,85.69,477.36,123.33,0.3133,,,,,0
169,9,car,1057.5,422.46,1280.0,623.3,0.5443,main_carriageway,49.62,-0.7,-0.014,0
169,13,bike,951.03,298.99,1082.84,527.79,0.9271,main_carriageway,96.87,58.98,0.52,0
169,14,car,1076.08,60.81,1201.98,151.44,0.6717,,,,,0
169,16,car,1183.0,63.63,1280.0,161.23,0.7709,,,,,0
169,18,car,870.44,59.57,972.14,121.02,0.8628,,,,,0
169,23,car,854.98,151.27,1023.05,279.61,0.9411,main_carriageway,43.29,19.58,0.412,0
169,25,car,718.63,54.89,794.05,97.74,0.559,,,,,0
169,32,car,535.02,117.89,614.7,183.59,0.9065,main_carriageway,10.52,6.33,0.516,0
169,22,bike,330.56,121.32,352.62,160.65,0.7023,,,,,0
169,350,bike,595.18,92.93,619.95,139.91,0.7185,,,,,0
169,515,bike,779.17,70.54,809.34,114.89,0.5382,,,,,0
169,886,bike,332.77,77.37,346.92,101.07,0.5265,,,,,0
169,740,car,661.62,84.0,710.72,140.41,0.6127,,,,,0
169,976,rickshaw,519.68,81.27,555.71,121.72,0.3702,,,,,0
169,861,bike,270.5,119.87,290.29,157.83,0.4365,,,,,0
169,1154,car,263.61,97.67,293.89,133.35,0.3858,,,,,0
169,1200,bike,576.65,93.04,597.83,121.32,0.5696,,,,,0
169,1232,bike,625.12,70.86,640.56,101.88,0.3875,,,,,0
169,1244,bike,832.72,73.84,881.42,122.7,0.3551,,,,,0
169,975,car,472.06,87.42,508.2,129.98,0.2914,,,,,0
169,27,bus,957.98,42.6,1036.55,110.39,0.8326,,,,,0
169,1061,bus,132.88,117.49,687.78,621.2,0.3812,,,,,0
169,1333,car,520.36,81.19,554.81,121.47,0.4034,,,,,0
169,1361,car,430.49,85.72,477.74,123.9,0.3238,,,,,0
169,1372,bike,317.04,107.74,334.56,140.07,0.3755,,,,,0
170,9,car,1065.77,425.58,1280.0,623.12,0.5581,main_carriageway,43.59,3.12,0.071,0
170,13,bike,959.27,301.72,1093.88,533.77,0.9279,main_carriageway,88.69,54.86,0.526,0
170,14,car,1076.2,60.79,1201.7,151.47,0.6629,,,,,0
170,16,car,1183.18,63.6,1280.0,161.21,0.7696,,,,,0
170,18,car,870.42,59.66,972.15,121.02,0.8602,,,,,0
170,23,car,858.15,152.23,1027.68,281.51,0.9413,main_carriageway,38.93,17.91,0.418,0
170,25,car,722.81,55.42,795.6,97.48,0.5543,,,,,0
170,32,car,535.86,118.61,615.73,184.26,0.9056,main_carriageway,8.9,5.59,0.532,0
170,22,bike,331.22,121.81,352.87,160.7,0.7037,,,,,0
170,350,bike,595.62,93.49,620.5,140.38,0.7153,,,,,0
170,515,bike,779.18,70.57,809.31,114.89,0.5408,,,,,0
170,886,bike,332.71,77.41,346.88,101.1,0.5185,,,,,0
170,740,car,662.44,84.42,711.54,140.62,0.6153,,,,,0
170,976,rickshaw,520.05,81.29,555.87,121.75,0.3632,,,,,0
170,861,bike,270.48,119.86,290.42,157.96,0.4339,,,,,0
170,1154,car,263.49,97.63,293.83,133.38,0.3872,,,,,0
170,1200,bike,577.83,93.27,598.56,121.23,0.5713,,,,,0
170,1232,bike,625.48,70.98,640.73,101.86,0.3903,,,,,0
170,1244,bike,832.09,74.01,880.63,122.83,0.3706,,,,,0
170,975,car,472.54,87.73,508.5,130.0,0.2877,,,,,0
170,27,bus,957.64,42.67,1035.79,109.94,0.833,,,,,0
170,1061,bus,132.44,117.09,688.17,621.28,0.3827,,,,,0
170,1333,car,520.57,81.13,555.01,121.45,0.4127,,,,,0
170,1361,car,430.35,85.73,477.81,124.08,0.3239,,,,,0
170,1372,bike,316.91,107.85,334.31,139.94,0.3704,,,,,0
171,9,car,1104.1,463.29,1280.0,624.0,0.4479,main_carriageway,50.06,3.47,0.069,0
171,13,bike,980.42,307.39,1120.82,547.6,0.9291,main_carriageway,88.71,55.12,0.528,0
171,14,car,1076.57,60.78,1201.65,151.51,0.6954,,,,,0
171,16,car,1183.26,63.57,1280.0,161.2,0.7705,,,,,0
171,18,car,870.34,59.65,972.24,121.06,0.8628,,,,,0
171,23,car,867.59,153.16,1041.05,285.21,0.9314,main_carriageway,39.71,16.79,0.389,0
171,25,car,726.12,55.71,796.59,97.25,0.5585,,,,,0
171,32,car,537.34,119.21,617.61,185.16,0.9182,main_carriageway,8.16,5.71,0.573,0
171,22,bike,331.99,122.33,353.48,161.05,0.7094,,,,,0
171,350,bike,596.2,91.98,622.17,140.51,0.6902,,,,,0
171,515,bike,779.2,70.61,809.25,114.84,0.5298,,,,,0
171,886,bike,332.8,77.54,347.07,101.33,0.5165,,,,,0
171,740,car,664.19,83.78,713.47,139.86,0.7539,,,,,0
171,976,car,521.31,81.05,557.11,121.57,0.5356,,,,,0
171,861,bike,270.33,119.71,290.47,158.06,0.4365,,,,,0
171,1154,car,263.51,98.0,293.64,133.4,0.4156,,,,,0
171,1200,bike,581.26,91.25,602.64,120.09,0.4018,,,,,0
171,1232,bike,625.7,70.69,641.1,102.3,0.2803,,,,,0
171,1244,bike,831.15,73.86,879.57,122.88,0.3803,,,,,0
171,975,car,473.54,86.8,510.46,130.32,0.3222,,,,,0
171,27,bus,958.49,42.53,1036.57,109.68,0.8126,,,,,0
171,1061,bus,132.13,116.23,689.13,621.35,0.2982,,,,,0
171,1361,car,431.22,85.65,478.52,123.83,0.3006,,,,,0
171,1372,bike,315.7,107.16,333.61,140.18,0.5064,,,,,0
172,9,bike,1141.54,480.62,1280.0,623.71,0.5504,main_carriageway,64.35,3.03,0.047,0
172,13,bike,1007.73,316.36,1155.67,567.12,0.9103,main_carriageway,110.87,69.59,0.532,0
172,14,car,1076.55,60.77,1201.37,151.62,0.7106,,,,,0
172,16,car,1183.37,63.6,1280.0,161.23,0.7711,,,,,0
172,18,car,870.31,59.66,972.44,121.14,0.8635,,,,,0
172,23,car,879.05,155.13,1057.04,290.34,0.9498,main_carriageway,49.51,20.16,0.377,0
172,25,car,727.61,55.79,796.61,97.23,0.5606,,,,,0
172,32,car,539.65,118.92,621.65,186.3,0.9243,main_carriageway,10.45,6.58,0.533,0
172,22,bike,333.39,123.12,354.75,161.65,0.7485,,,,,0
172,350,bike,595.64,90.46,623.25,141.16,0.7179,,,,,0
172,515,bike,779.2,70.48,809.35,114.9,0.5228,,,,,0
172,886,bike,332.85,77.68,347.2,101.55,0.5071,,,,,0
172,740,car,666.34,83.54,716.26,139.98,0.7414,,,,,0
172,976,car,522.35,81.13,558.08,121.59,0.5187,,,,,0
172,861,bike,270.61,120.18,290.63,158.19,0.4106,,,,,0
172,1154,car,263.09,98.25,293.16,133.47,0.4556,,,,,0
172,1244,bike,829.74,73.69,877.83,122.96,0.3105,,,,,0
172,975,car,474.42,86.81,511.24,130.21,0.3722,,,,,0
172,27,bus,959.58,42.37,1037.8,109.39,0.7582,,,,,0
172,1061,bus,131.72,116.28,689.14,621.43,0.3367,,,,,0
172,1361,car,432.1,85.64,479.22,123.61,0.389,,,,,0
172,1372,bike,315.17,106.61,333.54,140.48,0.5848,,,,,0
173,13,bike,1038.73,327.06,1192.3,585.24,0.9242,main_carriageway,124.17,74.08,0.512,0
173,14,car,1076.21,60.75,1200.75,151.67,0.7176,,,,,0
173,16,car,1183.44,63.69,1280.0,161.24,0.7654,,,,,0
173,18,car,870.32,59.72,972.56,121.24,0.8621,,,,,0
173,23,car,892.19,157.84,1075.52,296.72,0.938,main_carriageway,55.49,22.25,0.372,0
173,25,car,727.68,55.67,795.9,97.25,0.5763,,,,,0
173,32,car,541.97,119.44,625.15,187.8,0.9259,main_carriageway,11.29,6.03,0.471,0
173,22,bike,334.83,124.4,355.65,162.13,0.7748,,,,,0
173,350,bike,596.62,91.91,624.22,141.72,0.677,,,,,0
173,515,bike,779.13,70.23,809.43,114.96,0.5123,,,,,0
173,886,bike,333.02,78.04,347.49,102.12,0.4819,,,,,0
173,740,car,669.29,85.34,718.99,141.19,0.6974,,,,,0
173,976,car,524.2,82.21,559.49,122.32,0.5225,,,,,0
173,861,bike,270.23,120.44,290.95,159.87,0.3751,,,,,0
173,1154,car,262.39,99.35,292.2,134.33,0.317,,,,,0
173,1244,bike,832.12,73.55,880.66,123.04,0.2871,,,,,0
173,975,car,474.89,86.06,512.82,130.89,0.4743,,,,,0
173,27,bus,959.33,42.28,1037.75,109.29,0.7192,,,,,0
173,1061,bus,126.2,109.03,690.31,621.62,0.4329,,,,,0
173,1361,car,433.56,86.45,479.82,123.7,0.3716,,,,,0
173,1372,bike,314.01,104.96,333.43,140.76,0.6136,,,,,0
173,1408,car,804.65,59.56,865.94,110.01,0.3401,,,,,0
174,13,bike,1050.12,331.14,1206.44,592.0,0.9248,main_carriageway,111.35,64.21,0.5,0
174,14,car,1076.54,60.76,1200.64,151.61,0.7306,,,,,0
174,16,car,1183.53,63.78,1280.0,161.26,0.7541,,,,,0
174,18,car,870.27,59.68,972.68,121.27,0.8697,,,,,0
174,23,car,896.89,158.76,1082.61,299.1,0.9379,main_carriageway,50.74,19.49,0.359,0
174,25,car,728.29,55.73,795.46,97.22,0.5792,,,,,0
174,32,car,542.79,119.6,626.45,188.36,0.9245,main_carriageway,9.76,4.77,0.439,0
174,22,bike,335.34,124.83,355.97,162.35,0.7791,,,,,0
174,350,bike,597.34,93.2,624.77,141.94,0.6503,,,,,0
174,515,bike,779.05,70.02,809.44,114.99,0.501,,,,,0
174,886,bike,333.12,78.17,347.65,102.33,0.4867,,,,,0
174,740,car,670.3,85.97,720.1,141.64,0.6881,,,,,0
174,976,car,524.8,82.53,559.97,122.62,0.5296,,,,,0
174,861,bike,270.1,120.47,291.01,160.33,0.346,,,,,0
174,1154,car,262.22,99.94,291.74,134.63,0.3225,,,,,0
174,1244,bike,833.32,73.25,882.44,123.03,0.2709,,,,,0
174,975,car,475.02,85.69,513.44,131.23,0.4874,,,,,0
174,27,bus,958.91,42.21,1037.55,109.2,0.7109,,,,,0
174,1061,bus,124.87,106.94,689.88,621.54,0.4423,,,,,0
174,1361,car,434.08,86.7,480.21,123.82,0.36,,,,,0
174,1372,bike,313.74,104.55,333.42,140.83,0.6154,,,,,0
174,1408,car,804.19,59.45,865.88,110.21,0.3749,,,,,0
175,13,bike,1053.62,332.56,1211.6,594.5,0.9251,main_carriageway,106.03,60.73,0.497,0
175,14,car,1076.82,60.76,1200.53,151.59,0.7284,,,,,0
175,16,car,1183.6,63.82,1280.0,161.26,0.7537,,,,,0
175,18,car,870.31,59.68,972.81,121.28,0.868,,,,,0
175,23,car,898.32,159.05,1085.12,299.9,0.9378,main_carriageway,48.81,18.39,0.353,0
175,25,car,728.75,55.76,795.02,97.21,0.577,,,,,0
175,32,car,543.04,119.64,626.87,188.56,0.9244,main_carriageway,9.16,4.3,0.425,0
175,22,bike,335.53,124.97,356.04,162.42,0.7787,,,,,0
175,350,bike,597.58,93.75,625.09,142.02,0.6488,,,,,0
175,515,bike,779.04,69.97,809.42,115.01,0.5039,,,,,0
175,886,bike,333.16,78.21,347.71,102.4,0.4879,,,,,0
175,740,car,670.54,86.2,720.5,141.79,0.6878,,,,,0
175,976,car,525.05,82.66,560.08,122.73,0.5306,,,,,0
175,861,bike,270.07,120.46,291.03,160.49,0.3478,,,,,0
175,1154,car,262.15,100.14,291.58,134.76,0.322,,,,,0
175,1244,bike,833.73,73.19,883.17,123.02,0.2719,,,,,0
175,975,car,475.06,85.53,513.62,131.35,0.4837,,,,,0
175,27,bus,958.79,42.18,1037.67,109.16,0.7067,,,,,0
175,1061,bus,124.73,106.26,689.3,621.49,0.4407,,,,,0
175,1361,car,434.13,86.73,480.28,123.83,0.3655,,,,,0
175,1372,bike,313.67,104.42,333.43,140.86,0.6156,,,,,0
175,1408,car,804.01,59.42,865.88,110.29,0.3695,,,,,0
176,13,bike,1076.55,340.2,1239.1,607.19,0.932,main_carriageway,107.2,59.59,0.486,0
176,14,car,1077.01,60.73,1200.53,151.64,0.7336,,,,,0
176,16,car,1183.66,63.78,1280.0,161.29,0.7671,,,,,0
176,18,car,870.3,59.68,972.83,121.27,0.8702,,,,,0
176,23,car,906.26,160.42,1096.6,303.52,0.9451,main_carriageway,47.11,18.31,0.362,0
176,25,car,729.93,55.95,794.85,97.11,0.5777,,,,,0
176,32,car,544.51,120.33,628.94,189.83,0.9125,main_carriageway,9.25,4.67,0.451,0
176,22,bike,335.71,124.71,356.54,162.89,0.7979,,,,,0
176,350,bike,598.85,93.01,626.5,141.06,0.7394,,,,,0
176,515,bike,779.21,70.53,809.19,115.0,0.5106,,,,,0
176,886,bike,333.21,78.35,347.78,102.58,0.4288,,,,,0
176,740,car,672.4,84.97,723.45,141.7,0.7675,,,,,0
176,976,car,526.28,82.83,561.23,122.84,0.3899,,,,,0
176,861,bike,270.08,120.23,291.07,160.39,0.3169,,,,,0
176,1154,car,261.84,100.34,291.17,134.96,0.2812,,,,,0
176,1244,bike,834.33,73.5,883.68,122.87,0.2799,,,,,0
176,975,car,475.38,85.31,514.35,131.78,0.4028,,,,,0
176,27,bus,959.79,42.33,1039.07,109.18,0.7896,,,,,0
176,1061,bus,125.37,106.65,688.66,621.59,0.3739,,,,,0
176,1361,car,433.21,85.87,480.16,123.64,0.3783,,,,,0
176,1372,bike,314.09,104.59,333.77,140.88,0.6072,,,,,0
176,1408,car,804.08,59.4,865.95,110.22,0.3568,,,,,0
177,13,bike,1107.69,351.76,1267.64,612.66,0.9106,main_carriageway,105.96,45.54,0.395,0
177,14,car,1077.21,60.75,1200.47,151.72,0.7207,,,,,0
177,16,car,1183.85,63.92,1280.0,161.3,0.7654,,,,,0
177,18,car,870.37,59.7,972.85,121.27,0.8686,,,,,0
177,23,car,918.19,164.35,1113.18,310.34,0.9333,main_carriageway,47.64,20.0,0.387,0
177,25,car,730.87,56.08,794.56,96.98,0.5986,,,,,0
177,32,car,546.75,121.86,631.97,192.01,0.9127,main_carriageway,8.71,5.71,0.548,0
177,22,bike,336.61,125.93,357.12,163.51,0.7877,,,,,0
177,350,bike,600.9,93.26,628.93,141.4,0.5873,,,,,0
177,515,bike,779.31,70.85,809.05,115.0,0.502,,,,,0
177,886,bike,333.47,78.28,348.21,102.81,0.445,,,,,0
177,740,car,674.16,83.69,727.4,142.91,0.7337,,,,,0
177,976,car,527.49,83.09,562.3,123.0,0.3564,,,,,0
177,861,bike,270.85,121.93,291.79,162.04,0.3519,,,,,0
177,1154,car,261.54,100.37,291.6,135.99,0.3369,,,,,0
177,1244,bike,834.52,73.76,883.93,122.81,0.2757,,,,,0
177,975,car,476.51,86.14,515.01,132.2,0.3394,,,,,0
177,27,bus,959.68,42.35,1039.17,109.17,0.8239,,,,,0
177,1061,bus,126.04,106.42,688.92,621.66,0.382,,,,,0
177,1361,car,433.33,86.22,480.2,123.89,0.3694,,,,,0
177,1372,bike,314.31,104.66,334.38,141.62,0.581,,,,,0
177,1408,car,804.11,59.39,865.96,110.15,0.3565,,,,,0
178,13,bike,1134.63,362.52,1280.0,618.85,0.897,main_carriageway,91.8,33.61,0.344,0
178,14,car,1077.21,60.72,1200.29,151.82,0.7046,,,,,0
178,16,car,1183.83,64.16,1280.0,161.33,0.7657,,,,,0
178,18,car,870.31,59.68,972.79,121.25,0.8552,,,,,0
178,23,car,932.71,167.74,1132.08,316.31,0.9293,main_carriageway,48.54,19.59,0.374,0
178,25,car,731.56,56.16,794.24,96.93,0.6055,,,,,0
178,32,car,549.05,122.68,634.84,193.26,0.9188,main_carriageway,8.38,5.46,0.546,0
178,22,bike,337.1,126.47,357.63,164.08,0.7616,,,,,0
178,350,bike,603.89,93.16,632.78,142.63,0.6231,,,,,0
178,515,bike,779.48,71.18,808.95,114.9,0.4877,,,,,0
178,886,bike,333.56,78.18,348.36,102.87,0.4461,,,,,0
178,740,car,676.76,83.08,730.6,143.13,0.777,,,,,0
178,976,car,529.09,83.04,563.73,122.77,0.3976,,,,,0
178,861,bike,271.13,122.59,292.02,162.65,0.3484,,,,,0
178,1154,car,261.46,100.33,291.67,136.23,0.3575,,,,,0
178,1244,bike,834.79,74.26,884.09,122.78,0.2714,,,,,0
178,975,car,477.91,87.43,515.47,132.34,0.3756,,,,,0
178,27,bus,959.07,42.39,1038.75,109.26,0.8448,,,,,0
178,1061,bus,128.32,108.67,689.15,622.01,0.2675,,,,,0
178,1361,car,432.78,85.95,479.82,123.83,0.3299,,,,,0
178,1372,bike,314.62,105.06,334.68,141.98,0.5766,,,,,0
178,1408,car,804.43,59.3,866.19,109.96,0.3536,,,,,0
178,1200,bike,600.74,88.34,629.15,127.67,0.5356,,,,,0
179,13,bike,1144.82,366.38,1280.0,620.82,0.8966,main_carriageway,84.13,28.82,0.324,0
179,14,car,1077.3,60.71,1200.08,151.84,0.7063,,,,,0
179,16,car,1183.79,64.21,1280.0,161.34,0.7653,,,,,0
179,18,car,870.37,59.66,972.87,121.25,0.8599,,,,,0
179,23,car,937.84,169.0,1139.3,318.49,0.9292,main_carriageway,48.82,19.39,0.369,0
179,25,car,731.92,56.19,793.79,96.92,0.6025,,,,,0
179,32,car,549.9,123.0,635.86,193.69,0.9186,main_carriageway,8.26,5.33,0.542,0
179,22,bike,337.27,126.66,357.83,164.31,0.7591,,,,,0
179,350,bike,604.99,93.15,634.2,143.02,0.6206,,,,,0
179,515,bike,779.59,71.37,808.9,114.85,0.4791,,,,,0
179,886,bike,333.61,78.12,348.41,102.88,0.4494,,,,,0
179,740,car,677.73,82.84,731.72,143.2,0.7728,,,,,0
179,976,car,529.68,83.03,564.24,122.67,0.399,,,,,0
179,861,bike,271.24,122.82,292.1,162.86,0.3482,,,,,0
179,1154,car,261.45,100.3,291.68,136.31,0.3568,,,,,0
179,1244,bike,834.63,74.55,883.99,122.77,0.2717,,,,,0
179,975,car,478.4,87.93,515.62,132.39,0.374,,,,,0
179,27,bus,958.61,42.4,1038.44,109.31,0.8403,,,,,0
179,1061,bus,129.05,109.49,689.11,622.13,0.2761,,,,,0
179,1361,car,432.58,85.84,479.66,123.82,0.3266,,,,,0
179,1372,bike,314.75,105.21,334.81,142.12,0.577,,,,,0
179,1408,car,804.5,59.36,866.06,109.81,0.3508,,,,,0
179,1200,bike,602.14,88.16,630.43,128.19,0.5324,,,,,0
180,13,bike,1167.0,378.53,1280.0,622.91,0.778,main_carriageway,90.89,28.41,0.298,0
180,14,car,1076.9,60.79,1199.46,151.9,0.7055,,,,,0
180,16,car,1183.29,64.25,1279.6,161.31,0.7627,,,,,0
180,18,car,871.12,59.9,973.16,121.2,0.8717,,,,,0
180,23,car,948.93,170.76,1156.73,324.49,0.9579,main_carriageway,61.11,24.59,0.373,0
180,25,car,731.17,56.39,792.4,96.99,0.5523,,,,,0
180,32,car,551.7,123.11,638.87,194.74,0.9167,main_carriageway,10.33,6.18,0.513,0
180,22,bike,338.29,126.84,359.12,164.72,0.7287,,,,,0
180,350,bike,608.3,95.46,638.05,146.5,0.5071,,,,,0
180,515,bike,779.95,71.9,808.95,114.85,0.4858,,,,,0
180,886,bike,333.92,78.5,348.56,103.0,0.4314,,,,,0
180,740,car,679.56,82.69,733.96,143.33,0.7744,,,,,0
180,976,car,530.26,82.99,564.93,122.79,0.3312,,,,,0
180,861,bike,270.91,122.0,292.24,162.91,0.4387,,,,,0
180,1154,car,261.6,100.54,291.74,136.54,0.3661,,,,,0
180,1243,bus,13.65,224.56,73.26,474.45,0.7842,,,,,0
180,1244,bike,835.47,75.62,884.35,122.8,0.3217,,,,,0
180,975,car,480.31,88.61,517.0,132.59,0.3302,,,,,0
180,27,bus,958.42,42.45,1037.74,109.08,0.8108,,,,,0
180,1061,bus,129.06,110.13,687.74,621.6,0.3175,,,,,0
180,1361,car,433.36,86.12,480.96,124.62,0.2971,,,,,0
180,1372,bike,314.69,104.85,335.22,142.71,0.5837,,,,,0
180,1408,car,807.71,59.37,868.4,108.94,0.2666,,,,,0
181,14,car,1076.78,60.85,1199.11,151.88,0.6756,,,,,0
181,16,car,1182.87,63.91,1279.58,161.28,0.7413,,,,,0
181,18,car,871.38,60.08,973.04,121.14,0.8617,,,,,0
181,23,car,963.65,173.9,1177.23,331.34,0.9439,main_carriageway,69.01,27.82,0.374,0
181,25,car,730.6,56.39,791.76,97.23,0.5579,,,,,0
181,32,car,554.26,124.44,641.77,196.2,0.9128,main_carriageway,11.29,6.37,0.491,0
181,22,bike,338.78,127.1,360.05,165.54,0.7389,,,,,0
181,350,bike,612.82,97.87,641.97,148.12,0.6562,,,,,0
181,515,bike,780.16,72.35,808.92,114.9,0.4959,,,,,0
181,886,bike,334.11,78.59,348.75,103.09,0.4431,,,,,0
181,740,car,682.42,82.48,737.45,143.93,0.8256,,,,,0
181,976,rickshaw,530.03,82.01,565.98,123.55,0.3485,,,,,0
181,861,bike,271.16,122.64,292.64,163.84,0.5171,,,,,0
181,1154,car,260.86,100.96,291.95,138.26,0.3748,,,,,0
181,1243,bus,14.11,227.42,74.39,467.66,0.7654,,,,,0
181,1244,bike,835.35,76.15,884.05,122.72,0.2985,,,,,0
181,975,car,479.7,86.88,517.6,132.45,0.2962,,,,,0
181,27,bus,957.96,42.48,1036.96,109.05,0.8221,,,,,0
181,1061,bus,129.21,109.87,687.97,621.54,0.2788,,,,,0
181,1361,car,434.76,87.31,482.24,125.86,0.3313,,,,,0
181,1372,bike,314.46,104.53,335.66,143.76,0.5594,,,,,0
181,1408,car,808.64,59.62,868.66,108.53,0.2738,,,,,0
182,14,car,1076.77,60.87,1198.94,151.87,0.6757,,,,,0
182,16,car,1182.68,63.78,1279.6,161.27,0.741,,,,,0
182,18,car,871.47,60.14,972.99,121.12,0.862,,,,,0
182,23,car,968.89,175.08,1185.0,333.87,0.944,main_carriageway,61.26,23.53,0.359,0
182,25,car,730.46,56.38,791.38,97.31,0.5575,,,,,0
182,32,car,555.16,124.96,642.87,196.72,0.9122,main_carriageway,9.65,4.71,0.438,0
182,22,bike,338.9,127.18,360.42,165.86,0.7379,,,,,0
182,350,bike,614.58,98.8,643.37,148.63,0.6572,,,,,0
182,515,bike,780.22,72.52,808.93,114.92,0.4932,,,,,0
182,886,bike,334.18,78.62,348.82,103.13,0.4418,,,,,0
182,740,car,683.46,82.41,738.66,144.15,0.8261,,,,,0
182,976,rickshaw,529.98,81.65,566.3,123.84,0.3488,,,,,0
182,861,bike,271.26,122.88,292.79,164.19,0.5187,,,,,0
182,1154,car,260.63,101.13,291.98,138.9,0.3736,,,,,0
182,1243,bus,13.36,228.63,75.47,465.64,0.7553,,,,,0
182,1244,bike,835.15,76.34,884.04,122.69,0.2984,,,,,0
182,975,car,479.49,86.28,517.76,132.4,0.2951,,,,,0
182,27,bus,957.88,42.49,1036.62,109.05,0.8221,,,,,0
182,1061,bus,129.25,109.6,688.15,621.52,0.277,,,,,0
182,1361,car,435.36,87.78,482.67,126.33,0.3313,,,,,0
182,1372,bike,314.4,104.39,335.81,144.16,0.5601,,,,,0
182,1408,car,808.93,59.71,868.76,108.38,0.2714,,,,,0
182,1478,bike,1243.19,458.73,1279.78,621.43,0.4519,,,,,0
183,14,car,1077.05,60.74,1199.07,151.77,0.726,,,,,0
183,16,car,1182.87,64.03,1279.6,161.26,0.7732,,,,,0
183,18,car,871.55,60.22,972.9,121.09,0.8603,,,,,0
183,23,car,981.81,178.09,1203.15,340.06,0.9448,main_carriageway,60.09,23.75,0.368,0
183,25,car,730.25,56.42,790.91,97.35,0.5339,,,,,0
183,32,car,557.16,125.31,646.38,198.32,0.9211,main_carriageway,9.83,5.06,0.458,0
183,22,bike,338.95,127.18,360.92,166.51,0.7739,,,,,0
183,350,bike,620.32,104.45,646.83,150.09,0.8214,,,,,0
183,515,bike,780.3,72.83,808.85,114.94,0.5031,,,,,0
183,886,bike,334.28,78.65,348.9,103.14,0.4494,,,,,0
183,740,car,686.0,81.83,741.94,144.55,0.7792,,,,,0
183,976,bus,530.93,80.15,568.22,123.83,0.3428,,,,,0
183,861,bike,271.6,123.41,293.0,164.53,0.5298,,,,,0
183,1154,car,260.52,101.25,292.33,139.71,0.3986,,,,,0
183,1243,bus,13.34,225.18,78.08,462.12,0.694,,,,,0
183,1244,bike,834.93,76.61,883.84,122.65,0.315,,,,,0
183,975,bus,479.35,85.67,517.9,131.85,0.2903,,,,,0
183,27,bus,957.88,42.53,1036.34,109.04,0.8334,,,,,0
183,1061,bus,129.68,109.95,688.06,621.45,0.2851,,,,,0
183,1361,car,436.91,88.84,483.33,126.57,0.3616,,,,,0
183,1372,bike,314.49,104.45,335.88,144.33,0.5569,,,,,0
183,1408,car,808.92,59.79,868.54,108.23,0.2663,,,,,0
184,14,car,1077.08,60.72,1198.82,151.66,0.7545,,,,,0
184,16,car,1182.79,63.94,1279.66,161.25,0.7893,,,,,0
184,18,car,871.69,60.31,972.98,121.1,0.8592,,,,,0
184,23,car,996.78,181.45,1226.21,348.9,0.939,main_carriageway,72.92,30.41,0.385,0
184,25,car,730.52,56.37,790.99,97.38,0.547,,,,,0
184,32,car,559.82,126.6,650.25,200.54,0.935,main_carriageway,12.16,6.85,0.491,0
184,22,bike,339.9,127.35,362.29,167.57,0.7564,,,,,0
184,350,bike,623.9,104.07,651.67,151.52,0.5996,,,,,0
184,515,bike,780.24,72.75,808.89,114.96,0.5151,,,,,0
184,886,bike,334.44,78.87,349.03,103.29,0.4221,,,,,0
184,740,car,688.23,81.59,744.88,145.28,0.7174,,,,,0
184,976,car,532.47,80.17,569.92,123.98,0.3192,,,,,0
184,861,bike,272.25,124.64,293.16,164.85,0.5007,,,,,0
184,1154,car,260.58,101.49,293.13,140.88,0.4677,,,,,0
184,1243,bus,13.66,221.47,79.49,452.23,0.8147,,,,,0
184,1244,bike,834.58,76.53,883.89,122.67,0.3307,,,,,0
184,975,bus,480.73,86.38,518.82,131.7,0.2387,,,,,0
184,27,bus,957.86,42.5,1036.33,109.14,0.8293,,,,,0
184,1061,bus,131.72,113.34,687.04,621.64,0.258,,,,,0
184,1361,car,437.58,89.51,483.77,126.88,0.3776,,,,,0
184,1372,bike,314.82,105.24,336.19,145.33,0.492,,,,,0
184,1408,car,808.78,59.86,868.33,108.19,0.2718,,,,,0
184,1200,bike,612.08,87.62,637.63,124.1,0.4709,,,,,0
185,14,car,1077.14,60.7,1198.68,151.62,0.7581,,,,,0
185,16,car,1182.75,63.91,1279.71,161.25,0.7904,,,,,0
185,18,car,871.71,60.34,973.01,121.11,0.8598,,,,,0
185,23,car,1002.11,182.7,1234.93,352.23,0.9389,main_carriageway,65.69,27.74,0.389,0
185,25,car,730.62,56.33,790.9,97.39,0.547,,,,,0
185,32,car,560.74,127.07,651.67,201.35,0.9352,main_carriageway,10.92,6.61,0.518,0
185,22,bike,340.25,127.4,362.77,167.97,0.7573,,,,,0
185,350,bike,625.06,103.93,653.37,151.99,0.5984,,,,,0
185,515,bike,780.2,72.71,808.91,114.96,0.5156,,,,,0
185,886,bike,334.5,78.94,349.08,103.33,0.4248,,,,,0
185,740,car,689.07,81.51,745.89,145.54,0.7194,,,,,0
185,976,car,533.04,80.2,570.55,124.03,0.318,,,,,0
185,861,bike,272.5,125.09,293.23,164.95,0.5012,,,,,0
185,1154,car,260.61,101.58,293.44,141.33,0.4667,,,,,0
185,1243,bus,13.01,220.21,80.73,448.81,0.8169,opposite_carriageway,3.41,-25.64,0.991,0
185,1244,bike,834.37,76.48,884.0,122.68,0.3313,,,,,0
185,975,bus,481.19,86.67,519.2,131.62,0.238,,,,,0
185,27,bus,958.03,42.49,1036.47,109.18,0.8249,,,,,0
185,1061,bus,132.29,114.54,686.75,621.71,0.263,,,,,0
185,1361,car,437.75,89.74,484.02,127.0,0.3805,,,,,0
185,1372,bike,314.99,105.56,336.27,145.71,0.4926,,,,,0
185,1408,car,808.69,59.88,868.26,108.18,0.2726,,,,,0
185,1507,bus,534.1,78.95,568.83,123.63,0.3081,,,,,0
185,1200,bike,612.57,87.54,637.64,123.59,0.4696,,,,,0
186,14,car,1077.21,60.7,1198.59,151.61,0.7582,,,,,0
186,16,car,1182.72,63.9,1279.74,161.25,0.7905,,,,,0
186,18,car,871.7,60.34,973.04,121.11,0.8598,,,,,0
186,23,car,1003.69,183.11,1237.98,353.35,0.9388,main_carriageway,50.39,22.01,0.4,0
186,25,car,730.71,56.32,790.8,97.39,0.547,,,,,0
186,32,car,561.01,127.23,652.14,201.61,0.9352,main_carriageway,8.56,5.41,0.534,0
186,22,bike,340.39,127.41,362.91,168.1,0.7572,,,,,0
186,350,bike,625.35,103.83,653.98,152.13,0.5984,,,,,0
186,515,bike,780.17,72.68,808.93,114.97,0.5156,,,,,0
186,886,bike,334.51,78.97,349.1,103.36,0.4206,,,,,0
186,740,car,689.35,81.48,746.16,145.63,0.7194,,,,,0
186,976,car,533.23,80.22,570.76,124.04,0.3181,,,,,0
186,861,bike,272.58,125.21,293.24,164.97,0.5021,,,,,0
186,1154,car,260.64,101.6,293.53,141.47,0.4651,,,,,0
186,1243,bus,12.03,219.79,81.86,447.88,0.816,opposite_carriageway,2.7,-19.78,0.991,0
186,1244,bike,834.21,76.45,884.11,122.68,0.3313,,,,,0
186,975,car,483.52,88.3,520.86,132.35,0.2741,,,,,0
186,27,bus,958.12,42.49,1036.51,109.2,0.8248,,,,,0
186,1061,bus,132.41,114.99,686.74,621.74,0.2627,,,,,0
186,1361,car,437.75,89.82,484.15,127.03,0.3809,,,,,0
186,1372,bike,315.09,105.66,336.26,145.83,0.4923,,,,,0
186,1408,car,808.62,59.89,868.25,108.19,0.2727,,,,,0
186,1507,bus,534.11,78.96,568.83,123.63,0.3067,,,,,0
186,1200,bike,612.83,87.52,637.66,123.44,0.4697,,,,,0
187,14,car,1078.88,60.98,1198.74,150.48,0.5846,,,,,0
187,16,car,1182.89,63.99,1279.76,161.14,0.7617,,,,,0
187,18,car,871.84,60.52,972.88,121.08,0.8425,,,,,0
187,23,car,1026.45,188.08,1268.91,364.52,0.9458,main_carriageway,70.74,30.65,0.398,0
187,25,car,732.14,56.21,791.4,97.02,0.5029,,,,,0
187,32,car,565.27,127.8,659.19,204.38,0.9156,main_carriageway,13.22,7.66,0.501,0
187,22,bike,341.45,126.91,364.7,168.96,0.8073,,,,,0
187,350,bike,631.04,104.84,660.93,154.73,0.6449,,,,,0
187,515,bike,780.29,72.94,808.91,114.99,0.4908,,,,,0
187,886,bike,334.51,78.86,349.12,103.3,0.466,,,,,0
187,740,car,693.3,82.21,750.45,146.76,0.6708,,,,,0
187,976,car,534.19,79.97,571.99,124.41,0.4628,,,,,0
187,861,bike,273.48,126.65,294.09,166.16,0.417,,,,,0
187,1154,car,260.37,101.8,294.12,142.88,0.4845,,,,,0
187,1243,bus,12.75,215.57,84.12,440.07,0.6404,opposite_carriageway,4.02,-25.57,0.988,0
187,1244,bike,834.37,77.1,883.84,122.67,0.3132,,,,,0
187,975,car,485.86,89.35,523.25,133.22,0.405,,,,,0
187,27,bus,957.98,42.51,1036.16,109.19,0.8454,,,,,0
187,1361,car,437.57,89.51,486.01,128.2,0.4241,,,,,0
187,1372,bike,314.22,104.3,336.53,147.04,0.494,,,,,0
187,1408,car,808.48,59.92,867.86,108.04,0.2305,,,,,0
187,1507,rickshaw,535.55,79.63,570.26,124.25,0.3075,,,,,0
187,1200,bike,613.18,79.25,643.31,123.57,0.4148,,,,,0
188,14,car,1079.39,61.08,1198.88,150.06,0.5849,,,,,0
188,16,car,1182.95,64.03,1279.78,161.09,0.7615,,,,,0
188,18,car,871.87,60.59,972.82,121.06,0.8417,,,,,0
188,23,car,1035.0,189.9,1280.0,368.67,0.9461,main_carriageway,65.02,28.61,0.403,0
188,25,car,732.79,56.17,791.51,96.87,0.5032,,,,,0
188,32,car,566.82,128.03,661.83,205.4,0.917,main_carriageway,12.56,7.08,0.491,0
188,22,bike,341.85,126.71,365.35,169.27,0.8077,,,,,0
188,350,bike,633.0,105.16,663.58,155.71,0.6469,,,,,0
188,515,bike,780.33,73.02,808.91,115.0,0.4908,,,,,0
188,886,bike,334.51,78.79,349.15,103.28,0.4659,,,,,0
188,740,car,694.74,82.49,752.02,147.17,0.6708,,,,,0
188,976,rickshaw,534.62,79.79,572.4,124.48,0.3079,,,,,0
188,861,bike,273.77,127.14,294.42,166.59,0.4217,,,,,0
188,1154,car,260.31,101.85,294.33,143.44,0.4834,,,,,0
188,1243,bus,12.22,213.99,85.64,437.49,0.653,opposite_carriageway,3.22,-24.63,0.992,0
188,1244,bike,834.4,77.34,883.9,122.67,0.3117,,,,,0
188,975,car,486.55,89.61,524.16,133.53,0.3914,,,,,0
188,27,bus,957.96,42.52,1035.96,109.2,0.8457,,,,,0
188,1361,car,437.44,89.43,486.69,128.62,0.4236,,,,,0
188,1372,bike,313.96,103.74,336.58,147.48,0.4991,,,,,0
188,1408,car,808.42,59.93,867.73,108.0,0.2312,,,,,0
188,1507,car,535.94,79.88,570.68,124.5,0.464,,,,,0
188,1200,bike,613.55,76.41,645.19,123.63,0.4181,,,,,0
189,14,car,1078.98,61.08,1198.52,149.82,0.6152,,,,,0
189,16,car,1182.92,63.91,1279.86,161.07,0.777,,,,,0
189,18,car,871.89,60.6,972.89,121.07,0.845,,,,,0
189,23,car,1044.28,194.53,1280.0,377.12,0.9528,main_carriageway,50.64,28.22,0.487,0
189,25,car,732.92,55.48,791.63,96.7,0.4707,,,,,0
189,32,car,568.39,128.58,664.69,207.02,0.9097,main_carriageway,11.5,6.48,0.491,0
189,22,bike,342.56,127.45,365.99,169.85,0.8127,,,,,0
189,350,bike,636.93,104.21,669.81,158.96,0.7095,,,,,0
189,515,bike,780.3,73.0,808.94,115.06,0.4576,,,,,0
189,886,bike,334.72,78.96,349.33,103.41,0.4262,,,,,0
189,740,car,696.47,81.87,755.1,148.17,0.6678,,,,,0
189,976,car,535.59,80.15,573.47,125.06,0.6203,,,,,0
189,861,bike,273.99,126.24,295.39,167.01,0.456,,,,,0
189,1154,car,260.04,102.39,294.05,144.21,0.4033,,,,,0
189,1243,bus,12.13,214.26,87.1,435.17,0.7962,opposite_carriageway,3.04,-17.06,0.984,0
189,1244,bike,834.19,77.46,883.77,122.68,0.2974,,,,,0
189,975,car,487.91,90.38,525.14,133.67,0.5008,,,,,0
189,27,bus,957.97,42.5,1035.88,109.21,0.8363,,,,,0
189,1361,car,437.92,89.45,487.99,129.01,0.4754,,,,,0
189,1372,bike,313.61,103.19,336.65,148.15,0.5177,,,,,0
189,1408,car,808.43,59.95,867.68,108.0,0.2169,,,,,0
189,1200,bike,614.06,75.42,645.58,123.55,0.5524,,,,,0
190,14,car,1078.07,61.21,1197.71,149.34,0.7193,,,,,0
190,16,car,1184.13,64.34,1280.0,161.18,0.7223,,,,,0
190,18,car,871.6,60.59,972.83,121.23,0.8981,,,,,0
190,23,car,1052.59,198.79,1280.0,388.13,0.9543,main_carriageway,47.78,35.9,0.601,0
190,25,car,735.3,55.95,793.31,97.06,0.4195,,,,,0
190,32,car,571.43,129.19,668.99,208.51,0.9174,main_carriageway,14.01,7.16,0.455,0
190,22,bike,342.97,127.57,366.65,170.54,0.8427,,,,,0
190,350,bike,641.29,104.04,676.11,162.06,0.7864,,,,,0
190,515,bike,780.08,71.94,809.0,114.31,0.2488,,,,,0
190,886,bike,334.72,79.62,349.2,103.91,0.3733,,,,,0
190,740,car,699.25,82.43,758.06,149.15,0.6431,,,,,0
190,976,car,536.89,80.81,574.75,125.61,0.4845,,,,,0
190,861,bike,272.58,124.78,295.31,168.13,0.4638,,,,,0
190,1154,car,259.66,104.12,291.9,143.92,0.3658,,,,,0
190,1243,bus,10.9,203.63,90.7,432.74,0.5997,opposite_carriageway,3.93,-16.07,0.971,0
190,1244,bike,833.61,76.91,883.97,122.74,0.2369,,,,,0
190,975,car,488.51,90.81,526.55,135.0,0.4881,,,,,0
190,27,bus,955.17,42.14,1033.86,109.46,0.6956,,,,,0
190,1361,car,439.35,89.8,490.24,129.71,0.545,,,,,0
190,1372,bike,314.51,103.96,337.03,148.59,0.5362,,,,,0
190,1408,car,806.42,60.14,865.49,108.28,0.2311,,,,,0
190,1200,bike,615.71,74.93,646.41,122.65,0.5271,,,,,0
191,14,car,1077.6,61.22,1197.85,149.16,0.671,,,,,0
191,16,car,1184.7,64.66,1280.0,161.23,0.7077,,,,,0
191,18,car,871.48,60.58,972.82,121.31,0.8997,,,,,0
191,23,car,1056.98,200.37,1280.0,392.32,0.9542,main_carriageway,47.65,38.97,0.633,0
191,25,car,736.31,56.1,793.82,97.21,0.4124,,,,,0
191,32,car,572.48,129.41,670.59,209.03,0.9178,main_carriageway,14.96,7.42,0.444,0
191,22,bike,343.13,127.61,366.86,170.78,0.8434,,,,,0
191,350,bike,642.99,104.01,678.5,163.26,0.7872,,,,,0
191,515,bike,779.95,71.59,808.97,114.03,0.2441,,,,,0
191,886,bike,334.74,79.9,349.11,104.08,0.3753,,,,,0
191,740,car,700.28,82.59,759.08,149.49,0.6465,,,,,0
191,976,car,537.35,81.09,575.21,125.81,0.4845,,,,,0
191,861,bike,272.0,124.2,295.23,168.52,0.4616,,,,,0
191,1154,car,259.7,104.79,291.1,143.63,0.3643,,,,,0
191,1243,bus,9.89,200.15,92.54,432.0,0.6005,opposite_carriageway,4.27,-15.88,0.966,0
191,975,car,488.67,90.94,527.07,135.5,0.4919,,,,,0
191,27,bus,954.01,42.0,1033.07,109.56,0.7057,,,,,0
191,1361,car,439.8,89.93,491.16,129.93,0.5413,,,,,0
191,1372,bike,314.98,104.29,337.08,148.74,0.5354,,,,,0
191,1408,car,805.71,60.19,864.68,108.47,0.2205,,,,,0
191,1200,bike,616.44,74.82,646.51,122.31,0.527,,,,,0
191,1552,car,0.23,214.31,101.53,436.03,0.3569,,,,,0
191,1553,rickshaw,537.27,81.08,575.5,125.47,0.3375,,,,,0
192,14,car,1077.19,61.22,1198.14,149.09,0.6714,,,,,0
192,16,car,1184.95,64.78,1280.0,161.24,0.7078,,,,,0
192,18,car,871.44,60.57,972.8,121.34,0.8999,,,,,0
192,23,car,1059.66,200.89,1280.0,393.75,0.9542,main_carriageway,22.15,29.23,0.797,0
192,25,car,736.81,56.16,793.88,97.27,0.4127,,,,,0
192,32,car,572.77,129.48,671.14,209.19,0.9178,main_carriageway,9.72,4.81,0.443,0
192,22,bike,343.19,127.62,366.89,170.85,0.8434,,,,,0
192,350,bike,643.57,103.98,679.32,163.68,0.7873,,,,,0
192,515,bike,779.89,71.45,809.0,113.92,0.2439,,,,,0
192,886,bike,334.76,80.0,349.07,104.15,0.376,,,,,0
192,740,car,700.65,82.65,759.33,149.6,0.6459,,,,,0
192,976,car,537.47,81.2,575.36,125.87,0.4846,,,,,0
192,861,bike,271.77,123.96,295.18,168.65,0.4618,,,,,0
192,1154,car,259.74,105.02,290.79,143.5,0.3645,,,,,0
192,1243,bus,8.97,199.07,93.71,431.9,0.6007,opposite_carriageway,2.9,-8.17,0.942,0
192,975,car,488.72,91.02,527.22,135.66,0.4941,,,,,0
192,27,bus,953.56,41.96,1032.8,109.6,0.7055,,,,,0
192,1361,car,439.86,89.97,491.58,130.0,0.5418,,,,,0
192,1372,bike,315.24,104.43,337.0,148.78,0.5355,,,,,0
192,1408,car,805.53,60.21,864.33,108.56,0.222,,,,,0
192,1200,bike,616.78,74.81,646.36,122.19,0.5268,,,,,0
192,1552,car,0.23,214.35,101.52,436.05,0.3567,,,,,0
192,1553,rickshaw,537.27,81.08,575.5,125.47,0.3374,,,,,0
193,14,car,1076.13,61.6,1197.44,149.28,0.7945,,,,,0
193,16,car,1184.88,64.71,1280.0,161.37,0.757,,,,,0
193,18,car,871.15,60.21,973.09,121.39,0.9056,,,,,0
193,23,car,1073.06,207.59,1280.0,411.04,0.9298,main_carriageway,19.03,42.37,0.912,0
193,25,car,737.46,55.26,794.61,96.64,0.352,,,,,0
193,32,car,577.96,132.09,677.19,212.35,0.8828,main_carriageway,13.25,6.95,0.465,0
193,22,bike,344.73,129.15,368.19,171.66,0.8902,,,,,0
193,350,bike,651.3,105.09,687.3,165.55,0.8903,,,,,0
193,886,bike,334.86,79.74,349.27,104.16,0.4047,,,,,0
193,740,car,706.12,84.11,764.74,150.94,0.7445,,,,,0
193,976,car,539.52,81.3,577.59,126.09,0.5542,,,,,0
193,861,bike,272.71,125.59,295.34,168.85,0.6511,,,,,0
193,1154,car,260.93,105.46,290.44,141.54,0.3998,,,,,0
193,975,car,489.33,89.74,529.57,136.51,0.522,,,,,0
193,27,bus,952.81,41.9,1032.41,109.69,0.6603,,,,,0
193,1361,car,445.75,93.14,494.18,130.52,0.459,,,,,0
193,1372,bike,315.59,104.43,337.09,148.73,0.5774,,,,,0
193,1200,bike,620.87,77.06,647.95,120.53,0.6291,,,,,0
193,1552,bus,0.0,195.24,107.18,430.79,0.5893,,,,,0
194,14,car,1075.56,61.75,1197.35,149.36,0.7946,,,,,0
194,16,car,1184.88,64.69,1280.0,161.42,0.7573,,,,,0
194,18,car,871.06,60.07,973.18,121.41,0.9054,,,,,0
194,23,car,1080.89,210.1,1280.0,417.53,0.9299,main_carriageway,18.31,40.41,0.911,0
194,25,car,737.77,54.9,794.8,96.39,0.3537,,,,,0
194,32,car,579.87,133.16,679.39,213.52,0.8825,main_carriageway,13.09,6.5,0.445,0
194,22,bike,345.25,129.73,368.66,171.92,0.8901,,,,,0
194,350,bike,654.26,105.5,690.24,166.23,0.8895,,,,,0
194,886,bike,334.88,79.6,349.31,104.15,0.4079,,,,,0
194,740,car,708.15,84.72,766.71,151.43,0.7452,,,,,0
194,976,car,540.25,81.37,578.42,126.17,0.5524,,,,,0
194,861,bike,273.13,126.27,295.42,168.91,0.6512,,,,,0
194,1154,car,261.29,105.63,290.4,140.81,0.3968,,,,,0
194,975,car,489.6,89.31,530.41,136.84,0.526,,,,,0
194,27,bus,952.48,41.88,1032.33,109.72,0.6604,,,,,0
194,1361,car,447.85,94.33,495.09,130.69,0.4571,,,,,0
194,1372,bike,315.79,104.41,337.06,148.67,0.576,,,,,0
194,1200,bike,622.4,77.98,648.51,120.01,0.6289,,,,,0
194,1552,bus,0.0,189.64,108.83,429.14,0.5867,,,,,0
194,1574,car,438.0,87.28,475.42,125.38,0.341,,,,,0
195,14,car,1075.32,61.76,1197.51,149.27,0.8126,,,,,0
195,16,car,1184.87,64.47,1280.0,161.46,0.7816,,,,,0
195,18,car,871.03,60.03,973.09,121.4,0.9037,,,,,0
195,23,car,1097.98,215.17,1280.0,420.06,0.9064,main_carriageway,22.69,31.93,0.815,0
195,25,car,735.78,54.58,793.41,96.93,0.2966,,,,,0
195,32,car,582.27,133.89,683.78,215.74,0.9121,main_carriageway,12.81,7.23,0.491,0
195,22,bike,345.68,129.79,369.38,172.31,0.8993,,,,,0
195,350,bike,658.97,105.82,695.24,167.33,0.8877,,,,,0
195,886,bike,334.96,80.2,349.13,104.38,0.404,,,,,0
195,740,car,711.22,85.43,769.43,151.56,0.7813,,,,,0
195,976,car,541.26,81.49,579.31,126.23,0.5308,,,,,0
195,861,bike,273.54,126.63,295.82,169.23,0.6462,,,,,0
195,1154,car,259.91,105.83,289.93,142.26,0.4,,,,,0
195,975,car,490.7,90.17,531.14,137.31,0.555,,,,,0
195,27,bus,952.75,41.85,1032.65,109.75,0.6711,,,,,0
195,1361,car,451.22,95.45,497.07,130.75,0.5078,,,,,0
195,1372,bike,315.91,104.51,336.96,148.69,0.587,,,,,0
195,1200,bike,624.41,79.02,649.5,119.18,0.6147,,,,,0
195,1552,bus,0.0,180.9,112.15,426.84,0.5024,,,,,0
195,1574,car,442.2,89.31,480.38,127.94,0.3538,,,,,0
195,1243,car,12.07,195.6,99.75,427.94,0.3351,opposite_carriageway,6.98,-9.55,0.807,0
196,14,car,1075.05,61.74,1197.72,149.26,0.8116,,,,,0
196,16,car,1184.91,64.41,1280.0,161.47,0.7826,,,,,0
196,18,car,871.03,59.99,973.01,121.4,0.903,,,,,0
196,23,car,1106.97,217.06,1280.0,420.74,0.9063,main_carriageway,25.0,28.42,0.751,0
196,25,car,735.15,54.45,792.69,97.12,0.2967,,,,,0
196,32,car,583.09,134.17,685.39,216.53,0.9116,main_carriageway,12.7,7.5,0.508,0
196,22,bike,345.81,129.77,369.69,172.43,0.8987,,,,,0
196,350,bike,660.7,105.87,697.02,167.73,0.8876,,,,,0
196,886,bike,335.01,80.45,349.05,104.46,0.4022,,,,,0
196,740,car,712.26,85.69,770.41,151.59,0.7775,,,,,0
196,976,car,541.63,81.55,579.59,126.25,0.5326,,,,,0
196,861,bike,273.69,126.78,295.96,169.33,0.6458,,,,,0
196,1154,car,259.46,105.9,289.72,142.75,0.3993,,,,,0
196,975,car,491.09,90.5,531.36,137.48,0.5506,,,,,0
196,27,bus,952.84,41.85,1032.79,109.78,0.6778,,,,,0
196,1361,car,452.41,95.86,497.73,130.76,0.5078,,,,,0
196,1372,bike,316.0,104.56,336.86,148.68,0.5857,,,,,0
196,1200,bike,625.07,79.49,649.84,118.96,0.6148,,,,,0
196,1552,bus,0.57,180.13,112.92,426.09,0.4889,,,,,0
196,1574,car,443.45,89.99,482.14,128.81,0.3534,,,,,0
196,1597,bike,634.08,98.41,659.77,135.76,0.4414,,,,,0
196,1243,car,11.55,196.59,101.65,427.96,0.3518,opposite_carriageway,6.99,-7.21,0.718,0
197,14,car,1074.49,61.01,1198.43,149.21,0.8128,,,,,0
197,16,car,1184.54,64.14,1280.0,161.46,0.7997,,,,,0
197,18,car,871.21,60.18,972.78,121.41,0.8935,,,,,0
197,23,car,1124.56,221.87,1280.0,421.07,0.882,main_carriageway,32.45,27.32,0.644,0
197,32,car,585.83,134.34,690.18,218.24,0.9241,main_carriageway,16.05,9.05,0.491,0
197,22,bike,347.1,130.09,370.99,172.8,0.9027,,,,,0
197,350,bike,665.44,105.07,702.51,168.51,0.8824,,,,,0
197,886,bike,334.86,80.58,349.04,104.97,0.4367,,,,,0
197,740,car,714.77,85.35,773.8,152.23,0.7277,,,,,0
197,976,car,542.8,80.88,581.32,126.24,0.465,,,,,0
197,861,bike,274.29,127.76,296.58,170.3,0.6628,,,,,0
197,1154,car,259.54,108.46,290.22,145.78,0.4884,,,,,0
197,975,car,492.66,90.85,532.76,137.67,0.5046,,,,,0
197,27,bus,953.93,41.83,1033.55,109.69,0.6794,,,,,0
197,1361,car,453.56,96.68,498.85,131.72,0.5737,,,,,0
197,1372,bike,316.48,104.9,337.12,148.7,0.6738,,,,,0
197,1200,bike,627.21,81.56,650.9,118.91,0.5158,,,,,0
197,1552,bus,2.85,184.22,112.58,423.35,0.5186,,,,,0
197,1597,bike,635.58,99.03,662.4,137.96,0.5572,,,,,0
197,1243,car,10.84,195.07,104.19,428.35,0.2716,opposite_carriageway,6.71,-4.39,0.547,0
198,14,car,1074.32,60.58,1199.02,149.11,0.739,,,,,0
198,16,car,1184.23,63.64,1280.0,161.44,0.7488,,,,,0
198,18,car,871.25,60.21,972.66,121.43,0.8876,,,,,0
198,23,car,1142.9,230.02,1280.0,431.71,0.7845,main_carriageway,34.92,20.67,0.509,0
198,32,car,588.38,135.26,694.91,220.82,0.9374,main_carriageway,14.07,8.47,0.516,0
198,22,bike,347.83,130.3,371.86,173.27,0.8936,,,,,0
198,350,bike,671.17,105.28,708.64,169.91,0.895,,,,,0
198,886,bike,334.86,80.66,349.09,105.28,0.4576,,,,,0
198,740,car,718.2,86.62,776.77,152.79,0.6924,,,,,0
198,976,car,544.21,80.55,582.8,126.11,0.3518,,,,,0
198,861,bike,274.59,128.32,297.41,171.97,0.6553,,,,,0
198,1154,car,258.85,108.19,291.21,147.72,0.5429,,,,,0
198,975,car,493.18,91.14,533.32,137.97,0.4344,,,,,0
198,27,bus,954.64,41.84,1033.94,109.65,0.6929,,,,,0
198,1361,car,454.59,96.68,500.02,132.02,0.6023,,,,,0
198,1372,bike,316.58,105.01,337.18,148.83,0.6753,,,,,0
198,1200,bike,628.18,82.11,652.19,119.93,0.5595,,,,,0
198,1597,bike,638.0,99.71,665.17,138.97,0.4882,,,,,0
198,1620,car,438.43,87.63,473.67,123.02,0.4158,,,,,0
198,1621,car,271.03,105.88,302.2,135.61,0.3713,,,,,0
198,1622,bike,308.07,63.45,325.7,86.38,0.3179,,,,,0
199,14,car,1073.39,60.57,1198.01,149.02,0.7801,,,,,0
199,16,car,1184.24,63.6,1280.0,161.44,0.7734,,,,,0
199,18,car,871.37,60.17,972.7,121.41,0.8946,,,,,0
199,32,car,591.92,136.18,700.45,223.33,0.9128,main_carriageway,16.55,9.81,0.51,0
199,22,bike,349.04,130.7,373.51,174.45,0.8837,,,,,0
199,350,bike,677.31,106.01,715.04,171.39,0.8794,,,,,0
199,886,bike,334.92,80.61,349.34,105.73,0.5283,,,,,0
199,740,car,721.53,86.86,780.78,153.66,0.7371,,,,,0
199,976,car,545.34,80.02,584.65,126.57,0.3495,,,,,0
199,861,bike,275.09,129.24,298.0,173.21,0.7123,,,,,0
199,1154,car,258.01,107.42,291.21,148.34,0.5558,,,,,0
199,975,car,493.23,87.72,535.34,136.96,0.3702,,,,,0
199,27,bus,954.92,41.84,1033.93,109.58,0.6856,,,,,0
199,1361,car,454.66,95.84,500.87,132.09,0.5431,,,,,0
199,1372,bike,316.96,105.08,337.52,148.93,0.7161,,,,,0
199,1200,bike,628.81,81.02,654.06,121.07,0.5395,,,,,0
199,1597,bike,643.23,98.61,671.87,140.15,0.571,,,,,0
199,1620,car,440.41,88.65,477.3,125.63,0.561,,,,,0
199,1621,car,272.8,105.86,303.68,135.33,0.4358,,,,,0
199,1622,bike,307.96,63.64,325.69,86.73,0.3278,,,,,0
199,1243,bus,13.86,198.19,103.12,411.71,0.7311,opposite_carriageway,7.27,-20.29,0.941,0
200,14,car,1073.05,60.58,1197.65,149.0,0.7809,,,,,0
200,16,car,1184.27,63.58,1280.0,161.43,0.7726,,,,,0
200,18,car,871.44,60.15,972.67,121.4,0.895,,,,,0
200,32,car,593.18,136.5,702.49,224.25,0.9123,main_carriageway,14.81,8.51,0.498,0
200,22,bike,349.49,130.85,374.12,174.87,0.883,,,,,0
200,350,bike,679.63,106.33,717.33,171.92,0.8789,,,,,0
200,886,bike,334.98,80.56,349.44,105.89,0.5268,,,,,0
200,740,car,722.67,86.96,782.23,153.97,0.7385,,,,,0
200,976,car,545.77,79.83,585.29,126.75,0.3559,,,,,0
200,861,bike,275.3,129.67,298.14,173.65,0.7132,,,,,0
200,1154,car,257.74,107.13,291.05,148.56,0.5507,,,,,0
200,975,car,493.28,86.48,536.03,136.58,0.3715,,,,,0
200,27,bus,955.1,41.86,1033.86,109.55,0.6841,,,,,0
200,1361,car,454.75,95.52,501.06,132.11,0.5466,,,,,0
200,1372,bike,317.13,105.08,337.64,148.95,0.7154,,,,,0
200,1200,bike,629.12,80.66,654.67,121.44,0.5523,,,,,0
200,1597,bike,645.06,98.27,674.05,140.52,0.572,,,,,0
200,1620,car,441.08,89.0,478.57,126.48,0.563,,,,,0
200,1621,car,274.29,105.87,304.89,135.16,0.4194,,,,,0
200,1622,bike,307.93,63.71,325.68,86.84,0.3287,,,,,0
200,1646,car,1236.56,217.85,1280.0,440.36,0.5697,,,,,0
200,1647,car,705.29,52.98,754.97,98.56,0.3148,,,,,0
200,1243,bus,13.32,199.51,103.77,408.13,0.7243,opposite_carriageway,7.21,-23.77,0.957,0
201,14,car,1072.9,59.74,1198.46,148.98,0.734,,,,,0
201,16,car,1184.23,63.43,1280.0,161.34,0.6909,,,,,0
201,18,car,871.43,60.12,972.65,121.42,0.8975,,,,,0
201,32,car,596.25,137.07,707.13,225.92,0.9151,main_carriageway,17.45,9.39,0.474,0
201,22,bike,350.24,129.97,375.79,175.6,0.8578,,,,,0
201,350,bike,685.01,106.61,723.21,173.32,0.8567,,,,,0
201,886,bike,335.28,81.61,349.36,106.34,0.5722,,,,,0
201,740,car,725.29,86.92,785.79,154.91,0.4586,,,,,0
201,976,car,546.65,80.39,586.1,127.31,0.3774,,,,,0
201,861,bike,275.7,130.12,298.75,174.72,0.68,,,,,0
201,1154,car,257.68,108.24,290.57,149.49,0.5183,,,,,0
201,975,car,494.81,87.77,536.63,136.61,0.3668,,,,,0
201,27,bus,955.05,41.84,1033.73,109.59,0.6783,,,,,0
201,1361,car,455.31,95.84,501.46,132.59,0.5734,,,,,0
201,1372,bike,317.32,105.26,337.67,148.91,0.734,,,,,0
201,1200,bike,630.86,81.08,656.25,121.65,0.5776,,,,,0
201,1597,bike,646.38,98.11,675.26,140.0,0.6557,,,,,0
201,1620,car,440.89,89.16,477.58,125.77,0.5771,,,,,0
201,1621,car,277.26,105.73,307.46,134.81,0.3762,,,,,0
201,1622,bike,307.95,63.59,325.87,86.96,0.3146,,,,,0
201,1647,car,706.1,52.37,755.56,97.71,0.3007,,,,,0
201,1243,bus,11.49,193.87,105.83,405.73,0.6882,opposite_carriageway,2.75,-22.21,0.992,0
202,14,car,1073.19,60.09,1198.16,148.94,0.7467,,,,,0
202,16,car,1184.34,63.57,1280.0,161.32,0.6743,,,,,0
202,18,car,871.47,60.1,972.7,121.48,0.9038,,,,,0
202,32,car,599.2,138.29,711.71,228.28,0.9215,main_carriageway,17.45,10.04,0.499,0
202,22,bike,351.83,130.57,377.55,176.3,0.8522,,,,,0
202,350,bike,691.53,108.02,729.95,175.19,0.8813,,,,,0
202,886,bike,335.9,83.26,349.42,106.92,0.6295,,,,,0
202,740,car,729.06,85.96,790.59,154.96,0.5472,,,,,0
202,976,car,547.73,80.93,587.25,128.16,0.4456,,,,,0
202,861,bike,276.33,130.65,299.31,175.28,0.6823,,,,,0
202,1154,car,257.7,107.27,291.87,150.39,0.5222,,,,,0
202,975,car,496.49,88.61,538.44,137.57,0.373,,,,,0
202,27,bus,955.21,41.84,1033.73,109.6,0.6756,,,,,0
202,1361,car,456.16,96.82,502.44,133.85,0.5717,,,,,0
202,1372,bike,317.72,105.42,338.02,149.15,0.7771,,,,,0
202,1200,bike,633.14,82.38,659.05,123.75,0.5006,,,,,0
202,1597,bike,647.13,98.44,676.67,140.83,0.6299,,,,,0
202,1620,car,440.65,89.45,477.43,126.09,0.5646,,,,,0
202,1621,car,270.43,105.66,303.75,137.43,0.4751,,,,,0
202,1622,bike,307.87,63.97,325.92,87.58,0.3529,,,,,0
202,1647,car,705.72,53.05,754.32,97.58,0.3081,,,,,0
202,1243,bus,9.13,184.39,108.53,403.63,0.8028,opposite_carriageway,2.23,-24.33,0.996,0
203,14,car,1073.32,60.24,1198.02,148.94,0.7465,,,,,0
203,16,car,1184.4,63.62,1280.0,161.31,0.674,,,,,0
203,18,car,871.52,60.1,972.7,121.5,0.9034,,,,,0
203,32,car,600.17,138.69,713.44,229.14,0.9223,main_carriageway,15.16,8.32,0.481,0
203,22,bike,352.38,130.79,378.23,176.54,0.8516,,,,,0
203,350,bike,693.93,108.55,732.4,175.87,0.8811,,,,,0
203,886,bike,336.13,83.86,349.43,107.1,0.6321,,,,,0
203,740,car,730.4,85.6,792.35,154.97,0.5503,,,,,0
203,976,car,548.13,81.13,587.57,128.46,0.4403,,,,,0
203,861,bike,276.58,130.84,299.47,175.46,0.6834,,,,,0
203,1154,car,257.75,106.89,292.26,150.71,0.5202,,,,,0
203,975,car,497.12,88.98,539.11,137.92,0.3769,,,,,0
203,27,bus,955.31,41.84,1033.67,109.6,0.678,,,,,0
203,1361,car,456.51,97.13,502.73,134.3,0.5736,,,,,0
203,1372,bike,317.9,105.49,338.12,149.23,0.7769,,,,,0
203,1200,bike,633.94,82.87,660.08,124.57,0.4951,,,,,0
203,1597,bike,647.1,98.51,677.13,141.09,0.6307,,,,,0
203,1620,car,440.54,89.56,477.39,126.19,0.5636,,,,,0
203,1621,car,268.03,105.62,302.58,138.21,0.478,,,,,0
203,1622,bike,307.85,64.09,325.91,87.79,0.3522,,,,,0
203,1647,car,705.55,53.25,753.93,97.56,0.3068,,,,,0
203,1243,bus,7.69,180.72,110.05,403.03,0.8029,opposite_carriageway,1.35,-25.32,0.999,0
204,14,car,1073.45,60.26,1197.97,148.87,0.755,,,,,0
204,16,car,1184.51,63.74,1280.0,161.32,0.6672,,,,,0
204,18,car,871.57,60.1,972.63,121.48,0.9045,,,,,0
204,32,car,603.88,140.03,718.3,231.22,0.9099,main_carriageway,14.9,7.89,0.468,0
204,22,bike,353.1,130.88,379.26,177.01,0.8455,,,,,0
204,350,bike,699.34,108.73,738.68,177.17,0.8695,,,,,0
204,886,bike,336.22,84.12,349.45,107.15,0.6379,,,,,0
204,740,car,731.99,85.72,794.97,156.25,0.5994,,,,,0
204,976,car,549.59,81.47,588.81,128.55,0.5534,,,,,0
204,861,bike,276.98,130.65,300.01,175.82,0.6666,,,,,0
204,1154,car,257.88,108.0,291.29,150.62,0.4776,,,,,0
204,975,car,498.09,88.39,540.9,138.28,0.412,,,,,0
204,27,bus,955.28,41.83,1033.52,109.6,0.6799,,,,,0
204,1361,car,457.31,97.4,503.12,134.41,0.5868,,,,,0
204,1372,bike,318.48,106.05,338.39,149.28,0.8108,,,,,0
204,1200,bike,635.91,83.15,662.12,124.68,0.6064,,,,,0
204,1597,bike,650.51,99.64,680.25,141.55,0.5326,,,,,0
204,1620,car,440.5,89.56,477.83,126.61,0.5318,,,,,0
204,1621,car,268.14,105.58,302.81,137.96,0.3479,,,,,0
204,1622,bike,307.9,64.18,325.88,87.84,0.3563,,,,,0
204,1243,bus,7.8,183.18,110.2,401.68,0.7815,opposite_carriageway,0.51,-10.03,0.999,0
204,1408,car,802.52,59.94,864.11,110.84,0.2203,,,,,0
205,14,car,1073.83,60.75,1197.63,148.83,0.7342,,,,,0
205,16,car,1184.68,64.12,1280.0,161.33,0.6865,,,,,0
205,18,car,871.56,59.98,972.7,121.47,0.9071,,,,,0
205,32,car,607.72,140.75,725.51,234.61,0.8975,main_carriageway,18.78,10.36,0.483,0
205,22,bike,354.49,131.73,380.72,177.87,0.8567,,,,,0
205,350,bike,706.12,110.58,745.87,179.46,0.8914,,,,,0
205,886,bike,336.28,84.93,349.43,107.75,0.6227,,,,,0
205,740,car,735.49,86.9,798.92,157.58,0.67,,,,,0
205,976,car,551.44,81.85,590.63,128.84,0.5097,,,,,0
205,861,bike,277.25,131.77,300.75,178.11,0.6811,,,,,0
205,1154,car,258.6,107.42,294.27,152.68,0.5304,,,,,0
205,975,car,498.07,87.81,542.09,139.19,0.4312,,,,,0
205,27,bus,955.49,41.82,1033.53,109.61,0.6682,,,,,0
205,1361,car,457.12,96.37,504.76,135.05,0.5729,,,,,0
205,1372,bike,319.15,106.9,338.81,149.8,0.8279,,,,,0
205,1200,bike,638.25,83.72,663.98,124.36,0.5237,,,,,0
205,1597,bike,654.01,100.9,684.34,143.47,0.6045,,,,,0
205,1620,car,440.62,89.63,478.79,127.46,0.5076,,,,,0
205,1622,bike,307.96,64.21,325.99,88.1,0.323,,,,,0
205,1243,bus,8.24,179.75,110.46,393.8,0.791,opposite_carriageway,0.8,-14.33,0.998,0
205,1408,car,802.29,60.19,862.37,110.02,0.2721,,,,,0
205,25,car,715.82,53.23,780.39,98.27,0.4492,,,,,0
206,14,car,1073.97,60.93,1197.52,148.82,0.7344,,,,,0
206,16,car,1184.83,64.49,1279.84,161.32,0.6916,,,,,0
206,18,car,871.57,59.92,972.7,121.46,0.9064,,,,,0
206,32,car,609.08,141.0,728.15,235.87,0.8981,main_carriageway,16.92,9.95,0.507,0
206,22,bike,354.97,132.07,381.25,178.17,0.8559,,,,,0
206,350,bike,708.54,111.3,748.51,180.31,0.8909,main_carriageway,24.41,6.99,0.275,0
206,886,bike,336.29,85.2,349.44,107.96,0.6238,,,,,0
206,740,car,736.65,87.32,800.43,158.07,0.6654,,,,,0
206,976,car,552.09,81.99,591.31,128.94,0.5076,,,,,0
206,861,bike,277.39,132.2,300.98,178.97,0.681,,,,,0
206,1154,car,258.88,107.21,295.46,153.39,0.5316,,,,,0
206,975,car,498.07,87.61,542.48,139.52,0.4235,,,,,0
206,27,bus,955.63,41.81,1033.49,109.62,0.6675,,,,,0
206,1361,car,457.14,96.01,505.33,135.3,0.5763,,,,,0
206,1372,bike,319.41,107.2,338.92,149.97,0.8303,,,,,0
206,1200,bike,639.08,83.95,664.64,124.18,0.5253,,,,,0
206,1597,bike,655.24,101.38,685.83,144.16,0.6054,,,,,0
206,1620,car,440.63,89.64,479.07,127.68,0.5108,,,,,0
206,1622,bike,308.02,64.21,325.99,88.18,0.3282,,,,,0
206,1243,bus,7.25,177.4,111.58,392.77,0.7911,opposite_carriageway,0.76,-12.96,0.998,0
206,1408,car,802.27,60.3,861.7,109.73,0.2695,,,,,0
206,25,car,713.39,53.2,781.02,98.33,0.4514,,,,,0
207,14,car,1074.51,60.55,1199.5,149.91,0.6757,,,,,0
207,16,car,1184.71,64.75,1279.6,161.33,0.6933,,,,,0
207,18,car,871.63,59.9,972.59,121.41,0.8961,,,,,0
207,32,car,611.57,141.86,732.41,238.3,0.9134,main_carriageway,16.53,10.02,0.518,0
207,22,bike,355.55,132.12,382.31,178.89,0.8784,,,,,0
207,350,bike,714.38,111.94,754.72,181.28,0.8958,main_carriageway,23.81,6.09,0.248,0
207,886,bike,336.4,85.62,349.52,108.23,0.6471,,,,,0
207,740,car,741.17,87.11,805.61,158.64,0.5139,,,,,0
207,976,car,553.2,82.07,592.22,128.64,0.5935,,,,,0
207,861,bike,277.41,132.49,301.2,180.04,0.6672,,,,,0
207,1154,car,258.72,107.8,295.41,153.99,0.5289,,,,,0
207,975,car,499.44,88.1,543.85,140.12,0.4094,,,,,0
207,27,bus,955.75,41.85,1033.44,109.78,0.7113,,,,,0
207,1361,car,457.22,95.7,505.55,135.24,0.5376,,,,,0
207,1372,bike,319.75,107.8,339.15,150.63,0.8157,,,,,0
207,1200,bike,641.02,84.93,666.82,125.87,0.653,,,,,0
207,1597,bike,657.64,101.09,688.8,144.77,0.7066,,,,,0
207,1620,car,440.88,89.57,480.05,128.23,0.4723,,,,,0
207,1622,bike,307.63,63.93,325.81,88.33,0.2849,,,,,0
207,1243,bus,9.32,175.67,110.69,379.98,0.7922,opposite_carriageway,1.17,-23.65,0.999,0
207,1408,car,802.68,60.4,861.64,109.33,0.215,,,,,0
207,25,car,711.74,52.35,782.31,97.98,0.4191,,,,,0
207,1647,car,704.48,55.44,751.09,98.31,0.2576,,,,,0
208,14,car,1075.44,60.32,1200.48,150.27,0.6941,,,,,0
208,16,car,1184.76,64.94,1279.56,161.34,0.698,,,,,0
208,18,car,871.64,59.99,972.2,121.34,0.8806,,,,,0
208,32,car,615.39,142.32,739.14,241.14,0.9036,main_carriageway,20.46,12.0,0.506,0
208,22,bike,356.42,131.83,383.74,179.5,0.881,,,,,0
208,350,bike,720.95,111.96,762.01,182.54,0.9058,main_carriageway,28.32,6.67,0.229,0
208,886,bike,336.49,85.93,349.69,108.55,0.6589,,,,,0
208,740,car,745.15,87.77,809.56,159.41,0.7077,,,,,0
208,976,car,554.46,82.43,593.82,129.41,0.5315,,,,,0
208,861,bike,277.96,133.26,301.49,180.47,0.7035,,,,,0
208,1154,car,258.39,110.5,293.2,154.17,0.5544,,,,,0
208,975,bus,499.38,87.34,545.23,140.98,0.4557,,,,,0
208,27,bus,954.9,41.7,1032.61,109.7,0.7623,,,,,0
208,1361,car,457.16,95.57,505.65,135.45,0.5227,,,,,0
208,1372,bike,320.39,108.83,339.5,151.3,0.8431,,,,,0
208,1200,bike,642.78,84.67,668.95,126.64,0.7023,,,,,0
208,1597,bike,661.95,101.68,693.16,145.69,0.8176,,,,,0
208,1620,car,441.55,89.71,481.34,128.87,0.4289,,,,,0
208,1622,bike,307.54,64.2,325.59,88.57,0.3199,,,,,0
208,1243,bus,11.2,177.1,110.24,371.21,0.8301,opposite_carriageway,1.85,-31.82,0.998,0
208,1408,car,803.58,60.4,861.48,108.44,0.2128,,,,,0
208,25,car,709.9,51.97,782.97,98.19,0.4242,,,,,0
208,1740,car,499.8,87.16,545.08,141.39,0.3846,,,,,0
208,1647,car,704.24,55.99,750.19,98.42,0.2421,,,,,0
209,14,car,1075.95,60.28,1200.47,150.39,0.7081,,,,,0
209,16,car,1184.65,64.82,1279.63,161.34,0.6933,,,,,0
209,18,car,871.72,60.06,972.08,121.35,0.8832,,,,,0
209,32,car,616.78,142.47,741.6,242.19,0.9027,main_carriageway,18.1,10.97,0.518,0
209,22,bike,356.73,131.73,384.26,179.73,0.8791,,,,,0
209,350,bike,723.33,111.9,764.66,182.97,0.9044,main_carriageway,24.99,5.8,0.226,0
209,886,bike,336.49,86.03,349.75,108.67,0.6568,,,,,0
209,740,car,746.55,88.04,810.87,159.69,0.6943,,,,,0
209,976,car,554.89,82.56,594.39,129.7,0.5334,,,,,0
209,861,bike,278.19,133.56,301.57,180.6,0.7038,,,,,0
209,1154,car,258.29,111.66,292.32,154.2,0.5523,,,,,0
209,975,car,499.72,87.19,546.1,141.51,0.3851,,,,,0
209,27,bus,954.15,41.6,1031.93,109.69,0.7495,,,,,0
209,1361,car,457.2,95.52,505.6,135.53,0.5225,,,,,0
209,1372,bike,320.65,109.23,339.59,151.55,0.8425,,,,,0
209,1200,bike,643.49,84.55,669.62,126.89,0.6971,,,,,0
209,1597,bike,663.58,101.93,694.67,146.0,0.8146,,,,,0
209,1620,car,441.79,89.77,481.88,129.1,0.4276,,,,,0
209,1622,bike,307.48,64.22,325.46,88.63,0.3209,,,,,0
209,1243,bus,11.46,178.68,110.48,367.82,0.8292,opposite_carriageway,1.97,-33.86,0.998,0
209,1408,car,803.85,60.42,861.34,108.13,0.2105,,,,,0
209,25,car,710.09,52.25,783.32,97.4,0.3809,,,,,0
209,1740,bus,499.58,87.04,544.91,141.29,0.4578,,,,,0
209,1647,car,704.46,56.65,749.61,98.46,0.2534,,,,,0
210,14,car,1075.56,60.06,1198.92,149.35,0.7074,,,,,0
210,16,car,1185.03,64.98,1279.84,161.31,0.7322,,,,,0
210,18,car,871.54,59.78,972.17,121.34,0.8881,,,,,0
210,32,car,620.43,143.21,746.38,244.02,0.9336,main_carriageway,16.79,9.41,0.489,0
210,22,bike,357.6,131.96,385.26,180.15,0.8765,,,,,0
210,350,bike,729.03,112.64,771.08,184.56,0.9021,main_carriageway,24.06,5.1,0.207,0
210,886,bike,336.44,85.92,349.83,108.71,0.6822,,,,,0
210,740,car,749.59,88.88,814.02,160.35,0.7675,,,,,0
210,976,car,555.76,83.01,595.26,130.2,0.5323,,,,,0
210,861,bike,278.88,135.26,301.51,180.8,0.6892,,,,,0
210,1154,car,257.89,112.65,291.4,154.59,0.5704,,,,,0
210,975,bus,500.89,87.96,546.98,141.78,0.5032,,,,,0
210,27,bus,953.99,41.57,1031.68,109.59,0.7397,,,,,0
210,1361,car,457.26,94.83,505.7,135.05,0.48,,,,,0
210,1372,bike,320.94,109.53,339.76,151.78,0.8423,,,,,0
210,1200,bike,644.13,84.22,670.57,127.66,0.6738,,,,,0
210,1597,bike,665.85,102.93,696.97,147.18,0.8025,,,,,0
210,1620,car,442.06,90.13,482.82,129.92,0.398,,,,,0
210,1622,bike,307.36,64.12,325.5,88.89,0.344,,,,,0
210,1243,bus,11.1,177.31,112.16,365.93,0.8673,opposite_carriageway,2.28,-27.87,0.997,0
210,1408,car,804.17,60.41,861.88,108.21,0.2228,,,,,0
210,25,car,710.33,52.58,783.84,96.95,0.4446,,,,,0
210,1740,car,500.88,87.77,546.26,142.04,0.3904,,,,,0
210,1647,car,705.06,56.86,749.91,98.46,0.2304,,,,,0
211,14,car,1074.89,59.83,1198.04,148.99,0.7388,,,,,0
211,16,car,1185.15,65.03,1279.91,161.31,0.7449,,,,,0
211,18,car,871.35,59.59,972.07,121.33,0.882,,,,,0
211,32,car,625.19,145.3,752.6,247.1,0.912,main_carriageway,20.28,11.23,0.484,0
211,22,bike,358.78,132.7,386.51,181.16,0.8993,,,,,0
211,350,bike,735.72,112.92,778.99,187.16,0.8907,main_carriageway,28.83,6.85,0.231,0
211,886,bike,336.37,85.96,349.9,108.93,0.6812,,,,,0
211,740,car,752.88,89.11,817.97,160.82,0.5888,,,,,0
211,976,car,557.21,82.88,597.17,130.62,0.4188,,,,,0
211,861,bike,279.8,136.97,301.75,180.95,0.7221,,,,,0
211,1154,car,257.88,113.91,290.79,155.1,0.5735,,,,,0
211,975,bus,501.83,87.8,548.54,142.4,0.5253,,,,,0
211,27,bus,955.46,41.6,1032.57,109.18,0.7136,,,,,0
211,1361,car,459.45,96.17,507.33,136.03,0.588,,,,,0
211,1372,bike,321.21,109.93,339.94,152.13,0.8489,,,,,0
211,1200,bike,645.82,84.31,672.43,128.6,0.75,,,,,0
211,1597,bike,668.86,103.4,700.88,149.2,0.7555,,,,,0
211,1620,car,441.54,90.16,481.72,129.37,0.4314,,,,,0
211,1622,bike,307.28,63.92,325.58,89.05,0.3216,,,,,0
211,1243,bus,13.04,180.5,112.08,359.6,0.8469,opposite_carriageway,3.15,-33.17,0.996,0
211,25,car,708.17,51.83,785.28,97.92,0.5421,,,,,0
211,1740,car,501.73,87.31,547.92,142.62,0.3918,,,,,0
211,1760,car,1008.42,77.71,1071.36,131.5,0.477,,,,,0
212,14,car,1074.58,59.76,1197.61,148.83,0.7452,,,,,0
212,16,car,1185.18,65.03,1279.95,161.31,0.746,,,,,0
212,18,car,871.35,59.54,971.96,121.32,0.882,,,,,0
212,32,car,626.87,146.08,754.9,248.22,0.912,main_carriageway,18.89,9.92,0.465,0
212,22,bike,359.22,132.98,386.92,181.53,0.8993,,,,,0
212,350,bike,738.18,113.01,781.82,188.12,0.8907,main_carriageway,25.45,6.84,0.26,0
212,886,bike,336.33,85.96,349.94,109.01,0.6812,,,,,0
212,740,car,753.91,89.2,819.47,160.98,0.591,,,,,0
212,976,car,557.73,82.83,597.85,130.77,0.419,,,,,0
212,861,bike,280.11,137.58,301.85,180.99,0.7217,,,,,0
212,1154,car,257.89,114.37,290.56,155.27,0.5731,,,,,0
212,975,car,501.84,87.3,549.04,142.76,0.3911,,,,,0
212,27,bus,956.05,41.61,1032.91,109.03,0.7156,,,,,0
212,1361,car,460.31,96.68,507.9,136.39,0.5881,,,,,0
212,1372,bike,321.32,110.08,339.98,152.25,0.8492,,,,,0
212,1200,bike,646.52,84.35,672.99,128.94,0.7526,,,,,0
212,1597,bike,669.99,103.54,702.23,149.94,0.7576,,,,,0
212,1620,car,441.33,90.17,481.28,129.13,0.4309,,,,,0
212,1622,bike,307.29,63.85,325.59,89.1,0.3217,,,,,0
212,1243,bus,12.89,181.77,112.87,357.67,0.8472,opposite_carriageway,2.88,-22.31,0.992,0
212,25,car,707.2,51.62,785.94,98.28,0.5437,,,,,0
212,1740,bus,502.44,87.62,548.42,142.65,0.5251,,,,,0
212,1760,car,1008.11,77.79,1071.0,131.47,0.458,,,,,0
213,14,car,1074.7,60.11,1197.24,148.92,0.7313,,,,,0
213,16,car,1185.51,65.45,1279.9,161.31,0.7951,,,,,0
213,18,car,871.3,59.45,971.91,121.36,0.8842,,,,,0
213,32,car,630.61,147.36,760.87,251.19,0.9059,main_carriageway,18.48,10.05,0.478,0
213,22,bike,360.75,133.13,388.89,182.57,0.9298,,,,,0
213,350,bike,744.57,110.93,790.35,189.76,0.8877,main_carriageway,25.98,7.22,0.268,0
213,886,bike,336.37,86.17,350.19,109.53,0.701,,,,,0
213,740,rickshaw,757.92,89.14,823.65,160.86,0.5278,,,,,0
213,976,car,559.17,82.37,599.81,131.06,0.3029,,,,,0
213,861,bike,280.47,137.34,302.38,180.89,0.7731,,,,,0
213,1154,car,257.77,114.8,290.42,155.67,0.5796,,,,,0
213,975,bus,504.0,88.78,550.02,143.1,0.3322,,,,,0
213,27,bus,955.99,41.55,1032.58,108.63,0.6727,,,,,0
213,1361,car,460.61,96.75,508.23,136.5,0.6417,,,,,0
213,1372,bike,321.61,110.56,340.07,152.36,0.8438,,,,,0
213,1200,bike,650.04,84.54,676.46,128.99,0.8516,,,,,0
213,1597,bike,672.22,102.33,706.1,151.57,0.8173,,,,,0
213,1620,car,441.37,90.22,481.51,129.52,0.4781,,,,,0
213,1622,bike,307.19,63.83,325.53,89.28,0.3135,,,,,0
213,1243,bus,12.14,178.02,114.89,354.48,0.8606,opposite_carriageway,2.8,-16.73,0.986,0
213,25,car,707.15,51.41,787.95,98.92,0.6327,,,,,0
213,1740,car,503.73,87.6,549.69,142.81,0.3642,,,,,0
213,1772,bike,629.19,74.38,644.97,101.6,0.3991,,,,,0
214,14,car,1073.93,59.72,1197.11,149.1,0.743,,,,,0
214,16,car,1185.62,65.73,1279.79,161.31,0.7833,,,,,0
214,18,car,871.37,59.58,971.55,121.29,0.85,,,,,0
214,32,car,635.01,149.65,767.8,255.37,0.9131,main_carriageway,22.21,13.18,0.51,0
214,22,bike,362.21,133.77,390.55,183.71,0.9268,main_carriageway,5.88,3.98,0.56,0
214,350,bike,752.55,112.18,798.79,191.92,0.859,main_carriageway,31.67,8.95,0.272,0
214,886,bike,336.61,87.29,350.39,110.51,0.6711,,,,,0
214,740,car,761.39,90.03,827.67,162.05,0.6152,,,,,0
214,976,car,560.61,81.81,602.0,131.6,0.3524,,,,,0
214,861,bike,281.16,137.1,303.6,181.43,0.7859,,,,,0
214,1154,car,257.76,116.8,289.48,156.44,0.5561,,,,,0
214,975,bus,504.29,88.27,551.24,143.91,0.4881,,,,,0
214,27,bus,954.64,41.42,1033.04,109.71,0.7161,,,,,0
214,1361,car,461.51,97.17,509.56,137.48,0.6657,,,,,0
214,1372,bike,322.67,113.39,340.22,152.94,0.8486,,,,,0
214,1200,bike,652.44,84.86,678.71,129.24,0.815,,,,,0
214,1597,bike,675.64,102.73,710.27,153.47,0.86,,,,,0
214,1620,car,441.7,90.24,482.55,130.48,0.5175,,,,,0
214,1622,bike,307.21,64.42,325.57,90.04,0.3466,,,,,0
214,1243,bus,13.62,179.96,114.96,348.67,0.8689,opposite_carriageway,3.32,-19.15,0.985,0
214,25,car,707.75,51.96,788.29,98.91,0.5846,,,,,0
214,1740,car,503.73,87.06,550.88,143.87,0.3141,,,,,0
214,1772,bike,629.52,73.66,645.98,102.09,0.4705,,,,,0
214,1779,rickshaw,559.47,81.18,600.98,131.7,0.3307,,,,,0
214,1760,car,995.89,87.9,1050.49,134.64,0.584,,,,,0
215,14,car,1073.69,59.57,1197.05,149.17,0.7462,,,,,0
215,16,car,1185.61,65.79,1279.77,161.31,0.7838,,,,,0
215,18,car,871.47,59.65,971.37,121.26,0.8462,,,,,0
215,32,car,636.49,150.42,770.38,256.92,0.913,main_carriageway,20.03,12.9,0.541,0
215,22,bike,362.74,134.0,391.12,184.15,0.9265,main_carriageway,5.5,4.0,0.588,0
215,350,bike,755.39,112.05,802.06,192.72,0.8637,main_carriageway,28.67,8.16,0.274,0
215,886,bike,336.7,87.74,350.47,110.87,0.6688,,,,,0
215,740,car,762.51,90.32,829.09,162.35,0.7308,,,,,0
215,976,car,561.14,81.48,602.8,131.79,0.3552,,,,,0
215,861,bike,281.41,137.03,304.08,181.62,0.7864,,,,,0
215,1154,car,257.78,117.61,289.11,156.7,0.562,,,,,0
215,975,bus,504.41,88.03,551.63,144.22,0.4878,,,,,0
215,27,bus,954.03,41.4,1033.24,110.1,0.7174,,,,,0
215,1361,car,461.9,97.46,509.76,137.8,0.669,,,,,0
215,1372,bike,323.05,114.48,340.3,153.17,0.8484,,,,,0
215,1200,bike,653.39,85.02,679.5,129.32,0.8067,,,,,0
215,1597,bike,677.01,102.92,711.75,154.17,0.86,,,,,0
215,1620,car,441.93,90.25,482.87,130.84,0.5201,,,,,0
215,1622,bike,307.26,64.67,325.55,90.33,0.3387,,,,,0
215,1243,bus,13.47,181.21,115.65,346.64,0.8691,opposite_carriageway,2.93,-19.29,0.989,0
215,25,car,707.87,52.21,788.61,98.9,0.5866,,,,,0
215,1740,car,503.79,86.91,551.25,144.26,0.3117,,,,,0
215,1772,bike,629.66,73.31,646.41,102.29,0.4712,,,,,0
215,1779,rickshaw,559.56,81.11,601.26,131.87,0.3331,,,,,0
215,1790,car,995.16,76.04,1073.27,134.84,0.3165,,,,,0
215,1760,car,994.04,89.31,1047.34,135.11,0.5955,,,,,0
216,14,car,1073.62,60.21,1196.31,149.34,0.7166,,,,,0
216,16,car,1185.92,66.11,1279.76,161.25,0.7937,,,,,0
216,18,car,870.78,59.0,971.31,121.1,0.8156,,,,,0
216,32,car,641.12,151.4,776.7,259.0,0.9083,main_carriageway,20.02,11.9,0.511,0
216,22,bike,363.81,133.79,392.59,184.71,0.9112,main_carriageway,5.56,3.55,0.538,0
216,350,bike,762.69,112.7,810.11,194.72,0.8682,main_carriageway,29.05,7.56,0.252,0
216,886,bike,336.69,87.92,350.47,110.97,0.6732,,,,,0
216,740,car,767.56,90.27,832.56,159.76,0.6815,,,,,0
216,976,car,561.95,80.43,604.38,131.98,0.3916,,,,,0
216,861,bike,281.98,135.83,305.32,181.63,0.8288,,,,,0
216,1154,car,257.61,118.07,288.88,156.93,0.5944,,,,,0
216,975,car,506.05,87.87,553.28,144.18,0.3782,,,,,0
216,27,bus,953.52,41.43,1032.77,110.04,0.7574,,,,,0
216,1361,car,462.92,97.81,510.51,138.03,0.746,,,,,0
216,1372,bike,323.54,115.29,340.53,153.18,0.8445,,,,,0
216,1200,bike,655.09,84.6,681.53,129.61,0.7512,,,,,0
216,1597,bike,679.23,102.48,714.59,155.19,0.8413,,,,,0
216,1620,car,441.98,90.23,482.65,130.81,0.5326,,,,,0
216,1622,bike,307.3,64.73,325.52,90.42,0.3363,,,,,0
216,1243,bus,13.02,181.31,116.6,345.0,0.8708,opposite_carriageway,2.25,-14.6,0.988,0
216,25,car,708.56,52.69,789.05,98.8,0.5573,,,,,0
216,1740,bus,506.71,89.4,552.1,144.19,0.3066,,,,,0
216,1772,bike,629.48,72.61,646.73,102.59,0.5696,,,,,0
216,1779,rickshaw,560.7,80.83,602.8,132.16,0.4378,,,,,0
216,1760,car,990.8,90.09,1042.9,134.88,0.7085,,,,,0
217,14,car,1073.55,60.31,1196.1,149.36,0.6649,,,,,0
217,16,car,1185.95,66.13,1279.8,161.24,0.788,,,,,0
217,18,car,871.31,59.4,971.27,121.18,0.8329,,,,,0
217,32,car,646.08,151.91,785.4,262.51,0.9011,main_carriageway,24.86,14.29,0.498,0
217,22,bike,365.74,134.91,395.17,187.12,0.8845,main_carriageway,7.38,5.59,0.604,0
217,350,bike,770.62,114.3,819.1,197.59,0.8424,main_carriageway,34.86,9.47,0.262,0
217,886,bike,336.86,88.38,350.76,111.54,0.6626,,,,,0
217,740,car,772.72,90.23,837.48,158.98,0.7306,,,,,0
217,976,car,563.38,80.3,605.74,131.95,0.415,,,,,0
217,861,bike,282.38,135.94,306.07,182.3,0.8287,,,,,0
217,1154,car,257.7,118.85,288.84,157.37,0.5895,,,,,0
217,975,bus,507.39,88.69,554.33,144.75,0.2582,,,,,0
217,27,bus,954.4,41.54,1032.58,109.17,0.7445,,,,,0
217,1361,car,464.1,98.29,511.32,138.11,0.7713,,,,,0
217,1372,bike,324.23,116.03,341.09,153.38,0.8042,,,,,0
217,1200,bike,656.78,84.28,683.6,129.97,0.7709,,,,,0
217,1597,bike,681.98,102.77,718.34,157.37,0.8397,,,,,0
217,1620,car,442.35,90.2,482.92,130.88,0.5423,,,,,0
217,1622,bike,307.08,64.44,325.61,90.71,0.3447,,,,,0
217,1243,bus,12.43,181.15,118.48,345.11,0.8773,opposite_carriageway,2.57,-12.56,0.98,0
217,25,car,709.42,53.04,789.2,98.33,0.6242,,,,,0
217,1740,car,508.47,89.69,553.69,144.13,0.4861,,,,,0
217,1772,bike,629.11,71.61,646.99,102.8,0.5641,,,,,0
217,1779,rickshaw,562.5,80.87,604.72,132.43,0.407,,,,,0
217,1760,car,987.84,90.89,1039.36,134.99,0.8587,,,,,0
218,14,car,1073.53,60.34,1196.01,149.37,0.6662,,,,,0
218,16,car,1185.95,66.13,1279.82,161.24,0.7881,,,,,0
218,18,car,871.54,59.55,971.24,121.22,0.834,,,,,0
218,32,car,647.88,152.07,788.6,263.8,0.9012,main_carriageway,22.5,12.61,0.489,0
218,22,bike,366.46,135.31,396.09,188.02,0.8846,main_carriageway,6.45,5.45,0.645,0
218,350,bike,773.47,114.89,822.51,198.65,0.8426,main_carriageway,30.53,8.89,0.28,0
218,886,bike,336.91,88.56,350.87,111.74,0.664,,,,,0
218,740,car,774.39,90.2,839.32,158.71,0.7228,,,,,0
218,976,car,563.94,80.28,606.16,131.92,0.4245,,,,,0
218,861,bike,282.51,136.03,306.34,182.54,0.8289,,,,,0
218,1154,car,257.69,119.09,288.88,157.53,0.5908,,,,,0
218,975,bus,507.88,88.97,554.67,144.95,0.2563,,,,,0
218,27,bus,954.85,41.57,1032.66,108.8,0.7435,,,,,0
218,1361,car,464.47,98.46,511.56,138.11,0.7698,,,,,0
218,1372,bike,324.46,116.32,341.32,153.45,0.8036,,,,,0
218,1200,bike,657.37,84.15,684.33,130.09,0.7711,,,,,0
218,1597,bike,683.05,102.87,719.64,158.2,0.8403,,,,,0
218,1620,car,442.55,90.19,482.96,130.89,0.543,,,,,0
218,1622,bike,307.04,64.33,325.62,90.83,0.3499,,,,,0
218,1243,bus,11.52,181.47,119.84,345.73,0.8786,opposite_carriageway,2.17,-8.75,0.971,0
218,25,car,709.57,53.16,789.45,98.15,0.6245,,,,,0
218,1740,car,509.04,89.77,554.29,144.1,0.4879,,,,,0
218,1772,bike,628.99,71.26,647.03,102.86,0.5641,,,,,0
218,1779,rickshaw,563.11,80.91,605.28,132.52,0.395,,,,,0
218,1760,car,986.95,91.08,1038.5,135.01,0.8598,,,,,0
219,14,car,1073.95,60.59,1196.01,149.24,0.6556,,,,,0
219,16,car,1185.86,65.88,1279.97,161.23,0.7839,,,,,0
219,18,car,871.82,59.67,971.29,121.2,0.7904,,,,,0
219,32,car,656.35,156.25,798.6,268.92,0.9338,main_carriageway,26.07,13.55,0.461,0
219,22,bike,368.47,135.84,398.75,190.03,0.908,main_carriageway,7.23,6.32,0.658,0
219,350,bike,789.52,119.51,837.99,201.89,0.8066,main_carriageway,38.09,9.97,0.253,0
219,886,bike,336.96,88.77,351.05,112.14,0.6405,,,,,0
219,740,car,780.31,90.87,848.28,162.27,0.7345,,,,,0
219,976,car,566.61,81.32,608.56,132.66,0.5504,,,,,0
219,861,bike,283.61,137.39,307.54,183.9,0.8361,,,,,0
219,1154,car,257.43,118.92,288.95,157.68,0.5828,,,,,0
219,27,bus,957.92,41.7,1031.01,104.64,0.7806,,,,,0
219,1361,car,465.88,98.79,512.82,138.19,0.7344,,,,,0
219,1372,bike,325.23,116.97,342.09,153.82,0.7498,,,,,0
219,1200,bike,661.23,83.98,689.07,131.37,0.8005,,,,,0
219,1597,bike,689.19,104.12,726.49,161.07,0.8851,,,,,0
219,1620,car,443.87,90.17,484.31,130.9,0.5293,,,,,0
219,1622,bike,306.82,64.4,325.54,91.2,0.384,,,,,0
219,1243,bus,15.12,185.32,118.75,337.36,0.868,opposite_carriageway,2.65,-11.31,0.974,0
219,25,car,709.54,53.64,788.97,97.92,0.5656,,,,,0
219,1740,car,513.91,92.05,557.75,144.65,0.5822,,,,,0
219,1772,bike,629.26,70.96,647.3,102.69,0.4986,,,,,0
219,1760,car,981.85,89.12,1036.69,135.51,0.7538,,,,,0
220,14,car,1073.97,60.58,1196.01,149.19,0.6614,,,,,0
220,16,car,1185.81,65.74,1280.0,161.22,0.7891,,,,,0
220,18,car,871.95,59.73,971.31,121.19,0.7861,,,,,0
220,32,car,659.41,157.82,802.36,270.8,0.9338,main_carriageway,27.45,13.88,0.451,0
220,22,bike,369.26,136.04,399.68,190.77,0.9081,main_carriageway,7.54,6.62,0.66,0
220,350,bike,795.44,121.29,843.77,203.08,0.8133,main_carriageway,40.88,10.36,0.246,0
220,886,bike,336.98,88.84,351.13,112.28,0.6398,,,,,0
220,740,car,782.42,91.13,851.59,163.47,0.7411,,,,,0
220,976,car,567.55,81.65,609.43,132.92,0.5506,,,,,0
220,861,bike,283.99,137.91,308.0,184.4,0.8351,,,,,0
220,1154,car,257.32,118.85,289.0,157.71,0.58,,,,,0
220,27,bus,958.94,41.75,1030.39,103.05,0.7816,,,,,0
220,1361,car,466.37,98.93,513.29,138.21,0.7327,,,,,0
220,1372,bike,325.47,117.18,342.41,153.95,0.7488,,,,,0
220,1200,bike,662.64,83.9,690.83,131.83,0.7999,,,,,0
220,1597,bike,691.63,104.64,728.96,162.15,0.885,,,,,0
220,1620,car,444.39,90.15,484.83,130.88,0.5307,,,,,0
220,1622,bike,306.76,64.42,325.48,91.33,0.3855,,,,,0
220,1243,bus,15.57,186.77,119.25,334.58,0.8689,opposite_carriageway,2.85,-12.06,0.973,0
220,25,car,709.3,53.81,788.97,97.84,0.5629,,,,,0
220,1740,car,515.68,92.85,559.02,144.82,0.5953,,,,,0
220,1772,bike,629.39,70.89,647.35,102.62,0.4987,,,,,0
220,1760,car,979.97,88.42,1036.22,135.67,0.7626,,,,,0
221,14,car,1073.98,60.57,1196.02,149.17,0.6614,,,,,0
221,16,car,1185.78,65.68,1280.0,161.22,0.7889,,,,,0
221,18,car,872.0,59.76,971.31,121.19,0.7862,,,,,0
221,32,car,660.37,158.38,803.69,271.44,0.9339,main_carriageway,23.12,12.44,0.474,0
221,22,bike,369.57,136.1,399.95,191.02,0.9081,main_carriageway,6.56,6.31,0.693,0
221,350,bike,797.4,121.94,845.78,203.47,0.8129,main_carriageway,35.19,8.75,0.241,0
221,886,bike,336.97,88.86,351.16,112.32,0.6398,,,,,0
221,740,car,783.0,91.22,852.81,163.95,0.7401,,,,,0
221,976,car,567.88,81.77,609.7,133.01,0.5509,,,,,0
221,861,bike,284.08,138.09,308.17,184.57,0.8352,,,,,0
221,1154,car,257.26,118.79,289.06,157.72,0.5808,,,,,0
221,27,bus,959.22,41.77,1030.24,102.5,0.7817,,,,,0
221,1361,car,466.49,98.98,513.48,138.21,0.733,,,,,0
221,1372,bike,325.51,117.24,342.55,153.99,0.749,,,,,0
221,1200,bike,663.12,83.87,691.44,132.0,0.7999,,,,,0
221,1597,bike,692.58,104.83,729.72,162.52,0.885,,,,,0
221,1620,car,444.57,90.14,485.01,130.86,0.5309,,,,,0
221,1622,bike,306.76,64.42,325.44,91.37,0.3855,,,,,0
221,1243,bus,14.86,187.3,120.25,333.78,0.869,opposite_carriageway,2.75,-11.22,0.971,0
221,25,car,709.03,53.87,789.17,97.8,0.5627,,,,,0
221,1740,car,516.25,93.11,559.43,144.88,0.5962,,,,,0
221,1772,bike,629.46,70.88,647.33,102.59,0.4988,,,,,0
221,1760,car,979.28,88.11,1036.33,135.71,0.7631,,,,,0
222,14,car,1073.97,60.57,1196.04,149.16,0.6614,,,,,0
222,16,car,1185.78,65.66,1280.0,161.21,0.7889,,,,,0
222,18,car,872.02,59.77,971.31,121.19,0.7862,,,,,0
222,32,car,660.54,158.55,804.09,271.59,0.9339,main_carriageway,16.58,9.08,0.48,0
222,22,bike,369.69,136.11,399.96,191.09,0.9081,,,,,0
222,350,bike,797.87,122.15,846.35,203.56,0.8129,main_carriageway,27.25,5.97,0.214,0
222,886,bike,336.97,88.85,351.17,112.32,0.6397,,,,,0
222,740,car,783.02,91.24,853.2,164.11,0.7401,,,,,0
222,976,car,567.96,81.81,609.75,133.04,0.5509,,,,,0
222,861,bike,284.08,138.15,308.24,184.62,0.8352,,,,,0
222,1154,car,257.22,118.74,289.1,157.7,0.5807,,,,,0
222,27,bus,959.25,41.77,1030.26,102.32,0.7817,,,,,0
222,1361,car,466.48,98.99,513.55,138.2,0.733,,,,,0
222,1372,bike,325.48,117.24,342.62,154.0,0.749,,,,,0
222,1200,bike,663.23,83.86,691.6,132.04,0.7999,,,,,0
222,1597,bike,692.94,104.89,729.83,162.62,0.885,,,,,0
222,1620,car,444.63,90.14,485.06,130.84,0.5308,,,,,0
222,1622,bike,306.78,64.42,325.41,91.38,0.3855,,,,,0
222,1243,bus,13.82,187.42,121.36,333.61,0.8689,opposite_carriageway,2.14,-11.5,0.983,0
222,25,car,708.75,53.89,789.42,97.79,0.5627,,,,,0
222,1740,car,516.4,93.18,559.54,144.88,0.5961,,,,,0
222,1772,bike,629.51,70.9,647.29,102.57,0.4988,,,,,0
222,1760,car,979.02,87.96,1036.62,135.71,0.7631,,,,,0
223,14,car,1074.2,60.54,1196.48,149.24,0.6653,,,,,0
223,16,car,1185.82,65.6,1280.0,161.22,0.7845,,,,,0
223,18,car,872.13,60.03,970.98,121.17,0.7336,,,,,0
223,32,car,668.01,160.45,817.42,277.91,0.9204,main_carriageway,24.47,14.11,0.499,0
223,22,bike,372.02,137.38,402.48,192.75,0.9252,main_carriageway,5.98,4.73,0.621,0
223,350,bike,814.1,126.84,863.12,208.92,0.8308,main_carriageway,40.62,10.27,0.245,0
223,886,bike,337.13,89.41,351.29,112.72,0.5973,,,,,0
223,740,car,788.66,91.67,861.12,166.94,0.7126,,,,,0
223,976,car,570.48,83.91,611.07,133.41,0.5936,,,,,0
223,861,bike,284.82,138.01,309.16,184.86,0.8096,,,,,0
223,1154,car,256.07,117.7,289.5,158.54,0.5223,,,,,0
223,27,bus,960.58,41.96,1029.89,100.46,0.8632,,,,,0
223,1361,car,466.94,99.26,514.74,139.06,0.7586,,,,,0
223,1372,bike,325.86,117.17,343.57,154.97,0.6724,,,,,0
223,1200,bike,667.47,86.39,695.17,133.33,0.7904,,,,,0
223,1597,bike,698.42,107.62,735.14,165.26,0.8744,,,,,0
223,1620,car,444.37,90.39,485.02,131.38,0.5481,,,,,0
223,1622,bike,306.44,65.16,325.34,92.66,0.3334,,,,,0
223,1243,bus,12.87,184.15,124.58,333.44,0.8392,opposite_carriageway,3.04,-12.29,0.971,0
223,25,car,708.6,54.04,788.84,97.56,0.4179,,,,,0
223,1740,car,517.88,93.79,561.55,145.99,0.5544,,,,,0
223,1772,bike,630.11,71.58,647.32,102.32,0.3548,,,,,0
223,1760,car,974.55,89.24,1032.81,136.45,0.7307,,,,,0
223,975,bus,517.97,93.23,562.73,146.68,0.3271,,,,,0
224,14,car,1074.4,60.61,1196.71,149.28,0.665,,,,,0
224,16,car,1185.86,65.56,1280.0,161.22,0.7823,,,,,0
224,18,car,872.2,60.13,970.84,121.16,0.73,,,,,0
224,32,car,670.67,161.15,822.41,280.23,0.9205,main_carriageway,19.06,11.31,0.51,0
224,22,bike,372.82,137.75,403.4,193.38,0.9246,,,,,0
224,350,bike,819.96,128.34,869.38,210.91,0.831,main_carriageway,30.92,9.02,0.28,0
224,886,bike,337.17,89.61,351.34,112.87,0.595,,,,,0
224,740,car,790.74,91.8,864.0,167.95,0.7227,,,,,0
224,976,car,571.36,84.73,611.57,133.54,0.5893,,,,,0
224,861,bike,285.1,137.97,309.49,184.95,0.8065,,,,,0
224,1154,car,255.64,117.3,289.66,158.85,0.5223,,,,,0
224,27,bus,960.93,42.02,1030.0,99.79,0.8635,,,,,0
224,1361,car,467.1,99.36,515.17,139.38,0.7583,,,,,0
224,1372,bike,325.98,117.13,343.94,155.31,0.6743,,,,,0
224,1200,bike,668.98,87.3,696.49,133.81,0.7921,,,,,0
224,1597,bike,700.47,108.65,737.06,166.23,0.8751,,,,,0
224,1620,car,444.28,90.47,484.99,131.57,0.5498,,,,,0
224,1622,bike,306.34,65.42,325.29,93.13,0.3386,,,,,0
224,1243,bus,11.73,182.64,126.43,333.69,0.8417,,,,,0
224,25,car,708.39,54.08,788.67,97.48,0.4189,,,,,0
224,1740,car,518.32,94.0,562.28,146.42,0.5476,,,,,0
224,1772,bike,630.35,71.84,647.32,102.23,0.357,,,,,0
224,1760,car,972.66,89.72,1031.93,136.73,0.7341,,,,,0
224,975,bus,518.73,93.64,563.35,146.83,0.3255,,,,,0
225,14,car,1074.71,61.22,1196.42,149.32,0.6562,,,,,0
225,16,car,1185.96,65.62,1280.0,161.22,0.7795,,,,,0
225,18,car,871.29,59.92,970.22,121.18,0.734,,,,,0
225,32,car,675.17,162.32,831.58,285.4,0.9148,main_carriageway,22.49,14.6,0.545,0
225,22,bike,374.58,138.94,405.03,194.34,0.9203,main_carriageway,5.33,3.57,0.556,0
225,350,bike,829.18,130.46,878.92,213.14,0.7501,main_carriageway,34.44,10.06,0.28,0
225,886,bike,337.16,89.68,351.36,112.93,0.5914,,,,,0
225,740,car,794.97,92.34,869.74,170.02,0.7158,,,,,0
225,976,car,572.72,85.15,613.06,133.77,0.4566,,,,,0
225,861,bike,285.53,138.45,310.05,185.57,0.8151,,,,,0
225,1154,car,255.08,116.54,290.1,159.39,0.4719,,,,,0
225,27,bus,960.74,42.11,1029.28,98.82,0.8678,,,,,0
225,1361,car,467.49,99.45,515.87,139.73,0.7617,,,,,0
225,1372,bike,326.13,116.81,344.4,155.59,0.669,,,,,0
225,1200,bike,671.41,86.25,699.52,133.95,0.7115,,,,,0
225,1597,bike,703.68,109.51,740.77,167.96,0.8893,,,,,0
225,1620,car,444.49,90.68,484.89,131.49,0.5496,,,,,0
225,1622,bike,306.36,65.58,325.24,93.28,0.3385,,,,,0
225,1243,bus,10.75,181.13,128.69,334.74,0.8706,,,,,0
225,25,car,708.02,54.17,788.34,97.44,0.3728,,,,,0
225,1772,bike,630.65,72.2,647.11,101.73,0.3183,,,,,0
225,1760,car,970.7,89.68,1031.77,136.85,0.6959,,,,,0
225,975,car,520.11,93.54,564.95,147.07,0.5047,,,,,0
226,14,car,1074.82,61.45,1196.45,149.35,0.6493,,,,,0
226,16,car,1186.0,65.64,1280.0,161.22,0.7809,,,,,0
226,18,car,871.03,59.85,970.03,121.19,0.7347,,,,,0
226,32,car,676.91,162.74,834.83,287.28,0.9149,main_carriageway,23.84,15.84,0.553,0
226,22,bike,375.21,139.41,405.58,194.67,0.9201,main_carriageway,5.63,3.65,0.544,0
226,350,bike,831.82,130.45,882.28,213.76,0.7559,main_carriageway,35.46,10.29,0.279,0
226,886,bike,337.14,89.7,351.37,112.93,0.5908,,,,,0
226,740,car,796.46,92.54,871.74,170.73,0.7163,,,,,0
226,976,car,573.11,85.3,613.65,133.84,0.4574,,,,,0
226,861,bike,285.66,138.62,310.26,185.79,0.8117,,,,,0
226,1154,car,254.89,116.23,290.26,159.58,0.4703,,,,,0
226,27,bus,960.39,42.14,1029.28,98.59,0.8658,,,,,0
226,1361,car,467.64,99.49,516.1,139.85,0.761,,,,,0
226,1372,bike,326.17,116.67,344.58,155.68,0.6699,,,,,0
226,1200,bike,672.29,85.79,700.58,133.98,0.7118,,,,,0
226,1597,bike,704.86,109.84,742.08,168.56,0.8899,,,,,0
226,1620,car,444.56,90.76,484.83,131.46,0.5503,,,,,0
226,1622,bike,306.39,65.64,325.19,93.33,0.3382,,,,,0
226,1243,bus,10.37,180.7,130.1,335.19,0.8691,,,,,0
226,25,car,707.82,54.2,788.3,97.42,0.3735,,,,,0
226,1772,bike,630.77,72.32,647.03,101.55,0.3216,,,,,0
226,1760,car,969.51,89.39,1032.45,136.88,0.6954,,,,,0
226,975,car,520.52,93.46,565.46,147.15,0.5032,,,,,0
227,14,car,1075.05,61.39,1197.23,149.49,0.6319,,,,,0
227,16,car,1185.59,65.16,1280.0,161.24,0.7572,,,,,0
227,18,car,870.77,59.75,969.98,121.19,0.7791,,,,,0
227,32,car,683.71,165.85,842.34,290.64,0.9199,main_carriageway,30.71,19.05,0.527,0
227,22,bike,376.93,140.72,407.3,195.75,0.8826,main_carriageway,7.29,4.66,0.539,0
227,350,bike,839.83,128.6,893.45,217.26,0.8752,main_carriageway,44.53,13.7,0.294,0
227,886,bike,336.99,89.88,351.13,112.89,0.5979,,,,,0
227,740,car,798.97,93.44,874.16,171.81,0.7285,,,,,0
227,976,car,574.64,85.53,615.83,134.77,0.3659,,,,,0
227,861,bike,286.65,139.54,311.77,187.76,0.7961,,,,,0
227,1154,car,254.66,115.89,290.58,159.97,0.529,,,,,0
227,27,bus,959.91,42.07,1028.74,98.05,0.8373,,,,,0
227,1361,car,468.14,99.69,516.66,140.15,0.7794,,,,,0
227,1372,bike,326.96,117.43,345.0,155.65,0.6111,,,,,0
227,1200,bike,674.17,86.75,702.38,134.6,0.7372,,,,,0
227,1597,bike,708.63,109.98,746.55,170.1,0.8843,,,,,0
227,1620,car,444.8,90.71,485.7,131.99,0.5701,,,,,0
227,1622,bike,307.76,68.83,325.04,94.17,0.3041,,,,,0
227,1243,bus,12.48,182.33,132.52,336.01,0.8781,,,,,0
227,25,car,707.02,54.0,788.58,97.72,0.3411,,,,,0
227,1772,bike,630.76,72.27,647.04,101.59,0.3074,,,,,0
227,975,car,521.06,92.67,566.82,147.68,0.408,,,,,0
227,1790,car,970.1,72.89,1059.04,137.79,0.7387,,,,,0
228,14,car,1074.56,61.54,1196.58,149.43,0.7395,,,,,0
228,16,car,1185.49,65.18,1280.0,161.28,0.7717,,,,,0
228,18,car,869.86,59.55,968.9,120.91,0.8237,,,,,0
228,32,car,691.36,168.31,853.39,295.2,0.9191,main_carriageway,29.66,17.29,0.504,0
228,22,bike,378.96,141.73,409.38,196.8,0.838,main_carriageway,6.92,4.05,0.505,0
228,350,bike,850.07,126.6,906.5,220.05,0.8522,main_carriageway,39.68,11.13,0.27,0
228,886,bike,336.93,90.11,351.0,112.89,0.6311,,,,,0
228,740,car,804.81,92.72,882.65,173.96,0.6074,,,,,0
228,976,car,576.38,85.48,617.99,135.0,0.4463,,,,,0
228,861,bike,287.66,140.36,313.04,189.18,0.7545,,,,,0
228,1154,car,254.55,115.67,290.76,160.16,0.5346,,,,,0
228,27,bus,958.72,41.83,1027.88,97.41,0.7957,,,,,0
228,1361,car,469.08,99.79,517.59,140.32,0.8313,,,,,0
228,1372,bike,327.53,117.83,345.47,155.89,0.6621,,,,,0
228,1200,bike,675.89,85.44,704.86,134.53,0.8132,,,,,0
228,1597,bike,712.32,109.96,751.52,172.34,0.8752,,,,,0
228,1620,car,444.79,90.66,485.32,131.7,0.5525,,,,,0
228,1622,bike,308.28,70.14,325.0,94.55,0.2977,,,,,0
228,1243,bus,13.87,183.2,133.18,334.19,0.8719,,,,,0
228,25,car,707.02,54.05,789.04,98.03,0.4451,,,,,0
228,1772,bike,630.73,72.59,646.9,101.73,0.343,,,,,0
228,975,car,523.49,92.97,568.98,148.11,0.4507,,,,,0
228,1897,bike,780.7,75.09,808.04,116.49,0.5503,,,,,0
228,1900,car,508.82,81.68,548.08,118.06,0.336,,,,,0
228,1790,car,967.0,71.15,1061.59,137.85,0.8642,,,,,0
229,14,car,1074.37,61.36,1196.64,149.43,0.7443,,,,,0
229,16,car,1185.46,65.06,1280.0,161.26,0.7654,,,,,0
229,18,car,869.5,59.3,968.55,120.73,0.8084,,,,,0
229,32,car,697.76,170.48,864.28,300.56,0.9039,main_carriageway,34.48,20.33,0.508,0
229,22,bike,381.52,142.24,412.31,197.95,0.8291,main_carriageway,8.8,4.57,0.461,0
229,350,bike,861.24,128.11,919.55,224.26,0.8786,main_carriageway,45.72,13.35,0.28,0
229,886,bike,336.81,90.41,350.85,113.02,0.6535,,,,,0
229,740,rickshaw,808.86,93.32,888.42,176.75,0.5176,,,,,0
229,976,car,578.35,85.46,620.85,135.88,0.6568,,,,,0
229,861,bike,288.84,142.1,314.08,190.69,0.7368,main_carriageway,4.16,5.74,0.809,0
229,1154,car,254.52,115.67,290.88,160.34,0.5507,,,,,0
229,27,bus,957.6,41.83,1027.03,96.87,0.8207,,,,,0
229,1361,car,469.59,99.8,518.8,141.09,0.8444,,,,,0
229,1372,bike,327.88,118.18,345.67,156.01,0.691,,,,,0
229,1200,bike,678.46,85.46,707.78,135.3,0.8066,,,,,0
229,1597,bike,716.22,110.65,756.82,175.42,0.8728,,,,,0
229,1620,car,445.14,90.78,485.46,131.87,0.5963,,,,,0
229,1622,bike,308.33,70.44,325.0,94.68,0.2971,,,,,0
229,1243,bus,16.08,183.44,134.5,331.82,0.8661,opposite_carriageway,6.21,-1.87,0.288,0
229,25,car,704.68,53.13,788.29,98.15,0.3667,,,,,0
229,1772,bike,630.89,72.38,647.17,101.64,0.3698,,,,,0
229,975,car,525.57,93.31,571.07,148.76,0.4596,,,,,0
229,1897,bike,780.64,74.57,808.06,116.08,0.5169,,,,,0
229,1900,car,509.65,81.59,549.36,118.39,0.2776,,,,,0
229,1790,car,962.96,69.95,1062.95,137.97,0.8544,,,,,0
229,1907,car,807.82,92.27,890.18,177.3,0.4423,,,,,0
230,14,car,1074.3,61.29,1196.67,149.43,0.7443,,,,,0
230,16,car,1185.47,65.01,1280.0,161.26,0.7659,,,,,0
230,18,car,869.42,59.21,968.42,120.66,0.8107,,,,,0
230,32,car,699.98,171.28,868.37,302.52,0.9041,main_carriageway,30.8,17.12,0.486,0
230,22,bike,382.44,142.41,413.37,198.35,0.8293,main_carriageway,8.1,4.01,0.444,0
230,350,bike,865.37,128.73,924.49,225.85,0.8791,main_carriageway,40.88,12.71,0.297,0
230,886,bike,336.74,90.51,350.81,113.06,0.6553,,,,,0
230,740,rickshaw,810.44,93.53,890.46,177.8,0.5359,,,,,0
230,976,car,578.99,85.39,621.92,136.21,0.6551,,,,,0
230,861,bike,289.28,142.73,314.43,191.2,0.7392,main_carriageway,4.07,5.63,0.811,0
230,1154,car,254.5,115.65,290.92,160.4,0.5485,,,,,0
230,27,bus,956.93,41.83,1026.97,96.7,0.8205,,,,,0
230,1361,car,469.8,99.8,519.18,141.39,0.8451,,,,,0
230,1372,bike,328.0,118.31,345.73,156.07,0.6881,,,,,0
230,1200,bike,679.39,85.45,708.81,135.57,0.8071,,,,,0
230,1597,bike,717.69,110.88,758.78,176.57,0.873,,,,,0
230,1620,car,445.33,90.81,485.44,131.91,0.5957,,,,,0
230,1622,bike,308.33,70.52,325.02,94.72,0.2972,,,,,0
230,1243,bus,16.52,183.51,135.29,331.0,0.8665,opposite_carriageway,6.19,-3.74,0.517,0
230,25,car,703.9,52.8,787.87,98.19,0.3703,,,,,0
230,1772,bike,631.01,72.24,647.4,101.63,0.3468,,,,,0
230,975,car,526.35,93.4,571.74,149.0,0.4606,,,,,0
230,1897,bike,780.61,74.4,808.07,115.95,0.5158,,,,,0
230,1900,car,509.95,81.57,549.73,118.45,0.2786,,,,,0
230,1790,car,960.58,69.52,1064.36,138.0,0.8548,,,,,0
230,1907,car,807.97,92.22,891.15,178.23,0.4312,,,,,0
231,14,car,1074.71,60.93,1197.75,149.82,0.7757,,,,,0
231,16,car,1185.46,65.12,1280.0,161.28,0.7727,,,,,0
231,18,car,869.27,58.79,968.8,120.59,0.7813,,,,,0
231,32,car,710.9,174.58,886.51,311.23,0.9163,main_carriageway,42.83,23.95,0.488,0
231,22,bike,385.14,142.85,416.9,200.53,0.8757,main_carriageway,10.62,5.86,0.483,0
231,350,bike,886.27,131.39,947.51,232.43,0.9401,main_carriageway,59.84,18.67,0.298,0
231,886,bike,336.53,90.83,350.86,113.72,0.5995,,,,,0
231,740,car,819.54,95.36,899.82,179.87,0.7339,,,,,0
231,976,car,581.13,85.12,624.55,136.59,0.7209,,,,,0
231,861,bike,291.02,144.17,315.98,192.21,0.6886,main_carriageway,5.54,6.42,0.757,0
231,1154,car,254.39,115.72,291.21,161.02,0.5299,,,,,0
231,27,bus,957.02,41.89,1026.86,95.89,0.7842,,,,,0
231,1361,car,470.78,100.27,520.64,142.42,0.8775,,,,,0
231,1372,bike,328.22,118.31,346.27,156.81,0.6885,,,,,0
231,1200,bike,683.25,85.56,712.79,135.67,0.7641,,,,,0
231,1597,bike,723.88,112.16,767.64,182.85,0.849,main_carriageway,22.29,14.29,0.54,0
231,1620,car,445.99,90.73,486.25,132.32,0.683,,,,,0
231,1622,bike,307.96,70.94,324.91,95.41,0.293,,,,,0
231,1243,bus,21.89,181.85,135.98,321.45,0.7681,opposite_carriageway,8.7,-13.74,0.845,0
231,25,car,704.11,52.81,786.74,97.53,0.4826,,,,,0
231,1772,bike,630.72,71.36,647.74,101.82,0.29,,,,,0
231,975,car,529.1,93.61,574.67,149.46,0.5943,,,,,0
231,1897,bike,780.53,74.59,807.83,115.84,0.6063,,,,,0
231,1900,car,511.52,80.56,552.96,118.96,0.3777,,,,,0
231,1790,car,955.25,69.29,1063.2,138.3,0.8234,,,,,0
232,14,car,1075.02,60.78,1198.13,149.98,0.7749,,,,,0
232,16,car,1185.45,65.13,1280.0,161.29,0.7713,,,,,0
232,18,car,869.2,58.65,968.91,120.57,0.7806,,,,,0
232,32,car,714.85,175.79,893.39,314.5,0.9163,main_carriageway,41.09,23.86,0.502,0
232,22,bike,386.16,143.05,418.14,201.32,0.876,main_carriageway,10.03,5.57,0.485,0
232,350,bike,894.17,132.36,956.07,234.88,0.9396,main_carriageway,58.48,17.62,0.288,0
232,886,bike,336.43,90.92,350.9,113.95,0.6003,,,,,0
232,740,car,822.93,96.06,903.28,180.61,0.7332,main_carriageway,26.54,8.8,0.315,0
232,976,car,581.92,85.03,625.48,136.73,0.7212,,,,,0
232,861,bike,291.65,144.71,316.56,192.57,0.6885,main_carriageway,4.9,4.81,0.701,0
232,1154,car,254.37,115.74,291.31,161.24,0.5338,,,,,0
232,27,bus,957.14,41.96,1027.81,95.78,0.7775,,,,,0
232,1361,car,471.16,100.45,521.12,142.8,0.8773,,,,,0
232,1372,bike,328.3,118.28,346.46,157.08,0.6958,,,,,0
232,1200,bike,684.62,85.62,714.26,135.7,0.7643,,,,,0
232,1597,bike,726.33,112.64,770.84,185.23,0.8468,main_carriageway,21.0,15.13,0.585,0
232,1620,car,446.28,90.68,486.43,132.46,0.6806,,,,,0
232,1622,bike,307.81,71.11,324.88,95.65,0.2891,,,,,0
232,1243,bus,23.38,181.22,136.63,318.0,0.7655,opposite_carriageway,7.5,-18.01,0.923,0
232,25,car,704.22,52.8,786.3,97.28,0.4851,,,,,0
232,1772,bike,630.59,71.02,647.88,101.91,0.2903,,,,,0
232,975,car,530.11,93.68,575.73,149.63,0.6083,,,,,0
232,1897,bike,780.5,74.64,807.77,115.79,0.6051,,,,,0
232,1900,car,511.98,80.22,554.01,119.14,0.3743,,,,,0
232,1790,car,952.46,69.2,1063.72,138.42,0.8243,,,,,0
233,14,car,1075.23,60.72,1198.18,150.04,0.7752,,,,,0
233,16,car,1185.44,65.13,1280.0,161.3,0.7715,,,,,0
233,18,car,869.16,58.59,968.91,120.56,0.7805,,,,,0
233,32,car,716.16,176.21,895.89,315.65,0.9161,main_carriageway,33.65,20.45,0.519,0
233,22,bike,386.53,143.1,418.53,201.58,0.876,main_carriageway,8.36,4.78,0.496,0
233,350,bike,896.98,132.66,958.96,235.71,0.939,main_carriageway,49.68,15.66,0.301,0
233,886,bike,336.38,90.94,350.93,114.03,0.6002,,,,,0
233,740,car,824.07,96.31,904.44,180.86,0.73,main_carriageway,20.53,6.9,0.319,0
233,976,car,582.19,84.99,625.77,136.77,0.7211,,,,,0
233,861,bike,291.85,144.89,316.76,192.68,0.6886,,,,,0
233,1154,car,254.38,115.73,291.35,161.31,0.5348,,,,,0
233,27,bus,956.85,41.98,1028.46,95.78,0.7752,,,,,0
233,1361,car,471.33,100.51,521.23,142.93,0.8773,,,,,0
233,1372,bike,328.32,118.25,346.52,157.17,0.6959,,,,,0
233,1200,bike,685.04,85.65,714.77,135.7,0.7636,,,,,0
233,1597,bike,727.31,112.8,771.86,186.11,0.8469,main_carriageway,17.66,13.77,0.615,0
233,1620,car,446.47,90.66,486.41,132.51,0.6806,,,,,0
233,1622,bike,307.73,71.15,324.88,95.73,0.2889,,,,,0
233,1243,bus,23.27,181.0,137.11,316.85,0.7647,opposite_carriageway,6.67,-17.34,0.933,0
233,25,car,704.31,52.8,786.13,97.18,0.4855,,,,,0
233,1772,bike,630.52,70.88,647.93,101.94,0.2902,,,,,0
233,975,car,530.44,93.71,576.06,149.68,0.6086,,,,,0
233,1897,bike,780.47,74.66,807.76,115.78,0.6051,,,,,0
233,1900,car,512.1,80.11,554.32,119.19,0.3746,,,,,0
233,1790,car,950.72,69.17,1064.74,138.48,0.8278,,,,,0
234,14,car,1075.39,60.7,1198.11,150.06,0.7752,,,,,0
234,16,car,1185.44,65.13,1280.0,161.3,0.7715,,,,,0
234,18,car,869.16,58.57,968.91,120.56,0.7805,,,,,0
234,32,car,716.42,176.32,896.64,315.96,0.9161,main_carriageway,25.51,15.4,0.517,0
234,22,bike,386.64,143.1,418.59,201.65,0.876,main_carriageway,5.7,3.7,0.544,0
234,350,bike,897.82,132.75,959.68,235.94,0.939,main_carriageway,38.36,11.68,0.291,0
234,886,bike,336.35,90.94,350.95,114.06,0.6002,,,,,0
234,740,car,824.37,96.39,904.73,180.91,0.73,main_carriageway,15.91,4.16,0.253,0
234,976,car,582.26,84.96,625.81,136.78,0.721,,,,,0
234,861,bike,291.89,144.94,316.81,192.7,0.6886,,,,,0
234,1154,car,254.4,115.73,291.35,161.33,0.5348,,,,,0
234,27,bus,956.47,41.99,1028.98,95.8,0.7752,,,,,0
234,1361,car,471.42,100.53,521.21,142.97,0.8773,,,,,0
234,1372,bike,328.32,118.23,346.52,157.19,0.6958,,,,,0
234,1200,bike,685.1,85.66,714.92,135.68,0.7636,,,,,0
234,1597,bike,727.68,112.85,772.02,186.38,0.8469,main_carriageway,13.33,10.96,0.635,0
234,1620,car,446.6,90.65,486.33,132.52,0.6806,,,,,0
234,1622,bike,307.68,71.15,324.9,95.75,0.2889,,,,,0
234,1243,bus,22.79,180.93,137.64,316.51,0.7645,opposite_carriageway,4.92,-15.31,0.952,0
234,25,car,704.37,52.8,786.06,97.15,0.4854,,,,,0
234,1772,bike,630.49,70.84,647.95,101.95,0.29,,,,,0
234,975,car,530.52,93.71,576.13,149.69,0.6086,,,,,0
234,1897,bike,780.45,74.67,807.78,115.78,0.6051,,,,,0
234,1900,car,512.11,80.09,554.37,119.2,0.3746,,,,,0
234,1790,car,949.46,69.18,1065.84,138.49,0.8278,,,,,0
235,14,car,1075.18,60.38,1198.48,150.57,0.8013,,,,,0
235,16,car,1185.7,65.9,1279.65,161.3,0.8125,,,,,0
235,18,car,870.68,58.8,970.13,120.94,0.7312,,,,,0
235,32,car,728.56,180.7,914.54,324.44,0.9119,main_carriageway,37.38,21.92,0.506,0
235,22,bike,389.47,145.45,421.99,205.05,0.9103,main_carriageway,7.83,6.7,0.65,0
235,350,bike,918.88,136.23,982.6,242.45,0.9341,main_carriageway,55.81,16.6,0.285,0
235,886,bike,336.08,91.18,350.96,114.72,0.5766,,,,,0
235,740,rickshaw,831.86,96.12,914.89,183.67,0.8131,main_carriageway,22.92,5.87,0.248,0
235,976,car,583.18,84.25,627.94,137.72,0.6313,,,,,0
235,861,bike,292.0,146.31,318.23,196.32,0.7471,main_carriageway,3.26,5.12,0.844,0
235,1154,car,254.16,115.45,292.15,162.46,0.6476,,,,,0
235,27,bus,955.24,42.01,1028.21,95.4,0.7686,,,,,0
235,1361,car,471.98,100.32,523.15,144.03,0.8462,,,,,0
235,1372,bike,328.93,118.71,347.3,157.76,0.7724,,,,,0
235,1200,bike,688.46,86.42,718.54,136.49,0.7992,,,,,0
235,1597,bike,733.84,114.06,779.76,191.07,0.8329,main_carriageway,18.56,14.5,0.616,0
235,1620,car,447.47,90.58,487.53,132.85,0.72,,,,,0
235,1622,bike,307.82,71.98,324.88,96.15,0.2717,,,,,0
235,1243,bus,29.34,179.7,144.38,316.42,0.7739,opposite_carriageway,10.95,-14.58,0.799,0
235,25,car,711.56,53.27,790.8,96.8,0.4595,,,,,0
235,975,car,532.43,93.9,578.78,150.75,0.5611,,,,,0
235,1897,bike,780.48,74.02,808.05,115.41,0.6243,,,,,0
235,1900,car,512.99,79.81,555.71,119.22,0.3001,,,,,0
235,1790,car,945.31,69.22,1063.78,138.1,0.8446,,,,,0
235,1408,car,806.02,59.75,863.22,108.15,0.345,,,,,0
236,14,car,1075.31,60.25,1198.49,150.78,0.8015,,,,,0
236,16,car,1185.69,66.19,1279.48,161.3,0.8179,,,,,0
236,18,car,871.57,58.94,970.57,121.11,0.7306,,,,,0
236,32,car,732.92,182.29,921.35,327.58,0.9126,main_carriageway,28.43,16.35,0.499,0
236,22,bike,390.49,146.32,423.22,206.32,0.9104,main_carriageway,5.84,5.79,0.704,0
236,350,bike,926.72,137.5,991.18,244.88,0.9354,main_carriageway,42.06,12.45,0.284,0
236,886,bike,335.99,91.24,351.0,114.98,0.5821,,,,,0
236,740,rickshaw,834.67,96.02,918.55,184.69,0.8003,main_carriageway,16.93,4.82,0.274,0
236,976,car,583.54,83.97,628.67,138.08,0.6374,,,,,0
236,861,bike,291.97,146.75,318.77,197.65,0.7501,,,,,0
236,1154,car,254.11,115.34,292.45,162.91,0.6546,,,,,0
236,27,bus,954.38,42.0,1028.06,95.29,0.7872,,,,,0
236,1361,car,472.16,100.24,523.8,144.41,0.8461,,,,,0
236,1372,bike,329.1,118.82,347.64,158.03,0.7682,,,,,0
236,1200,bike,689.6,86.7,719.93,136.82,0.7963,,,,,0
236,1597,bike,736.25,114.47,782.48,192.81,0.8322,main_carriageway,13.61,9.96,0.591,0
236,1620,car,447.83,90.56,487.98,132.97,0.7244,,,,,0
236,1622,bike,307.84,72.18,324.97,96.29,0.2814,,,,,0
236,1243,bus,31.85,179.11,146.73,316.5,0.7726,opposite_carriageway,10.35,-4.95,0.431,0
236,25,car,714.97,53.49,792.51,96.62,0.4706,,,,,0
236,975,car,533.17,94.15,579.66,151.13,0.5753,,,,,0
236,1897,bike,780.46,73.89,808.15,115.43,0.6347,,,,,0
236,1900,car,513.27,79.77,556.16,119.21,0.3087,,,,,0
236,1790,car,943.02,69.21,1063.71,137.94,0.8428,,,,,0
236,1965,bus,532.33,93.33,579.83,151.35,0.4183,,,,,0
236,1408,car,806.61,59.67,863.35,108.18,0.3419,,,,,0
237,14,car,1075.44,60.14,1198.43,150.87,0.8435,,,,,0
237,16,car,1185.57,66.24,1279.52,161.4,0.8364,,,,,0
237,18,car,873.16,59.68,965.11,116.32,0.5091,,,,,0
237,32,car,746.43,185.67,944.98,338.45,0.9316,main_carriageway,41.58,23.95,0.499,0
237,22,bike,393.92,146.76,427.65,208.53,0.8999,main_carriageway,8.63,7.21,0.641,0
237,350,bike,951.25,139.87,1018.98,252.96,0.9166,main_carriageway,60.0,18.08,0.289,0
237,886,bike,336.01,91.37,351.42,115.83,0.5274,,,,,0
237,740,rickshaw,844.31,96.8,929.54,186.97,0.7575,main_carriageway,23.82,6.36,0.258,0
237,976,car,586.95,83.92,632.92,139.12,0.4918,,,,,0
237,861,bike,292.79,147.6,320.01,198.96,0.7608,main_carriageway,2.29,6.39,0.941,0
237,1154,car,253.48,115.33,292.31,163.49,0.6986,,,,,0
237,27,bus,955.57,41.69,1027.91,93.35,0.6345,,,,,0
237,1361,car,473.48,100.18,526.47,145.82,0.8296,,,,,0
237,1372,bike,329.55,118.82,348.89,159.57,0.7299,,,,,0
237,1200,bike,692.66,85.63,724.22,137.8,0.8596,,,,,0
237,1597,bike,744.04,115.64,791.51,196.65,0.8935,main_carriageway,19.19,11.42,0.511,0
237,1620,car,448.26,90.27,489.43,133.68,0.7485,,,,,0
237,1622,bike,308.13,72.96,325.13,96.65,0.2397,,,,,0
237,1243,bus,37.19,178.38,148.28,312.05,0.853,opposite_carriageway,12.73,-5.95,0.423,0
237,25,car,711.6,52.82,790.61,96.81,0.5354,,,,,0
237,975,car,535.03,92.22,583.7,152.21,0.5608,,,,,0
237,1897,bike,780.52,73.64,808.0,114.86,0.4559,,,,,0
237,1790,car,938.34,69.07,1061.7,138.06,0.7668,,,,,0
237,1965,bus,535.22,92.69,583.8,152.06,0.4256,,,,,0
238,14,car,1075.61,60.09,1198.32,150.93,0.8533,,,,,0
238,16,car,1185.51,66.25,1279.56,161.45,0.837,,,,,0
238,18,car,873.34,59.94,963.44,114.51,0.5067,,,,,0
238,32,car,751.3,186.83,953.99,342.52,0.9316,main_carriageway,46.62,26.87,0.499,0
238,22,bike,395.18,146.83,429.33,209.34,0.8988,main_carriageway,9.73,7.76,0.624,0
238,350,bike,960.49,140.74,1029.36,255.99,0.9168,main_carriageway,66.95,20.28,0.29,0
238,886,bike,336.04,91.4,351.59,116.17,0.5264,,,,,0
238,740,rickshaw,847.94,97.08,933.61,187.8,0.7555,main_carriageway,26.52,6.94,0.253,0
238,976,car,588.24,83.91,634.47,139.49,0.4915,,,,,0
238,861,bike,293.04,147.9,320.51,199.42,0.7608,main_carriageway,2.47,6.74,0.939,0
238,1154,car,253.24,115.32,292.25,163.7,0.7004,,,,,0
238,27,bus,955.82,41.57,1028.06,92.57,0.6338,,,,,0
238,1361,car,474.08,100.17,527.36,146.33,0.8302,,,,,0
238,1372,bike,329.7,118.83,349.35,160.14,0.731,,,,,0
238,1200,bike,693.77,85.21,725.79,138.16,0.86,,,,,0
238,1597,bike,747.08,116.09,794.81,198.09,0.8936,main_carriageway,21.36,11.98,0.489,0
238,1620,car,448.39,90.16,490.0,133.96,0.7479,,,,,0
238,1622,bike,308.2,73.25,325.24,96.77,0.2408,,,,,0
238,1243,bus,39.33,178.15,148.67,310.45,0.8545,opposite_carriageway,13.81,-6.4,0.42,0
238,25,car,710.28,52.55,789.83,96.89,0.5358,,,,,0
238,975,car,535.84,91.54,585.09,152.58,0.5636,,,,,0
238,1897,bike,780.51,73.52,807.93,114.65,0.4513,,,,,0
238,1790,car,936.09,69.03,1061.56,138.1,0.7697,,,,,0
238,1965,bus,536.25,92.54,585.1,152.26,0.4185,,,,,0
238,1986,rickshaw,588.27,83.75,633.47,138.74,0.3535,,,,,0
239,14,car,1075.78,60.07,1198.16,150.95,0.8537,,,,,0
239,16,car,1185.47,66.27,1279.6,161.46,0.838,,,,,0
239,18,car,872.98,59.95,963.28,113.81,0.5081,,,,,0
239,32,car,752.93,187.21,957.33,343.97,0.9316,main_carriageway,48.6,28.01,0.499,0
239,22,bike,395.6,146.84,429.92,209.6,0.8988,main_carriageway,10.14,7.95,0.617,0
239,350,bike,963.79,141.04,1032.99,257.07,0.9167,main_carriageway,69.64,21.13,0.29,0
239,886,bike,336.08,91.41,351.63,116.29,0.5261,,,,,0
239,740,rickshaw,849.21,97.18,934.97,188.06,0.7522,main_carriageway,27.54,7.15,0.251,0
239,976,car,588.71,83.91,635.0,139.61,0.4913,,,,,0
239,861,bike,293.07,147.99,320.71,199.56,0.7608,main_carriageway,2.54,6.86,0.938,0
239,1154,car,253.15,115.31,292.23,163.76,0.7003,,,,,0
239,27,bus,955.76,41.51,1028.38,92.26,0.6384,,,,,0
239,1361,car,474.38,100.16,527.58,146.52,0.8302,,,,,0
239,1372,bike,329.73,118.83,349.53,160.34,0.7312,,,,,0
239,1200,bike,694.13,85.05,726.31,138.28,0.8601,,,,,0
239,1597,bike,748.23,116.26,795.87,198.57,0.8928,main_carriageway,22.2,12.19,0.481,0
239,1620,car,448.42,90.11,490.22,134.06,0.7482,,,,,0
239,1622,bike,308.19,73.33,325.32,96.81,0.2413,,,,,0
239,1243,bus,40.19,178.08,148.6,309.93,0.8548,opposite_carriageway,14.18,-6.58,0.421,0
239,25,car,709.72,52.42,789.5,96.93,0.535,,,,,0
239,975,car,536.16,91.28,585.51,152.71,0.5631,,,,,0
239,1897,bike,780.54,73.51,807.91,114.57,0.4495,,,,,0
239,1790,car,934.82,69.03,1062.09,138.12,0.7675,,,,,0
239,1965,bus,536.5,92.5,585.38,152.31,0.4201,,,,,0
239,1986,rickshaw,588.27,83.75,633.46,138.73,0.3548,,,,,0
240,14,car,1075.97,60.12,1197.89,150.87,0.8531,,,,,0
240,16,car,1185.39,65.92,1279.81,161.39,0.8404,,,,,0
240,18,car,872.23,59.8,963.27,113.71,0.5023,,,,,0
240,32,car,753.17,187.31,958.42,344.5,0.9327,main_carriageway,34.25,20.06,0.505,0
240,22,bike,395.74,146.88,430.05,209.64,0.8974,main_carriageway,7.16,4.59,0.539,0
240,350,bike,964.73,141.13,1033.94,257.38,0.9142,main_carriageway,48.6,14.93,0.294,0
240,886,bike,336.07,91.41,351.63,116.39,0.5582,,,,,0
240,740,rickshaw,849.61,97.3,935.19,188.05,0.7951,main_carriageway,19.03,4.38,0.224,0
240,976,car,588.75,83.81,635.11,139.66,0.4568,,,,,0
240,861,bike,292.89,147.83,320.88,199.71,0.7697,,,,,0
240,1154,car,253.17,115.65,292.06,163.82,0.6972,,,,,0
240,27,bus,955.51,41.52,1029.0,92.48,0.6326,,,,,0
240,1361,car,474.75,100.32,527.65,146.64,0.8315,,,,,0
240,1372,bike,329.74,118.82,349.57,160.32,0.7715,,,,,0
240,1200,bike,694.14,84.74,726.47,138.22,0.8634,,,,,0
240,1597,bike,748.62,116.2,796.12,198.75,0.9007,main_carriageway,15.57,7.68,0.442,0
240,1620,car,448.37,90.02,490.37,134.11,0.7499,,,,,0
240,1622,bike,308.16,73.55,325.34,96.88,0.2239,,,,,0
240,1243,bus,39.18,177.93,148.03,310.75,0.8486,opposite_carriageway,6.75,-5.67,0.643,0
240,25,car,709.24,52.22,789.29,96.92,0.5511,,,,,0
240,975,car,536.43,91.18,585.73,152.81,0.5649,,,,,0
240,1897,bike,780.42,72.8,808.25,114.55,0.4284,,,,,0
240,1790,car,934.16,68.85,1063.45,138.15,0.7819,,,,,0
240,1965,bus,536.66,92.54,585.5,152.34,0.3873,,,,,0
240,1986,rickshaw,588.14,83.67,633.43,138.78,0.4361,,,,,0
240,1408,car,806.25,59.75,863.92,109.23,0.2224,,,,,0
241,14,car,1075.75,60.16,1197.63,151.02,0.8632,,,,,0
241,16,car,1185.04,65.1,1280.0,161.4,0.8438,,,,,0
241,18,car,873.64,59.38,958.47,108.65,0.6384,,,,,0
241,32,car,768.06,192.72,979.18,353.85,0.9292,main_carriageway,46.48,26.27,0.492,0
241,22,bike,399.17,147.7,433.88,211.27,0.9092,main_carriageway,9.67,4.95,0.456,0
241,350,bike,989.19,145.12,1060.86,265.54,0.9371,main_carriageway,66.08,20.66,0.298,0
241,886,bike,336.03,91.57,351.72,116.87,0.5443,,,,,0
241,740,rickshaw,858.54,98.44,944.46,189.18,0.7708,main_carriageway,24.89,4.49,0.178,0
241,976,car,590.58,83.83,637.47,140.12,0.4417,,,,,0
241,861,bike,293.71,148.53,322.86,202.5,0.8187,,,,,0
241,1154,car,253.03,116.42,291.93,164.54,0.7244,,,,,0
241,27,bus,956.06,41.5,1029.3,91.78,0.6452,,,,,0
241,1361,car,475.91,99.91,529.13,146.63,0.836,,,,,0
241,1372,bike,331.21,119.85,350.64,160.41,0.7817,,,,,0
241,1200,bike,696.55,83.85,729.81,138.98,0.8447,,,,,0
241,1597,bike,756.24,116.38,804.67,200.94,0.9228,main_carriageway,21.09,8.13,0.36,0
241,1620,car,449.26,90.19,491.55,134.36,0.7892,,,,,0
241,1622,bike,308.13,73.92,325.32,97.05,0.22,,,,,0
241,1243,bus,43.15,176.32,149.39,306.35,0.883,opposite_carriageway,6.98,-10.15,0.824,0
241,25,car,710.03,52.25,790.2,97.15,0.5809,,,,,0
241,975,car,540.83,92.56,589.68,153.45,0.618,,,,,0
241,1897,bike,781.04,72.25,808.89,114.1,0.4017,,,,,0
241,1790,car,934.18,69.03,1064.65,138.52,0.7847,,,,,0
241,1900,car,518.76,80.53,562.1,120.29,0.3223,,,,,0
242,14,car,1075.71,60.17,1197.47,151.08,0.8635,,,,,0
242,16,car,1184.91,64.73,1280.0,161.4,0.8427,,,,,0
242,18,car,873.78,59.21,957.02,106.76,0.6363,,,,,0
242,32,car,773.34,194.62,987.16,357.3,0.93,main_carriageway,34.55,18.85,0.479,0
242,22,bike,400.45,148.0,435.28,211.86,0.9093,main_carriageway,7.08,3.33,0.426,0
242,350,bike,998.3,146.64,1070.86,268.59,0.9376,main_carriageway,49.46,15.63,0.301,0
242,886,bike,336.05,91.63,351.72,117.03,0.546,,,,,0
242,740,rickshaw,861.53,98.11,949.07,190.55,0.7519,main_carriageway,18.38,3.58,0.191,0
242,976,car,591.19,83.84,638.35,140.28,0.44,,,,,0
242,861,bike,294.01,148.85,323.55,203.47,0.8189,,,,,0
242,1154,car,252.97,116.72,291.9,164.79,0.7248,,,,,0
242,27,bus,956.16,41.49,1029.64,91.46,0.6452,,,,,0
242,1361,car,476.37,99.75,529.63,146.61,0.8358,,,,,0
242,1372,bike,331.76,120.28,351.05,160.44,0.7808,,,,,0
242,1200,bike,697.44,83.51,731.02,139.26,0.8447,,,,,0
242,1597,bike,759.14,116.42,807.78,201.73,0.923,main_carriageway,15.69,5.08,0.308,0
242,1620,car,449.53,90.27,492.03,134.45,0.7882,,,,,0
242,1243,bus,44.64,175.69,149.79,304.75,0.8832,opposite_carriageway,4.48,-7.3,0.852,0
242,25,car,710.42,52.27,790.48,97.24,0.5806,,,,,0
242,975,car,542.45,93.1,591.17,153.68,0.6109,,,,,0
242,1897,bike,781.29,72.06,809.12,113.93,0.4,,,,,0
242,1790,car,934.02,69.09,1065.39,138.65,0.7864,,,,,0
242,1900,car,519.09,80.61,562.57,120.42,0.3214,,,,,0
243,14,car,1075.99,60.18,1197.58,151.12,0.8764,,,,,0
243,16,car,1184.87,64.67,1280.0,161.41,0.8404,,,,,0
243,18,car,872.18,59.28,957.56,107.51,0.6987,,,,,0
243,32,car,782.93,198.94,1001.46,364.6,0.9335,main_carriageway,39.55,22.08,0.487,0
243,22,bike,402.93,149.18,437.91,213.17,0.8905,main_carriageway,8.17,3.83,0.425,0
243,350,bike,1014.86,149.87,1088.85,273.93,0.9385,main_carriageway,56.93,17.94,0.301,0
243,886,bike,335.79,91.77,351.85,117.9,0.59,,,,,0
243,740,rickshaw,866.32,99.42,954.5,192.36,0.8086,main_carriageway,19.63,4.56,0.226,0
243,976,car,592.66,83.89,640.59,141.33,0.5101,,,,,0
243,861,bike,295.0,150.23,324.52,204.5,0.8227,,,,,0
243,1154,car,252.89,116.87,291.96,165.16,0.7074,,,,,0
243,27,bus,958.34,41.51,1030.68,90.48,0.5211,,,,,0
243,1361,car,477.03,100.16,530.53,147.44,0.8898,,,,,0
243,1372,bike,332.54,120.73,351.85,160.73,0.7933,,,,,0
243,1200,bike,699.61,83.48,733.53,140.02,0.8146,,,,,0
243,1597,bike,764.32,118.41,812.93,204.14,0.9003,main_carriageway,17.68,6.05,0.324,0
243,1620,car,450.24,91.06,492.81,135.01,0.795,,,,,0
243,1243,bus,45.85,175.6,149.41,302.87,0.8604,opposite_carriageway,3.63,-7.58,0.902,0
243,25,car,711.29,52.49,791.13,97.55,0.6034,,,,,0
243,975,car,543.85,93.23,593.49,155.07,0.5646,,,,,0
243,1897,bike,781.49,72.41,808.91,113.54,0.3395,,,,,0
243,1790,car,934.83,68.55,1068.18,139.13,0.765,,,,,0
243,1900,car,519.31,81.62,564.51,123.26,0.3241,,,,,0
243,1408,car,805.12,60.03,861.83,108.83,0.2316,,,,,0
243,1622,bike,308.36,76.51,324.58,98.18,0.2643,,,,,0
244,14,car,1076.15,60.18,1197.57,151.13,0.8763,,,,,0
244,16,car,1184.88,64.64,1280.0,161.41,0.8407,,,,,0
244,18,car,871.31,59.32,958.08,107.86,0.7068,,,,,0
244,32,car,786.26,200.62,1006.84,367.28,0.9333,main_carriageway,41.42,23.31,0.49,0
244,22,bike,403.8,149.61,438.86,213.64,0.8906,main_carriageway,8.57,4.04,0.426,0
244,350,bike,1020.85,151.04,1095.47,275.92,0.9387,main_carriageway,59.77,18.85,0.301,0
244,886,bike,335.7,91.81,351.88,118.24,0.5877,,,,,0
244,740,rickshaw,868.02,99.98,956.47,193.04,0.8076,main_carriageway,20.15,4.98,0.24,0
244,976,car,593.21,83.91,641.38,141.71,0.5131,,,,,0
244,861,bike,295.31,150.72,324.93,204.9,0.8226,main_carriageway,3.23,5.34,0.856,0
244,1154,car,252.86,116.9,291.98,165.3,0.7091,,,,,0
244,27,bus,958.99,41.52,1031.18,90.16,0.5253,,,,,0
244,1361,car,477.33,100.33,530.79,147.73,0.8894,,,,,0
244,1372,bike,332.79,120.86,352.16,160.83,0.7922,,,,,0
244,1200,bike,700.43,83.48,734.4,140.3,0.8145,,,,,0
244,1597,bike,766.29,119.16,814.72,205.02,0.9005,main_carriageway,18.46,6.45,0.33,0
244,1620,car,450.43,91.36,493.17,135.23,0.7946,,,,,0
244,1243,bus,46.24,175.61,149.18,302.28,0.8602,opposite_carriageway,3.32,-7.65,0.918,0
244,25,car,711.66,52.58,791.23,97.67,0.6044,,,,,0
244,975,car,544.37,93.28,594.28,155.58,0.5686,,,,,0
244,1897,bike,781.52,72.56,808.86,113.44,0.3419,,,,,0
244,1790,car,935.11,68.38,1069.21,139.31,0.764,,,,,0
244,1900,car,519.47,82.03,565.15,124.35,0.3212,,,,,0
244,1408,car,805.01,60.07,861.46,108.75,0.2326,,,,,0
244,1622,bike,308.35,77.03,324.47,98.41,0.2668,,,,,0
245,14,car,1075.41,60.43,1196.0,150.47,0.8333,,,,,0
245,16,car,1185.16,65.13,1280.0,161.44,0.8425,,,,,0
245,18,car,863.91,59.08,957.89,112.63,0.6986,,,,,0
245,32,car,802.78,205.28,1036.11,381.37,0.9272,main_carriageway,63.65,36.87,0.501,0
245,22,bike,407.68,151.22,443.53,216.49,0.874,main_carriageway,12.71,6.85,0.474,0
245,350,bike,1052.63,156.52,1130.33,285.96,0.902,main_carriageway,92.14,28.58,0.296,0
245,886,bike,335.69,91.95,352.25,119.14,0.5962,,,,,0
245,740,rickshaw,878.92,100.47,968.87,194.94,0.7275,main_carriageway,31.49,6.89,0.214,0
245,976,bus,594.59,83.4,644.11,143.07,0.6373,,,,,0
245,861,bike,297.15,152.87,327.43,208.4,0.8224,main_carriageway,5.4,8.69,0.849,0
245,1154,car,252.98,117.55,292.04,165.87,0.7042,,,,,0
245,27,bus,958.6,41.43,1029.66,88.95,0.5593,,,,,0
245,1361,car,479.1,101.61,532.27,148.78,0.8997,,,,,0
245,1372,bike,334.08,121.1,353.67,161.45,0.7953,,,,,0
245,1200,bike,705.01,87.47,737.54,141.48,0.8085,,,,,0
245,1597,bike,775.34,121.1,824.24,207.82,0.9104,main_carriageway,27.42,9.07,0.314,0
245,1620,car,450.6,91.52,494.26,136.15,0.7819,,,,,0
245,1243,bus,49.44,175.31,150.03,299.35,0.8603,opposite_carriageway,6.13,-11.4,0.881,0
245,25,car,710.8,52.66,790.63,97.93,0.5239,,,,,0
245,975,bus,548.54,93.77,599.48,157.0,0.685,,,,,0
245,1897,bike,781.29,72.92,808.52,113.43,0.3346,,,,,0
245,1790,car,935.1,69.23,1063.29,136.67,0.6727,,,,,0
245,1900,bus,521.06,82.48,565.97,123.98,0.5944,,,,,0
245,1408,car,804.97,60.09,860.89,108.45,0.2123,,,,,0
245,1622,bike,308.26,77.4,324.4,98.61,0.3077,,,,,0
245,2066,car,0.7,254.1,41.36,401.46,0.4995,,,,,0
245,2072,car,287.96,116.1,326.58,151.24,0.489,,,,,0
245,1986,car,595.13,82.49,644.8,142.9,0.3489,,,,,0
246,14,car,1075.04,60.53,1195.52,150.23,0.8338,,,,,0
246,16,car,1185.22,65.22,1280.0,161.46,0.8429,,,,,0
246,18,car,861.83,59.0,957.32,114.32,0.6983,,,,,0
246,32,car,808.72,206.76,1047.26,386.64,0.9276,main_carriageway,54.37,32.79,0.516,0
246,22,bike,409.08,151.81,445.29,217.53,0.8738,main_carriageway,10.66,6.26,0.506,0
246,350,bike,1064.43,158.57,1143.48,289.71,0.902,main_carriageway,78.93,24.17,0.293,0
246,886,bike,335.71,92.0,352.36,119.47,0.5963,,,,,0
246,740,rickshaw,882.89,100.67,973.43,195.6,0.7251,main_carriageway,26.66,6.42,0.234,0
246,976,bus,595.15,83.21,645.07,143.58,0.6379,,,,,0
246,861,bike,297.84,153.61,328.3,209.62,0.8225,main_carriageway,4.79,7.12,0.83,0
246,1154,car,253.02,117.77,292.05,166.07,0.7028,,,,,0
246,27,bus,958.18,41.4,1029.24,88.6,0.558,,,,,0
246,1361,car,479.76,102.1,532.78,149.15,0.8997,,,,,0
246,1372,bike,334.56,121.19,354.24,161.66,0.7963,,,,,0
246,1200,bike,706.65,88.9,738.76,141.88,0.8115,,,,,0
246,1597,bike,778.7,121.81,827.75,208.83,0.9099,main_carriageway,22.77,7.89,0.327,0
246,1620,car,450.61,91.58,494.7,136.49,0.7821,,,,,0
246,1243,bus,50.6,175.22,150.3,298.4,0.8619,opposite_carriageway,4.18,-7.95,0.885,0
246,25,car,710.54,52.71,790.39,98.01,0.5244,,,,,0
246,975,bus,550.01,94.01,601.46,157.52,0.6768,,,,,0
246,1897,bike,781.15,73.07,808.42,113.45,0.3335,,,,,0
246,1790,car,935.06,69.52,1061.4,135.69,0.6793,,,,,0
246,1900,bus,521.65,82.68,566.28,123.81,0.5877,,,,,0
246,1408,car,805.0,60.09,860.69,108.36,0.212,,,,,0
246,1622,bike,308.19,77.51,324.42,98.67,0.3108,,,,,0
246,2066,car,0.79,251.32,41.93,400.34,0.4932,,,,,0
246,2072,car,288.12,115.76,327.18,151.39,0.4787,,,,,0
246,2073,car,522.0,80.26,567.55,123.53,0.4462,,,,,0
246,1986,car,595.65,82.41,645.65,143.21,0.3459,,,,,0
247,14,car,1075.21,60.61,1195.75,150.22,0.8327,,,,,0
247,16,car,1185.45,65.53,1280.0,161.44,0.8439,,,,,0
247,18,car,859.32,59.41,952.63,114.78,0.6146,,,,,0
247,32,car,818.43,208.8,1066.02,395.49,0.9378,main_carriageway,61.97,38.19,0.525,0
247,22,bike,411.45,152.05,448.63,219.39,0.8645,main_carriageway,12.17,7.53,0.526,0
247,350,bike,1084.0,162.69,1165.07,296.56,0.9364,main_carriageway,89.95,27.97,0.297,0
247,886,bike,335.81,92.1,352.38,119.54,0.6268,,,,,0
247,740,car,889.9,101.82,980.86,196.86,0.4207,main_carriageway,30.08,6.31,0.205,0
247,976,bus,596.34,83.69,646.38,144.27,0.5613,,,,,0
247,861,bike,298.45,153.82,329.6,211.25,0.8148,main_carriageway,5.25,7.78,0.829,0
247,1154,car,253.07,117.97,292.09,166.27,0.7143,,,,,0
247,27,bus,957.9,41.4,1027.9,87.44,0.5033,,,,,0
247,1361,car,480.38,102.64,533.39,149.59,0.8846,,,,,0
247,1372,bike,334.97,121.36,354.63,161.74,0.7955,,,,,0
247,1200,bike,709.15,91.01,740.46,142.47,0.8279,,,,,0
247,1597,bike,784.61,122.72,834.19,211.04,0.9007,main_carriageway,25.94,9.31,0.338,0
247,1620,car,451.28,92.33,495.44,137.03,0.7791,,,,,0
247,1243,bus,52.83,175.02,150.6,295.71,0.8521,opposite_carriageway,4.5,-9.04,0.895,0
247,25,car,712.01,53.2,790.79,98.04,0.4591,,,,,0
247,975,bus,550.94,93.92,602.95,158.03,0.7044,,,,,0
247,1897,bike,781.18,73.61,808.42,113.74,0.3623,,,,,0
247,1790,car,935.1,69.63,1060.53,135.13,0.7656,,,,,0
247,1900,bus,521.37,82.03,567.28,124.31,0.6111,,,,,0
247,1408,car,805.16,60.19,860.49,108.29,0.2149,,,,,0
247,1622,bike,307.69,77.42,324.44,99.16,0.3671,,,,,0
247,2066,car,2.57,249.55,42.79,394.59,0.6992,,,,,0
247,2072,car,288.67,115.03,328.44,151.53,0.4791,,,,,0
247,2073,car,521.95,80.05,568.25,124.02,0.4299,,,,,0
247,1986,car,596.75,82.48,646.79,143.31,0.3324,,,,,0
248,14,car,1075.23,60.63,1195.9,150.21,0.8327,,,,,0
248,16,car,1185.47,65.51,1280.0,161.44,0.8418,,,,,0
248,18,car,859.05,59.56,950.43,114.98,0.6158,,,,,0
248,32,car,821.99,209.44,1073.09,398.76,0.9377,main_carriageway,55.35,34.16,0.525,0
248,22,bike,412.28,152.17,449.86,220.06,0.8646,main_carriageway,10.65,6.89,0.543,0
248,350,bike,1091.1,164.21,1173.1,299.1,0.9361,main_carriageway,80.24,25.17,0.299,0
248,886,bike,335.87,92.13,352.38,119.57,0.6266,,,,,0
248,740,car,892.34,102.24,983.57,197.24,0.4275,main_carriageway,27.54,4.88,0.174,0
248,976,bus,596.77,83.86,646.83,144.54,0.5539,,,,,0
248,861,bike,298.69,153.9,330.05,211.86,0.8143,main_carriageway,4.61,7.36,0.847,0
248,1154,car,253.09,118.03,292.1,166.36,0.7137,,,,,0
248,27,bus,957.58,41.39,1027.66,87.09,0.5027,,,,,0
248,1361,car,480.57,102.85,533.61,149.73,0.8847,,,,,0
248,1372,bike,335.09,121.41,354.76,161.77,0.797,,,,,0
248,1200,bike,709.94,91.66,741.08,142.67,0.8285,,,,,0
248,1597,bike,786.8,123.05,836.46,211.8,0.9006,main_carriageway,23.0,7.66,0.316,0
248,1620,car,451.45,92.62,495.78,137.22,0.7787,,,,,0
248,1243,bus,53.51,174.97,150.67,294.79,0.8528,opposite_carriageway,4.46,-8.08,0.875,0
248,25,car,712.63,53.39,790.88,98.05,0.4609,,,,,0
248,975,bus,551.19,93.85,603.46,158.21,0.705,,,,,0
248,1897,bike,781.15,73.81,808.46,113.85,0.3632,,,,,0
248,1790,car,935.18,69.69,1060.33,134.9,0.7635,,,,,0
248,1900,bus,521.23,81.78,567.64,124.5,0.6145,,,,,0
248,1408,car,805.26,60.22,860.38,108.26,0.2157,,,,,0
248,1622,bike,307.49,77.36,324.49,99.33,0.3678,,,,,0
248,2066,car,3.05,249.0,43.19,393.0,0.6957,,,,,0
248,2072,car,288.96,114.8,328.72,151.57,0.4788,,,,,0
248,2073,car,521.92,79.98,568.5,124.2,0.4276,,,,,0
248,1986,car,597.11,82.5,647.18,143.32,0.3362,,,,,0
248,2085,rickshaw,889.45,101.7,982.37,196.91,0.375,,,,,0
249,14,car,1076.16,60.96,1197.09,150.82,0.8007,,,,,0
249,16,car,1185.19,65.75,1279.72,161.55,0.8353,,,,,0
249,18,car,864.84,59.54,960.07,117.39,0.7295,,,,,0
249,32,car,840.36,213.53,1108.53,415.97,0.9416,main_carriageway,77.89,48.69,0.53,0
249,22,bike,416.31,152.13,455.3,223.12,0.8916,main_carriageway,14.47,9.48,0.548,0
249,350,bike,1126.75,168.74,1214.77,312.84,0.9417,main_carriageway,112.6,36.92,0.312,0
249,886,bike,335.94,92.06,352.65,120.05,0.5526,,,,,0
249,740,car,901.7,102.14,997.48,201.82,0.5026,main_carriageway,37.35,8.78,0.229,0
249,976,car,599.29,84.0,649.93,145.05,0.5853,,,,,0
249,861,bike,301.9,157.13,332.2,213.43,0.7871,main_carriageway,6.93,8.53,0.776,0
249,1154,car,253.38,119.96,291.81,167.34,0.766,,,,,0
249,27,bus,958.67,41.16,1030.78,87.34,0.5022,,,,,0
249,1361,car,482.72,104.39,535.21,150.57,0.9056,,,,,0
249,1372,bike,336.72,123.31,355.98,162.51,0.7932,,,,,0
249,1200,bike,711.76,87.84,745.74,143.61,0.8553,,,,,0
249,1597,bike,796.7,123.97,847.47,215.01,0.9332,main_carriageway,31.58,9.99,0.302,0
249,1620,car,451.65,93.29,495.99,137.94,0.8145,,,,,0
249,1243,bus,56.01,173.95,151.85,292.35,0.753,opposite_carriageway,6.22,-9.93,0.847,0
249,25,car,711.69,52.72,791.34,98.54,0.6251,,,,,0
249,975,car,554.91,93.19,608.59,159.03,0.6344,,,,,0
249,1897,bike,780.48,72.67,808.84,114.25,0.4414,,,,,0
249,1790,car,939.79,69.8,1062.4,134.88,0.7499,,,,,0
249,1900,bus,524.33,80.61,571.24,123.93,0.3192,,,,,0
249,1408,car,804.33,60.12,860.25,109.26,0.2927,,,,,0
249,1622,bike,307.78,78.67,324.75,100.5,0.257,,,,,0
249,2066,car,4.41,246.49,45.64,392.85,0.6553,,,,,0
249,2072,car,287.38,116.85,327.01,153.54,0.4625,,,,,0
249,2073,car,524.93,79.14,571.34,123.24,0.5612,,,,,0
249,2085,rickshaw,900.18,102.16,997.65,202.05,0.4395,,,,,0
250,14,car,1076.45,61.08,1197.44,151.04,0.8006,,,,,0
250,16,car,1184.98,65.68,1279.69,161.59,0.8359,,,,,0
250,18,car,867.06,59.55,963.66,118.31,0.7282,,,,,0
250,32,car,847.46,215.17,1121.75,422.43,0.9412,main_carriageway,65.16,41.06,0.533,0
250,22,bike,417.88,152.1,457.24,224.26,0.8917,main_carriageway,11.95,7.77,0.545,0
250,350,bike,1139.97,170.42,1230.49,318.0,0.9418,main_carriageway,93.75,32.04,0.323,0
250,886,bike,336.0,92.03,352.73,120.22,0.5538,,,,,0
250,740,rickshaw,905.03,102.39,1002.19,203.46,0.4411,main_carriageway,29.72,8.52,0.276,0
250,976,car,600.14,84.03,651.15,145.22,0.5921,,,,,0
250,861,bike,303.16,158.36,332.95,213.98,0.7874,main_carriageway,5.77,5.58,0.695,0
250,1154,car,253.43,120.67,291.75,167.72,0.7668,,,,,0
250,27,bus,958.75,41.09,1032.25,87.43,0.4996,,,,,0
250,1361,car,483.46,104.96,535.84,150.86,0.906,,,,,0
250,1372,bike,337.27,124.03,356.46,162.78,0.7937,,,,,0
250,1200,bike,712.43,86.44,747.41,143.95,0.8552,,,,,0
250,1597,bike,800.4,124.32,851.49,216.18,0.933,main_carriageway,26.15,8.36,0.304,0
250,1620,car,451.72,93.54,496.05,138.2,0.8144,,,,,0
250,1243,bus,56.9,173.57,152.25,291.54,0.7489,opposite_carriageway,4.84,-7.81,0.85,0
250,25,car,711.5,52.46,791.36,98.73,0.6238,,,,,0
250,975,car,556.22,92.94,610.55,159.33,0.6407,,,,,0
250,1897,bike,780.23,72.26,808.96,114.38,0.4435,,,,,0
250,1790,car,942.04,69.87,1062.42,134.88,0.7533,,,,,0
250,1900,bus,525.54,80.16,572.53,123.7,0.3122,,,,,0
250,1408,car,803.99,60.04,860.09,109.71,0.2951,,,,,0
250,1622,bike,307.87,79.14,324.87,100.93,0.2559,,,,,0
250,2066,car,4.62,245.43,46.64,392.93,0.6742,opposite_carriageway,4.6,-8.53,0.88,0
250,2072,car,286.85,117.6,326.34,154.23,0.4617,,,,,0
250,2073,car,525.95,78.89,572.24,122.89,0.5624,,,,,0
250,2085,car,903.92,101.98,1003.29,203.84,0.503,,,,,0
251,14,car,1076.51,61.11,1197.52,151.14,0.7904,,,,,0
251,16,car,1184.91,65.66,1279.72,161.62,0.8393,,,,,0
251,18,car,867.91,59.54,965.08,118.72,0.7376,,,,,0
251,32,car,850.12,215.8,1126.41,424.76,0.9411,main_carriageway,60.28,38.12,0.535,0
251,22,bike,418.49,152.07,457.81,224.65,0.8921,main_carriageway,10.96,7.12,0.545,0
251,350,bike,1144.54,170.99,1236.19,319.83,0.9421,main_carriageway,86.41,30.12,0.329,0
251,886,bike,336.05,92.01,352.72,120.27,0.5546,,,,,0
251,740,rickshaw,906.12,102.52,1003.77,204.03,0.436,main_carriageway,26.78,8.43,0.3,0
251,976,car,600.37,84.07,651.64,145.28,0.5899,,,,,0
251,861,bike,303.64,158.8,333.16,214.14,0.7869,main_carriageway,5.33,4.52,0.647,0
251,1154,car,253.39,120.89,291.76,167.83,0.7694,,,,,0
251,27,bus,958.52,41.01,1033.38,87.54,0.492,,,,,0
251,1361,car,483.66,105.2,536.08,150.96,0.9056,,,,,0
251,1372,bike,337.43,124.32,356.65,162.88,0.7953,,,,,0
251,1200,bike,712.61,85.82,747.98,144.06,0.8551,,,,,0
251,1597,bike,801.69,124.37,852.83,216.57,0.9328,main_carriageway,24.03,7.74,0.307,0
251,1620,car,451.74,93.62,496.04,138.29,0.8142,,,,,0
251,1243,bus,57.18,173.41,152.31,291.29,0.7528,opposite_carriageway,4.3,-7.11,0.856,0
251,25,car,711.67,52.31,791.32,98.78,0.6291,,,,,0
251,975,car,556.61,92.82,611.27,159.42,0.6408,,,,,0
251,1897,bike,780.22,72.08,809.06,114.34,0.4349,,,,,0
251,1790,car,943.77,69.91,1062.14,134.89,0.7546,,,,,0
251,1900,bus,525.98,80.0,572.91,123.59,0.3079,,,,,0
251,1408,car,803.4,59.99,859.77,110.24,0.2773,,,,,0
251,1622,bike,307.89,79.31,324.93,101.07,0.2597,,,,,0
251,2066,car,4.49,245.13,47.14,393.09,0.6725,opposite_carriageway,4.46,-7.25,0.852,0
251,2072,car,286.69,117.88,326.07,154.45,0.4654,,,,,0
251,2073,car,526.24,78.83,572.45,122.78,0.5609,,,,,0
251,2085,car,904.83,101.93,1004.65,204.28,0.5025,,,,,0
252,14,car,1076.55,61.12,1197.54,151.18,0.7904,,,,,0
252,16,car,1184.88,65.66,1279.75,161.63,0.8393,,,,,0
252,18,car,868.29,59.53,965.58,118.87,0.7376,,,,,0
252,32,car,850.92,215.97,1127.67,425.43,0.9411,main_carriageway,47.07,29.94,0.537,0
252,22,bike,418.71,152.04,457.88,224.74,0.8922,main_carriageway,8.25,5.35,0.544,0
252,350,bike,1145.67,171.13,1237.89,320.36,0.9421,main_carriageway,67.25,23.8,0.334,0
252,886,bike,336.1,92.0,352.69,120.28,0.5546,,,,,0
252,740,rickshaw,906.34,102.55,1004.17,204.19,0.436,main_carriageway,19.88,7.33,0.346,0
252,976,car,600.36,84.09,651.83,145.29,0.5899,,,,,0
252,861,bike,303.82,158.93,333.17,214.16,0.787,,,,,0
252,1154,car,253.34,120.96,291.81,167.86,0.7693,,,,,0
252,27,bus,958.12,40.99,1034.1,87.59,0.492,,,,,0
252,1361,car,483.66,105.27,536.19,150.98,0.9056,,,,,0
252,1372,bike,337.44,124.41,356.74,162.91,0.7953,,,,,0
252,1200,bike,712.63,85.58,748.1,144.08,0.8551,,,,,0
252,1597,bike,802.05,124.36,853.13,216.65,0.9328,main_carriageway,18.19,5.61,0.295,0
252,1620,car,451.74,93.64,496.02,138.31,0.8142,,,,,0
252,1243,bus,57.25,173.37,152.27,291.27,0.753,,,,,0
252,25,car,711.87,52.26,791.16,98.79,0.6291,,,,,0
252,975,car,556.65,92.78,611.52,159.43,0.641,,,,,0
252,1897,bike,780.22,72.02,809.11,114.33,0.4351,,,,,0
252,1790,car,944.93,69.92,1061.53,134.9,0.7546,,,,,0
252,1900,bus,526.15,79.94,572.98,123.55,0.3077,,,,,0
252,1408,car,803.29,59.97,859.56,110.44,0.2774,,,,,0
252,1622,bike,307.88,79.36,324.96,101.11,0.26,,,,,0
252,2066,car,4.23,245.09,47.44,393.2,0.6725,,,,,0
252,2072,car,286.67,117.97,325.95,154.51,0.4653,,,,,0
252,2073,car,526.32,78.82,572.47,122.75,0.561,,,,,0
252,2085,car,904.91,101.91,1004.73,204.31,0.5024,,,,,0
253,14,car,1076.54,61.09,1197.49,151.07,0.7792,,,,,0
253,16,car,1184.63,64.98,1280.0,161.52,0.8518,,,,,0
253,18,car,868.46,59.35,967.79,119.99,0.7026,,,,,0
253,32,car,872.95,227.28,1160.39,444.5,0.945,main_carriageway,69.13,45.74,0.552,0
253,22,bike,423.13,154.81,462.17,227.12,0.8973,main_carriageway,11.58,7.06,0.521,0
253,350,bike,1179.25,178.96,1273.91,334.2,0.8944,main_carriageway,94.48,35.1,0.348,0
253,886,bike,336.25,92.14,353.33,121.58,0.4799,,,,,0
253,740,rickshaw,918.05,104.67,1017.25,207.46,0.8577,main_carriageway,29.69,10.22,0.325,0
253,976,car,604.15,85.74,655.49,146.68,0.7551,,,,,0
253,861,bike,305.23,159.87,334.78,215.28,0.7765,main_carriageway,5.63,3.42,0.519,0
253,1154,car,253.43,121.53,292.38,168.75,0.7697,,,,,0
253,27,bus,955.06,41.32,1035.55,90.67,0.4409,,,,,0
253,1361,car,485.13,105.42,538.69,151.79,0.8994,,,,,0
253,1372,bike,338.42,124.77,358.24,163.77,0.7777,,,,,0
253,1200,bike,715.29,85.43,751.24,145.18,0.8091,,,,,0
253,1597,bike,811.33,125.52,863.92,220.84,0.9097,main_carriageway,26.0,9.04,0.328,0
253,1620,car,452.39,94.0,496.41,138.39,0.829,,,,,0
253,1243,bus,59.26,173.71,152.29,289.39,0.7526,opposite_carriageway,3.69,-5.4,0.826,0
253,25,car,713.19,52.72,791.6,99.18,0.5938,,,,,0
253,975,car,559.33,93.46,614.94,161.09,0.8658,,,,,0
253,1897,bike,780.07,72.23,808.93,114.44,0.4686,,,,,0
253,1790,car,944.73,70.68,1059.81,135.51,0.7057,,,,,0
253,1900,car,526.73,79.21,575.72,124.97,0.6738,,,,,0
253,1408,car,803.18,59.86,859.37,110.44,0.2598,,,,,0
253,2066,car,4.21,242.47,50.45,399.13,0.5332,opposite_carriageway,4.21,6.13,-0.824,0
253,2072,car,287.37,119.53,326.94,156.26,0.3765,,,,,0
254,14,car,1076.54,61.09,1197.5,151.05,0.783,,,,,0
254,16,car,1184.58,64.75,1280.0,161.46,0.8516,,,,,0
254,18,car,868.68,59.34,968.56,120.38,0.711,,,,,0
254,32,car,881.08,231.59,1172.7,451.66,0.9451,main_carriageway,52.45,35.69,0.563,0
254,22,bike,424.74,155.86,463.75,228.0,0.8976,main_carriageway,8.44,4.88,0.501,0
254,350,bike,1192.1,181.81,1280.0,339.38,0.894,main_carriageway,65.29,26.54,0.377,0
254,886,bike,336.36,92.2,353.55,122.13,0.4794,,,,,0
254,740,rickshaw,922.28,105.45,1022.14,208.68,0.8573,main_carriageway,22.62,6.86,0.29,0
254,976,car,605.52,86.34,656.87,147.2,0.7564,,,,,0
254,861,bike,305.71,160.19,335.39,215.67,0.7776,,,,,0
254,1154,car,253.41,121.73,292.66,169.07,0.771,,,,,0
254,27,bus,953.91,41.48,1035.66,91.56,0.4382,,,,,0
254,1361,car,485.58,105.47,539.69,152.07,0.8988,,,,,0
254,1372,bike,338.71,124.94,358.84,164.06,0.7786,,,,,0
254,1200,bike,716.35,85.41,752.3,145.6,0.809,,,,,0
254,1597,bike,814.8,125.95,867.83,222.38,0.9096,main_carriageway,19.23,7.37,0.358,0
254,1620,car,452.61,94.1,496.57,138.41,0.8282,,,,,0
254,1243,bus,60.07,173.88,152.21,288.66,0.7502,,,,,0
254,25,car,713.78,52.88,791.49,99.31,0.5958,,,,,0
254,975,car,560.31,93.74,616.14,161.72,0.8643,,,,,0
254,1897,bike,779.99,72.31,808.87,114.48,0.4704,,,,,0
254,1790,car,944.78,70.93,1058.73,135.77,0.7121,,,,,0
254,1900,car,526.97,78.94,576.7,125.53,0.6691,,,,,0
254,1408,car,803.08,59.81,859.2,110.49,0.2656,,,,,0
254,2066,car,3.98,241.53,51.64,401.18,0.5367,opposite_carriageway,2.78,8.33,-0.948,0
254,2072,car,287.61,120.0,327.38,156.87,0.3651,,,,,0
254,2118,car,900.86,75.73,982.11,134.88,0.3219,,,,,0
255,14,car,1076.96,61.12,1197.66,150.89,0.7485,,,,,0
255,16,car,1185.06,65.48,1280.0,161.59,0.8366,,,,,0
255,18,car,868.44,59.38,968.26,120.42,0.5614,,,,,0
255,32,car,895.34,236.76,1195.83,463.09,0.937,main_carriageway,60.98,40.66,0.555,0
255,22,bike,427.72,156.73,467.16,229.51,0.9117,main_carriageway,9.88,5.25,0.469,0
255,350,bike,1208.65,186.08,1280.0,344.92,0.7909,main_carriageway,59.1,26.92,0.415,0
255,886,bike,336.45,92.36,353.8,123.01,0.4867,,,,,0
255,740,rickshaw,929.24,106.49,1030.46,210.84,0.6984,main_carriageway,26.24,7.38,0.271,0
255,976,car,606.31,86.67,659.07,149.41,0.6997,,,,,0
255,861,bike,306.74,160.75,336.73,216.8,0.7941,,,,,0
255,1154,car,253.17,122.35,292.92,170.04,0.7756,,,,,0
255,27,bus,953.49,41.55,1035.92,92.0,0.4304,,,,,0
255,1361,car,486.45,106.17,541.29,153.18,0.8945,,,,,0
255,1372,bike,338.89,124.96,359.56,164.8,0.7666,,,,,0
255,1200,bike,718.7,86.82,754.31,146.5,0.8559,,,,,0
255,1597,bike,821.66,127.73,874.96,224.89,0.8549,main_carriageway,22.37,8.71,0.363,0
255,1620,car,453.07,94.37,497.16,138.68,0.825,,,,,0
255,1243,bus,60.9,173.63,152.52,287.92,0.7428,,,,,0
255,25,car,713.94,53.02,791.05,99.39,0.5469,,,,,0
255,975,car,561.62,94.25,617.97,163.12,0.8372,,,,,0
255,1897,bike,779.93,72.22,808.96,114.57,0.4903,,,,,0
255,1790,car,944.83,72.97,1060.48,139.51,0.5337,,,,,0
255,1900,car,527.98,79.13,578.22,126.18,0.6715,,,,,0
255,1408,car,803.76,59.73,859.13,109.76,0.2362,,,,,0
255,2066,car,6.58,241.12,51.42,386.5,0.6217,opposite_carriageway,3.37,-6.43,0.886,0
255,2072,car,288.52,120.87,327.49,156.77,0.4621,,,,,0
255,2118,car,902.8,81.58,978.87,136.85,0.4857,,,,,0
256,14,car,1077.11,61.12,1197.7,150.83,0.7502,,,,,0
256,16,car,1185.24,65.74,1279.98,161.63,0.8377,,,,,0
256,18,car,868.33,59.39,968.05,120.4,0.5605,,,,,0
256,32,car,900.47,238.66,1204.53,467.29,0.937,main_carriageway,64.23,42.53,0.552,0
256,22,bike,428.75,157.02,468.39,230.04,0.9121,main_carriageway,10.42,5.39,0.459,0
256,350,bike,1215.64,187.6,1280.0,346.86,0.7917,main_carriageway,57.46,27.03,0.426,0
256,886,bike,336.56,92.42,353.81,123.25,0.4873,,,,,0
256,740,rickshaw,931.67,106.87,1033.52,211.6,0.6935,main_carriageway,27.65,7.57,0.264,0
256,976,car,606.63,86.8,659.81,150.22,0.7046,,,,,0
256,861,bike,307.1,160.94,337.2,217.19,0.7949,,,,,0
256,1154,car,253.01,122.55,293.08,170.39,0.7764,,,,,0
256,27,bus,953.15,41.58,1036.13,92.32,0.4355,,,,,0
256,1361,car,486.68,106.42,541.94,153.58,0.8945,,,,,0
256,1372,bike,338.9,124.96,359.86,165.06,0.7653,,,,,0
256,1200,bike,719.55,87.36,755.01,146.83,0.8552,,,,,0
256,1597,bike,824.18,128.4,877.49,225.79,0.8544,main_carriageway,23.58,9.22,0.364,0
256,1620,car,453.2,94.44,497.43,138.78,0.825,,,,,0
256,1243,bus,61.18,173.57,152.58,287.71,0.7409,,,,,0
256,25,car,714.16,53.08,790.76,99.42,0.5474,,,,,0
256,975,car,562.12,94.43,618.55,163.63,0.84,,,,,0
256,1897,bike,779.91,72.21,809.0,114.61,0.4916,,,,,0
256,1790,car,945.25,73.73,1060.79,140.87,0.5315,,,,,0
256,1900,car,528.36,79.22,578.77,126.43,0.6713,,,,,0
256,1408,car,804.02,59.71,859.09,109.47,0.2354,,,,,0
256,2066,car,7.28,241.12,51.63,380.59,0.6237,opposite_carriageway,3.64,-12.5,0.96,0
256,2072,car,288.83,121.17,327.63,156.73,0.458,,,,,0
256,2118,car,903.53,83.68,977.82,137.49,0.4812,,,,,0
257,14,car,1076.69,61.04,1197.54,150.91,0.8038,,,,,0
257,16,car,1185.22,65.74,1280.0,161.72,0.812,,,,,0
257,18,car,869.55,59.77,967.74,119.88,0.6407,,,,,0
257,32,car,914.24,240.91,1231.7,479.68,0.9449,main_carriageway,83.67,54.25,0.544,0
257,22,bike,431.16,158.36,471.25,232.02,0.912,main_carriageway,12.91,7.28,0.491,0
257,886,bike,336.72,92.56,353.85,123.57,0.5152,,,,,0
257,740,rickshaw,938.68,108.15,1042.27,214.68,0.8524,main_carriageway,35.22,10.49,0.285,0
257,976,car,607.65,87.3,661.14,151.14,0.6172,,,,,0
257,861,bike,307.62,161.02,339.07,220.0,0.8223,main_carriageway,4.85,5.84,0.769,0
257,1154,car,252.8,122.78,293.28,170.9,0.7948,,,,,0
257,27,bus,952.25,41.53,1037.47,93.62,0.3429,,,,,0
257,1361,car,487.0,106.1,543.09,153.84,0.9181,,,,,0
257,1372,bike,339.35,125.19,360.59,165.68,0.7359,,,,,0
257,1200,bike,720.04,85.91,756.4,147.07,0.8759,,,,,0
257,1597,bike,831.03,129.57,884.67,227.73,0.8833,main_carriageway,30.26,11.08,0.344,0
257,1620,car,452.7,94.87,498.03,140.27,0.8578,,,,,0
257,1243,bus,58.68,161.09,158.16,287.41,0.5693,,,,,0
257,25,car,709.76,51.29,790.44,100.06,0.5901,,,,,0
257,975,car,564.5,96.39,619.71,164.06,0.7788,,,,,0
257,1897,bike,779.78,71.87,809.18,114.74,0.4845,,,,,0
257,1790,car,925.46,71.71,1045.58,139.06,0.4855,,,,,0
257,1900,car,529.14,79.09,580.0,126.6,0.615,,,,,0
257,1408,car,803.99,59.73,859.17,109.64,0.2171,,,,,0
257,2072,car,289.79,121.73,327.93,156.34,0.5358,,,,,0
257,2118,car,903.32,85.66,975.13,137.42,0.3494,,,,,0
257,2138,bus,60.47,110.52,232.1,287.18,0.5085,,,,,0
258,14,car,1076.52,61.01,1197.5,150.94,0.8038,,,,,0
258,16,car,1185.22,65.72,1280.0,161.76,0.812,,,,,0
258,18,car,870.03,59.91,967.62,119.68,0.639,,,,,0
258,32,car,919.33,241.67,1241.79,484.26,0.9448,main_carriageway,63.89,39.76,0.528,0
258,22,bike,431.97,158.84,472.28,232.74,0.9123,main_carriageway,9.48,5.62,0.51,0
258,886,bike,336.86,92.61,353.78,123.61,0.5172,,,,,0
258,740,rickshaw,941.18,108.62,1045.41,215.82,0.8526,main_carriageway,25.65,8.36,0.31,0
258,976,car,608.0,87.49,661.58,151.47,0.6194,,,,,0
258,861,bike,307.85,161.04,339.71,221.01,0.8218,main_carriageway,3.77,5.73,0.835,0
258,1154,car,252.7,122.85,293.43,171.07,0.7955,,,,,0
258,27,bus,951.84,41.51,1038.11,94.22,0.343,,,,,0
258,1361,car,487.06,105.98,543.52,153.93,0.9184,,,,,0
258,1372,bike,339.48,125.28,360.88,165.9,0.7351,,,,,0
258,1200,bike,720.22,85.37,756.84,147.15,0.8754,,,,,0
258,1597,bike,833.51,130.0,887.21,228.41,0.8832,main_carriageway,22.74,7.57,0.316,0
258,1620,car,452.48,95.03,498.27,140.83,0.8578,,,,,0
258,1243,bus,57.45,154.16,160.5,287.31,0.5643,,,,,0
258,25,car,708.12,50.63,790.29,100.26,0.5896,,,,,0
258,975,car,565.35,97.18,620.07,164.2,0.7796,,,,,0
258,1897,bike,779.74,71.75,809.23,114.78,0.4846,,,,,0
258,1790,car,916.89,70.93,1040.94,138.34,0.4843,,,,,0
258,1900,car,529.4,79.03,580.47,126.65,0.6152,,,,,0
258,1408,car,804.02,59.73,859.19,109.67,0.2136,,,,,0
258,2072,car,290.02,121.9,328.14,156.17,0.5285,,,,,0
258,2118,car,903.03,86.07,974.56,137.34,0.3472,,,,,0
258,2138,bus,60.43,110.3,232.16,287.26,0.5185,,,,,0
259,14,car,1076.43,60.98,1197.42,150.89,0.7926,,,,,0
259,16,car,1184.39,64.21,1279.73,160.69,0.8048,,,,,0
259,18,car,870.2,59.78,966.36,118.6,0.7012,,,,,0
259,32,car,937.56,256.22,1275.07,512.35,0.9421,main_carriageway,79.42,60.69,0.607,0
259,22,bike,437.04,161.11,478.54,237.35,0.8791,main_carriageway,13.55,9.35,0.568,0
259,886,bike,337.14,92.96,353.67,123.49,0.4928,,,,,0
259,740,car,953.66,109.78,1059.15,217.89,0.4424,main_carriageway,34.19,9.21,0.26,0
259,976,rickshaw,612.31,87.15,665.1,150.2,0.5118,,,,,0
259,861,bike,309.36,162.55,341.74,223.56,0.8737,main_carriageway,5.0,7.89,0.845,0
259,1154,car,252.26,123.22,293.87,172.45,0.7978,,,,,0
259,27,bus,954.89,40.99,1036.11,89.85,0.3093,,,,,0
259,1361,car,488.3,106.78,544.53,154.48,0.9401,,,,,0
259,1372,bike,339.93,123.2,362.58,166.39,0.7509,,,,,0
259,1200,bike,723.62,85.39,760.41,147.57,0.8866,,,,,0
259,1597,bike,845.97,131.38,901.29,233.06,0.9166,main_carriageway,32.31,10.68,0.314,0
259,1620,car,452.06,94.46,499.5,142.05,0.8828,,,,,0
259,1243,bus,65.34,164.44,157.1,282.5,0.3395,opposite_carriageway,5.08,-6.16,0.771,0
259,25,car,713.31,51.49,791.38,98.92,0.5979,,,,,0
259,975,car,569.28,98.39,624.08,165.1,0.8076,,,,,0
259,1897,bike,780.1,72.02,809.48,114.95,0.4747,,,,,0
259,1790,car,910.11,69.97,1040.12,139.1,0.7881,,,,,0
259,1900,car,531.04,79.51,582.26,127.19,0.663,,,,,0
259,2072,car,290.9,123.23,329.73,157.77,0.5546,,,,,0
259,2138,bus,68.24,113.59,233.04,283.31,0.8373,,,,,0
259,2159,bike,274.6,76.74,295.5,109.32,0.3342,,,,,0
260,14,car,1076.4,60.96,1197.41,150.87,0.7933,,,,,0
260,16,car,1184.07,63.63,1279.62,160.28,0.8054,,,,,0
260,18,car,870.21,59.7,965.91,118.17,0.7024,,,,,0
260,32,car,945.28,261.75,1280.0,523.01,0.9421,main_carriageway,67.05,59.92,0.666,0
260,22,bike,438.92,161.95,480.82,239.08,0.8794,main_carriageway,12.43,9.57,0.61,0
260,886,bike,337.26,93.09,353.62,123.54,0.4926,,,,,0
260,740,car,958.16,110.21,1064.31,218.61,0.4451,main_carriageway,31.38,7.77,0.24,0
260,976,rickshaw,613.86,86.94,666.36,149.67,0.5038,,,,,0
260,861,bike,309.92,163.12,342.47,224.51,0.8749,main_carriageway,4.46,7.71,0.866,0
260,1154,car,252.09,123.35,294.04,172.96,0.7964,,,,,0
260,27,bus,955.78,40.78,1035.45,88.04,0.3014,,,,,0
260,1361,car,488.74,107.07,544.92,154.67,0.9405,,,,,0
260,1372,bike,340.09,122.37,363.18,166.58,0.7456,,,,,0
260,1200,bike,724.91,85.36,761.73,147.71,0.8867,,,,,0
260,1597,bike,850.62,131.9,906.45,234.77,0.9168,main_carriageway,30.23,9.88,0.311,0
260,1620,car,451.97,94.24,499.92,142.5,0.8819,,,,,0
260,1243,bus,68.47,168.85,155.63,280.6,0.3529,opposite_carriageway,5.34,-7.32,0.808,0
260,25,car,715.54,51.82,791.72,98.38,0.5961,,,,,0
260,975,car,570.58,98.71,625.67,165.41,0.8065,,,,,0
260,1897,bike,780.26,72.14,809.56,114.99,0.4733,,,,,0
260,1790,car,906.93,69.52,1040.9,139.4,0.7861,,,,,0
260,1900,car,531.56,79.68,582.89,127.38,0.6639,,,,,0
260,2072,car,291.1,123.73,330.43,158.37,0.5516,,,,,0
260,2138,bus,70.64,114.59,233.4,282.09,0.84,,,,,0
260,2159,bike,274.6,76.82,295.56,109.53,0.3322,,,,,0
260,2168,bus,0.0,162.57,67.95,430.21,0.3721,,,,,0
260,2169,car,613.0,86.25,665.27,147.93,0.3272,,,,,0
260,2085,rickshaw,957.8,111.1,1062.53,217.95,0.4024,,,,,0
261,14,car,1075.91,61.05,1196.28,150.06,0.7962,,,,,0
261,16,car,1184.69,64.47,1280.0,161.2,0.8257,,,,,0
261,18,car,871.17,59.63,962.77,115.32,0.7132,,,,,0
261,32,car,953.29,267.57,1280.0,540.63,0.9327,main_carriageway,64.14,73.34,0.753,0
261,22,bike,442.52,162.5,485.53,241.33,0.9126,main_carriageway,15.45,11.29,0.59,0
261,886,bike,337.35,93.09,353.54,123.45,0.4956,,,,,0
261,740,rickshaw,966.8,111.81,1073.5,220.39,0.7931,main_carriageway,37.55,8.79,0.228,0
261,976,rickshaw,615.73,87.47,668.47,150.3,0.5653,,,,,0
261,861,bike,310.6,163.48,343.64,225.88,0.8756,main_carriageway,4.97,8.69,0.868,0
261,1154,car,251.87,122.96,294.29,173.35,0.7799,,,,,0
261,27,bus,955.75,40.67,1034.58,86.65,0.2633,,,,,0
261,1361,car,489.67,106.7,546.71,155.04,0.9497,,,,,0
261,1372,bike,340.87,122.72,363.87,166.79,0.7816,,,,,0
261,1200,bike,727.02,85.34,764.26,148.64,0.8912,,,,,0
261,1597,bike,858.12,133.99,914.78,238.39,0.9386,main_carriageway,35.62,12.6,0.334,0
261,1620,car,451.83,93.93,500.44,142.99,0.8891,,,,,0
261,1243,bus,70.89,169.31,157.09,279.51,0.505,opposite_carriageway,7.11,-8.2,0.756,0
261,25,car,715.78,51.72,791.47,98.11,0.5977,,,,,0
261,975,car,573.1,100.57,627.76,166.56,0.8152,,,,,0
261,1897,bike,780.19,72.07,809.54,115.0,0.4816,,,,,0
261,1790,car,905.77,69.41,1042.01,138.52,0.8762,,,,,0
261,1900,car,533.08,80.07,585.04,128.28,0.6156,,,,,0
261,2072,car,290.92,122.31,331.84,158.17,0.5773,,,,,0
261,2138,bus,71.97,113.82,234.23,280.65,0.713,,,,,0
261,2159,bike,274.4,77.13,295.46,110.02,0.3217,,,,,0
261,2168,bus,10.08,203.3,57.3,386.36,0.4286,,,,,0
261,2169,car,614.59,86.61,667.34,148.82,0.3319,,,,,0
261,2066,car,8.25,230.01,59.4,384.41,0.4092,opposite_carriageway,7.99,-8.79,0.74,0
262,14,car,1075.65,61.08,1196.1,149.75,0.7977,,,,,0
262,16,car,1184.3,63.68,1279.93,160.52,0.8246,,,,,0
262,18,car,871.37,59.59,961.63,114.23,0.7111,,,,,0
262,32,car,957.9,269.75,1280.0,547.03,0.9331,main_carriageway,45.98,67.35,0.826,0
262,22,bike,443.76,162.69,487.31,242.16,0.9132,main_carriageway,14.33,10.14,0.578,0
262,886,bike,337.42,93.09,353.47,123.4,0.4969,,,,,0
262,740,rickshaw,969.76,112.41,1076.85,221.02,0.7918,main_carriageway,32.83,6.34,0.19,0
262,976,rickshaw,616.33,87.68,669.23,150.52,0.5656,,,,,0
262,861,bike,310.84,163.59,344.04,226.38,0.8755,main_carriageway,4.09,6.38,0.842,0
262,1154,car,251.86,122.83,294.32,173.48,0.7799,,,,,0
262,27,bus,955.38,40.64,1034.54,86.12,0.2569,,,,,0
262,1361,car,489.95,106.48,547.38,155.18,0.9493,,,,,0
262,1372,bike,341.18,122.9,364.1,166.85,0.7841,,,,,0
262,1200,bike,727.82,85.37,765.11,148.98,0.8912,,,,,0
262,1597,bike,860.83,134.77,917.8,239.72,0.9384,main_carriageway,31.47,11.99,0.356,0
262,1620,car,451.82,93.84,500.55,143.15,0.8884,,,,,0
262,1243,bus,71.64,169.41,157.69,279.15,0.525,opposite_carriageway,6.24,-8.26,0.798,0
262,25,car,715.83,51.68,791.27,98.03,0.5981,,,,,0
262,975,car,573.98,101.36,628.5,166.97,0.8164,,,,,0
262,1897,bike,780.15,72.04,809.52,115.0,0.4815,,,,,0
262,1790,car,904.46,69.35,1043.48,138.17,0.8776,,,,,0
262,1900,car,533.58,80.22,585.86,128.65,0.6143,,,,,0
262,2072,car,290.81,121.78,332.44,158.09,0.5779,,,,,0
262,2138,bus,72.21,113.55,234.52,280.24,0.7318,opposite_carriageway,7.08,-6.94,0.7,0
262,2159,bike,274.33,77.24,295.41,110.19,0.3226,,,,,0
262,2168,bus,13.06,215.88,54.19,372.43,0.4331,,,,,0
262,2169,car,615.1,86.75,668.02,149.12,0.3286,,,,,0
262,2066,car,7.45,229.02,60.87,384.95,0.4203,opposite_carriageway,6.83,-14.18,0.901,0
263,14,car,1075.52,60.91,1197.34,150.63,0.8173,,,,,0
263,16,car,1184.01,63.13,1279.93,160.29,0.8241,,,,,0
263,18,car,871.54,59.61,962.25,114.37,0.7339,,,,,0
263,32,car,963.8,275.18,1280.0,565.38,0.9252,main_carriageway,41.34,81.12,0.891,0
263,22,bike,446.65,163.95,490.36,243.92,0.9071,main_carriageway,16.38,11.18,0.564,0
263,886,bike,337.31,93.35,353.38,123.96,0.5165,,,,,0
263,740,rickshaw,976.57,113.62,1085.55,223.68,0.9131,main_carriageway,37.76,7.86,0.204,0
263,976,rickshaw,619.99,89.11,671.8,150.45,0.4995,,,,,0
263,861,bike,311.56,163.88,345.23,227.83,0.8522,main_carriageway,4.62,6.82,0.828,0
263,1154,car,251.92,122.96,294.52,174.0,0.7685,,,,,0
263,27,bus,954.47,40.52,1035.14,86.4,0.2734,,,,,0
263,1361,car,490.77,106.46,549.28,156.06,0.9445,,,,,0
263,1372,bike,341.79,122.6,364.95,167.02,0.7916,,,,,0
263,1200,bike,731.34,89.2,766.88,149.77,0.8796,,,,,0
263,1597,bike,868.28,135.07,926.09,241.48,0.905,main_carriageway,36.82,13.07,0.334,0
263,1620,car,451.79,93.66,500.7,143.29,0.8807,,,,,0
263,25,car,719.64,51.85,793.66,98.0,0.5698,,,,,0
263,975,car,575.27,100.76,630.99,167.79,0.8188,,,,,0
263,1897,bike,780.12,72.09,809.46,115.01,0.5172,,,,,0
263,1790,car,902.58,69.83,1044.89,138.43,0.8249,,,,,0
263,1900,car,534.19,80.34,586.9,128.98,0.6211,,,,,0
263,2072,car,291.49,121.66,333.3,158.03,0.6194,,,,,0
263,2138,bus,56.67,119.57,208.79,278.52,0.7726,opposite_carriageway,-13.56,-8.74,0.542,0
263,2159,bike,273.86,77.31,295.13,110.58,0.3418,,,,,0
263,2169,car,618.43,87.39,671.05,149.38,0.455,,,,,0
263,2066,car,9.54,232.64,59.27,369.1,0.5694,opposite_carriageway,6.6,-32.08,0.98,0
264,14,car,1075.44,60.85,1197.78,150.97,0.8178,,,,,0
264,16,car,1183.91,62.93,1279.93,160.21,0.8242,,,,,0
264,18,car,871.51,59.62,962.54,114.44,0.7326,,,,,0
264,32,car,968.45,277.17,1280.0,572.2,0.9252,main_carriageway,17.91,59.85,0.958,0
264,22,bike,447.69,164.38,491.39,244.54,0.9065,main_carriageway,11.75,7.19,0.522,0
264,886,bike,337.33,93.45,353.27,124.03,0.5164,,,,,0
264,740,rickshaw,978.82,114.05,1088.77,224.65,0.9126,main_carriageway,27.39,6.76,0.24,0
264,976,rickshaw,621.21,89.65,672.71,150.43,0.4787,,,,,0
264,861,bike,311.85,163.98,345.61,228.34,0.8519,,,,,0
264,1154,car,251.98,122.98,294.55,174.2,0.7702,,,,,0
264,27,bus,953.71,40.46,1035.57,86.63,0.2784,,,,,0
264,1361,car,491.05,106.45,549.96,156.37,0.9447,,,,,0
264,1372,bike,342.02,122.52,365.25,167.07,0.7925,,,,,0
264,1200,bike,732.61,90.67,767.48,150.06,0.8796,,,,,0
264,1597,bike,870.95,135.17,929.09,242.1,0.906,main_carriageway,26.39,9.04,0.324,0
264,1620,car,451.82,93.6,500.69,143.32,0.8808,,,,,0
264,25,car,720.9,51.88,794.01,98.03,0.5707,,,,,0
264,975,car,575.68,100.46,631.9,168.08,0.8159,,,,,0
264,1897,bike,779.93,72.22,809.12,114.8,0.5202,,,,,0
264,1790,car,900.9,70.03,1046.34,138.52,0.8225,,,,,0
264,1900,car,534.32,80.36,587.31,129.1,0.6192,,,,,0
264,2072,car,291.95,121.91,333.63,158.02,0.612,,,,,0
264,2138,bus,51.7,122.35,197.88,277.93,0.7646,opposite_carriageway,-25.85,-5.38,0.204,0
264,2159,bike,273.72,77.32,295.04,110.7,0.3388,,,,,0
264,2169,car,619.33,87.57,671.91,149.47,0.4813,,,,,0
264,2066,car,9.76,233.91,59.13,362.67,0.5546,opposite_carriageway,5.44,-23.83,0.975,0
265,14,car,1079.83,60.98,1200.29,150.28,0.7833,,,,,0
265,16,car,1184.42,63.68,1280.0,161.17,0.8226,,,,,0
265,18,car,872.84,59.75,962.13,113.37,0.6558,,,,,0
265,32,car,984.56,292.48,1280.0,604.6,0.9251,main_carriageway,19.64,81.59,0.972,0
265,22,bike,453.72,167.01,498.11,248.32,0.9028,main_carriageway,16.05,9.24,0.499,0
265,886,bike,337.55,93.81,353.5,124.73,0.6264,,,,,0
265,740,rickshaw,992.97,116.61,1106.04,229.84,0.863,main_carriageway,38.27,11.23,0.282,0
265,976,car,624.69,90.61,676.0,151.15,0.7261,,,,,0
265,861,bike,313.81,165.25,348.53,231.46,0.8456,main_carriageway,4.97,6.95,0.813,0
265,1154,car,251.21,122.92,294.67,175.49,0.7764,,,,,0
265,27,bus,951.56,40.32,1034.47,86.88,0.4006,,,,,0
265,1361,car,492.1,106.6,552.8,158.16,0.9183,,,,,0
265,1372,bike,343.08,123.3,365.97,167.33,0.8339,,,,,0
265,1200,bike,736.08,90.35,771.55,150.95,0.8693,,,,,0
265,1597,bike,884.41,136.83,944.82,247.57,0.9204,main_carriageway,36.08,12.8,0.334,0
265,1620,car,452.12,94.02,500.76,143.67,0.8527,,,,,0
265,25,car,715.83,51.63,790.06,98.26,0.5146,,,,,0
265,975,car,580.44,102.73,635.97,169.13,0.7988,,,,,0
265,1897,bike,779.94,72.68,808.73,114.6,0.5167,,,,,0
265,1790,car,895.06,71.25,1042.4,139.55,0.8147,,,,,0
265,1900,car,535.46,81.12,589.16,130.79,0.6269,,,,,0
265,2072,car,293.43,122.85,335.62,159.26,0.7508,,,,,0
265,2138,bus,52.04,121.45,192.69,274.2,0.7966,opposite_carriageway,-29.66,-7.89,0.257,0
265,2159,bike,273.33,77.29,294.87,110.98,0.2715,,,,,0
266,14,car,1081.67,61.03,1201.01,150.01,0.7834,,,,,0
266,16,car,1184.64,63.94,1280.0,161.54,0.822,,,,,0
266,18,car,873.35,59.8,962.04,112.91,0.653,,,,,0
266,32,car,994.93,298.39,1280.0,616.99,0.9252,main_carriageway,20.82,76.36,0.965,0
266,22,bike,455.93,167.99,500.6,249.73,0.9014,main_carriageway,14.24,8.4,0.508,0
266,886,bike,337.68,93.93,353.58,125.07,0.6227,,,,,0
266,740,rickshaw,998.04,117.56,1112.57,231.78,0.8592,main_carriageway,35.15,11.39,0.308,0
266,976,car,625.86,90.91,677.17,151.41,0.7184,,,,,0
266,861,bike,314.55,165.74,349.6,232.61,0.8456,main_carriageway,4.96,6.73,0.805,0
266,1154,car,250.97,122.89,294.64,175.97,0.7766,,,,,0
266,27,bus,950.78,40.28,1034.27,86.98,0.4028,,,,,0
266,1361,car,492.51,106.65,553.81,158.82,0.9171,,,,,0
266,1372,bike,343.47,123.61,366.21,167.43,0.8351,,,,,0
266,1200,bike,737.32,90.17,772.99,151.27,0.8693,,,,,0
266,1597,bike,889.34,137.45,950.71,249.58,0.9202,main_carriageway,33.58,11.19,0.316,0
266,1620,car,452.22,94.16,500.7,143.79,0.8534,,,,,0
266,25,car,713.56,51.52,788.5,98.35,0.5146,,,,,0
266,975,car,582.12,103.66,637.51,169.54,0.7962,,,,,0
266,1897,bike,779.93,72.86,808.59,114.52,0.5149,,,,,0
266,1790,car,892.3,71.67,1041.62,139.94,0.8152,,,,,0
266,1900,car,535.95,81.41,589.76,131.43,0.6197,,,,,0
266,2072,car,293.91,123.17,336.38,159.7,0.7551,,,,,0
266,2138,bus,53.29,123.87,187.77,272.97,0.8006,opposite_carriageway,-32.57,-7.68,0.23,0
266,2159,bike,273.2,77.26,294.82,111.07,0.2694,,,,,0
267,14,car,1081.11,60.85,1200.62,150.38,0.7936,,,,,0
267,16,car,1184.74,63.95,1280.0,161.74,0.8266,,,,,0
267,18,car,873.8,59.68,958.28,110.07,0.5973,,,,,0
267,32,car,1014.4,308.12,1280.0,624.0,0.9018,main_carriageway,28.25,76.97,0.939,0
267,22,bike,458.05,168.27,504.67,253.41,0.9089,main_carriageway,15.83,11.25,0.579,0
267,886,bike,337.9,93.97,353.47,124.66,0.6698,,,,,0
267,740,rickshaw,1006.29,118.31,1124.37,235.99,0.8685,main_carriageway,42.02,14.97,0.336,0
267,976,car,626.88,91.06,679.57,153.3,0.639,,,,,0
267,861,bike,316.21,167.02,351.38,234.42,0.837,main_carriageway,6.35,8.04,0.785,0
267,1154,car,250.35,122.77,294.38,176.51,0.7667,,,,,0
267,27,bus,949.8,40.31,1032.57,86.35,0.4585,,,,,0
267,1361,car,493.65,106.98,555.67,159.58,0.9156,,,,,0
267,1372,bike,343.94,124.02,366.48,167.54,0.8461,,,,,0
267,1200,bike,740.38,93.01,775.3,152.55,0.8505,,,,,0
267,1597,bike,898.43,138.71,961.25,253.69,0.9297,main_carriageway,40.52,13.97,0.326,0
267,1620,car,452.78,94.45,501.18,144.14,0.8243,,,,,0
267,25,car,713.62,51.76,788.61,98.58,0.469,,,,,0
267,975,car,584.55,105.3,639.75,170.54,0.8004,,,,,0
267,1897,bike,780.16,72.94,808.87,114.72,0.4594,,,,,0
267,1790,car,890.79,72.1,1041.22,139.99,0.8539,,,,,0
267,1900,car,537.31,81.67,591.06,131.82,0.6529,,,,,0
267,2072,car,294.64,123.76,337.06,160.2,0.7566,,,,,0
267,2138,bus,68.51,114.54,211.14,272.06,0.7272,opposite_carriageway,-13.54,-8.18,0.517,0
267,2159,bike,273.2,77.79,294.6,111.21,0.318,,,,,0
267,1243,bus,74.75,167.14,158.55,273.23,0.697,opposite_carriageway,7.68,-14.08,0.878,0
268,14,car,1081.03,60.79,1200.32,150.52,0.7919,,,,,0
268,16,car,1184.8,63.92,1280.0,161.81,0.8265,,,,,0
268,18,car,873.88,59.65,956.95,109.02,0.5993,,,,,0
268,32,car,1025.59,311.78,1280.0,624.0,0.9028,main_carriageway,30.89,58.62,0.885,0
268,22,bike,458.75,168.36,506.13,254.74,0.9082,main_carriageway,13.94,10.82,0.613,0
268,886,bike,338.02,93.97,353.39,124.46,0.671,,,,,0
268,740,rickshaw,1009.22,118.56,1128.67,237.54,0.8617,main_carriageway,37.89,13.86,0.344,0
268,976,car,627.22,91.09,680.38,153.99,0.6405,,,,,0
268,861,bike,316.89,167.51,351.99,235.07,0.8363,main_carriageway,6.05,7.24,0.768,0
268,1154,car,250.16,122.72,294.22,176.69,0.7681,,,,,0
268,27,bus,949.28,40.33,1031.95,86.1,0.4541,,,,,0
268,1361,car,494.01,107.09,556.4,159.86,0.915,,,,,0
268,1372,bike,344.1,124.15,366.53,167.58,0.8456,,,,,0
268,1200,bike,741.44,94.11,776.13,153.01,0.8506,,,,,0
268,1597,bike,901.77,139.17,965.07,255.21,0.9295,main_carriageway,36.24,13.73,0.354,0
268,1620,car,453.01,94.56,501.32,144.27,0.8229,,,,,0
268,25,car,713.17,51.8,788.4,98.68,0.4678,,,,,0
268,975,car,585.27,105.86,640.6,170.89,0.8012,,,,,0
268,1897,bike,780.25,72.97,808.97,114.79,0.4591,,,,,0
268,1790,car,889.82,72.25,1041.62,139.98,0.8544,,,,,0
268,1900,car,537.87,81.77,591.45,131.93,0.654,,,,,0
268,2072,car,294.89,123.98,337.29,160.38,0.7559,,,,,0
268,2138,bus,72.57,111.32,218.08,271.76,0.7393,opposite_carriageway,12.6,-6.76,0.473,0
268,2159,bike,273.21,78.04,294.53,111.26,0.3227,,,,,0
268,1243,bus,74.6,166.92,158.78,272.86,0.706,opposite_carriageway,5.47,-9.64,0.87,0
268,2066,car,15.39,230.91,60.05,335.6,0.3567,opposite_carriageway,8.26,-44.99,0.984,0
269,14,car,1082.56,60.79,1200.23,149.68,0.7202,,,,,0
269,16,car,1184.93,63.89,1280.0,161.87,0.8194,,,,,0
269,18,car,873.01,59.54,955.27,108.31,0.5928,,,,,0
269,32,car,1055.4,324.66,1280.0,620.24,0.8755,main_carriageway,43.48,48.04,0.741,0
269,22,bike,463.09,171.64,509.98,257.11,0.9049,main_carriageway,17.0,12.57,0.595,0
269,886,bike,338.23,94.78,354.02,126.42,0.7323,,,,,0
269,740,rickshaw,1018.07,119.52,1138.04,238.73,0.6591,main_carriageway,44.26,14.08,0.303,0
269,976,rickshaw,629.64,91.42,682.05,153.59,0.4959,,,,,0
269,861,bike,317.83,169.25,353.32,237.65,0.826,main_carriageway,6.84,9.31,0.806,0
269,1154,car,249.67,123.06,294.44,178.23,0.7872,,,,,0
269,27,bus,949.02,40.62,1031.68,86.37,0.4911,,,,,0
269,1361,car,495.12,107.91,557.86,160.82,0.9179,,,,,0
269,1372,bike,344.93,125.23,367.19,168.28,0.8466,,,,,0
269,1200,bike,743.12,93.2,778.86,154.0,0.8472,,,,,0
269,1597,bike,910.78,141.78,974.2,257.76,0.9209,main_carriageway,42.47,15.66,0.346,0
269,1620,car,453.21,95.6,502.28,146.21,0.8453,,,,,0
269,25,car,712.22,52.1,788.06,99.27,0.5222,,,,,0
269,975,car,586.68,105.78,643.1,171.72,0.7869,,,,,0
269,1897,bike,780.65,73.15,809.23,114.84,0.438,,,,,0
269,1790,car,886.26,73.4,1039.23,141.01,0.8147,,,,,0
269,1900,car,539.19,83.09,592.24,132.43,0.6683,,,,,0
269,2072,car,295.03,123.97,338.01,160.9,0.7772,,,,,0
269,2138,bus,73.81,110.62,219.51,271.09,0.7364,opposite_carriageway,21.87,-6.84,0.298,0
269,2159,bike,272.98,78.2,294.39,111.51,0.3622,,,,,0
269,1243,bus,74.45,166.3,159.1,272.49,0.6886,opposite_carriageway,4.73,-8.11,0.864,0
269,2253,bike,305.21,77.51,323.83,103.75,0.3144,,,,,0
269,2066,car,16.03,229.03,63.31,331.42,0.5629,opposite_carriageway,5.84,-52.99,0.994,0
269,2169,car,631.36,92.48,682.03,152.02,0.3071,,,,,0
270,14,car,1083.29,60.57,1200.3,149.35,0.6937,,,,,0
270,16,car,1185.02,63.58,1280.0,161.82,0.8055,,,,,0
270,18,car,871.62,59.56,953.62,108.22,0.5896,,,,,0
270,32,car,1070.03,329.55,1280.0,616.28,0.8767,main_carriageway,42.73,11.68,0.264,0
270,22,bike,464.65,172.8,511.39,258.0,0.9069,main_carriageway,12.1,9.68,0.625,0
270,886,bike,338.22,95.4,354.34,128.07,0.7389,,,,,0
270,740,car,1021.18,119.99,1140.94,238.65,0.6257,main_carriageway,31.55,8.81,0.269,0
270,976,rickshaw,630.79,92.1,682.57,153.59,0.5853,,,,,0
270,861,bike,318.2,169.89,353.78,238.52,0.8298,main_carriageway,4.82,7.06,0.826,0
270,1154,car,249.57,123.17,294.44,178.77,0.7999,,,,,0
270,27,bus,948.12,40.77,1031.1,86.76,0.5822,,,,,0
270,1361,car,495.51,108.24,558.25,161.03,0.92,,,,,0
270,1372,bike,345.21,125.64,367.45,168.62,0.8487,,,,,0
270,1200,bike,743.72,92.66,779.88,154.31,0.8505,,,,,0
270,1597,bike,913.87,142.61,977.45,258.63,0.9256,main_carriageway,31.05,11.06,0.336,0
270,1620,car,453.39,95.92,502.75,146.9,0.8332,,,,,0
270,25,car,711.43,52.28,787.53,99.45,0.5483,,,,,0
270,975,car,587.09,105.57,644.15,171.98,0.7798,,,,,0
270,1897,bike,780.77,73.57,809.09,114.86,0.4198,,,,,0
270,1790,car,885.06,74.55,1037.93,141.51,0.8212,,,,,0
270,1900,car,539.26,83.48,592.33,132.58,0.6567,,,,,0
270,2072,car,294.59,123.27,338.48,161.08,0.8165,,,,,0
270,2138,bus,77.25,110.66,225.0,272.21,0.8266,opposite_carriageway,28.76,-1.99,0.069,0
270,2159,bike,272.9,77.87,294.57,111.59,0.3367,,,,,0
270,1243,bus,74.05,164.97,159.82,272.27,0.6199,opposite_carriageway,2.94,-7.24,0.926,0
270,2253,bike,305.29,77.17,324.08,103.65,0.3561,,,,,0
270,2066,car,15.54,230.34,65.04,330.68,0.5543,opposite_carriageway,6.13,-54.27,0.994,0
270,2169,car,632.47,93.26,682.75,152.22,0.23,,,,,0
271,14,car,1084.82,60.7,1198.07,146.69,0.6193,,,,,0
271,16,car,1184.99,63.44,1280.0,161.78,0.7813,,,,,0
271,18,car,870.66,59.12,954.62,109.06,0.5588,,,,,0
271,22,bike,470.69,174.82,519.11,262.82,0.9396,main_carriageway,16.63,13.09,0.618,0
271,886,bike,338.91,96.35,354.19,127.34,0.7496,,,,,0
271,740,rickshaw,1037.08,121.53,1161.43,244.68,0.9099,main_carriageway,43.95,12.9,0.282,0
271,976,car,634.82,92.38,686.72,154.11,0.5046,,,,,0
271,861,bike,321.11,172.25,356.84,241.46,0.8987,main_carriageway,6.9,8.85,0.789,0
271,1154,car,249.08,123.26,295.03,180.68,0.8122,,,,,0
271,27,bus,947.1,40.89,1031.57,87.91,0.6111,,,,,0
271,1361,car,498.39,109.81,561.15,162.51,0.8924,,,,,0
271,1372,bike,346.47,125.62,369.16,169.52,0.8773,,,,,0
271,1200,bike,747.46,92.04,784.67,155.53,0.873,,,,,0
271,1597,bike,930.6,145.09,996.28,264.71,0.9341,main_carriageway,43.41,15.13,0.329,0
271,1620,car,454.83,96.04,504.02,146.72,0.8533,,,,,0
271,25,car,712.33,52.79,787.99,99.65,0.4863,,,,,0
271,975,car,590.44,104.93,648.95,173.22,0.7154,,,,,0
271,1897,bike,782.27,75.89,808.69,114.25,0.2926,,,,,0
271,1790,car,882.6,75.58,1031.98,140.58,0.8345,,,,,0
271,1900,car,541.38,84.97,595.34,134.62,0.7155,,,,,0
271,2072,car,295.1,122.66,340.25,161.6,0.8401,,,,,0
271,2138,bus,79.32,110.42,227.2,271.18,0.8305,opposite_carriageway,32.73,-1.79,0.055,0
271,2159,bike,272.76,77.91,294.55,111.8,0.3128,,,,,0
271,1243,bus,75.63,163.7,160.97,270.0,0.5901,opposite_carriageway,3.64,-9.15,0.929,0
271,2253,bike,305.28,77.23,324.0,103.61,0.4594,,,,,0
271,2066,car,14.99,225.22,68.15,327.15,0.8322,opposite_carriageway,7.16,-41.95,0.986,0
272,14,car,1085.45,60.76,1197.14,145.61,0.6179,,,,,0
272,16,car,1185.01,63.38,1280.0,161.77,0.7809,,,,,0
272,18,car,870.4,58.96,954.95,109.36,0.5584,,,,,0
272,22,bike,472.88,175.56,521.99,264.58,0.9397,main_carriageway,16.07,11.17,0.571,0
272,886,bike,339.19,96.71,354.1,127.02,0.7453,,,,,0
272,740,rickshaw,1042.9,122.1,1168.97,246.89,0.9076,main_carriageway,40.61,10.9,0.259,0
272,976,car,636.29,92.48,688.2,154.3,0.5048,,,,,0
272,861,bike,322.24,173.14,357.95,242.54,0.8984,main_carriageway,6.3,8.12,0.79,0
272,1154,car,249.01,123.27,295.15,181.39,0.8126,,,,,0
272,27,bus,946.9,40.92,1031.66,88.31,0.6051,,,,,0
272,1361,car,499.4,110.39,562.22,163.04,0.8925,,,,,0
272,1372,bike,346.93,125.62,369.79,169.86,0.8776,,,,,0
272,1200,bike,748.85,91.81,786.44,155.97,0.873,,,,,0
272,1597,bike,936.75,146.01,1003.3,266.96,0.9342,main_carriageway,40.19,13.27,0.314,0
272,1620,car,455.36,96.1,504.49,146.63,0.8544,,,,,0
272,25,car,712.58,52.97,788.13,99.71,0.4879,,,,,0
272,975,car,591.66,104.67,650.65,173.69,0.7181,,,,,0
272,1897,bike,782.81,76.76,808.56,114.01,0.2926,,,,,0
272,1790,car,881.4,75.91,1029.99,140.21,0.8355,,,,,0
272,1900,car,542.09,85.5,596.54,135.36,0.717,,,,,0
272,2072,car,295.29,122.46,340.88,161.81,0.8408,,,,,0
272,2138,bus,79.84,110.35,228.23,270.83,0.8308,opposite_carriageway,14.21,-1.23,0.086,0
272,2159,bike,272.72,77.97,294.54,111.87,0.3194,,,,,0
272,1243,bus,76.16,163.26,161.51,269.18,0.5802,,,,,0
272,2253,bike,305.28,77.27,323.96,103.61,0.4571,,,,,0
272,2066,car,14.01,223.58,70.05,326.29,0.8349,opposite_carriageway,7.59,-36.38,0.979,0
272,2282,car,1200.21,373.75,1279.44,618.61,0.7889,,,,,0
272,2283,bike,615.73,78.29,634.69,105.44,0.3639,,,,,0
273,14,car,1088.16,60.76,1194.57,141.09,0.5432,,,,,0
273,16,car,1184.87,63.33,1280.0,161.68,0.7748,,,,,0
273,18,car,870.67,58.94,954.91,109.09,0.5304,,,,,0
273,22,bike,477.21,177.19,527.05,267.85,0.9132,main_carriageway,19.69,13.11,0.554,0
273,886,bike,339.67,96.93,354.22,126.35,0.7595,,,,,0
273,740,rickshaw,1050.97,123.24,1179.63,250.16,0.8392,main_carriageway,46.36,12.62,0.263,0
273,976,car,637.27,92.5,690.33,155.88,0.6401,,,,,0
273,861,bike,323.75,174.65,360.03,245.22,0.9056,main_carriageway,7.45,10.15,0.806,0
273,1154,car,248.74,123.27,295.46,182.55,0.807,,,,,0
273,27,bus,947.02,40.96,1031.7,88.49,0.5764,,,,,0
273,1361,car,500.14,109.86,564.69,164.01,0.9274,,,,,0
273,1372,bike,347.87,126.07,370.74,170.49,0.8692,,,,,0
273,1200,bike,751.09,91.45,789.35,156.96,0.8865,,,,,0
273,1597,bike,947.74,147.64,1015.41,270.83,0.9385,main_carriageway,48.15,15.62,0.309,0
273,1620,car,455.71,96.45,505.71,147.54,0.8384,,,,,0
273,25,car,712.74,52.96,788.07,99.43,0.4971,,,,,0
273,975,car,594.18,103.85,654.42,174.56,0.6952,,,,,0
273,1897,bike,783.05,77.31,808.52,114.12,0.2665,,,,,0
273,1790,car,876.59,75.77,1028.38,141.19,0.7738,,,,,0
273,1900,car,542.68,84.82,598.59,135.82,0.7495,,,,,0
273,2072,car,295.34,122.08,342.15,162.6,0.83,,,,,0
273,2138,bus,79.63,110.45,228.16,270.16,0.828,opposite_carriageway,8.57,-1.6,0.184,0
273,2159,bike,272.73,78.63,294.38,112.25,0.4167,,,,,0
273,1243,bus,76.46,162.47,161.62,267.61,0.5555,,,,,0
273,2253,bike,304.81,76.72,323.96,103.76,0.488,,,,,0
273,2066,car,13.88,223.99,71.56,325.19,0.6963,opposite_carriageway,5.0,-10.41,0.901,0
274,14,car,1088.95,60.75,1193.68,139.36,0.5406,,,,,0
274,16,car,1184.84,63.31,1280.0,161.65,0.7755,,,,,0
274,18,car,870.79,58.94,955.0,109.01,0.5327,,,,,0
274,22,bike,478.84,177.76,528.86,269.04,0.913,main_carriageway,17.32,11.93,0.567,0
274,886,bike,339.83,96.98,354.28,126.06,0.7583,,,,,0
274,740,rickshaw,1053.74,123.64,1183.59,251.32,0.8401,main_carriageway,40.61,12.59,0.296,0
274,976,car,637.62,92.5,691.03,156.46,0.6484,,,,,0
274,861,bike,324.32,175.19,360.79,246.22,0.9056,main_carriageway,6.98,8.57,0.775,0
274,1154,car,248.75,123.27,295.5,182.97,0.8062,,,,,0
274,27,bus,947.14,40.97,1031.67,88.61,0.5774,,,,,0
274,1361,car,500.44,109.64,565.57,164.35,0.9269,,,,,0
274,1372,bike,348.21,126.23,371.06,170.71,0.8693,,,,,0
274,1200,bike,751.93,91.31,790.36,157.3,0.8865,,,,,0
274,1597,bike,951.76,148.23,1019.78,272.24,0.9391,main_carriageway,43.28,14.48,0.317,0
274,1620,car,455.75,96.58,506.23,147.88,0.8371,,,,,0
274,25,car,712.68,52.95,788.07,99.33,0.498,,,,,0
274,975,car,595.09,103.48,655.73,174.87,0.6966,,,,,0
274,1897,bike,783.12,77.48,808.5,114.17,0.2674,,,,,0
274,1790,car,874.77,75.79,1027.93,141.56,0.7736,,,,,0
274,1900,car,542.8,84.53,599.38,135.98,0.7466,,,,,0
274,2072,car,295.36,121.91,342.59,162.89,0.83,,,,,0
274,2138,bus,79.11,110.5,228.3,270.06,0.8234,opposite_carriageway,7.05,-1.03,0.145,0
274,2159,bike,272.74,78.87,294.34,112.39,0.4138,,,,,0
274,1243,bus,76.24,162.2,161.72,267.29,0.5558,,,,,0
274,2253,bike,304.65,76.5,323.97,103.81,0.4915,,,,,0
274,2066,car,13.12,224.26,72.7,325.0,0.6823,opposite_carriageway,3.24,-6.42,0.893,0
275,14,car,1089.88,61.07,1191.24,136.13,0.5833,,,,,0
275,16,car,1184.41,63.39,1279.94,161.64,0.8046,,,,,0
275,18,car,871.25,59.12,954.18,108.22,0.5302,,,,,0
275,22,bike,483.0,178.83,534.32,272.14,0.9035,main_carriageway,20.64,14.14,0.565,0
275,886,bike,339.85,96.97,354.25,125.75,0.794,,,,,0
275,740,rickshaw,1064.98,124.97,1196.68,254.38,0.703,main_carriageway,49.77,15.73,0.301,0
275,976,car,639.46,92.81,692.8,156.61,0.6792,,,,,0
275,861,bike,325.82,175.83,362.66,247.57,0.8757,main_carriageway,8.25,9.05,0.739,0
275,1154,car,249.07,123.39,295.73,183.27,0.8034,,,,,0
275,27,bus,946.53,40.96,1032.44,89.7,0.5666,,,,,0
275,1361,car,501.45,109.91,567.02,164.86,0.9431,,,,,0
275,1372,bike,349.78,126.92,372.21,170.83,0.8678,,,,,0
275,1200,bike,754.77,90.58,793.58,157.33,0.8536,,,,,0
275,1597,bike,961.69,148.98,1031.1,275.57,0.9461,main_carriageway,50.73,16.94,0.317,0
275,1620,car,455.38,96.63,506.62,148.51,0.8384,,,,,0
275,25,car,710.66,52.58,787.09,99.2,0.549,,,,,0
275,975,car,598.84,105.88,658.55,175.78,0.6888,,,,,0
275,1790,car,873.49,76.19,1028.12,142.4,0.7674,,,,,0
275,1900,car,542.95,84.18,600.52,136.13,0.7138,,,,,0
275,2072,car,295.33,121.32,343.59,163.33,0.8267,,,,,0
275,2138,bus,79.39,110.78,228.72,269.82,0.7929,,,,,0
275,2159,bike,272.81,79.03,294.33,112.41,0.4118,,,,,0
275,2166,car,1.5,270.89,46.55,421.86,0.6224,,,,,0
275,1243,bus,77.03,161.97,162.68,267.01,0.564,opposite_carriageway,2.92,-5.26,0.874,0
275,2253,bike,304.77,76.88,323.87,103.89,0.4748,,,,,0
275,2066,car,12.8,223.66,73.52,322.4,0.5753,opposite_carriageway,2.87,-8.28,0.945,0
275,2318,bike,504.4,91.24,528.4,117.4,0.3741,,,,,0
276,14,car,1089.82,61.18,1190.81,135.08,0.5906,,,,,0
276,16,car,1184.29,63.43,1279.83,161.63,0.8037,,,,,0
276,18,car,871.31,59.19,953.95,107.94,0.5295,,,,,0
276,22,bike,484.42,179.19,536.32,273.27,0.9037,main_carriageway,15.47,10.45,0.56,0
276,886,bike,339.82,96.99,354.26,125.68,0.7927,,,,,0
276,740,rickshaw,1069.02,125.44,1201.44,255.47,0.646,main_carriageway,35.97,10.79,0.287,0
276,976,car,640.08,92.9,693.44,156.67,0.678,,,,,0
276,861,bike,326.37,176.04,363.32,248.02,0.8756,main_carriageway,5.87,6.56,0.745,0
276,1154,car,249.25,123.43,295.73,183.35,0.8031,,,,,0
276,27,bus,946.6,40.96,1032.39,89.89,0.5662,,,,,0
276,1361,car,501.81,110.05,567.54,165.02,0.9427,,,,,0
276,1372,bike,350.37,127.17,372.57,170.86,0.8674,,,,,0
276,1200,bike,755.83,90.31,794.74,157.32,0.8526,,,,,0
276,1597,bike,965.25,149.22,1035.18,276.79,0.9461,main_carriageway,36.77,12.08,0.312,0
276,1620,car,455.17,96.64,506.8,148.74,0.8382,,,,,0
276,25,car,709.76,52.44,786.9,99.15,0.5451,,,,,0
276,975,car,600.12,106.82,659.6,176.1,0.691,,,,,0
276,1790,car,872.82,76.29,1028.33,142.71,0.7719,,,,,0
276,1900,car,542.9,84.06,601.03,136.18,0.7161,,,,,0
276,2072,car,295.38,121.11,343.9,163.49,0.8268,,,,,0
276,2138,bus,79.26,110.89,229.01,269.77,0.7925,,,,,0
276,2159,bike,272.83,79.08,294.33,112.41,0.412,,,,,0
276,2166,car,0.87,264.6,47.47,420.44,0.6193,,,,,0
276,1243,bus,77.24,161.92,163.07,266.95,0.5722,,,,,0
276,2253,bike,304.83,77.03,323.84,103.91,0.4753,,,,,0
276,2066,car,12.04,223.54,74.4,321.61,0.5553,,,,,0
276,2318,bike,504.42,90.95,528.7,117.46,0.3792,,,,,0
276,2328,car,1065.78,125.79,1199.84,253.96,0.5243,,,,,0
277,14,car,1088.09,60.83,1192.94,137.17,0.7223,,,,,0
277,16,car,1185.48,63.27,1280.0,161.01,0.7994,,,,,0
277,18,car,871.29,59.87,950.46,106.14,0.4284,,,,,0
277,22,bike,492.3,182.59,545.35,278.92,0.9226,main_carriageway,21.39,14.34,0.557,0
277,886,bike,339.95,97.57,354.82,126.99,0.8299,,,,,0
277,740,rickshaw,1087.87,129.15,1223.4,262.17,0.7566,main_carriageway,49.7,15.28,0.294,0
277,861,bike,328.29,177.19,367.29,253.28,0.8685,main_carriageway,7.69,10.74,0.813,0
277,1154,car,249.44,123.92,295.95,184.11,0.8185,,,,,0
277,27,bus,943.26,40.97,1036.75,95.21,0.6861,,,,,0
277,1361,car,503.4,110.65,570.04,166.43,0.9244,,,,,0
277,1372,bike,352.25,127.57,374.39,171.18,0.8444,,,,,0
277,1200,bike,760.6,90.42,800.5,159.11,0.8901,,,,,0
277,1597,bike,985.09,153.94,1057.01,284.93,0.9279,main_carriageway,51.02,17.97,0.332,0
277,1620,car,455.26,97.22,508.24,150.59,0.8345,,,,,0
277,25,car,709.59,52.26,786.81,98.68,0.5746,,,,,0
277,975,car,611.06,100.55,679.58,177.81,0.7353,,,,,0
277,1790,car,870.18,77.31,1024.81,143.32,0.8155,,,,,0
277,1900,car,546.34,84.74,604.33,136.66,0.7859,,,,,0
277,2072,car,295.27,121.26,345.11,165.21,0.8338,,,,,0
277,2138,bus,81.97,111.19,229.88,267.62,0.7867,,,,,0
277,2159,bike,272.3,78.73,294.33,112.94,0.4916,,,,,0
277,2166,car,1.12,257.24,47.96,413.0,0.6771,,,,,0
277,1243,bus,80.38,159.28,166.88,265.36,0.2449,opposite_carriageway,4.8,-3.82,0.623,0
277,2253,bike,304.55,77.01,323.85,104.32,0.5667,,,,,0
277,2066,car,20.23,241.24,72.74,317.9,0.4265,opposite_carriageway,4.45,-8.39,0.883,0
277,2318,bike,506.85,91.66,530.68,117.76,0.392,,,,,0
277,2328,car,1085.62,130.06,1223.58,262.02,0.6873,,,,,0
278,14,car,1087.31,60.7,1193.91,137.97,0.7225,,,,,0
278,16,car,1185.99,63.21,1280.0,160.78,0.8012,,,,,0
278,18,car,871.08,60.13,949.38,105.5,0.4312,,,,,0
278,22,bike,495.25,183.86,548.68,281.03,0.9224,main_carriageway,19.83,13.18,0.553,0
278,886,bike,339.97,97.75,355.05,127.47,0.8273,,,,,0
278,740,rickshaw,1094.83,130.54,1231.54,264.64,0.7819,main_carriageway,47.88,14.48,0.289,0
278,861,bike,329.02,177.6,368.74,255.21,0.8675,main_carriageway,6.99,9.99,0.819,0
278,1154,car,249.58,124.11,295.99,184.38,0.8184,,,,,0
278,27,bus,942.18,40.96,1038.23,97.62,0.694,,,,,0
278,1361,car,503.99,110.86,570.93,166.94,0.9238,,,,,0
278,1372,bike,352.94,127.7,375.05,171.3,0.8434,,,,,0
278,1200,bike,762.35,90.43,802.65,159.78,0.89,,,,,0
278,1597,bike,992.45,155.7,1065.16,287.94,0.9269,main_carriageway,47.23,17.11,0.341,0
278,1620,car,455.27,97.41,508.83,151.27,0.8342,,,,,0
278,25,car,709.39,52.2,786.93,98.5,0.5756,,,,,0
278,975,car,614.36,98.28,687.48,178.45,0.7348,,,,,0
278,1790,car,869.31,77.72,1023.49,143.52,0.816,,,,,0
278,1900,car,547.59,85.0,605.57,136.84,0.7852,,,,,0
278,2072,car,295.33,121.25,345.46,165.85,0.8337,,,,,0
278,2138,bus,82.73,111.35,230.23,266.86,0.7895,,,,,0
278,2159,bike,272.12,78.58,294.33,113.14,0.4916,,,,,0
278,2166,car,1.16,254.61,48.2,410.16,0.6778,,,,,0
278,1243,bus,81.47,158.23,168.23,264.82,0.2406,opposite_carriageway,5.81,-2.79,0.433,0
278,2253,bike,304.44,77.0,323.85,104.5,0.5669,,,,,0
278,2066,car,22.73,248.07,72.7,316.67,0.4241,opposite_carriageway,5.0,-8.52,0.863,0
278,2318,bike,507.68,91.91,531.27,117.86,0.3871,,,,,0
278,2328,car,1092.35,131.5,1231.55,264.74,0.6653,,,,,0
278,976,car,643.03,93.23,698.64,159.89,0.2217,,,,,0
279,14,car,1083.62,60.47,1195.47,141.34,0.7621,,,,,0
279,16,car,1184.56,63.13,1279.34,160.56,0.7521,,,,,0
279,18,car,871.33,60.41,948.58,104.64,0.4217,,,,,0
279,22,bike,499.71,186.87,554.13,285.84,0.9065,main_carriageway,23.07,16.8,0.589,0
279,886,bike,340.13,98.09,355.26,127.76,0.8443,,,,,0
279,740,car,1107.03,132.92,1244.41,267.46,0.4895,main_carriageway,57.06,16.14,0.272,0
279,861,bike,330.75,178.55,371.57,258.11,0.9084,main_carriageway,8.6,11.89,0.81,0
279,1154,car,249.61,123.96,296.13,184.68,0.8217,,,,,0
279,27,bus,939.99,40.89,1040.8,101.64,0.6892,,,,,0
279,1361,car,505.16,111.58,572.65,167.83,0.9279,,,,,0
279,1372,bike,354.16,128.06,376.69,172.34,0.7999,,,,,0
279,1200,bike,765.27,89.83,806.04,160.04,0.8608,,,,,0
279,1597,bike,1006.12,157.73,1080.41,292.3,0.9118,main_carriageway,57.5,20.06,0.329,0
279,1620,car,455.82,97.94,509.32,151.55,0.8524,,,,,0
279,25,car,708.79,52.07,786.99,98.6,0.5746,,,,,0
279,975,car,616.32,100.19,690.09,179.05,0.5775,,,,,0
279,1790,car,868.26,78.04,1021.8,143.6,0.8158,,,,,0
279,1900,car,548.19,85.15,606.74,137.37,0.8223,,,,,0
279,2072,car,295.82,121.51,345.92,166.4,0.8426,,,,,0
279,2138,bus,83.91,111.13,230.83,265.74,0.7409,,,,,0
279,2159,bike,272.04,78.77,294.26,113.39,0.5141,,,,,0
279,2166,car,1.27,252.71,48.11,406.67,0.5843,,,,,0
279,2253,bike,304.31,77.16,323.82,104.82,0.5831,,,,,0
279,2066,car,25.77,253.88,74.0,316.08,0.4326,opposite_carriageway,6.97,-8.92,0.788,0
279,2318,bike,509.5,91.29,533.64,118.03,0.4445,,,,,0
279,2328,rickshaw,1104.81,133.23,1246.73,269.1,0.8378,,,,,0
279,976,car,647.08,94.68,703.66,163.43,0.3614,,,,,0
280,14,car,1082.18,60.38,1196.17,142.61,0.7631,,,,,0
280,16,car,1183.98,63.1,1278.97,160.49,0.7522,,,,,0
280,18,car,871.09,60.51,948.49,104.37,0.4187,,,,,0
280,22,bike,501.28,187.89,556.11,287.6,0.9061,main_carriageway,20.03,15.46,0.611,0
280,886,bike,340.15,98.21,355.34,127.87,0.844,,,,,0
280,740,rickshaw,1110.37,133.55,1249.56,269.67,0.8362,main_carriageway,49.13,15.29,0.297,0
280,861,bike,331.35,178.85,372.66,259.22,0.9087,main_carriageway,7.76,11.65,0.832,0
280,1154,car,249.7,123.91,296.12,184.79,0.8214,,,,,0
280,27,bus,939.83,40.86,1041.01,103.02,0.6894,,,,,0
280,1361,car,505.49,111.85,573.37,168.16,0.9283,,,,,0
280,1372,bike,354.57,128.2,377.3,172.73,0.7995,,,,,0
280,1200,bike,766.34,89.58,807.26,160.11,0.8602,,,,,0
280,1597,bike,1011.03,158.45,1086.07,293.89,0.9115,main_carriageway,52.15,18.32,0.331,0
280,1620,car,455.99,98.14,509.55,151.63,0.8518,,,,,0
280,25,car,708.47,52.04,787.09,98.65,0.5737,,,,,0
280,975,car,616.28,100.99,691.08,179.25,0.5738,,,,,0
280,1790,car,867.93,78.13,1021.25,143.63,0.816,,,,,0
280,1900,car,548.35,85.2,607.18,137.56,0.8213,,,,,0
280,2072,car,296.12,121.65,345.94,166.59,0.8429,,,,,0
280,2138,bus,84.12,111.07,231.0,265.36,0.7382,,,,,0
280,2159,bike,272.0,78.84,294.21,113.46,0.5121,,,,,0
280,2166,car,1.22,252.21,48.11,405.49,0.5887,opposite_carriageway,0.64,-16.37,0.999,0
280,2253,bike,304.28,77.22,323.8,104.93,0.5829,,,,,0
280,2066,car,25.93,255.65,75.29,316.04,0.4353,opposite_carriageway,7.45,-6.36,0.649,0
280,2318,bike,510.15,91.02,534.37,118.06,0.4481,,,,,0
280,2328,car,1109.68,133.97,1250.74,269.06,0.488,,,,,0
280,976,car,649.02,95.2,705.37,164.59,0.3585,,,,,0
281,14,car,1081.01,60.28,1197.47,144.39,0.726,,,,,0
281,16,car,1183.72,62.68,1278.71,159.76,0.6304,,,,,0
281,18,car,870.9,60.63,947.53,103.58,0.4437,,,,,0
281,22,bike,505.13,188.74,561.19,290.49,0.8916,main_carriageway,22.79,17.22,0.603,0
281,886,bike,340.46,98.51,355.56,127.88,0.839,,,,,0
281,740,car,1120.53,135.07,1261.32,272.38,0.4479,main_carriageway,55.69,16.91,0.291,0
281,861,bike,332.73,180.93,374.42,261.88,0.9091,main_carriageway,8.73,13.86,0.846,0
281,1154,car,249.15,124.04,296.0,185.92,0.821,,,,,0
281,27,bus,940.58,40.87,1040.2,103.15,0.7636,,,,,0
281,1361,car,506.19,112.33,575.11,169.25,0.9391,,,,,0
281,1372,bike,355.84,128.79,378.59,173.26,0.8055,,,,,0
281,1200,bike,769.57,90.84,810.48,161.16,0.8219,,,,,0
281,1597,bike,1022.69,160.12,1100.04,298.97,0.9409,main_carriageway,61.15,22.18,0.341,0
281,1620,car,456.29,98.91,509.92,152.3,0.8718,,,,,0
281,25,car,708.38,52.24,786.82,98.64,0.5082,,,,,0
281,975,car,613.56,101.62,688.29,180.27,0.538,main_carriageway,21.06,4.17,0.194,0
281,1790,car,867.5,78.97,1018.91,143.44,0.8318,,,,,0
281,1900,car,548.94,85.4,608.05,137.89,0.8085,,,,,0
281,2072,car,296.9,122.3,346.29,167.05,0.8586,,,,,0
281,2138,bus,84.77,111.56,230.07,263.75,0.5895,opposite_carriageway,3.28,-6.02,0.878,0
281,2159,bike,270.6,78.43,293.97,114.98,0.4767,,,,,0
281,2166,car,1.64,251.42,49.05,405.1,0.6587,opposite_carriageway,1.18,-15.34,0.997,0
281,2253,bike,303.96,77.03,323.87,105.44,0.6327,,,,,0
281,2066,car,23.86,254.6,76.02,315.22,0.3851,opposite_carriageway,6.72,-6.39,0.689,0
281,2318,bike,511.23,91.46,535.46,118.68,0.5252,,,,,0
281,2328,rickshaw,1119.7,135.64,1263.42,273.35,0.8,,,,,0
281,976,car,655.96,95.31,710.01,163.37,0.465,,,,,0
281,2283,bike,619.92,81.37,640.73,111.24,0.4968,,,,,0
282,14,car,1080.57,60.24,1197.92,145.08,0.7274,,,,,0
282,16,car,1183.56,62.49,1278.75,159.51,0.627,,,,,0
282,18,car,870.63,60.68,947.4,103.3,0.4433,,,,,0
282,22,bike,506.49,189.07,563.06,291.55,0.8918,main_carriageway,15.95,12.63,0.621,0
282,886,bike,340.55,98.63,355.67,127.89,0.8402,,,,,0
282,740,rickshaw,1124.06,135.92,1266.0,274.21,0.7927,main_carriageway,39.39,12.04,0.292,0
282,861,bike,333.17,181.7,375.07,262.9,0.9092,main_carriageway,6.33,9.62,0.835,0
282,1154,car,249.03,124.08,295.86,186.33,0.8213,,,,,0
282,27,bus,941.44,40.87,1039.35,103.06,0.7689,,,,,0
282,1361,car,506.32,112.48,575.81,169.63,0.9388,,,,,0
282,1372,bike,356.28,128.99,379.06,173.45,0.805,,,,,0
282,1200,bike,770.7,91.35,811.64,161.53,0.8219,,,,,0
282,1597,bike,1026.81,160.74,1105.22,300.85,0.9407,main_carriageway,44.96,15.92,0.334,0
282,1620,car,456.35,99.18,510.09,152.54,0.8705,,,,,0
282,25,car,708.28,52.31,786.8,98.65,0.5077,,,,,0
282,975,car,612.51,101.83,686.96,180.64,0.5349,,,,,0
282,1790,car,867.2,79.25,1018.25,143.37,0.8325,,,,,0
282,1900,car,549.06,85.47,608.38,138.02,0.8083,,,,,0
282,2072,car,297.23,122.51,346.36,167.21,0.8587,,,,,0
282,2138,bus,84.91,111.8,229.72,263.06,0.5723,,,,,0
282,2159,bike,270.09,78.26,293.86,115.55,0.4787,,,,,0
282,2166,car,1.69,251.39,49.46,405.06,0.66,opposite_carriageway,1.04,-7.94,0.992,0
282,2253,bike,303.89,76.99,323.88,105.62,0.6347,,,,,0
282,2066,car,22.38,254.13,77.05,314.94,0.3889,,,,,0
282,2318,bike,511.59,91.61,535.74,118.91,0.5198,,,,,0
282,2328,car,1123.08,135.85,1266.91,273.59,0.4573,,,,,0
282,976,car,658.87,95.35,711.39,162.85,0.4628,,,,,0
282,2283,bike,620.07,81.43,640.95,111.45,0.4959,,,,,0
283,14,car,1078.52,60.27,1200.64,149.09,0.7674,,,,,0
283,16,car,1186.61,62.52,1276.82,153.49,0.6399,,,,,0
283,18,car,870.08,59.57,951.93,104.8,0.4061,,,,,0
283,22,bike,514.94,191.85,573.84,298.64,0.9271,main_carriageway,22.43,17.61,0.618,0
283,886,bike,340.59,98.27,355.87,127.7,0.87,,,,,0
283,740,rickshaw,1137.08,138.45,1280.0,283.81,0.8363,main_carriageway,45.36,19.17,0.389,0
283,861,bike,336.6,185.52,379.33,268.65,0.8801,main_carriageway,9.09,13.44,0.828,0
283,1154,car,250.39,126.53,296.1,187.29,0.8153,,,,,0
283,27,bus,941.53,40.79,1038.95,103.56,0.7219,,,,,0
283,1361,car,508.13,113.08,579.21,171.42,0.9328,,,,,0
283,1372,bike,357.89,129.02,381.08,174.37,0.8512,,,,,0
283,1200,bike,777.01,93.98,817.77,163.59,0.8754,,,,,0
283,1597,bike,1049.87,165.3,1131.45,310.64,0.9179,main_carriageway,61.85,22.7,0.345,0
283,1620,car,457.07,99.3,511.31,153.01,0.8987,,,,,0
283,25,car,709.65,52.45,787.43,98.36,0.5342,,,,,0
283,975,car,616.08,105.32,688.14,182.34,0.7043,,,,,0
283,1790,car,865.77,79.17,1018.33,144.22,0.8036,,,,,0
283,1900,car,550.3,85.83,610.56,139.14,0.7982,,,,,0
283,2072,car,298.36,123.52,347.93,168.66,0.9021,,,,,0
283,2138,bus,85.41,111.39,228.46,259.84,0.6375,opposite_carriageway,0.46,-7.02,0.998,0
283,2159,bike,270.34,80.27,293.59,116.72,0.4772,,,,,0
283,2166,car,2.99,250.81,50.4,400.74,0.5505,opposite_carriageway,2.02,-9.42,0.978,0
283,2253,bike,303.52,76.43,324.13,106.17,0.7135,,,,,0
283,2318,bike,513.85,92.17,537.6,119.19,0.4432,,,,,0
283,976,car,662.95,95.73,714.51,162.82,0.3271,,,,,0
283,2283,bike,622.71,82.03,643.2,111.46,0.5045,,,,,0
283,2392,bike,495.26,80.23,510.56,104.62,0.3885,,,,,0
284,14,car,1077.9,60.28,1201.41,150.6,0.7779,,,,,0
284,16,car,1187.51,62.5,1276.31,151.21,0.6425,,,,,0
284,18,car,869.79,59.16,953.72,105.34,0.4005,,,,,0
284,22,bike,518.07,192.88,577.86,301.34,0.9276,main_carriageway,21.05,15.5,0.593,0
284,886,bike,340.57,98.14,355.94,127.62,0.8682,,,,,0
284,740,rickshaw,1142.42,139.38,1280.0,287.38,0.831,main_carriageway,35.49,19.92,0.489,0
284,861,bike,337.89,186.94,380.86,270.82,0.8799,main_carriageway,8.22,12.71,0.84,0
284,1154,car,250.89,127.37,296.22,187.64,0.8142,,,,,0
284,27,bus,941.96,40.75,1038.38,103.71,0.7185,,,,,0
284,1361,car,508.76,113.32,580.52,172.09,0.9327,,,,,0
284,1372,bike,358.5,129.03,381.81,174.71,0.8516,,,,,0
284,1200,bike,779.26,94.93,820.05,164.36,0.8755,,,,,0
284,1597,bike,1058.38,167.0,1141.28,314.29,0.9177,main_carriageway,56.56,21.99,0.362,0
284,1620,car,457.29,99.32,511.82,153.17,0.8984,,,,,0
284,25,car,710.16,52.49,787.66,98.24,0.5361,,,,,0
284,975,car,617.57,106.72,688.29,182.96,0.7047,,,,,0
284,1790,car,865.44,79.12,1018.22,144.53,0.8023,,,,,0
284,1900,car,550.7,85.96,611.36,139.54,0.7988,,,,,0
284,2072,car,298.79,123.87,348.5,169.2,0.902,,,,,0
284,2138,bus,85.34,111.3,228.25,258.75,0.6255,opposite_carriageway,-0.57,-6.99,0.997,0
284,2159,bike,270.45,81.05,293.5,117.17,0.4723,,,,,0
284,2166,car,3.33,250.82,50.95,399.13,0.5551,opposite_carriageway,2.45,-7.54,0.951,0
284,2253,bike,303.42,76.16,324.19,106.37,0.7071,,,,,0
284,2318,bike,514.69,92.39,538.2,119.28,0.4364,,,,,0
284,976,car,666.48,95.76,716.75,162.07,0.3276,,,,,0
284,2283,bike,623.71,82.27,644.04,111.43,0.5001,,,,,0
284,2392,bike,495.44,80.33,510.77,104.75,0.3853,,,,,0
285,14,car,1077.67,60.39,1201.3,151.09,0.6318,,,,,0
285,16,car,1188.14,62.61,1275.98,149.49,0.5675,,,,,0
285,18,car,869.16,60.15,949.15,103.93,0.4636,,,,,0
285,22,bike,523.79,194.59,584.86,305.46,0.9104,main_carriageway,25.63,17.86,0.572,0
285,886,bike,341.16,98.58,356.34,127.43,0.8787,,,,,0
285,740,rickshaw,1151.18,141.96,1280.0,291.75,0.7773,main_carriageway,35.63,22.08,0.527,0
285,861,bike,340.17,189.98,383.25,274.04,0.9016,main_carriageway,9.71,14.82,0.837,0
285,1154,car,250.73,128.13,296.12,188.55,0.807,,,,,0
285,27,bus,943.26,40.87,1037.45,103.07,0.7983,,,,,0
285,1361,car,509.5,113.23,582.71,173.27,0.9279,,,,,0
285,1372,bike,359.0,128.82,382.9,175.7,0.8716,,,,,0
285,1200,bike,783.4,96.33,823.78,164.94,0.8914,,,,,0
285,1597,bike,1073.28,168.62,1158.06,318.65,0.9254,main_carriageway,67.12,24.76,0.346,0
285,1620,car,457.62,99.28,512.94,153.87,0.9083,,,,,0
285,25,car,711.31,52.82,787.88,98.06,0.5143,,,,,0
285,975,car,620.22,107.69,690.74,184.36,0.7607,,,,,0
285,1790,car,862.16,79.05,1016.42,145.19,0.85,,,,,0
285,1900,car,551.92,86.08,612.62,139.55,0.8453,,,,,0
285,2072,car,298.95,123.38,349.59,169.67,0.9008,,,,,0
285,2138,bus,89.35,111.91,229.67,256.14,0.6572,opposite_carriageway,1.95,-9.22,0.978,0
285,2159,bike,270.36,81.4,293.46,117.6,0.4231,,,,,0
285,2166,car,3.06,248.68,51.41,397.55,0.5133,opposite_carriageway,2.57,-7.94,0.951,0
285,2253,bike,303.36,75.81,324.29,106.52,0.6973,,,,,0
285,2318,bike,514.91,92.6,538.68,120.07,0.4782,,,,,0
285,976,car,669.53,96.56,719.38,163.52,0.4272,,,,,0
285,2283,bike,624.68,82.54,644.95,111.76,0.4453,,,,,0
285,2392,bike,495.51,80.5,511.33,105.7,0.3916,,,,,0
286,14,car,1077.79,60.43,1201.2,151.24,0.6345,,,,,0
286,16,car,1188.11,62.65,1276.11,148.91,0.5717,,,,,0
286,18,car,868.76,60.55,947.4,103.38,0.459,,,,,0
286,22,bike,525.91,195.2,587.41,306.96,0.9106,main_carriageway,23.5,16.47,0.574,0
286,886,bike,341.35,98.76,356.54,127.39,0.8774,,,,,0
286,740,rickshaw,1155.21,142.95,1280.0,293.38,0.7794,main_carriageway,26.68,21.0,0.618,0
286,861,bike,340.98,191.1,384.1,275.19,0.9018,main_carriageway,8.96,13.31,0.829,0
286,1154,car,250.69,128.46,296.05,188.86,0.8063,,,,,0
286,27,bus,943.96,40.91,1036.74,102.81,0.7945,,,,,0
286,1361,car,509.79,113.19,583.46,173.7,0.9274,,,,,0
286,1372,bike,359.15,128.73,383.28,176.05,0.8709,,,,,0
286,1200,bike,784.85,96.86,825.08,165.13,0.8908,,,,,0
286,1597,bike,1078.62,169.18,1164.23,320.19,0.9249,main_carriageway,60.06,21.22,0.333,0
286,1620,car,457.71,99.24,513.37,154.13,0.9078,,,,,0
286,25,car,711.68,52.91,787.92,97.99,0.5161,,,,,0
286,975,car,621.34,108.1,691.41,184.86,0.7616,main_carriageway,5.45,4.59,0.644,0
286,1790,car,861.05,78.99,1015.76,145.4,0.8513,,,,,0
286,1900,car,552.29,86.11,613.08,139.52,0.8453,,,,,0
286,2072,car,299.03,123.19,349.95,169.84,0.9008,,,,,0
286,2138,bus,90.66,112.11,230.36,255.23,0.6578,opposite_carriageway,3.09,-8.52,0.94,0
286,2159,bike,270.33,81.51,293.45,117.73,0.4276,,,,,0
286,2166,car,2.83,248.08,51.74,397.07,0.5115,opposite_carriageway,1.94,-8.03,0.972,0
286,2253,bike,303.38,75.66,324.28,106.56,0.6997,,,,,0
286,2318,bike,515.03,92.69,538.76,120.37,0.4724,,,,,0
286,976,car,670.83,96.85,720.04,164.04,0.4233,,,,,0
286,2283,bike,625.04,82.7,645.25,111.94,0.4448,,,,,0
286,2392,bike,495.53,80.53,511.5,105.96,0.3891,,,,,0
286,2413,car,1167.42,143.62,1279.92,291.91,0.3807,,,,,0
287,14,car,1077.46,60.64,1199.61,150.33,0.7164,,,,,0
287,16,car,1187.08,62.74,1277.71,151.37,0.6514,,,,,0
287,18,car,868.17,60.65,946.97,103.44,0.5019,,,,,0
287,22,bike,531.55,195.7,594.65,310.73,0.9192,main_carriageway,28.32,19.18,0.561,0
287,886,bike,341.5,98.98,356.74,127.47,0.8765,,,,,0
287,740,rickshaw,1162.02,145.33,1280.0,298.73,0.4688,main_carriageway,25.98,24.52,0.686,0
287,861,bike,343.07,191.98,387.4,278.58,0.9259,main_carriageway,11.12,15.68,0.816,0
287,1154,car,250.64,129.55,295.85,189.93,0.8005,,,,,0
287,27,bus,943.56,41.01,1036.6,103.7,0.778,,,,,0
287,1361,car,510.92,113.11,585.75,174.82,0.925,,,,,0
287,1372,bike,359.75,128.45,384.22,176.33,0.8924,,,,,0
287,1200,bike,788.03,96.72,828.83,165.82,0.842,,,,,0
287,1597,bike,1093.72,171.6,1181.47,325.52,0.9084,main_carriageway,71.58,24.67,0.326,0
287,1620,car,458.12,99.91,514.32,155.29,0.9165,,,,,0
287,25,car,712.78,52.93,788.69,97.97,0.4658,,,,,0
287,975,car,624.91,108.02,695.31,185.74,0.7073,main_carriageway,10.37,5.1,0.441,0
287,1790,car,858.86,79.04,1014.83,146.24,0.8516,,,,,0
287,1900,car,553.71,86.43,614.82,140.0,0.8518,,,,,0
287,2072,car,298.88,122.65,350.9,170.52,0.895,,,,,0
287,2138,bus,92.37,112.9,230.68,254.25,0.6115,opposite_carriageway,4.21,-8.81,0.902,0
287,2159,bike,270.38,82.02,293.52,118.25,0.4047,,,,,0
287,2166,car,2.99,228.86,57.15,391.97,0.4323,opposite_carriageway,4.5,-13.09,0.946,0
287,2253,bike,303.51,75.78,324.43,106.98,0.6885,,,,,0
287,2318,bike,515.86,93.5,539.81,121.83,0.3953,,,,,0
287,976,car,670.85,97.46,720.86,166.05,0.5857,,,,,0
287,2283,bike,625.49,82.87,646.67,114.2,0.5841,,,,,0
287,2392,bike,495.9,80.61,512.52,107.1,0.5776,,,,,0
287,2413,car,1172.08,145.82,1280.0,297.48,0.5349,,,,,0
288,14,car,1077.85,60.43,1200.58,150.9,0.7208,,,,,0
288,16,car,1186.7,62.83,1278.36,152.28,0.6427,,,,,0
288,18,car,867.88,60.73,946.82,103.49,0.4962,,,,,0
288,22,bike,533.69,195.83,597.27,312.08,0.9184,main_carriageway,21.09,13.44,0.537,0
288,886,bike,341.53,99.11,356.84,127.48,0.874,,,,,0
288,861,bike,343.86,192.26,388.61,279.8,0.9248,main_carriageway,8.27,11.15,0.803,0
288,1154,car,250.68,130.02,295.73,190.32,0.8011,,,,,0
288,27,bus,943.42,41.04,1036.39,104.28,0.7651,,,,,0
288,1361,car,511.49,113.08,586.54,175.21,0.9239,,,,,0
288,1372,bike,359.93,128.28,384.62,176.45,0.8911,,,,,0
288,1200,bike,789.18,96.71,830.18,166.06,0.8425,,,,,0
288,1597,bike,1099.09,172.54,1187.86,327.49,0.908,main_carriageway,52.82,16.85,0.304,0
288,1620,car,458.2,100.16,514.62,155.7,0.9162,,,,,0
288,25,car,712.66,52.74,788.73,97.99,0.4576,,,,,0
288,975,car,626.34,108.07,696.5,186.08,0.722,main_carriageway,9.31,3.74,0.373,0
288,1790,car,858.26,79.09,1014.38,146.55,0.8501,,,,,0
288,1900,car,554.17,86.53,615.49,140.17,0.8536,,,,,0
288,2072,car,298.88,122.39,351.2,170.75,0.896,,,,,0
288,2138,bus,92.79,113.14,230.85,253.92,0.6017,opposite_carriageway,4.88,-5.92,0.771,0
288,2159,bike,270.39,82.17,293.58,118.45,0.3955,,,,,0
288,2166,car,2.91,222.22,59.2,389.93,0.4165,opposite_carriageway,4.36,-10.81,0.927,0
288,2253,bike,303.62,75.83,324.47,107.14,0.6875,,,,,0
288,2318,bike,516.21,93.67,540.16,122.37,0.3891,,,,,0
288,976,car,670.94,97.61,721.16,166.8,0.6191,,,,,0
288,2283,bike,625.81,82.94,647.05,115.02,0.5991,,,,,0
288,2392,bike,496.09,80.72,512.83,107.46,0.5665,,,,,0
288,2413,car,1174.17,146.17,1280.0,298.75,0.5606,,,,,0
288,2428,bike,432.58,87.46,447.72,114.18,0.3278,,,,,0
289,14,car,1077.6,60.55,1199.21,150.11,0.733,,,,,0
289,16,car,1184.98,62.4,1279.99,155.35,0.7936,,,,,0
289,18,car,866.94,58.99,951.1,104.74,0.409,,,,,0
289,22,bike,544.57,200.93,609.74,320.57,0.9353,main_carriageway,29.19,19.23,0.55,0
289,886,bike,341.88,99.71,357.06,127.7,0.8308,,,,,0
289,861,bike,347.81,196.41,393.56,286.13,0.9079,main_carriageway,11.31,15.31,0.804,0
289,1154,car,252.5,134.23,295.74,191.45,0.78,,,,,0
289,27,bus,943.88,41.15,1035.72,104.09,0.8247,,,,,0
289,1361,car,514.4,114.29,589.4,176.31,0.9117,,,,,0
289,1372,bike,361.96,128.09,386.77,176.29,0.9201,,,,,0
289,1200,bike,795.58,95.15,838.27,167.53,0.857,,,,,0
289,1597,bike,1127.63,179.08,1220.62,339.73,0.9335,main_carriageway,74.3,25.44,0.324,0
289,1620,car,458.67,100.92,515.42,156.88,0.9081,,,,,0
289,25,car,711.48,52.57,788.22,98.22,0.4178,,,,,0
289,975,car,631.78,108.33,703.92,188.79,0.6503,main_carriageway,14.92,5.83,0.364,0
289,1790,car,855.22,79.1,1012.2,147.19,0.8728,,,,,0
289,1900,car,558.42,87.13,619.76,140.83,0.8057,,,,,0
289,2072,car,297.9,119.77,353.62,172.03,0.9048,,,,,0
289,2138,bus,89.4,112.41,228.95,253.83,0.5999,,,,,0
289,2159,bike,270.33,82.32,293.6,118.77,0.4222,,,,,0
289,2166,car,2.29,216.26,61.84,392.56,0.3668,opposite_carriageway,4.93,-6.57,0.8,0
289,2253,bike,303.67,76.03,324.35,107.35,0.6892,,,,,0
289,2318,bike,516.9,91.9,542.94,123.84,0.5158,,,,,0
289,976,car,670.45,96.77,723.37,168.7,0.3682,,,,,0
289,2283,bike,627.58,83.1,649.92,117.64,0.6599,,,,,0
289,2392,bike,497.15,79.91,514.84,108.33,0.6265,,,,,0
289,2413,car,1190.04,150.67,1280.0,301.31,0.5176,,,,,0
289,2428,bike,432.8,89.53,447.5,115.42,0.2933,,,,,0
289,1243,bus,86.28,138.4,180.75,255.31,0.3854,opposite_carriageway,14.53,-11.98,0.636,0
290,14,car,1077.47,60.54,1198.74,149.79,0.7289,,,,,0
290,16,car,1184.4,62.18,1280.0,156.53,0.7897,,,,,0
290,18,car,866.48,58.28,952.4,105.2,0.4085,,,,,0
290,22,bike,548.72,202.86,614.33,323.75,0.9353,main_carriageway,27.2,18.29,0.558,0
290,886,bike,341.96,99.88,357.17,127.8,0.8303,,,,,0
290,861,bike,349.32,197.96,395.38,288.49,0.908,main_carriageway,10.64,14.45,0.805,0
290,1154,car,253.06,135.71,295.91,191.84,0.7805,,,,,0
290,27,bus,944.21,41.19,1035.38,104.12,0.8251,,,,,0
290,1361,car,515.42,114.71,590.49,176.72,0.9121,,,,,0
290,1372,bike,362.69,128.0,387.59,176.2,0.9196,,,,,0
290,1200,bike,797.97,94.57,841.2,168.05,0.8585,,,,,0
290,1597,bike,1138.02,181.54,1233.1,344.29,0.9336,main_carriageway,69.89,25.64,0.344,0
290,1620,car,458.87,101.21,515.69,157.31,0.9083,,,,,0
290,25,car,711.46,52.64,788.18,98.28,0.4278,,,,,0
290,975,car,633.88,108.39,706.66,189.77,0.645,main_carriageway,14.79,5.41,0.344,0
290,1790,car,854.25,79.11,1011.19,147.43,0.8733,,,,,0
290,1900,car,560.18,87.31,621.49,141.08,0.8036,,,,,0
290,2072,car,297.77,118.77,354.31,172.52,0.9056,,,,,0
290,2138,bus,87.83,112.09,228.47,253.84,0.6069,,,,,0
290,2159,bike,270.34,82.4,293.6,118.88,0.4223,,,,,0
290,2166,car,1.91,214.06,62.96,393.7,0.3608,opposite_carriageway,5.2,-3.85,0.595,0
290,2253,bike,303.75,76.14,324.24,107.42,0.6884,,,,,0
290,2318,bike,517.35,91.13,543.78,124.28,0.5109,,,,,0
290,976,car,670.11,96.54,724.37,169.41,0.3487,,,,,0
290,2283,bike,628.39,83.1,650.85,118.61,0.6547,,,,,0
290,2392,bike,497.58,79.66,515.51,108.67,0.6233,,,,,0
290,2413,car,1196.05,152.19,1280.0,302.02,0.5136,,,,,0
290,2428,bike,432.85,90.17,447.44,115.8,0.2953,,,,,0
290,2441,car,33.47,247.62,98.91,299.59,0.3567,,,,,0
290,1243,bus,86.66,137.7,180.93,255.02,0.3842,opposite_carriageway,13.94,-11.99,0.652,0
291,14,car,1077.62,60.49,1198.92,149.88,0.7506,,,,,0
291,16,car,1183.5,62.04,1280.0,158.38,0.8322,,,,,0
291,18,car,866.27,58.1,951.46,104.87,0.3446,,,,,0
291,22,bike,555.56,206.09,622.5,329.57,0.8834,main_carriageway,32.37,22.61,0.573,0
291,886,bike,342.15,100.04,357.72,128.38,0.8186,,,,,0
291,861,bike,352.37,200.58,398.59,291.35,0.8953,main_carriageway,12.94,16.16,0.781,0
291,1154,car,252.93,135.23,297.39,192.97,0.7833,,,,,0
291,27,bus,944.39,41.29,1035.33,104.53,0.8317,,,,,0
291,1361,car,516.62,115.31,592.45,177.86,0.9184,,,,,0
291,1372,bike,363.64,128.47,388.63,176.6,0.92,,,,,0
291,1200,bike,801.02,95.21,844.55,169.02,0.8553,,,,,0
291,1597,bike,1155.63,185.53,1253.47,351.8,0.9231,main_carriageway,83.13,31.61,0.355,0
291,1620,car,459.3,101.77,516.08,157.73,0.9125,,,,,0
291,25,car,710.93,52.52,787.69,98.13,0.3815,,,,,0
291,975,car,637.24,109.98,709.87,191.21,0.7084,main_carriageway,17.18,6.35,0.347,0
291,1790,car,852.45,79.21,1009.22,147.75,0.8916,,,,,0
291,1900,car,561.66,87.58,623.15,141.58,0.7775,,,,,0
291,2072,car,298.38,119.32,354.48,173.13,0.9,,,,,0
291,2138,bus,83.14,114.14,217.09,252.49,0.5276,opposite_carriageway,-10.39,-2.74,0.255,0
291,2159,bike,270.44,82.66,293.73,119.23,0.3429,,,,,0
291,2253,bike,303.67,75.25,324.61,107.51,0.6052,,,,,0
291,2318,bike,518.29,91.08,544.6,124.79,0.4904,,,,,0
291,976,car,670.76,96.48,726.14,169.77,0.6595,,,,,0
291,2283,bike,628.86,82.05,651.97,119.29,0.6705,,,,,0
291,2392,bike,497.99,79.62,515.9,108.76,0.6929,,,,,0
291,2428,bike,434.14,87.61,450.01,115.44,0.3771,,,,,0
291,2441,car,35.13,246.9,100.15,298.55,0.3346,,,,,0
292,14,car,1077.7,60.47,1198.92,149.9,0.7513,,,,,0
292,16,car,1183.3,62.0,1280.0,159.07,0.8324,,,,,0
292,18,car,866.34,58.04,950.98,104.74,0.3445,,,,,0
292,22,bike,558.08,207.29,625.46,331.7,0.8839,main_carriageway,28.67,20.97,0.59,0
292,886,bike,342.17,100.09,357.95,128.59,0.8164,,,,,0
292,861,bike,353.47,201.53,399.76,292.36,0.8954,main_carriageway,11.38,13.78,0.771,0
292,1154,car,252.77,135.04,298.04,193.37,0.7838,,,,,0
292,27,bus,944.65,41.35,1035.12,104.69,0.8281,,,,,0
292,1361,car,517.04,115.58,593.15,178.26,0.9188,,,,,0
292,1372,bike,363.94,128.65,389.02,176.74,0.9199,,,,,0
292,1200,bike,802.05,95.44,845.75,169.37,0.8553,,,,,0
292,1597,bike,1161.89,187.0,1261.15,354.58,0.9228,main_carriageway,73.92,29.06,0.366,0
292,1620,car,459.46,102.05,516.19,157.85,0.9096,,,,,0
292,25,car,710.71,52.47,787.56,98.08,0.379,,,,,0
292,975,car,638.46,110.58,710.99,191.72,0.7057,main_carriageway,14.62,5.98,0.379,0
292,1790,car,852.01,79.23,1008.34,147.86,0.8912,,,,,0
292,1900,car,562.16,87.68,623.68,141.75,0.7759,,,,,0
292,2072,car,298.71,119.47,354.42,173.34,0.8997,,,,,0
292,2138,bus,89.88,114.13,223.41,251.89,0.5283,,,,,0
292,2159,bike,270.49,82.76,293.77,119.36,0.3426,,,,,0
292,2253,bike,303.69,74.91,324.7,107.58,0.6085,,,,,0
292,2318,bike,518.78,91.05,544.72,124.96,0.4895,,,,,0
292,976,car,670.74,96.46,726.97,169.88,0.6599,,,,,0
292,2283,bike,629.15,81.63,652.26,119.54,0.6706,,,,,0
292,2392,bike,498.15,79.63,515.99,108.8,0.6945,,,,,0
292,2428,bike,434.54,86.79,450.84,115.32,0.3779,,,,,0
292,2441,car,35.69,246.65,100.55,298.19,0.33,,,,,0
293,14,car,1077.1,60.37,1198.87,150.45,0.7655,,,,,0
293,16,car,1183.07,61.92,1280.0,159.69,0.8454,,,,,0
293,18,car,866.21,57.91,951.22,105.07,0.3044,,,,,0
293,22,bike,564.42,209.1,633.7,337.21,0.91,main_carriageway,33.58,25.13,0.599,0
293,886,bike,342.39,100.34,358.29,128.82,0.7901,,,,,0
293,861,bike,355.7,203.14,403.29,296.0,0.9199,main_carriageway,13.26,16.2,0.774,0
293,1154,car,252.35,134.76,299.02,194.59,0.7901,,,,,0
293,27,bus,945.26,41.43,1034.98,104.69,0.8323,,,,,0
293,1361,car,518.61,116.75,595.24,179.72,0.9093,,,,,0
293,1372,bike,365.13,128.59,390.57,177.17,0.891,,,,,0
293,1200,bike,806.71,97.68,849.58,169.96,0.8505,,,,,0
293,1597,bike,1177.05,190.14,1278.1,360.86,0.9084,main_carriageway,84.1,33.37,0.369,0
293,1620,car,460.36,103.24,516.63,158.35,0.9143,,,,,0
293,25,car,710.12,52.27,787.41,98.05,0.448,,,,,0
293,975,car,642.45,105.22,720.98,193.09,0.5849,main_carriageway,20.29,7.01,0.326,0
293,1790,car,850.84,79.15,1007.04,148.06,0.8976,,,,,0
293,1900,car,562.73,87.89,624.75,142.42,0.7759,,,,,0
293,2072,car,299.59,119.98,354.93,173.99,0.8993,,,,,0
293,2159,bike,270.33,83.01,293.74,119.87,0.3444,,,,,0
293,2253,bike,303.53,74.88,324.8,108.31,0.6034,,,,,0
293,2318,bike,520.21,91.45,546.11,126.24,0.68,,,,,0
293,976,car,671.49,96.35,728.51,169.31,0.6951,,,,,0
293,2283,bike,629.69,80.76,652.58,118.9,0.6948,,,,,0
293,2392,bike,499.39,80.58,516.92,109.38,0.8054,,,,,0
293,2428,bike,434.74,87.22,450.95,115.51,0.355,,,,,0
293,2166,car,3.82,210.8,63.26,382.81,0.2588,opposite_carriageway,6.25,-14.26,0.916,0
293,1243,bus,87.88,120.48,190.35,250.8,0.4945,opposite_carriageway,18.96,-16.15,0.648,0
294,14,car,1077.54,60.37,1198.62,149.97,0.7619,,,,,0
294,16,car,1183.18,62.0,1280.0,159.9,0.8475,,,,,0
294,18,car,866.29,57.87,951.18,105.18,0.3099,,,,,0
294,22,bike,566.73,209.71,636.71,339.29,0.9117,main_carriageway,24.57,18.72,0.606,0
294,886,bike,342.44,100.42,358.46,128.9,0.7894,,,,,0
294,861,bike,356.43,203.69,404.64,297.32,0.9211,main_carriageway,9.85,11.19,0.751,0
294,1154,car,252.06,134.48,299.52,195.09,0.7889,,,,,0
294,27,bus,945.67,41.47,1034.71,104.65,0.8281,,,,,0
294,1361,car,519.16,117.23,596.03,180.27,0.9105,main_carriageway,5.7,3.96,0.571,0
294,1372,bike,365.54,128.57,391.18,177.32,0.8908,,,,,0
294,1200,bike,808.43,98.49,851.06,170.14,0.8472,,,,,0
294,1597,bike,1182.48,191.34,1280.0,363.12,0.9077,main_carriageway,57.12,23.39,0.379,0
294,1620,car,460.62,103.66,516.85,158.52,0.9151,,,,,0
294,25,car,709.81,52.14,787.42,98.03,0.4344,,,,,0
294,975,car,644.07,103.21,724.88,193.58,0.585,main_carriageway,16.63,4.79,0.277,0
294,1790,car,850.64,79.13,1006.37,148.12,0.8981,,,,,0
294,1900,car,562.95,87.98,625.1,142.66,0.7716,,,,,0
294,2072,car,300.08,120.24,354.94,174.22,0.8991,,,,,0
294,2159,bike,270.3,83.08,293.75,120.05,0.3482,,,,,0
294,2253,bike,303.54,74.96,324.75,108.61,0.6005,,,,,0
294,2318,bike,520.94,91.61,546.44,126.72,0.6763,,,,,0
294,976,car,671.41,96.34,729.24,169.03,0.6766,,,,,0
294,2283,bike,629.97,80.42,652.56,118.62,0.6926,,,,,0
294,2392,bike,499.77,80.84,517.21,109.62,0.7951,,,,,0
294,2428,bike,434.71,87.34,450.95,115.57,0.3626,,,,,0
294,2166,car,3.68,211.15,63.46,381.75,0.2592,opposite_carriageway,3.5,-10.22,0.946,0
294,1243,bus,88.62,117.36,191.62,250.23,0.4839,opposite_carriageway,16.49,-15.13,0.676,0
295,14,car,1077.69,60.33,1198.3,149.73,0.7539,,,,,0
295,16,car,1183.11,61.83,1280.0,160.12,0.8172,,,,,0
295,18,car,865.89,57.53,952.41,105.9,0.3435,,,,,0
295,22,bike,578.96,215.13,652.16,351.01,0.9072,main_carriageway,34.03,27.26,0.625,0
295,886,bike,342.58,101.25,358.95,130.23,0.7494,,,,,0
295,861,bike,360.54,206.33,411.37,304.51,0.8811,main_carriageway,13.61,16.02,0.762,0
295,1154,car,252.5,136.57,300.19,196.97,0.8193,,,,,0
295,27,bus,945.54,41.58,1034.99,105.59,0.8049,,,,,0
295,1361,car,522.05,117.73,600.17,181.94,0.9327,main_carriageway,8.15,5.22,0.539,0
295,1372,bike,367.59,129.03,393.99,179.04,0.8563,,,,,0
295,1200,bike,815.49,98.18,859.66,171.98,0.8771,,,,,0
295,1597,bike,1203.44,199.41,1280.0,368.83,0.8262,main_carriageway,56.16,24.54,0.4,0
295,1620,car,461.41,103.72,518.67,159.43,0.9279,,,,,0
295,25,car,709.99,52.52,787.07,97.98,0.4648,,,,,0
295,975,car,651.47,104.87,732.61,195.12,0.735,main_carriageway,21.77,5.35,0.239,0
295,1790,car,849.46,79.07,1004.6,148.29,0.8775,,,,,0
295,1900,car,564.26,88.2,628.11,144.53,0.7921,,,,,0
295,2072,car,301.56,120.83,356.49,175.3,0.9047,,,,,0
295,2159,bike,269.95,83.13,293.67,120.55,0.3087,,,,,0
295,2253,bike,303.74,75.87,324.57,109.21,0.6055,,,,,0
295,2318,bike,522.31,92.02,547.59,127.66,0.6294,,,,,0
295,2283,bike,630.94,81.83,653.02,119.45,0.7759,,,,,0
295,2392,bike,501.37,82.21,518.29,110.22,0.7332,,,,,0
295,2428,bike,436.22,88.08,452.39,116.0,0.3564,,,,,0
295,2166,car,5.76,215.48,63.49,375.48,0.2777,opposite_carriageway,3.57,-14.45,0.971,0
295,1243,bus,89.94,116.2,189.54,247.87,0.5693,opposite_carriageway,14.89,-16.95,0.751,0
296,14,car,1077.9,60.33,1198.21,149.62,0.7528,,,,,0
296,16,car,1183.25,61.85,1280.0,160.18,0.8233,,,,,0
296,18,car,865.7,57.36,952.99,106.3,0.3378,,,,,0
296,22,bike,583.59,217.18,657.9,355.45,0.906,main_carriageway,31.72,25.88,0.632,0
296,886,bike,342.59,101.54,359.16,130.78,0.7523,,,,,0
296,861,bike,361.65,207.31,413.73,307.41,0.8803,main_carriageway,12.21,16.06,0.796,0
296,1154,car,252.61,137.44,300.52,197.68,0.8206,,,,,0
296,27,bus,945.64,41.65,1034.96,106.07,0.7981,,,,,0
296,1361,car,523.12,117.89,601.65,182.54,0.9333,main_carriageway,7.85,4.68,0.512,0
296,1372,bike,368.3,129.21,395.05,179.68,0.8569,,,,,0
296,1200,bike,817.94,97.9,862.91,172.67,0.8778,,,,,0
296,1597,bike,1212.21,202.55,1280.0,370.96,0.8287,main_carriageway,41.55,19.16,0.419,0
296,1620,car,461.63,103.67,519.43,159.76,0.9279,,,,,0
296,25,car,709.88,52.54,787.06,97.96,0.463,,,,,0
296,975,car,654.21,105.68,735.52,195.68,0.7409,main_carriageway,21.31,4.47,0.205,0
296,1790,car,849.35,79.05,1003.68,148.35,0.8771,,,,,0
296,1900,car,564.62,88.3,629.08,145.27,0.7888,,,,,0
296,2072,car,302.23,121.16,356.85,175.69,0.9053,,,,,0
296,2159,bike,269.84,83.1,293.66,120.72,0.312,,,,,0
296,2253,bike,303.85,76.24,324.42,109.43,0.608,,,,,0
296,2318,bike,522.99,92.19,547.86,128.01,0.6268,,,,,0
296,2283,bike,631.35,82.32,653.14,119.74,0.7795,,,,,0
296,2392,bike,501.96,82.64,518.69,110.45,0.7278,,,,,0
296,2428,bike,436.67,88.26,452.95,116.2,0.3597,,,,,0
296,2166,car,6.19,217.71,63.77,373.26,0.2577,opposite_carriageway,2.91,-19.3,0.989,0
296,1243,bus,91.01,116.05,188.06,246.94,0.5681,opposite_carriageway,6.02,-8.37,0.812,0
297,14,car,1077.9,60.33,1197.99,149.62,0.7313,,,,,0
297,16,car,1183.89,62.51,1280.0,161.17,0.717,,,,,0
297,18,car,867.11,57.29,953.27,105.5,0.2573,,,,,0
297,22,bike,593.18,221.91,667.95,360.77,0.9006,main_carriageway,38.8,29.07,0.6,0
297,886,bike,342.7,101.84,359.25,130.87,0.7384,,,,,0
297,861,bike,363.79,208.99,417.22,311.92,0.8951,main_carriageway,13.89,19.56,0.815,0
297,1154,car,252.27,137.33,301.16,198.51,0.8336,,,,,0
297,27,bus,945.89,41.69,1035.08,106.59,0.7854,,,,,0
297,1361,car,524.58,117.51,604.61,183.65,0.9414,main_carriageway,9.5,5.39,0.493,0
297,1372,bike,369.16,129.28,396.22,180.04,0.8668,main_carriageway,6.21,3.3,0.469,0
297,1200,bike,822.82,100.82,867.04,173.89,0.865,,,,,0
297,1620,car,462.02,103.9,520.15,160.17,0.9301,,,,,0
297,25,car,711.56,53.35,787.41,97.97,0.4658,,,,,0
297,975,car,656.71,102.7,742.18,197.33,0.7551,main_carriageway,24.72,5.61,0.221,0
297,1790,car,849.56,79.09,1002.2,148.14,0.8721,,,,,0
297,1900,car,566.14,88.61,630.91,145.96,0.8425,,,,,0
297,2072,car,302.99,121.35,357.66,176.22,0.9092,,,,,0
297,2159,bike,269.75,83.34,293.59,120.97,0.2572,,,,,0
297,2253,bike,304.03,77.03,324.2,109.83,0.6101,,,,,0
297,2318,bike,524.41,92.65,548.8,128.45,0.6298,,,,,0
297,2283,bike,632.09,81.15,654.48,119.72,0.8169,,,,,0
297,2392,bike,502.9,82.61,519.41,110.04,0.5622,,,,,0
297,2428,bike,437.74,89.72,453.64,116.63,0.3447,,,,,0
297,2166,car,9.35,218.64,63.21,357.11,0.3124,opposite_carriageway,3.84,-36.59,0.995,0
297,1243,bus,95.94,130.72,181.59,246.02,0.6749,opposite_carriageway,4.97,-9.0,0.875,0
297,2441,car,40.81,240.15,103.93,290.2,0.3412,,,,,0
298,14,car,1078.04,60.33,1197.89,149.58,0.7316,,,,,0
298,16,car,1184.29,62.79,1280.0,161.55,0.721,,,,,0
298,18,car,867.64,57.31,953.27,105.13,0.2591,,,,,0
298,22,bike,596.7,223.74,671.7,362.78,0.8993,main_carriageway,35.14,25.57,0.588,0
298,886,bike,342.7,101.9,359.31,130.9,0.7402,,,,,0
298,861,bike,364.6,209.58,418.46,313.56,0.8948,main_carriageway,12.03,17.56,0.825,0
298,1154,car,252.08,137.26,301.48,198.82,0.8344,,,,,0
298,27,bus,946.12,41.7,1034.88,106.79,0.7813,,,,,0
298,1361,car,525.22,117.36,605.62,184.05,0.9422,main_carriageway,8.5,4.33,0.454,0
298,1372,bike,369.42,129.31,396.67,180.16,0.8671,,,,,0
298,1200,bike,824.44,101.84,868.55,174.33,0.867,,,,,0
298,1620,car,462.12,104.0,520.44,160.32,0.9304,,,,,0
298,25,car,711.77,53.43,787.55,98.0,0.459,,,,,0
298,975,car,657.62,101.55,744.62,197.9,0.7551,main_carriageway,19.4,4.81,0.241,0
298,1790,car,850.01,79.11,1001.31,148.03,0.876,,,,,0
298,1900,car,566.67,88.71,631.57,146.27,0.8431,,,,,0
298,2072,car,303.35,121.46,357.85,176.4,0.909,,,,,0
298,2159,bike,269.71,83.35,293.59,121.03,0.2615,,,,,0
298,2253,bike,304.11,77.28,324.08,109.99,0.6175,,,,,0
298,2318,bike,525.03,92.81,549.03,128.64,0.6256,,,,,0
298,2283,bike,632.37,80.73,654.94,119.72,0.8172,,,,,0
298,2392,bike,503.13,82.35,519.67,109.87,0.5482,,,,,0
298,2428,bike,438.06,90.31,453.9,116.79,0.3426,,,,,0
298,2166,car,9.96,219.33,63.52,351.33,0.3162,opposite_carriageway,3.2,-31.48,0.995,0
298,1243,bus,97.95,136.97,178.89,245.71,0.6843,,,,,0
298,2441,car,41.16,239.83,104.15,289.67,0.3593,,,,,0
299,14,car,1077.84,60.37,1197.6,149.63,0.7328,,,,,0
299,16,car,1184.46,62.9,1280.0,161.71,0.7003,,,,,0
299,18,car,868.32,57.29,954.19,105.04,0.2727,,,,,0
299,22,bike,603.87,226.13,681.59,370.28,0.9064,main_carriageway,41.01,30.99,0.603,0
299,886,bike,342.61,102.21,359.59,131.8,0.7167,,,,,0
299,861,bike,367.76,211.77,423.4,319.29,0.9165,main_carriageway,15.05,21.97,0.825,0
299,1154,car,253.16,141.45,301.12,200.37,0.8421,,,,,0
299,27,bus,946.1,41.71,1035.28,107.68,0.7985,,,,,0
299,1361,car,527.77,119.15,607.37,185.29,0.9324,main_carriageway,9.97,5.02,0.45,0
299,1372,bike,370.23,129.66,397.94,181.16,0.869,main_carriageway,5.73,3.84,0.557,0
299,1200,bike,828.49,102.35,873.25,175.35,0.8763,,,,,0
299,1620,car,462.32,104.07,521.86,161.44,0.9258,,,,,0
299,25,car,711.09,53.48,787.01,98.03,0.49,,,,,0
299,975,car,659.55,99.41,749.52,199.45,0.7506,main_carriageway,20.06,5.87,0.281,0
299,1790,car,850.28,79.04,1000.97,148.3,0.8818,,,,,0
299,1900,car,566.3,88.94,631.95,147.04,0.8451,,,,,0
299,2072,car,304.29,122.35,358.53,177.23,0.9101,,,,,0
299,2159,bike,269.78,84.1,293.39,121.21,0.2296,,,,,0
299,2253,bike,304.24,77.61,324.08,110.33,0.659,,,,,0
299,2318,bike,526.21,93.33,549.93,129.35,0.5942,,,,,0
299,2283,bike,632.91,80.07,655.98,120.13,0.8344,,,,,0
299,2392,bike,503.22,81.64,520.2,109.94,0.3684,,,,,0
299,2428,bike,438.75,90.93,454.63,117.26,0.3318,,,,,0
299,2166,car,8.92,217.31,64.85,350.86,0.4472,opposite_carriageway,3.31,-30.89,0.994,0
299,1243,bus,98.0,138.86,177.64,245.5,0.61,,,,,0
299,2441,car,41.1,238.02,104.16,287.62,0.2572,opposite_carriageway,6.44,-11.97,0.881,0
300,14,car,1077.45,60.5,1196.74,149.48,0.6724,,,,,0
300,16,car,1184.48,62.64,1280.0,161.79,0.6883,,,,,0
300,18,car,867.99,57.4,953.57,104.86,0.253,,,,,0
300,22,bike,606.49,227.05,685.07,372.87,0.9027,main_carriageway,30.22,21.86,0.586,0
300,886,bike,342.66,102.68,359.59,132.08,0.7287,,,,,0
300,861,bike,368.91,212.64,425.08,321.23,0.9137,main_carriageway,11.04,16.72,0.834,0
300,1154,car,253.43,143.33,301.01,200.96,0.8486,,,,,0
300,27,bus,945.53,41.67,1034.63,107.91,0.7875,,,,,0
300,1361,car,528.75,119.77,607.79,185.62,0.9313,main_carriageway,7.16,3.68,0.457,0
300,1372,bike,370.52,129.92,398.39,181.49,0.8679,,,,,0
300,1200,bike,829.9,102.71,874.95,175.68,0.877,,,,,0
300,1620,car,462.34,104.04,522.45,161.89,0.927,,,,,0
300,25,car,709.98,53.15,786.88,98.15,0.4413,,,,,0
300,975,car,660.44,99.19,750.88,200.07,0.7717,main_carriageway,13.62,4.95,0.342,0
300,1790,car,850.94,78.95,1000.77,148.41,0.8866,,,,,0
300,1900,car,565.91,89.06,631.96,147.35,0.834,,,,,0
300,2072,car,304.97,123.14,358.55,177.52,0.9109,,,,,0
300,2159,bike,269.78,84.47,293.27,121.23,0.2258,,,,,0
300,2253,bike,304.38,78.15,323.89,110.48,0.6485,,,,,0
300,2318,bike,526.8,93.62,550.13,129.56,0.5837,,,,,0
300,2283,bike,633.04,79.62,656.35,120.26,0.8285,,,,,0
300,2392,bike,503.26,81.17,520.33,109.69,0.4081,,,,,0
300,2428,bike,439.03,91.24,454.93,117.39,0.3199,,,,,0
300,2166,car,8.3,217.1,65.54,349.86,0.4022,opposite_carriageway,2.3,-25.62,0.996,0
300,1243,bus,98.1,140.02,177.1,245.4,0.522,,,,,0
300,2441,car,41.28,238.02,103.55,286.7,0.3018,opposite_carriageway,4.77,-11.85,0.928,0
301,14,car,1077.62,60.55,1196.58,149.36,0.6704,,,,,0
301,16,car,1184.52,62.44,1280.0,161.76,0.6872,,,,,0
301,22,bike,622.62,232.86,704.96,385.93,0.9206,main_carriageway,43.04,30.48,0.578,0
301,886,bike,343.11,103.53,359.72,132.14,0.6198,,,,,0
301,861,bike,374.75,218.12,432.63,330.57,0.9039,main_carriageway,16.0,23.16,0.823,0
301,1154,car,253.53,144.86,301.79,202.52,0.8666,,,,,0
301,27,bus,945.25,41.61,1034.59,108.57,0.7826,,,,,0
301,1361,car,531.6,121.46,611.07,187.57,0.9251,main_carriageway,8.95,5.03,0.49,0
301,1372,bike,372.58,130.61,400.56,182.62,0.8265,,,,,0
301,1200,bike,837.34,103.16,883.84,177.89,0.8824,,,,,0
301,1620,car,463.78,104.74,524.87,163.21,0.9078,,,,,0
301,25,car,711.57,53.14,788.33,98.18,0.4209,,,,,0
301,975,car,666.48,99.6,757.92,202.08,0.7409,main_carriageway,17.34,6.4,0.346,0
301,1790,car,852.41,78.96,999.79,148.11,0.933,,,,,0
301,1900,car,568.08,90.1,634.97,148.65,0.8818,,,,,0
301,2072,car,305.93,124.34,359.65,178.91,0.8996,,,,,0
301,2159,bike,269.14,83.67,293.36,121.51,0.2542,,,,,0
301,2253,bike,304.43,78.44,323.84,110.76,0.6411,,,,,0
301,2318,bike,529.52,96.28,552.74,132.43,0.6164,,,,,0
301,2283,bike,633.89,77.62,658.49,120.84,0.8755,,,,,0
301,2392,bike,505.71,80.01,523.25,109.42,0.5471,,,,,0
301,2428,bike,439.88,90.99,456.38,118.03,0.3164,,,,,0
301,2166,car,11.46,225.91,63.69,340.16,0.4546,opposite_carriageway,2.59,-33.1,0.997,0
301,1243,bus,98.81,141.0,176.14,243.66,0.3275,,,,,0
301,2441,car,44.4,235.78,106.57,284.21,0.313,opposite_carriageway,7.36,-13.98,0.885,0
301,2509,bike,779.73,73.74,807.88,114.88,0.3181,,,,,0
302,14,car,1077.69,60.57,1196.48,149.31,0.6729,,,,,0
302,16,car,1184.61,62.35,1280.0,161.73,0.6859,,,,,0
302,22,bike,628.73,235.05,712.38,390.83,0.9205,main_carriageway,39.99,30.06,0.601,0
302,886,bike,343.24,103.85,359.8,132.15,0.6201,,,,,0
302,861,bike,377.02,220.18,435.38,334.08,0.9035,main_carriageway,15.69,22.16,0.816,0
302,1154,car,253.38,145.39,302.26,203.06,0.8665,,,,,0
302,27,bus,945.35,41.59,1034.38,108.82,0.7825,,,,,0
302,1361,car,532.59,122.09,612.27,188.29,0.9253,main_carriageway,7.84,4.64,0.51,0
302,1372,bike,373.36,130.87,401.32,183.02,0.8259,,,,,0
302,1200,bike,839.94,103.32,887.17,178.69,0.8821,,,,,0
302,1620,car,464.23,105.0,525.86,163.7,0.9079,,,,,0
302,25,car,712.24,53.14,788.82,98.18,0.4209,,,,,0
302,975,car,668.87,99.78,760.41,202.82,0.7393,main_carriageway,15.2,5.49,0.34,0
302,1790,car,853.43,78.96,998.95,147.99,0.9332,,,,,0
302,1900,car,568.77,90.49,636.21,149.09,0.8814,,,,,0
302,2072,car,306.28,124.79,360.02,179.41,0.8997,,,,,0
302,2159,bike,268.89,83.38,293.4,121.61,0.2554,,,,,0
302,2253,bike,304.47,78.56,323.79,110.86,0.6407,,,,,0
302,2318,bike,530.59,97.29,553.64,133.5,0.6168,,,,,0
302,2283,bike,634.26,76.87,659.23,121.07,0.874,,,,,0
302,2392,bike,506.65,79.57,524.31,109.31,0.5481,,,,,0
302,2428,bike,440.15,90.89,456.92,118.25,0.3168,,,,,0
302,2166,car,13.1,234.56,62.71,336.53,0.4638,opposite_carriageway,1.62,-20.58,0.997,0
302,1243,bus,98.95,141.39,175.88,243.09,0.3179,,,,,0
302,2441,car,45.47,235.02,107.74,283.36,0.3147,opposite_carriageway,4.23,-6.84,0.85,0
302,2509,bike,779.76,73.86,807.85,114.93,0.3183,,,,,0
303,14,car,1078.24,60.57,1196.75,149.25,0.6558,,,,,0
303,16,car,1184.78,62.35,1280.0,161.69,0.6895,,,,,0
303,22,bike,639.09,239.0,724.4,398.51,0.9097,main_carriageway,47.54,35.73,0.601,0
303,886,bike,343.64,103.66,360.41,132.17,0.6365,,,,,0
303,861,bike,381.4,223.87,440.58,339.08,0.917,main_carriageway,19.46,25.52,0.795,0
303,1154,car,253.83,146.32,303.34,204.0,0.8754,,,,,0
303,27,bus,946.24,41.58,1034.33,108.67,0.7868,,,,,0
303,1361,car,532.92,121.63,615.41,190.28,0.9187,main_carriageway,8.74,6.23,0.58,0
303,1372,bike,374.36,131.16,402.29,183.54,0.8498,main_carriageway,5.28,3.38,0.539,0
303,1200,bike,844.51,102.56,893.06,180.0,0.8996,main_carriageway,22.29,5.67,0.247,0
303,1620,car,464.9,105.35,527.68,165.08,0.8907,,,,,0
303,25,car,713.42,52.96,789.29,97.74,0.4688,,,,,0
303,975,car,672.91,99.64,764.95,203.95,0.719,main_carriageway,17.81,6.05,0.322,0
303,1790,car,854.54,79.04,997.69,147.8,0.9372,,,,,0
303,1900,car,570.0,90.5,638.58,149.77,0.8375,,,,,0
303,2072,car,306.58,125.14,360.87,180.37,0.8852,,,,,0
303,2159,bike,268.69,83.57,293.42,122.12,0.2504,,,,,0
303,2253,bike,304.55,78.66,323.86,111.06,0.5757,,,,,0
303,2318,bike,531.99,98.89,554.48,134.57,0.6054,,,,,0
303,2283,bike,634.64,76.32,660.17,121.78,0.8604,,,,,0
303,2392,bike,507.86,79.48,525.6,109.42,0.6469,,,,,0
303,2428,bike,440.32,90.95,457.29,118.59,0.3712,,,,,0
303,2166,car,13.93,237.05,64.04,334.53,0.6661,opposite_carriageway,2.24,-16.8,0.991,0
303,1243,bus,99.29,141.19,175.61,241.5,0.3812,,,,,0
303,2509,bike,780.02,73.93,807.93,114.72,0.339,,,,,0
303,2522,car,249.95,130.63,287.79,165.04,0.3384,,,,,0
304,14,car,1078.51,60.57,1196.8,149.23,0.6556,,,,,0
304,16,car,1184.92,62.35,1280.0,161.66,0.6893,,,,,0
304,22,bike,643.02,240.5,728.74,401.35,0.9096,main_carriageway,43.15,31.07,0.584,0
304,886,bike,343.77,103.58,360.65,132.16,0.6363,,,,,0
304,861,bike,383.0,225.24,442.54,340.9,0.917,main_carriageway,17.19,21.61,0.783,0
304,1154,car,253.83,146.64,303.9,204.32,0.8754,,,,,0
304,27,bus,946.79,41.58,1034.12,108.59,0.7869,,,,,0
304,1361,car,533.05,121.46,616.5,191.0,0.9191,main_carriageway,7.21,5.71,0.621,0
304,1372,bike,374.75,131.26,402.58,183.72,0.8498,,,,,0
304,1200,bike,846.14,102.27,895.2,180.47,0.8994,main_carriageway,19.8,5.12,0.25,0
304,1620,car,465.15,105.48,528.37,165.57,0.8906,,,,,0
304,25,car,713.95,52.9,789.39,97.58,0.4687,,,,,0
304,975,car,674.54,99.59,766.39,204.34,0.7189,main_carriageway,15.93,4.89,0.293,0
304,1790,car,855.45,79.08,996.76,147.73,0.9372,,,,,0
304,1900,car,570.34,90.49,639.54,150.01,0.8379,,,,,0
304,2072,car,306.69,125.28,361.15,180.71,0.8855,,,,,0
304,2159,bike,268.62,83.64,293.44,122.3,0.2483,,,,,0
304,2253,bike,304.6,78.69,323.87,111.12,0.5729,,,,,0
304,2318,bike,532.55,99.48,554.71,134.94,0.606,,,,,0
304,2283,bike,634.82,76.12,660.47,122.04,0.8604,,,,,0
304,2392,bike,508.31,79.46,526.06,109.46,0.647,,,,,0
304,2428,bike,440.35,90.96,457.42,118.71,0.3702,,,,,0
304,2166,car,13.43,238.06,65.12,333.95,0.6687,opposite_carriageway,2.39,-16.91,0.99,0
304,1243,bus,99.28,141.14,175.6,240.96,0.3778,,,,,0
304,2509,bike,780.1,73.96,807.95,114.66,0.3381,,,,,0
304,2522,car,249.85,130.67,287.88,165.29,0.3389,,,,,0
305,14,car,1078.73,60.55,1196.84,149.23,0.6484,,,,,0
305,16,car,1185.03,62.34,1280.0,161.65,0.6844,,,,,0
305,22,bike,652.76,241.98,742.31,410.57,0.9235,main_carriageway,51.76,37.7,0.589,0
305,886,bike,343.93,103.57,361.0,132.43,0.6276,,,,,0
305,861,bike,386.12,227.15,447.24,346.06,0.9206,main_carriageway,19.69,24.83,0.784,0
305,1154,car,254.29,147.72,304.7,205.12,0.8883,,,,,0
305,27,bus,947.33,41.63,1034.22,108.84,0.7705,,,,,0
305,1361,car,534.42,122.39,617.95,192.0,0.9372,main_carriageway,7.91,6.38,0.628,0
305,1372,bike,376.25,131.52,404.24,184.4,0.9003,main_carriageway,5.79,2.91,0.449,0
305,1200,bike,850.51,103.65,899.41,181.27,0.8753,main_carriageway,22.54,5.59,0.241,0
305,1620,car,465.46,105.45,529.52,166.47,0.8714,,,,,0
305,25,car,715.41,52.76,790.36,97.46,0.4142,,,,,0
305,975,car,677.9,98.51,771.69,206.38,0.7457,main_carriageway,19.13,6.31,0.313,0
305,1790,car,857.8,79.1,996.8,147.62,0.9381,,,,,0
305,1900,car,572.38,89.88,642.38,150.21,0.8386,,,,,0
305,2072,car,307.16,125.05,362.66,181.64,0.8443,,,,,0
305,2159,bike,268.54,83.94,293.44,122.66,0.2464,,,,,0
305,2253,bike,304.65,78.86,323.8,111.19,0.5193,,,,,0
305,2318,bike,533.54,99.95,555.18,134.82,0.5938,,,,,0
305,2283,bike,635.47,76.12,661.23,122.43,0.8661,,,,,0
305,2392,bike,509.19,78.93,526.88,108.85,0.6724,,,,,0
305,2428,bike,441.33,89.99,458.26,117.27,0.477,,,,,0
305,2166,car,13.61,239.63,66.31,333.18,0.4484,opposite_carriageway,3.04,-16.68,0.984,0
305,1243,bus,99.5,140.45,176.2,240.34,0.5273,,,,,0
305,2509,bike,780.29,74.33,807.86,114.59,0.3169,,,,,0
305,2522,car,249.83,130.61,287.88,165.36,0.4063,,,,,0
306,14,car,1078.84,60.53,1196.82,149.23,0.654,,,,,0
306,16,car,1185.13,62.33,1280.0,161.65,0.6851,,,,,0
306,22,bike,666.82,248.66,758.01,420.55,0.9216,main_carriageway,48.62,34.62,0.58,0
306,886,bike,344.15,103.63,361.25,132.53,0.6492,,,,,0
306,861,bike,390.87,228.65,455.19,353.31,0.9222,main_carriageway,19.34,22.74,0.762,0
306,1154,car,255.0,148.6,305.74,205.77,0.9135,,,,,0
306,27,bus,948.2,41.81,1034.41,109.0,0.7783,,,,,0
306,1361,car,535.92,122.47,621.11,193.43,0.9243,main_carriageway,7.18,5.86,0.632,0
306,1372,bike,377.93,131.69,406.05,184.91,0.9085,,,,,0
306,1200,bike,856.13,104.88,905.19,182.35,0.8914,main_carriageway,20.07,4.46,0.217,0
306,1620,car,465.65,105.32,530.83,167.66,0.859,,,,,0
306,25,car,715.76,52.73,790.09,97.25,0.38,,,,,0
306,975,car,683.76,103.18,774.92,208.46,0.8109,main_carriageway,17.14,6.38,0.349,0
306,1790,car,857.71,79.04,994.76,147.52,0.9302,,,,,0
306,1900,car,573.94,89.42,645.5,151.27,0.7502,,,,,0
306,2072,car,311.74,133.6,360.96,182.46,0.751,,,,,0
306,2253,bike,304.68,78.94,323.76,111.24,0.4707,,,,,0
306,2318,bike,534.45,99.28,556.47,135.01,0.5909,,,,,0
306,2283,bike,636.78,77.12,662.16,122.64,0.8845,,,,,0
306,2392,bike,510.11,78.59,527.99,108.94,0.6061,,,,,0
306,2428,bike,441.33,88.86,458.74,116.74,0.413,,,,,0
306,2166,car,12.67,237.52,68.76,333.15,0.5455,opposite_carriageway,3.14,-7.01,0.913,0
306,1243,bus,99.94,140.24,176.4,239.52,0.4389,,,,,0
306,2509,bike,780.51,74.57,807.8,114.41,0.267,,,,,0
306,2522,car,250.18,130.67,287.34,164.7,0.4576,,,,,0
307,14,car,1078.87,60.5,1196.76,149.24,0.663,,,,,0
307,16,car,1185.2,62.32,1280.0,161.64,0.6851,,,,,0
307,22,bike,681.95,255.67,775.7,432.46,0.917,main_carriageway,58.27,41.63,0.581,0
307,886,bike,344.44,103.88,361.48,132.67,0.7127,,,,,0
307,861,bike,396.68,233.99,462.75,361.65,0.8961,main_carriageway,23.52,27.57,0.761,0
307,1154,car,255.54,149.83,306.72,206.89,0.9167,,,,,0
307,27,bus,948.54,41.81,1034.26,109.04,0.768,,,,,0
307,1361,car,538.33,124.26,623.17,194.84,0.9237,main_carriageway,8.32,6.55,0.619,0
307,1372,bike,379.07,131.86,407.66,186.1,0.8846,main_carriageway,6.02,3.08,0.455,0
307,1200,bike,862.75,107.43,911.37,183.91,0.8814,main_carriageway,23.5,5.22,0.217,0
307,1620,car,466.12,105.48,532.14,168.8,0.8735,,,,,0
307,25,car,714.95,52.79,789.27,97.43,0.3684,,,,,0
307,975,car,690.06,109.9,777.37,210.67,0.8721,main_carriageway,19.07,7.85,0.381,0
307,1790,car,858.5,79.03,994.33,147.95,0.9291,,,,,0
307,1900,car,575.41,89.45,648.57,152.98,0.8225,,,,,0
307,2072,car,309.12,129.28,363.87,183.72,0.8534,,,,,0
307,2253,bike,304.66,79.48,323.56,111.45,0.6038,,,,,0
307,2318,bike,535.24,97.29,558.76,135.83,0.6636,,,,,0
307,2283,bike,637.94,77.59,663.63,123.54,0.8643,,,,,0
307,2392,bike,510.84,76.97,529.59,109.08,0.6715,,,,,0
307,2428,bike,442.18,88.49,460.09,116.71,0.399,,,,,0
307,2166,car,11.91,236.43,71.52,334.83,0.3343,,,,,0
307,1243,bus,98.69,140.58,175.42,239.52,0.3461,,,,,0
307,2509,bike,780.96,74.66,807.76,113.8,0.2268,,,,,0
307,2522,car,249.74,131.16,286.6,165.06,0.5118,,,,,0
307,2441,car,51.52,229.73,114.6,278.79,0.2836,opposite_carriageway,10.4,-10.88,0.723,0
307,2159,bike,268.35,87.22,292.2,124.09,0.2588,,,,,0
308,14,car,1078.81,60.51,1196.61,149.25,0.6661,,,,,0
308,16,car,1185.27,62.32,1280.0,161.62,0.6889,,,,,0
308,22,bike,687.61,258.32,782.29,436.94,0.9176,main_carriageway,53.21,38.43,0.586,0
308,886,bike,344.55,103.95,361.56,132.7,0.7146,,,,,0
308,861,bike,398.8,236.04,465.62,364.78,0.8959,main_carriageway,21.22,25.7,0.771,0
308,1154,car,255.59,150.33,307.14,207.28,0.9175,,,,,0
308,27,bus,948.79,41.79,1034.05,109.04,0.7701,,,,,0
308,1361,car,539.22,124.99,623.9,195.35,0.9245,main_carriageway,7.39,5.07,0.565,0
308,1372,bike,379.48,131.91,408.2,186.51,0.8838,main_carriageway,5.51,2.97,0.474,0
308,1200,bike,865.01,108.24,913.6,184.45,0.8814,main_carriageway,20.52,4.45,0.212,0
308,1620,car,466.36,105.53,532.58,169.22,0.8722,,,,,0
308,25,car,714.73,52.85,788.92,97.52,0.3623,,,,,0
308,975,car,692.27,112.5,778.08,211.48,0.8714,main_carriageway,16.24,7.53,0.421,0
308,1790,car,859.42,79.04,993.61,148.09,0.9254,,,,,0
308,1900,car,576.02,89.46,649.6,153.64,0.8262,,,,,0
308,2072,car,308.52,128.32,364.63,184.12,0.8529,,,,,0
308,2253,bike,304.64,79.69,323.47,111.53,0.6012,,,,,0
308,2318,bike,535.58,96.54,559.53,136.14,0.6565,,,,,0
308,2283,bike,638.42,77.89,664.18,123.86,0.8639,,,,,0
308,2392,bike,511.19,76.46,530.12,109.16,0.6905,,,,,0
308,2428,bike,442.38,88.35,460.64,116.71,0.3943,,,,,0
308,2166,car,11.28,236.85,72.73,335.28,0.3903,,,,,0
308,1243,bus,98.1,140.52,175.38,239.61,0.3535,,,,,0
308,2509,bike,781.13,74.72,807.73,113.58,0.226,,,,,0
308,2522,car,249.82,131.39,286.28,165.05,0.5156,,,,,0
308,2441,car,51.73,229.19,115.07,278.55,0.2861,opposite_carriageway,10.77,-9.07,0.644,0
308,2159,bike,268.43,86.62,292.82,124.25,0.2556,,,,,0
309,14,car,1078.8,60.48,1196.58,149.26,0.6547,,,,,0
309,16,car,1185.31,62.28,1280.0,161.63,0.69,,,,,0
309,22,bike,698.75,262.41,797.23,448.41,0.8862,main_carriageway,62.11,47.06,0.604,0
309,886,bike,344.81,104.2,362.13,133.35,0.7287,,,,,0
309,861,bike,403.62,239.48,472.04,371.22,0.9228,main_carriageway,25.06,30.32,0.771,0
309,1154,car,255.53,150.39,308.17,207.91,0.9047,,,,,0
309,27,bus,949.05,41.77,1033.85,109.0,0.7628,,,,,0
309,1361,car,541.45,125.47,626.97,196.49,0.9218,main_carriageway,9.44,5.49,0.503,0
309,1372,bike,380.28,131.74,409.18,186.74,0.8544,main_carriageway,6.07,3.02,0.446,0
309,1200,bike,870.82,108.84,919.56,185.29,0.8727,main_carriageway,24.52,4.82,0.193,0
309,1620,car,466.81,105.2,533.82,169.81,0.861,,,,,0
309,25,car,714.21,52.83,788.48,97.67,0.2974,,,,,0
309,975,car,695.98,111.65,783.78,213.27,0.7867,main_carriageway,19.42,8.93,0.418,0
309,1790,car,860.28,78.99,992.16,147.66,0.8529,,,,,0
309,1900,car,577.5,89.12,650.89,153.4,0.8439,,,,,0
309,2072,car,309.38,128.52,366.37,185.05,0.8681,,,,,0
309,2253,bike,304.63,79.69,323.44,111.51,0.6213,,,,,0
309,2318,bike,536.03,95.52,561.03,137.29,0.7441,,,,,0
309,2283,bike,639.62,78.89,665.09,124.25,0.79,,,,,0
309,2392,bike,512.17,75.83,531.31,109.17,0.7348,,,,,0
309,2428,bike,442.94,89.04,461.08,116.65,0.3602,,,,,0
309,2166,car,10.02,232.56,73.63,331.91,0.4868,,,,,0
309,1243,bus,100.62,141.37,176.4,238.39,0.2793,,,,,0
309,2522,car,250.19,131.75,285.72,164.58,0.4965,,,,,0
309,2159,bike,268.42,86.46,293.03,124.4,0.255,,,,,0
310,14,car,1077.98,60.49,1195.96,149.36,0.6212,,,,,0
310,16,car,1185.71,63.29,1280.0,161.36,0.7657,,,,,0
310,22,bike,715.38,270.39,816.08,460.64,0.921,main_carriageway,68.2,50.07,0.592,0
310,886,bike,345.41,105.35,362.45,133.84,0.7367,,,,,0
310,861,bike,408.53,243.41,479.94,381.68,0.9025,main_carriageway,27.56,35.62,0.791,0
310,1154,car,256.66,151.92,310.32,210.08,0.899,main_carriageway,4.0,4.96,0.779,0
310,27,bus,951.37,42.08,1034.93,109.05,0.6961,,,,,0
310,1361,car,543.78,126.06,630.89,198.65,0.9259,main_carriageway,11.15,6.65,0.512,0
310,1372,bike,381.52,132.02,411.13,188.52,0.8093,main_carriageway,6.08,4.12,0.561,0
310,1200,bike,876.53,108.83,926.28,186.79,0.8884,main_carriageway,26.44,5.52,0.204,0
310,1620,car,467.6,105.12,535.22,170.45,0.8794,,,,,0
310,25,car,708.31,50.51,787.69,98.53,0.3826,,,,,0
310,975,car,702.58,116.2,787.89,214.85,0.7709,main_carriageway,20.44,8.47,0.383,0
310,1790,car,855.18,79.08,985.75,147.41,0.9005,,,,,0
310,1900,car,579.54,89.09,652.93,153.43,0.869,,,,,0
310,2072,car,312.1,131.77,367.36,186.08,0.8926,main_carriageway,4.82,4.44,0.678,0
310,2253,bike,304.84,80.66,323.34,111.83,0.4801,,,,,0
310,2318,bike,537.27,95.39,562.65,138.54,0.8277,,,,,0
310,2283,bike,640.29,78.59,666.23,124.84,0.7622,,,,,0
310,2392,bike,514.35,77.79,532.64,109.71,0.7199,,,,,0
310,2166,car,9.61,228.87,75.46,329.52,0.5211,,,,,0
310,1243,bus,101.01,139.28,177.17,236.18,0.4867,,,,,0
310,2522,car,249.93,130.5,284.84,162.78,0.4465,,,,,0
311,14,car,1077.89,60.5,1195.88,149.37,0.6222,,,,,0
311,16,car,1185.85,63.7,1279.74,161.25,0.7688,,,,,0
311,22,bike,721.66,273.43,823.16,465.22,0.9208,main_carriageway,60.0,44.67,0.597,0
311,886,bike,345.6,105.79,362.6,134.02,0.737,,,,,0
311,861,bike,410.46,244.88,482.79,385.59,0.903,main_carriageway,23.6,32.28,0.807,0
311,1154,car,256.95,152.49,311.21,210.87,0.8998,main_carriageway,3.71,5.1,0.809,0
311,27,bus,952.48,42.2,1035.09,109.07,0.6991,,,,,0
311,1361,car,544.7,126.26,632.25,199.46,0.925,main_carriageway,9.96,6.03,0.518,0
311,1372,bike,381.96,132.05,411.82,189.17,0.8092,main_carriageway,4.9,4.26,0.656,0
311,1200,bike,878.52,108.8,928.7,187.34,0.8889,main_carriageway,22.95,4.99,0.212,0
311,1620,car,467.92,105.09,535.65,170.67,0.8792,,,,,0
311,25,car,706.19,49.65,787.34,98.84,0.3844,,,,,0
311,975,car,704.94,117.93,789.3,215.37,0.7748,main_carriageway,17.78,6.91,0.362,0
311,1790,car,853.39,79.1,983.16,147.32,0.8994,,,,,0
311,1900,car,580.32,89.08,653.64,153.41,0.8697,,,,,0
311,2072,car,312.97,132.94,367.84,186.44,0.8919,,,,,0
311,2253,bike,305.0,81.31,323.25,111.95,0.4747,,,,,0
311,2318,bike,537.87,95.31,563.16,139.01,0.83,,,,,0
311,2283,bike,640.52,78.45,666.62,125.04,0.7613,,,,,0
311,2392,bike,515.19,78.59,533.1,109.9,0.7217,,,,,0
311,2166,car,9.13,227.57,76.45,328.47,0.5211,,,,,0
311,1243,bus,98.23,129.35,180.71,235.33,0.4973,,,,,0
311,2522,car,249.93,130.06,284.55,162.1,0.4419,,,,,0
311,2589,bike,555.68,82.64,574.77,116.34,0.3532,,,,,0
312,14,car,1077.98,60.52,1195.91,149.35,0.5992,,,,,0
312,16,car,1185.87,63.84,1279.67,161.21,0.7707,,,,,0
312,22,bike,735.84,280.12,840.94,478.8,0.8897,main_carriageway,59.57,46.34,0.614,0
312,886,bike,345.92,105.92,363.05,134.29,0.7578,,,,,0
312,861,bike,415.58,248.64,489.56,393.0,0.9043,main_carriageway,22.85,31.35,0.808,0
312,1154,car,257.37,153.57,312.97,212.85,0.9019,main_carriageway,4.04,5.96,0.828,0
312,27,bus,953.22,42.29,1035.04,109.15,0.6981,,,,,0
312,1361,car,545.19,125.73,634.81,201.06,0.9247,main_carriageway,9.25,6.22,0.558,0
312,1372,bike,383.01,132.31,413.29,190.42,0.8251,main_carriageway,4.78,4.32,0.67,0
312,1200,bike,883.18,108.91,934.6,189.29,0.9158,main_carriageway,21.83,5.38,0.239,0
312,1620,car,468.24,105.86,536.2,171.69,0.9129,,,,,0
312,25,car,705.32,49.23,787.61,99.19,0.4277,,,,,0
312,975,car,709.83,117.11,797.21,218.06,0.6718,main_carriageway,19.81,7.39,0.35,0
312,1790,car,849.8,79.17,981.04,148.52,0.9265,,,,,0
312,1900,car,581.26,89.11,655.17,154.05,0.8618,,,,,0
312,2072,car,314.33,135.06,368.59,187.33,0.9191,main_carriageway,4.96,3.61,0.588,0
312,2253,bike,304.94,82.18,322.88,112.12,0.4718,,,,,0
312,2318,bike,539.43,97.1,563.36,139.1,0.8298,,,,,0
312,2283,bike,640.81,78.96,666.66,125.23,0.7397,,,,,0
312,2392,bike,516.4,80.64,533.74,110.93,0.7458,,,,,0
312,2166,car,10.97,234.77,76.32,329.88,0.4593,,,,,0
312,1243,bus,100.3,134.64,178.52,234.32,0.5021,,,,,0
312,2522,car,249.67,130.92,285.09,163.76,0.4457,,,,,0
312,2589,bike,556.67,82.84,576.0,116.99,0.3742,,,,,0
312,2615,car,853.59,92.07,918.56,151.49,0.6232,,,,,0
312,2159,bike,267.95,89.59,291.92,126.42,0.2689,,,,,0
313,14,car,1077.88,60.5,1195.88,149.37,0.6262,,,,,0
313,16,car,1185.81,63.87,1279.66,161.23,0.7808,,,,,0
313,22,bike,753.09,286.59,865.53,499.36,0.8978,main_carriageway,74.36,62.42,0.643,0
313,886,bike,346.39,105.98,363.56,134.32,0.7721,,,,,0
313,861,bike,422.56,254.39,498.22,402.39,0.9229,main_carriageway,28.18,37.61,0.8,0
313,1154,car,258.09,154.58,314.72,214.35,0.9185,main_carriageway,5.04,7.07,0.814,0
313,27,bus,953.22,42.3,1034.65,109.37,0.6814,,,,,0
313,1361,car,546.72,125.14,638.5,202.61,0.9284,main_carriageway,11.05,7.26,0.549,0
313,1372,bike,384.22,132.63,414.8,191.6,0.8437,main_carriageway,5.67,5.09,0.668,0
313,1200,bike,887.73,108.43,940.37,190.65,0.9246,main_carriageway,24.74,6.2,0.243,0
313,1620,car,468.32,106.34,537.09,173.01,0.9202,,,,,0
313,25,car,704.93,49.18,787.81,99.61,0.4446,,,,,0
313,975,car,716.62,118.58,804.61,220.12,0.8194,main_carriageway,25.44,8.64,0.322,0
313,1790,car,847.47,79.83,980.96,150.96,0.9285,,,,,0
313,1900,car,582.43,89.25,657.69,155.52,0.7993,,,,,0
313,2072,car,314.65,135.5,369.99,188.26,0.9262,main_carriageway,5.75,4.14,0.585,0
313,2253,bike,304.92,82.44,322.85,112.19,0.4361,,,,,0
313,2318,bike,541.17,99.79,563.89,140.2,0.8325,,,,,0
313,2283,bike,642.29,78.98,668.25,125.6,0.7073,,,,,0
313,2392,bike,517.42,81.28,534.72,111.67,0.7924,,,,,0
313,2166,car,10.78,232.52,78.19,328.75,0.3244,opposite_carriageway,2.48,-6.53,0.935,0
313,1243,bus,102.43,136.01,177.25,230.68,0.5848,opposite_carriageway,3.1,-8.93,0.945,0
313,2522,car,249.45,131.43,285.06,164.4,0.5152,,,,,0
313,2589,bike,557.41,82.54,577.15,117.39,0.4068,,,,,0
313,2619,bike,469.83,82.11,489.65,110.85,0.3947,,,,,0
313,2159,bike,267.87,90.06,291.79,126.67,0.2591,,,,,0
314,14,car,1077.83,60.49,1195.87,149.38,0.6277,,,,,0
314,16,car,1185.76,63.86,1279.68,161.23,0.7809,,,,,0
314,22,bike,759.58,289.02,874.81,507.25,0.8978,main_carriageway,69.2,58.84,0.648,0
314,886,bike,346.57,106.01,363.75,134.32,0.7651,,,,,0
314,861,bike,425.21,256.5,501.43,405.9,0.9229,main_carriageway,25.49,34.68,0.806,0
314,1154,car,258.24,154.97,315.52,214.9,0.9174,main_carriageway,5.03,6.99,0.812,0
314,27,bus,953.3,42.29,1034.29,109.47,0.6745,,,,,0
314,1361,car,547.41,124.97,639.73,203.18,0.9279,main_carriageway,9.36,6.69,0.581,0
314,1372,bike,384.7,132.76,415.3,192.06,0.843,main_carriageway,5.27,5.32,0.71,0
314,1200,bike,889.31,108.23,942.45,191.14,0.9244,main_carriageway,20.69,5.85,0.272,0
314,1620,car,468.36,106.52,537.38,173.48,0.9203,,,,,0
314,25,car,704.84,49.16,787.86,99.77,0.4449,,,,,0
314,975,car,719.04,119.1,807.3,220.86,0.8257,main_carriageway,23.29,7.59,0.31,0
314,1790,car,846.91,80.04,980.68,151.87,0.9286,,,,,0
314,1900,car,582.63,89.02,658.19,155.71,0.7978,,,,,0
314,2072,car,314.76,135.98,370.48,188.56,0.9273,,,,,0
314,2253,bike,304.89,82.55,322.84,112.21,0.4383,,,,,0
314,2318,bike,541.86,100.79,563.96,140.56,0.8325,,,,,0
314,2283,bike,642.82,78.93,668.8,125.71,0.7065,,,,,0
314,2392,bike,517.79,81.51,535.03,111.91,0.7939,,,,,0
314,2166,car,10.27,231.74,79.19,328.44,0.3304,,,,,0
314,1243,bus,103.06,136.52,176.92,229.39,0.5885,opposite_carriageway,1.48,-9.0,0.987,0
314,2522,car,249.38,131.64,285.08,164.64,0.5212,,,,,0
314,2589,bike,557.62,82.44,577.49,117.48,0.4102,,,,,0
314,2619,bike,469.83,81.97,489.78,110.94,0.3971,,,,,0
314,2159,bike,267.82,90.24,291.75,126.76,0.2544,,,,,0
314,2627,car,309.25,113.04,341.35,145.22,0.3127,,,,,0
315,14,car,1077.73,60.43,1195.88,149.39,0.6504,,,,,0
315,16,car,1184.85,62.75,1279.16,160.32,0.7939,,,,,0
315,22,bike,776.88,296.53,895.24,521.19,0.9126,main_carriageway,70.33,60.55,0.652,0
315,886,bike,346.9,106.1,364.05,134.34,0.7507,,,,,0
315,861,bike,431.48,262.09,510.0,415.9,0.9164,main_carriageway,26.5,34.22,0.791,0
315,1154,car,258.16,154.88,316.78,215.92,0.9169,main_carriageway,3.98,5.84,0.826,0
315,27,bus,953.31,42.25,1034.0,109.62,0.6942,,,,,0
315,1361,car,548.42,125.44,642.01,205.02,0.917,main_carriageway,7.88,6.37,0.629,0
315,1372,bike,386.0,133.04,416.56,192.57,0.8428,main_carriageway,4.95,4.05,0.633,0
315,1200,bike,894.59,109.28,948.15,192.81,0.8696,main_carriageway,19.97,6.02,0.289,0
315,1620,car,468.96,107.34,538.39,174.63,0.9253,,,,,0
315,25,car,704.63,49.05,787.94,99.93,0.5397,,,,,0
315,975,car,723.35,119.38,813.32,222.89,0.5611,main_carriageway,23.1,8.04,0.329,0
315,1790,car,846.37,80.06,980.79,153.02,0.9232,,,,,0
315,1900,car,583.65,89.48,660.01,157.03,0.8346,,,,,0
315,2072,car,315.08,136.91,371.29,189.38,0.9212,,,,,0
315,2253,bike,304.87,82.91,322.85,112.4,0.3733,,,,,0
315,2318,bike,542.88,101.9,564.8,141.52,0.7926,,,,,0
315,2283,bike,643.08,78.27,669.52,125.97,0.7395,,,,,0
315,2392,bike,518.66,81.63,535.88,112.08,0.724,,,,,0
315,1243,bus,103.15,136.39,177.34,229.33,0.687,opposite_carriageway,1.16,-6.85,0.986,0
315,2522,car,249.39,131.77,284.8,164.45,0.5379,,,,,0
315,2589,bike,558.65,82.43,578.59,117.53,0.4156,,,,,0
315,2619,bike,470.28,82.55,489.98,111.21,0.3842,,,,,0
315,2159,bike,267.53,90.41,291.79,127.38,0.2883,,,,,0
315,2627,car,310.8,114.26,341.69,145.22,0.3226,,,,,0
316,14,car,1077.71,60.4,1195.93,149.39,0.6531,,,,,0
316,16,car,1184.45,62.3,1279.04,159.99,0.7966,,,,,0
316,22,bike,798.98,305.88,923.69,542.72,0.9071,main_carriageway,88.93,77.5,0.657,0
316,886,bike,347.56,106.27,364.62,134.35,0.7295,,,,,0
316,861,bike,438.14,268.14,519.92,427.82,0.9044,main_carriageway,32.4,42.23,0.793,0
316,1154,car,258.74,155.37,318.1,216.89,0.9073,main_carriageway,4.34,6.02,0.811,0
316,27,bus,953.56,42.26,1033.87,109.77,0.714,,,,,0
316,1361,car,551.49,128.73,644.0,207.32,0.8827,main_carriageway,9.27,7.86,0.647,0
316,1372,bike,387.78,133.23,418.39,193.14,0.8131,main_carriageway,6.19,3.97,0.54,0
316,1200,bike,900.5,109.58,955.25,195.11,0.8809,main_carriageway,24.26,7.77,0.305,0
316,1620,car,470.48,108.39,540.11,175.8,0.9202,,,,,0
316,25,car,704.44,49.08,787.67,100.04,0.5166,,,,,0
316,975,car,728.23,118.39,821.21,225.41,0.7026,main_carriageway,27.6,10.04,0.342,0
316,1790,car,845.28,79.58,981.2,154.49,0.9365,,,,,0
316,1900,car,585.27,90.53,661.5,158.3,0.7384,,,,,0
316,2072,car,315.36,138.02,372.15,190.38,0.901,,,,,0
316,2253,bike,304.97,83.55,322.93,112.73,0.3179,,,,,0
316,2318,bike,543.94,101.86,566.45,142.64,0.8114,,,,,0
316,2283,bike,643.7,79.54,670.09,127.07,0.7187,,,,,0
316,2392,bike,519.33,81.15,536.43,111.48,0.4669,,,,,0
316,1243,bus,103.95,136.94,177.63,229.06,0.7129,opposite_carriageway,1.32,-6.27,0.979,0
316,2522,car,249.13,131.29,284.76,164.18,0.555,,,,,0
316,2589,bike,560.25,82.47,580.24,117.63,0.4691,,,,,0
316,2619,bike,470.7,82.52,490.42,111.32,0.4021,,,,,0
316,2159,bike,267.49,90.95,291.87,128.08,0.292,,,,,0
316,2627,car,311.82,115.32,341.56,145.07,0.4337,,,,,0
316,2428,bike,445.96,89.16,464.61,117.45,0.3083,,,,,0
317,14,car,1077.71,60.38,1195.96,149.4,0.6531,,,,,0
317,16,car,1184.26,62.13,1279.05,159.86,0.7966,,,,,0
317,22,bike,807.39,309.39,934.46,550.84,0.9073,main_carriageway,82.53,72.04,0.658,0
317,886,bike,347.78,106.32,364.82,134.35,0.731,,,,,0
317,861,bike,440.54,270.41,523.72,432.37,0.9045,main_carriageway,29.56,39.37,0.8,0
317,1154,car,258.91,155.53,318.65,217.2,0.9068,,,,,0
317,27,bus,953.77,42.27,1033.66,109.84,0.7138,,,,,0
317,1361,car,552.64,130.04,644.64,208.14,0.8829,main_carriageway,8.64,7.08,0.634,0
317,1372,bike,388.45,133.28,419.0,193.33,0.8137,main_carriageway,5.58,2.91,0.463,0
317,1200,bike,902.68,109.7,957.78,195.95,0.8812,main_carriageway,21.34,6.66,0.298,0
317,1620,car,471.04,108.79,540.76,176.21,0.9197,,,,,0
317,25,car,704.46,49.1,787.51,100.07,0.5153,,,,,0
317,975,car,729.96,117.9,824.08,226.3,0.7008,main_carriageway,23.5,8.24,0.331,0
317,1790,car,845.47,79.39,980.79,155.01,0.936,,,,,0
317,1900,car,585.95,90.93,661.9,158.75,0.7297,,,,,0
317,2072,car,315.21,138.31,372.66,190.7,0.9016,,,,,0
317,2253,bike,304.98,83.79,323.02,112.86,0.3056,,,,,0
317,2318,bike,544.31,101.84,567.02,143.1,0.8114,,,,,0
317,2283,bike,643.92,80.1,670.25,127.46,0.7213,,,,,0
317,2392,bike,519.56,80.94,536.59,111.22,0.4669,,,,,0
317,1243,bus,104.08,137.1,177.75,229.0,0.713,,,,,0
317,2522,car,249.01,131.05,284.77,164.09,0.5565,,,,,0
317,2589,bike,560.76,82.48,580.78,117.66,0.4686,,,,,0
317,2619,bike,470.88,82.53,490.54,111.35,0.4049,,,,,0
317,2159,bike,267.48,91.14,291.93,128.34,0.2858,,,,,0
317,2627,car,312.05,115.64,341.53,145.04,0.428,,,,,0
317,2649,car,614.27,114.67,661.9,158.71,0.3938,,,,,0
317,2428,bike,446.05,89.17,464.79,117.53,0.3156,,,,,0
318,14,car,1078.38,60.51,1197.04,150.22,0.6724,,,,,0
318,16,car,1184.18,62.06,1279.11,159.8,0.8065,,,,,0
318,22,bike,826.81,318.79,959.02,570.13,0.8684,main_carriageway,83.61,70.77,0.646,0
318,886,bike,348.18,106.3,365.55,134.92,0.7451,,,,,0
318,861,bike,448.66,276.91,534.6,443.99,0.9091,main_carriageway,31.24,41.6,0.8,0
318,1154,car,259.66,155.58,320.56,218.12,0.9125,,,,,0
318,27,bus,953.83,42.29,1033.36,109.92,0.6869,,,,,0
318,1361,car,554.66,131.29,646.85,209.43,0.8826,main_carriageway,8.14,6.82,0.642,0
318,1372,bike,390.21,134.03,420.66,193.92,0.88,main_carriageway,5.93,2.32,0.365,0
318,1200,bike,908.22,109.09,964.03,196.87,0.9121,main_carriageway,22.08,6.22,0.271,0
318,1620,car,472.74,109.81,542.26,176.64,0.9001,,,,,0
318,25,car,704.49,49.0,787.45,100.03,0.5715,,,,,0
318,975,rickshaw,733.26,117.36,830.1,229.13,0.6672,main_carriageway,21.07,9.01,0.393,0
318,1790,car,846.24,79.19,980.68,155.41,0.9237,,,,,0
318,1900,car,587.98,91.69,663.67,159.19,0.8387,,,,,0
318,2072,car,314.88,138.22,373.77,191.38,0.8852,,,,,0
318,2253,rickshaw,304.6,83.67,323.1,113.21,0.2622,,,,,0
318,2318,bike,545.69,101.64,568.77,143.67,0.7611,,,,,0
318,2283,bike,645.11,79.96,671.68,127.85,0.6165,,,,,0
318,2392,bike,520.58,80.81,537.75,111.42,0.3271,,,,,0
318,1243,bus,103.68,137.68,176.9,228.64,0.5351,,,,,0
318,2522,car,248.69,130.94,284.7,164.29,0.5851,,,,,0
318,2619,bike,471.32,82.56,490.81,111.27,0.2473,,,,,0
318,2159,bike,267.3,91.06,291.95,128.51,0.319,,,,,0
318,2627,car,310.65,115.75,341.52,146.43,0.505,,,,,0
318,2428,bike,447.32,89.83,466.19,117.73,0.2767,,,,,0
319,14,car,1078.79,60.54,1197.36,150.55,0.7028,,,,,0
319,16,car,1184.12,62.07,1279.15,159.78,0.8116,,,,,0
319,22,bike,851.35,330.47,989.86,593.58,0.8864,main_carriageway,103.41,86.33,0.641,0
319,886,bike,348.21,106.21,365.93,135.49,0.7656,,,,,0
319,861,bike,457.86,285.16,546.57,457.88,0.9183,main_carriageway,38.9,51.98,0.801,0
319,1154,car,260.48,156.56,322.42,219.97,0.9268,main_carriageway,4.57,5.07,0.743,0
319,27,bus,953.78,42.27,1032.93,109.87,0.6973,,,,,0
319,1361,car,557.48,133.36,649.6,211.12,0.8865,main_carriageway,9.97,7.94,0.623,0
319,1372,bike,391.21,134.25,422.08,195.1,0.9085,main_carriageway,6.64,3.04,0.416,0
319,1200,bike,913.74,109.21,970.54,198.9,0.9021,main_carriageway,26.26,7.76,0.283,0
319,1620,car,473.57,110.63,543.43,177.46,0.8908,,,,,0
319,25,car,704.73,48.87,787.57,99.89,0.5735,,,,,0
319,975,car,739.1,117.11,837.89,231.36,0.7932,main_carriageway,25.33,10.5,0.383,0
319,1790,car,846.93,79.11,980.37,156.04,0.8948,,,,,0
319,1900,car,589.89,94.11,664.66,160.53,0.8171,,,,,0
319,2072,car,316.58,139.82,376.25,192.99,0.797,,,,,0
319,2253,rickshaw,304.23,83.61,323.25,113.78,0.3003,,,,,0
319,2318,bike,547.28,100.84,571.19,144.77,0.682,,,,,0
319,2283,bike,646.44,79.86,673.02,127.81,0.5992,,,,,0
319,2392,bike,522.3,81.85,539.18,112.01,0.4682,,,,,0
319,1243,bus,104.0,137.6,176.97,228.02,0.6149,,,,,0
319,2522,car,249.58,132.09,285.19,164.94,0.5947,,,,,0
319,2619,bike,472.04,83.69,490.93,111.66,0.2458,,,,,0
319,2159,bike,267.03,91.2,292.06,129.2,0.3209,,,,,0
319,2627,car,309.95,115.9,342.0,147.66,0.4682,,,,,0
319,2428,bike,448.33,90.39,467.33,118.1,0.264,,,,,0
320,14,car,1079.08,60.55,1197.35,150.67,0.7028,,,,,0
320,16,car,1184.07,62.08,1279.2,159.77,0.8117,,,,,0
320,22,bike,860.64,334.87,1001.68,602.62,0.883,main_carriageway,95.1,81.43,0.65,0
320,886,bike,348.21,106.16,366.05,135.72,0.7702,,,,,0
320,861,bike,461.35,288.25,551.04,463.14,0.9184,main_carriageway,35.45,47.24,0.8,0
320,1154,car,260.72,156.91,323.16,220.63,0.9267,main_carriageway,4.47,4.71,0.725,0
320,27,bus,953.86,42.26,1032.67,109.85,0.6996,,,,,0
320,1361,car,558.43,134.17,650.64,211.72,0.8856,main_carriageway,9.32,6.7,0.584,0
320,1372,bike,391.56,134.32,422.57,195.56,0.9082,main_carriageway,5.79,2.99,0.459,0
320,1200,bike,915.78,109.25,972.83,199.66,0.9019,main_carriageway,22.94,6.85,0.286,0
320,1620,car,473.92,110.95,544.23,177.89,0.8898,,,,,0
320,25,car,704.88,48.82,787.6,99.83,0.5723,,,,,0
320,975,car,741.31,116.98,840.71,232.16,0.7882,main_carriageway,22.67,9.27,0.378,0
320,1790,car,847.8,79.08,979.68,156.28,0.8944,,,,,0
320,1900,car,590.43,94.99,665.06,161.05,0.8171,,,,,0
320,2072,car,316.98,140.4,377.34,193.58,0.7959,,,,,0
320,2253,rickshaw,304.06,83.59,323.33,113.98,0.2983,,,,,0
320,2318,bike,547.92,100.55,572.01,145.15,0.6799,,,,,0
320,2283,bike,646.96,79.88,673.47,127.77,0.5927,,,,,0
320,2392,bike,522.92,82.23,539.68,112.23,0.4628,,,,,0
320,1243,bus,103.97,137.53,177.02,227.82,0.6071,,,,,0
320,2522,car,249.89,132.55,285.4,165.19,0.5952,,,,,0
320,2619,bike,472.33,84.13,490.91,111.78,0.2444,,,,,0
320,2159,bike,266.94,91.25,292.12,129.45,0.3209,,,,,0
320,2627,car,309.72,115.94,342.19,148.01,0.4677,,,,,0
320,2428,bike,448.65,90.6,467.83,118.23,0.2571,,,,,0
321,14,car,1079.15,60.54,1197.14,150.72,0.7242,,,,,0
321,16,car,1184.08,62.36,1279.09,159.75,0.8176,,,,,0
321,22,bike,886.85,347.7,1029.72,615.86,0.8942,main_carriageway,96.95,73.14,0.602,0
321,886,bike,348.46,106.25,366.26,135.79,0.7948,,,,,0
321,861,bike,469.2,293.84,561.03,472.5,0.9176,main_carriageway,36.09,44.68,0.778,0
321,1154,car,261.18,157.82,324.24,222.04,0.9279,main_carriageway,4.29,5.15,0.768,0
321,27,bus,954.21,42.24,1032.69,109.82,0.6285,,,,,0
321,1361,car,560.39,134.66,654.16,213.48,0.8846,main_carriageway,9.53,6.16,0.543,0
321,1372,bike,392.76,134.88,423.87,196.18,0.8857,main_carriageway,5.23,3.04,0.503,0
321,1200,bike,921.19,110.51,978.45,201.35,0.8874,main_carriageway,21.95,6.24,0.274,0
321,1620,car,475.31,110.88,545.84,177.93,0.8641,,,,,0
321,25,car,704.77,48.78,787.63,99.98,0.5563,,,,,0
321,975,car,746.29,119.23,845.81,234.06,0.706,main_carriageway,21.33,8.65,0.376,0
321,1790,car,848.84,79.15,979.76,156.93,0.947,,,,,0
321,1900,car,591.63,96.32,666.45,161.98,0.7905,,,,,0
321,2072,car,316.64,139.34,379.75,194.79,0.8374,main_carriageway,4.44,4.41,0.705,0
321,2253,rickshaw,303.88,84.05,323.28,114.46,0.338,,,,,0
321,2318,bike,549.35,101.4,573.4,146.05,0.7049,,,,,0
321,2283,bike,648.53,81.45,674.76,128.97,0.6197,,,,,0
321,2392,bike,524.21,82.53,541.06,112.65,0.5365,,,,,0
321,1243,bus,105.31,137.92,177.35,226.81,0.4336,,,,,0
321,2522,car,249.06,132.91,285.41,166.32,0.6507,,,,,0
321,2159,bike,266.83,91.32,292.13,129.68,0.2982,,,,,0
321,2627,car,308.68,116.66,342.49,149.94,0.6524,,,,,0
321,2428,bike,449.58,91.49,468.77,118.71,0.2553,,,,,0
321,2589,bike,566.79,86.33,584.33,116.97,0.3538,,,,,0
322,14,car,1079.27,60.54,1196.96,150.74,0.7257,,,,,0
322,16,car,1184.06,62.49,1279.08,159.75,0.8192,,,,,0
322,22,bike,896.27,352.49,1040.56,620.6,0.8938,main_carriageway,97.49,69.76,0.582,0
322,886,bike,348.57,106.29,366.32,135.81,0.7945,,,,,0
322,861,bike,472.02,295.86,564.77,475.97,0.9177,main_carriageway,36.26,43.6,0.769,0
322,1154,car,261.3,158.12,324.67,222.54,0.9284,main_carriageway,4.21,5.34,0.786,0
322,27,bus,954.44,42.23,1032.61,109.8,0.6309,,,,,0
322,1361,car,561.09,134.83,655.46,214.12,0.8851,main_carriageway,9.64,5.98,0.527,0
322,1372,bike,393.16,135.08,424.33,196.4,0.8861,,,,,0
322,1200,bike,923.15,111.02,980.42,201.95,0.888,main_carriageway,21.55,6.0,0.268,0
322,1620,car,475.79,110.82,546.48,177.92,0.8649,,,,,0
322,25,car,704.78,48.77,787.58,100.03,0.5573,,,,,0
322,975,car,747.97,120.05,847.71,234.7,0.6991,main_carriageway,20.82,8.4,0.374,0
322,1790,car,849.81,79.19,979.3,157.17,0.9462,,,,,0
322,1900,car,591.91,96.81,667.12,162.3,0.7931,,,,,0
322,2072,car,316.42,138.9,380.67,195.23,0.8371,main_carriageway,4.61,4.53,0.701,0
322,2253,rickshaw,303.78,84.23,323.29,114.63,0.334,,,,,0
322,2318,bike,549.92,101.79,573.89,146.38,0.7076,,,,,0
322,2283,bike,649.08,82.0,675.19,129.42,0.616,,,,,0
322,2392,bike,524.65,82.6,541.53,112.73,0.5239,,,,,0
322,1243,bus,105.83,138.08,177.57,226.47,0.4325,,,,,0
322,2522,car,248.77,133.05,285.41,166.73,0.6453,,,,,0
322,2159,bike,266.77,91.36,292.14,129.79,0.2942,,,,,0
322,2627,car,308.27,116.93,342.62,150.62,0.6538,,,,,0
322,2428,bike,449.84,91.84,469.19,118.9,0.2518,,,,,0
322,2692,rickshaw,745.03,120.6,847.95,234.89,0.5044,,,,,0
322,2589,bike,567.24,86.69,584.61,116.89,0.353,,,,,0
323,14,car,1079.56,60.51,1197.02,150.81,0.7486,,,,,0
323,16,car,1183.96,62.55,1279.07,159.74,0.8292,,,,,0
323,22,bike,923.73,362.35,1066.72,624.0,0.9169,main_carriageway,102.31,53.87,0.466,0
323,886,bike,348.71,106.38,366.39,135.84,0.7757,,,,,0
323,861,bike,480.34,302.21,577.91,491.71,0.9045,main_carriageway,37.5,47.72,0.786,0
323,1154,car,262.14,158.92,326.1,223.64,0.9286,main_carriageway,4.01,5.52,0.809,0
323,27,bus,954.44,42.24,1032.35,109.76,0.6391,,,,,0
323,1361,car,562.97,135.02,658.99,215.56,0.8888,main_carriageway,10.23,6.13,0.514,0
323,1372,bike,394.62,135.24,426.22,197.47,0.8655,main_carriageway,4.99,3.55,0.58,0
323,1200,bike,928.72,112.39,986.06,203.58,0.9051,main_carriageway,21.26,6.71,0.301,0
323,1620,car,477.0,111.49,547.79,178.52,0.8908,,,,,0
323,25,car,704.7,48.7,787.5,100.08,0.5439,,,,,0
323,975,rickshaw,754.31,123.36,853.71,236.83,0.817,main_carriageway,22.33,7.7,0.326,0
323,1790,car,851.01,78.94,979.14,157.13,0.9516,,,,,0
323,1900,car,594.56,97.28,668.67,161.26,0.8106,,,,,0
323,2072,car,314.91,137.3,381.73,195.67,0.856,,,,,0
323,2253,rickshaw,303.69,84.59,323.3,114.97,0.3042,,,,,0
323,2318,bike,550.66,101.33,574.97,146.71,0.7865,,,,,0
323,2283,bike,651.58,83.41,677.6,130.87,0.7818,,,,,0
323,2392,bike,526.15,82.32,543.15,112.77,0.5983,,,,,0
323,1243,bus,104.39,137.96,175.9,225.22,0.3884,,,,,0
323,2522,car,248.6,133.01,285.52,166.96,0.6478,,,,,0
323,2159,bike,266.77,91.49,292.14,129.88,0.3004,,,,,0
323,2627,car,307.76,117.15,342.96,151.61,0.6536,,,,,0
323,2428,bike,450.67,91.94,470.58,119.45,0.2873,,,,,0
323,2589,bike,567.27,85.05,585.76,117.4,0.4436,,,,,0
323,2166,car,27.27,232.05,84.24,309.13,0.5789,opposite_carriageway,13.22,-20.39,0.839,0
324,14,car,1079.79,60.5,1196.97,150.83,0.7487,,,,,0
324,16,car,1183.89,62.58,1279.11,159.75,0.8297,,,,,0
324,22,bike,933.3,365.93,1076.66,624.0,0.917,main_carriageway,84.38,30.42,0.339,0
324,886,bike,348.77,106.42,366.4,135.84,0.7758,,,,,0
324,861,bike,483.42,304.59,582.77,497.53,0.9045,main_carriageway,30.88,39.65,0.789,0
324,1154,car,262.35,159.18,326.69,224.03,0.9283,,,,,0
324,27,bus,954.5,42.24,1032.2,109.74,0.6381,,,,,0
324,1361,car,563.63,135.08,660.31,216.05,0.8872,main_carriageway,8.43,4.93,0.505,0
324,1372,bike,395.14,135.26,426.9,197.89,0.8652,,,,,0
324,1200,bike,930.73,112.93,988.0,204.14,0.9074,main_carriageway,17.23,5.24,0.291,0
324,1620,car,477.39,111.73,548.32,178.73,0.8911,,,,,0
324,25,car,704.75,48.67,787.42,100.1,0.5423,,,,,0
324,975,rickshaw,756.42,124.57,856.02,237.56,0.8206,main_carriageway,17.73,6.2,0.33,0
324,1790,car,851.95,78.84,978.63,157.1,0.953,,,,,0
324,1900,car,595.36,97.44,669.31,160.78,0.8117,,,,,0
324,2072,car,314.27,136.72,382.17,195.83,0.8561,,,,,0
324,2253,rickshaw,303.61,84.71,323.34,115.09,0.3067,,,,,0
324,2318,bike,550.94,101.17,575.33,146.81,0.7866,,,,,0
324,2283,bike,652.54,83.98,678.43,131.4,0.781,,,,,0
324,2392,bike,526.7,82.21,543.7,112.77,0.596,,,,,0
324,1243,bus,103.6,137.87,175.44,224.78,0.4,,,,,0
324,2522,car,248.55,132.99,285.56,167.04,0.6475,,,,,0
324,2159,bike,266.78,91.54,292.14,129.9,0.3021,,,,,0
324,2627,car,307.54,117.23,343.09,151.98,0.6569,,,,,0
324,2428,bike,450.89,91.93,471.14,119.63,0.2916,,,,,0
324,2589,bike,567.33,84.54,586.08,117.54,0.44,,,,,0
324,2715,bike,599.34,74.26,619.26,100.64,0.3035,,,,,0
324,2166,car,27.16,232.07,85.15,308.44,0.5744,opposite_carriageway,13.37,-20.03,0.832,0
325,14,car,1080.23,60.48,1197.03,150.83,0.7369,,,,,0
325,16,car,1183.91,62.57,1279.21,159.71,0.8235,,,,,0
325,22,bike,995.55,392.79,1128.97,624.0,0.9284,main_carriageway,131.1,21.38,0.161,0
325,886,bike,348.8,106.25,366.85,136.44,0.8114,,,,,0
325,861,bike,500.35,319.47,604.81,521.83,0.8886,main_carriageway,46.38,58.69,0.785,0
325,1154,car,262.98,159.78,329.57,226.52,0.9393,main_carriageway,4.33,5.89,0.805,0
325,27,bus,954.64,41.94,1032.86,110.24,0.6515,,,,,0
325,1361,car,565.38,135.69,666.18,220.2,0.9326,main_carriageway,11.25,8.48,0.602,0
325,1372,bike,397.12,135.1,429.54,199.28,0.8648,main_carriageway,6.27,3.72,0.511,0
325,1200,bike,940.43,112.98,999.6,207.66,0.8868,main_carriageway,25.71,8.0,0.297,0
325,1620,car,479.28,112.28,552.87,181.56,0.9172,main_carriageway,7.0,3.67,0.464,0
325,25,car,705.03,48.77,787.3,100.02,0.5635,,,,,0
325,975,car,765.46,126.01,869.44,243.06,0.7635,main_carriageway,26.44,10.9,0.381,0
325,1790,car,853.53,79.13,978.5,157.39,0.9376,,,,,0
325,1900,car,596.96,97.85,675.35,164.66,0.9077,,,,,0
325,2072,car,315.65,136.6,386.59,198.9,0.8654,main_carriageway,3.96,5.32,0.802,0
325,2318,bike,552.48,102.15,577.22,148.4,0.8404,,,,,0
325,2283,bike,655.4,84.94,678.53,126.49,0.5429,,,,,0
325,2392,bike,528.87,82.47,546.58,114.11,0.7298,,,,,0
325,1243,bus,108.37,139.71,177.92,224.22,0.392,,,,,0
325,2522,car,247.94,133.47,285.54,168.1,0.7436,,,,,0
325,2627,car,307.15,117.86,343.39,153.13,0.7456,,,,,0
325,2428,bike,451.75,93.02,471.98,120.49,0.2581,,,,,0
325,2589,bike,568.84,82.37,588.94,117.9,0.7149,,,,,0
325,2715,bike,599.1,75.96,620.1,103.78,0.5203,,,,,0
325,2166,car,30.61,232.11,89.29,307.25,0.6216,opposite_carriageway,16.31,-22.63,0.811,0
325,2441,car,74.05,211.81,133.59,258.63,0.3477,opposite_carriageway,31.4,-28.07,0.666,0
326,14,car,1080.53,60.49,1196.97,150.82,0.7419,,,,,0
326,16,car,1183.89,62.57,1279.28,159.7,0.8236,,,,,0
326,22,bike,1017.84,402.75,1149.18,624.0,0.927,main_carriageway,125.22,8.14,0.065,0
326,886,bike,348.81,106.2,367.0,136.67,0.8097,,,,,0
326,861,bike,506.7,325.03,613.31,531.12,0.8881,main_carriageway,44.89,58.62,0.794,0
326,1154,car,263.11,160.01,330.73,227.44,0.9396,main_carriageway,4.21,5.4,0.789,0
326,27,bus,954.8,41.83,1033.0,110.41,0.6478,,,,,0
326,1361,car,566.13,136.0,668.33,221.78,0.9309,main_carriageway,9.96,8.3,0.64,0
326,1372,bike,397.87,135.05,430.47,199.83,0.8645,main_carriageway,5.86,3.65,0.529,0
326,1200,bike,944.07,112.99,1003.78,208.96,0.8866,main_carriageway,24.1,7.61,0.301,0
326,1620,car,479.89,112.45,554.63,182.61,0.9169,main_carriageway,6.68,4.68,0.574,0
326,25,car,705.18,48.78,787.25,99.99,0.5637,,,,,0
326,975,car,768.56,126.61,874.55,245.07,0.7591,main_carriageway,25.5,11.01,0.396,0
326,1790,car,854.61,79.26,978.01,157.5,0.9369,,,,,0
326,1900,car,597.4,98.02,677.63,166.09,0.9091,,,,,0
326,2072,car,316.24,136.49,388.1,200.09,0.8658,main_carriageway,3.98,5.3,0.8,0
326,2318,bike,553.04,102.51,577.91,148.99,0.841,,,,,0
326,2283,bike,656.23,85.11,678.49,124.4,0.5404,,,,,0
326,2392,bike,529.63,82.6,547.66,114.6,0.7316,,,,,0
326,1243,bus,110.12,140.38,178.73,224.08,0.3913,,,,,0
326,2522,car,247.75,133.66,285.52,168.48,0.7429,,,,,0
326,2627,car,306.96,118.11,343.57,153.59,0.7421,,,,,0
326,2428,bike,451.99,93.36,472.34,120.83,0.2681,,,,,0
326,2589,bike,569.42,81.52,589.97,118.01,0.7127,,,,,0
326,2715,bike,598.99,76.48,620.41,104.87,0.5213,,,,,0
326,2166,car,31.43,232.31,91.08,306.99,0.6379,opposite_carriageway,16.77,-21.76,0.792,0
326,2738,bike,648.11,69.5,672.07,104.37,0.3401,,,,,0
326,2441,car,74.52,211.5,133.66,258.26,0.3607,opposite_carriageway,28.61,-25.95,0.672,0
327,14,car,1080.57,60.46,1196.82,150.86,0.7665,,,,,0
327,16,car,1183.85,62.62,1279.3,159.7,0.831,,,,,0
327,22,bike,1058.97,420.96,1186.47,624.0,0.9068,main_carriageway,154.31,3.4,0.022,0
327,886,bike,348.92,106.33,367.09,136.76,0.8046,,,,,0
327,861,bike,520.3,334.21,626.01,537.36,0.8983,main_carriageway,54.76,61.39,0.746,0
327,1154,car,263.37,160.44,332.31,228.9,0.9391,main_carriageway,4.86,6.36,0.795,0
327,27,bus,954.81,41.74,1032.97,110.5,0.6486,,,,,0
327,1361,car,567.68,135.65,672.71,224.0,0.931,main_carriageway,11.92,9.88,0.638,0
327,1372,bike,399.27,135.3,432.0,200.77,0.8689,main_carriageway,6.89,4.37,0.536,0
327,1200,bike,949.83,113.14,1010.41,210.83,0.9226,main_carriageway,28.34,8.88,0.299,0
327,1620,car,480.71,112.64,557.25,184.34,0.9285,main_carriageway,7.85,6.42,0.633,0
327,25,car,705.08,48.63,787.28,100.01,0.5747,,,,,0
327,975,car,768.0,115.76,885.15,247.09,0.8124,main_carriageway,28.74,12.39,0.396,0
327,1790,car,855.72,79.28,977.54,157.43,0.9311,,,,,0
327,1900,car,597.04,97.54,679.27,166.65,0.9223,,,,,0
327,2072,car,316.15,136.97,389.3,202.22,0.8536,main_carriageway,4.18,6.99,0.858,0
327,2318,bike,554.29,103.0,579.22,149.56,0.8532,,,,,0
327,2392,bike,531.02,82.92,549.13,114.9,0.8162,,,,,0
327,1243,bus,112.0,139.88,180.3,224.07,0.5704,,,,,0
327,2522,car,247.28,133.75,285.47,169.02,0.7498,,,,,0
327,2627,car,306.85,118.63,343.74,154.26,0.7615,,,,,0
327,2428,bike,452.25,93.73,472.87,121.44,0.2603,,,,,0
327,2589,bike,570.9,82.11,591.11,118.22,0.6938,,,,,0
327,2715,bike,599.79,78.09,621.72,107.2,0.4677,,,,,0
327,2166,car,31.37,227.13,94.38,305.14,0.5826,opposite_carriageway,18.15,-23.3,0.789,0
327,2738,bike,650.51,70.94,675.79,107.59,0.3325,,,,,0
327,2441,car,76.11,210.9,134.0,256.56,0.4108,opposite_carriageway,28.45,-26.8,0.686,0
327,2253,bike,304.48,89.92,321.93,116.52,0.3038,,,,,0
328,14,car,1080.66,60.45,1196.69,150.87,0.7666,,,,,0
328,16,car,1183.81,62.65,1279.33,159.71,0.8311,,,,,0
328,22,bike,1071.3,427.1,1200.42,624.0,0.9069,main_carriageway,140.64,0.0,0.0,0
328,886,bike,348.96,106.37,367.12,136.79,0.8048,,,,,0
328,861,bike,525.26,337.58,630.77,539.29,0.8983,main_carriageway,48.89,47.58,0.697,0
328,1154,car,263.38,160.6,332.92,229.4,0.9396,main_carriageway,4.03,5.76,0.819,0
328,27,bus,954.89,41.7,1032.87,110.51,0.6492,,,,,0
328,1361,car,568.3,135.54,674.22,224.8,0.9309,main_carriageway,10.28,9.24,0.668,0
328,1372,bike,399.84,135.4,432.49,201.1,0.8685,main_carriageway,5.74,3.63,0.534,0
328,1200,bike,951.96,113.22,1012.72,211.51,0.9229,main_carriageway,24.95,7.93,0.303,0
328,1620,car,480.95,112.7,558.26,184.98,0.9284,main_carriageway,7.21,6.46,0.667,0
328,25,car,705.09,48.57,787.26,100.01,0.575,,,,,0
328,975,car,767.78,111.53,889.03,247.83,0.8205,main_carriageway,24.39,11.0,0.411,0
328,1790,car,856.53,79.3,976.97,157.4,0.9308,,,,,0
328,1900,car,596.66,97.34,680.03,166.8,0.923,,,,,0
328,2072,car,316.28,137.15,389.57,203.01,0.8539,main_carriageway,4.6,7.34,0.847,0
328,2318,bike,554.74,103.2,579.69,149.77,0.853,,,,,0
328,2392,bike,531.5,83.09,549.67,115.03,0.8151,,,,,0
328,1243,bus,112.82,139.69,180.67,224.12,0.5742,opposite_carriageway,6.6,-1.1,0.164,0
328,2522,car,247.1,133.79,285.45,169.24,0.7504,,,,,0
328,2627,car,306.78,118.83,343.85,154.51,0.7607,,,,,0
328,2428,bike,452.31,93.87,473.07,121.66,0.2589,,,,,0
328,2589,bike,571.47,82.35,591.47,118.3,0.6938,,,,,0
328,2715,bike,600.08,78.61,622.16,107.95,0.4687,,,,,0
328,2166,car,31.18,225.34,95.73,304.52,0.585,opposite_carriageway,7.7,-4.61,0.514,0
328,2738,bike,651.3,71.41,677.09,108.6,0.3329,,,,,0
328,2441,car,76.64,210.7,134.13,255.97,0.4029,opposite_carriageway,22.32,-22.82,0.715,0
328,2253,bike,304.57,90.71,321.77,116.71,0.3027,,,,,0
329,14,car,1080.99,60.48,1196.61,150.78,0.7134,,,,,0
329,16,car,1183.88,62.74,1279.36,159.67,0.8118,,,,,0
329,22,bike,1108.73,447.98,1228.0,624.0,0.8813,main_carriageway,163.38,0.0,0.0,0
329,886,bike,349.03,106.73,367.41,137.56,0.7917,,,,,0
329,861,bike,540.57,347.54,643.5,539.92,0.9099,main_carriageway,58.94,42.39,0.584,0
329,1154,car,264.0,161.82,334.62,231.43,0.9259,main_carriageway,4.79,7.4,0.839,0
329,27,bus,954.55,41.66,1032.48,110.58,0.7254,,,,,0
329,1361,car,571.27,136.63,677.25,225.96,0.9236,main_carriageway,12.29,9.91,0.628,0
329,1372,bike,401.11,135.67,434.19,202.53,0.8934,main_carriageway,6.63,4.64,0.573,0
329,1200,bike,958.03,114.04,1019.0,212.71,0.9225,main_carriageway,29.15,8.57,0.282,0
329,1620,car,482.22,113.37,560.1,186.03,0.9237,main_carriageway,8.31,7.3,0.66,0
329,25,car,705.17,48.6,787.05,99.93,0.552,,,,,0
329,975,car,776.15,116.98,896.02,251.13,0.6394,main_carriageway,29.87,13.57,0.414,0
329,1790,car,857.03,79.36,976.49,157.54,0.925,,,,,0
329,1900,car,599.45,97.56,683.7,167.41,0.9238,,,,,0
329,2072,car,319.15,138.43,391.12,203.63,0.8833,main_carriageway,6.91,7.8,0.748,0
329,2318,bike,555.41,102.39,581.14,150.39,0.8403,,,,,0
329,2392,bike,532.34,84.0,550.43,115.76,0.8519,,,,,0
329,1243,bus,114.12,139.75,181.2,224.02,0.6376,opposite_carriageway,8.14,-0.76,0.093,0
329,2522,car,246.87,134.63,284.98,169.73,0.7412,,,,,0
329,2627,car,306.59,118.64,344.05,154.59,0.7311,,,,,0
329,2428,car,452.87,95.1,473.69,122.56,0.2622,,,,,0
329,2589,bike,572.32,82.81,592.08,118.51,0.5987,,,,,0
329,2715,bike,601.79,78.76,623.91,108.22,0.4125,,,,,0
329,2166,car,34.7,229.17,96.22,303.46,0.5491,opposite_carriageway,9.31,-4.98,0.472,0
329,2738,bike,652.3,70.42,677.77,106.72,0.3278,,,,,0
329,2441,car,77.52,210.11,135.02,255.44,0.4694,opposite_carriageway,22.87,-23.11,0.711,0
329,2253,bike,304.16,90.15,322.15,117.34,0.3664,,,,,0
330,14,car,1082.59,60.67,1197.05,150.32,0.6748,,,,,0
330,16,car,1183.44,62.48,1279.3,159.68,0.7867,,,,,0
330,22,bike,1160.53,476.68,1261.79,623.61,0.8757,main_carriageway,148.9,-0.39,-0.003,0
330,886,bike,348.97,106.86,367.5,137.92,0.7478,,,,,0
330,861,bike,561.21,360.64,664.5,548.52,0.8189,main_carriageway,60.28,26.69,0.405,0
330,1154,car,264.11,161.98,336.61,233.37,0.925,main_carriageway,4.09,6.85,0.859,0
330,27,bus,954.57,41.84,1031.66,110.0,0.7058,,,,,0
330,1361,car,574.46,138.85,680.56,228.28,0.9159,main_carriageway,11.73,8.08,0.567,0
330,1372,bike,402.75,136.36,435.95,203.78,0.8977,main_carriageway,6.02,4.5,0.599,0
330,1200,bike,965.87,116.79,1026.56,215.03,0.9392,main_carriageway,26.2,7.37,0.271,0
330,1620,car,483.77,113.54,562.4,186.66,0.9266,main_carriageway,7.01,5.1,0.588,0
330,25,car,705.26,48.72,786.94,99.96,0.6087,,,,,0
330,975,rickshaw,786.03,124.18,903.76,254.33,0.8194,main_carriageway,27.44,11.27,0.38,0
330,1790,car,856.87,80.02,973.23,156.75,0.9133,,,,,0
330,1900,car,601.88,97.61,687.55,168.74,0.9159,,,,,0
330,2072,car,321.4,140.35,392.1,204.72,0.9185,main_carriageway,5.63,5.82,0.719,0
330,2318,bike,556.81,103.28,582.49,150.79,0.8664,,,,,0
330,2392,bike,533.46,83.83,551.78,116.06,0.8365,,,,,0
330,1243,bus,114.72,140.67,180.14,222.83,0.4142,,,,,0
330,2522,car,246.32,134.66,284.88,170.08,0.7222,,,,,0
330,2627,car,306.05,117.92,344.56,154.88,0.7247,,,,,0
330,2428,car,453.55,95.65,474.84,123.27,0.3414,,,,,0
330,2589,bike,573.59,83.2,593.57,119.32,0.6216,,,,,0
330,2715,bike,603.53,79.85,625.13,108.72,0.4426,,,,,0
330,2166,car,36.56,228.91,97.6,302.19,0.7324,opposite_carriageway,7.13,-5.06,0.579,0
330,2441,car,78.72,209.01,135.89,253.99,0.6696,,,,,0
330,2253,bike,304.05,90.48,322.06,117.71,0.3418,,,,,0
331,14,car,1083.34,60.74,1197.21,150.19,0.6628,,,,,0
331,16,car,1183.22,62.44,1279.25,159.68,0.7877,,,,,0
331,886,bike,349.51,107.28,367.92,138.25,0.7602,,,,,0
331,861,bike,577.23,377.96,698.83,596.78,0.6941,main_carriageway,78.02,65.66,0.644,0
331,1154,car,265.37,163.93,338.47,235.71,0.9226,main_carriageway,5.0,8.27,0.856,0
331,27,bus,955.31,41.81,1032.28,110.05,0.7513,,,,,0
331,1361,car,576.92,139.4,686.17,231.57,0.9008,main_carriageway,14.31,9.79,0.565,0
331,1372,bike,404.88,137.96,438.13,205.47,0.8792,main_carriageway,7.33,5.64,0.61,0
331,1200,bike,974.14,118.27,1035.71,218.05,0.9255,main_carriageway,31.0,9.09,0.281,0
331,1620,car,484.59,113.77,564.77,188.26,0.925,main_carriageway,7.42,5.65,0.606,0
331,25,car,705.35,48.7,786.99,99.95,0.6076,,,,,0
331,975,rickshaw,797.32,131.45,913.67,258.35,0.766,main_carriageway,33.94,13.28,0.364,0
331,1790,car,857.65,81.11,970.82,156.2,0.9046,,,,,0
331,1900,car,603.78,97.78,690.82,169.65,0.9194,,,,,0
331,2072,car,322.64,142.57,392.5,206.23,0.9151,main_carriageway,5.4,6.14,0.751,0
331,2318,bike,558.79,106.57,583.85,152.49,0.797,,,,,0
331,2392,bike,534.08,82.51,553.03,116.16,0.6778,,,,,0
331,1243,bus,115.24,140.95,179.66,221.8,0.3471,,,,,0
331,2522,car,246.17,134.88,284.84,170.34,0.7554,,,,,0
331,2627,car,305.85,117.55,344.98,155.13,0.7656,,,,,0
331,2428,car,454.06,96.02,476.09,123.95,0.3592,,,,,0
331,2589,bike,574.75,83.8,594.82,120.05,0.6289,,,,,0
331,2715,bike,605.28,78.05,627.21,107.5,0.4315,,,,,0
331,2166,car,37.04,226.28,99.17,300.94,0.5299,opposite_carriageway,6.85,-6.05,0.662,0
331,2441,car,80.27,208.0,137.2,252.96,0.6508,opposite_carriageway,4.64,-5.3,0.752,0
331,2253,bike,303.91,90.61,322.05,118.11,0.3504,,,,,0
331,18,car,863.95,60.06,957.7,112.3,0.3208,,,,,0
332,14,car,1083.71,60.77,1197.18,150.14,0.6632,,,,,0
332,16,car,1183.1,62.42,1279.26,159.69,0.7879,,,,,0
332,886,bike,349.73,107.44,368.05,138.36,0.7602,,,,,0
332,861,bike,582.67,384.28,711.58,614.02,0.6838,main_carriageway,73.97,76.66,0.72,0
332,1154,car,265.77,164.64,339.21,236.55,0.9227,main_carriageway,4.65,7.65,0.855,0
332,27,bus,955.63,41.81,1032.44,110.06,0.7513,,,,,0
332,1361,car,577.84,139.61,688.17,232.78,0.9007,main_carriageway,12.81,8.78,0.565,0
332,1372,bike,405.65,138.57,438.91,206.09,0.8789,main_carriageway,6.64,5.32,0.625,0
332,1200,bike,977.14,118.81,1038.99,219.15,0.9253,main_carriageway,27.95,8.32,0.285,0
332,1620,car,484.85,113.85,565.65,188.84,0.925,main_carriageway,6.27,4.5,0.583,0
332,25,car,705.41,48.69,787.01,99.94,0.6093,,,,,0
332,975,rickshaw,801.01,134.19,917.57,259.79,0.7648,main_carriageway,32.71,12.7,0.362,0
332,1790,car,858.13,81.48,969.77,155.99,0.9052,,,,,0
332,1900,car,604.36,97.84,692.15,169.96,0.9193,,,,,0
332,2072,car,323.08,143.4,392.58,206.76,0.9151,main_carriageway,5.1,4.54,0.665,0
332,2318,bike,559.44,107.79,584.39,153.11,0.7971,,,,,0
332,2392,bike,534.34,82.01,553.43,116.19,0.678,,,,,0
332,1243,bus,115.38,141.02,179.52,221.46,0.3498,,,,,0
332,2522,car,246.09,134.97,284.83,170.42,0.7573,,,,,0
332,2627,car,305.8,117.39,345.13,155.2,0.7679,,,,,0
332,2428,car,454.1,96.17,476.67,124.19,0.3582,,,,,0
332,2589,bike,575.16,84.03,595.26,120.33,0.629,,,,,0
332,2715,bike,605.94,77.36,627.89,107.01,0.4303,,,,,0
332,2166,car,37.18,225.33,99.7,300.52,0.5298,opposite_carriageway,5.56,-4.62,0.639,0
332,2441,car,80.85,207.65,137.6,252.62,0.6494,,,,,0
332,2253,bike,303.86,90.65,322.04,118.25,0.35,,,,,0
332,2799,bike,482.8,91.25,500.39,119.05,0.3154,,,,,0
332,18,car,864.04,60.11,957.47,112.35,0.3217,,,,,0
333,14,car,1083.76,60.75,1197.14,150.24,0.6932,,,,,0
333,16,car,1182.93,62.35,1279.28,159.69,0.8058,,,,,0
333,886,bike,350.16,107.82,368.23,138.43,0.7748,,,,,0
333,861,bike,599.98,399.52,728.0,622.4,0.8875,main_carriageway,85.98,83.11,0.695,0
333,1154,car,266.65,165.35,341.58,238.53,0.9256,main_carriageway,5.97,9.13,0.837,0
333,27,bus,955.92,41.77,1032.69,110.17,0.7038,,,,,0
333,1361,car,580.69,142.06,691.61,235.58,0.8989,main_carriageway,14.89,10.78,0.586,0
333,1372,bike,406.83,139.32,440.23,207.07,0.9003,main_carriageway,7.37,5.97,0.63,0
333,1200,bike,984.51,120.39,1046.77,221.12,0.9248,main_carriageway,33.3,9.61,0.277,0
333,1620,car,485.42,114.0,567.26,189.99,0.9222,main_carriageway,6.74,5.01,0.597,0
333,25,car,705.33,48.61,787.21,100.05,0.6598,,,,,0
333,975,rickshaw,812.11,138.37,928.97,263.31,0.8203,main_carriageway,42.13,15.48,0.345,0
333,1790,car,859.04,82.03,968.44,155.2,0.8872,,,,,0
333,1900,car,606.11,98.1,694.91,170.91,0.9217,,,,,0
333,2072,car,323.6,144.21,393.66,208.24,0.909,main_carriageway,5.71,5.23,0.676,0
333,2318,bike,561.48,107.46,586.98,153.77,0.7208,,,,,0
333,2392,bike,534.8,81.87,553.85,116.18,0.4555,,,,,0
333,2522,car,246.27,135.57,284.65,170.59,0.7344,,,,,0
333,2627,car,305.74,117.4,345.24,155.43,0.746,,,,,0
333,2428,car,454.69,96.82,477.57,124.5,0.4373,,,,,0
333,2589,bike,575.89,83.94,596.4,121.3,0.547,,,,,0
333,2715,bike,606.25,79.53,629.63,111.48,0.4336,,,,,0
333,2166,car,39.7,226.4,99.7,298.48,0.4926,opposite_carriageway,6.25,-6.04,0.695,0
333,2441,car,82.12,206.49,138.41,251.4,0.6867,opposite_carriageway,4.88,-4.57,0.684,0
333,2253,bike,303.63,90.34,322.09,118.5,0.3734,,,,,0
333,2799,bike,482.72,90.22,501.47,119.9,0.3829,,,,,0
333,18,car,864.59,60.03,958.21,112.38,0.411,,,,,0
333,2509,bike,780.9,70.86,809.26,111.97,0.2461,,,,,0
334,14,car,1083.85,60.73,1197.08,150.29,0.6966,,,,,0
334,16,car,1182.86,62.35,1279.32,159.7,0.8083,,,,,0
334,886,bike,350.91,108.49,368.87,139.03,0.7902,,,,,0
334,861,bike,631.88,420.15,754.92,624.0,0.9148,main_carriageway,101.36,84.08,0.638,0
334,1154,car,267.85,165.79,344.05,240.17,0.9366,main_carriageway,6.64,8.74,0.796,0
334,27,bus,956.12,41.8,1032.76,110.27,0.6857,,,,,0
334,1361,car,583.66,143.59,696.03,238.28,0.9177,main_carriageway,15.59,12.32,0.62,0
334,1372,bike,408.04,139.87,441.82,208.48,0.8741,main_carriageway,7.28,5.95,0.633,0
334,1200,bike,992.41,122.3,1055.24,223.78,0.9076,main_carriageway,35.31,11.07,0.299,0
334,1620,car,486.24,114.33,569.26,191.44,0.9102,main_carriageway,6.59,5.41,0.635,0
334,25,car,705.51,48.81,786.91,99.94,0.6197,,,,,0
334,975,rickshaw,819.28,137.61,941.29,267.11,0.7637,main_carriageway,44.2,15.98,0.34,0
334,1790,car,861.49,82.05,969.31,154.57,0.8755,,,,,0
334,1900,car,608.99,98.34,699.13,172.21,0.898,,,,,0
334,2072,car,324.68,145.11,395.14,209.79,0.8946,main_carriageway,4.77,6.16,0.79,0
334,2318,bike,563.52,109.17,588.93,155.23,0.7375,,,,,0
334,2392,bike,536.14,80.3,555.16,114.71,0.3553,,,,,0
334,2522,car,246.16,135.8,284.74,170.95,0.7346,,,,,0
334,2627,car,305.72,117.36,345.44,155.65,0.7489,,,,,0
334,2428,car,456.99,95.76,480.99,124.44,0.3105,,,,,0
334,2589,bike,575.92,87.07,595.17,122.29,0.529,,,,,0
334,2715,bike,607.26,80.51,632.32,115.37,0.4672,,,,,0
334,2166,car,41.07,222.99,101.51,295.69,0.594,opposite_carriageway,5.83,-7.77,0.8,0
334,2441,car,85.15,205.18,139.97,249.06,0.7031,opposite_carriageway,6.29,-6.38,0.712,0
334,2253,bike,303.54,90.07,322.14,118.59,0.3874,,,,,0
334,2799,bike,483.0,88.32,503.64,121.11,0.3418,,,,,0
334,18,car,865.57,59.93,959.04,112.16,0.3663,,,,,0
334,2830,bike,607.46,91.22,629.41,135.26,0.4288,,,,,0
334,2509,bike,780.84,70.84,809.32,112.01,0.2173,,,,,0
335,14,car,1083.92,60.71,1197.01,150.32,0.6986,,,,,0
335,16,car,1182.78,62.35,1279.35,159.7,0.8078,,,,,0
335,886,bike,351.19,108.72,369.08,139.25,0.7882,,,,,0
335,861,bike,642.75,427.65,765.57,624.0,0.9138,main_carriageway,91.31,75.48,0.637,0
335,1154,car,268.29,165.99,344.97,240.8,0.9369,main_carriageway,6.27,7.43,0.764,0
335,27,bus,956.24,41.81,1032.74,110.33,0.6831,,,,,0
335,1361,car,584.79,144.17,697.68,239.27,0.9167,main_carriageway,13.72,10.99,0.625,0
335,1372,bike,408.47,140.1,442.37,208.98,0.8749,main_carriageway,6.07,5.2,0.651,0
335,1200,bike,995.17,123.01,1058.25,224.73,0.9079,main_carriageway,30.5,9.7,0.303,0
335,1620,car,486.49,114.43,569.99,191.99,0.9093,main_carriageway,5.15,5.33,0.719,0
335,25,car,705.55,48.85,786.85,99.91,0.6198,,,,,0
335,975,rickshaw,823.08,138.44,946.43,268.63,0.7815,main_carriageway,39.86,14.3,0.338,0
335,1790,car,862.43,82.14,969.22,154.33,0.8707,,,,,0
335,1900,car,609.95,98.43,700.57,172.66,0.8996,,,,,0
335,2072,car,325.13,145.42,395.57,210.33,0.8929,main_carriageway,3.6,5.61,0.842,0
335,2318,bike,564.12,109.41,589.7,155.77,0.739,,,,,0
335,2392,bike,536.64,79.68,555.59,114.06,0.3692,,,,,0
335,2522,car,246.09,135.84,284.81,171.08,0.7314,,,,,0
335,2627,car,305.75,117.35,345.5,155.71,0.7491,,,,,0
335,2428,car,457.85,95.4,482.4,124.46,0.2942,,,,,0
335,2589,bike,575.82,88.27,594.54,122.67,0.5294,,,,,0
335,2715,bike,607.75,80.92,633.22,116.98,0.472,,,,,0
335,2166,car,41.54,221.8,102.05,294.65,0.6089,opposite_carriageway,4.72,-7.54,0.848,0
335,2441,car,86.22,204.65,140.56,248.28,0.7058,opposite_carriageway,6.09,-5.71,0.684,0
335,2253,bike,303.53,89.96,322.15,118.63,0.3917,,,,,0
335,2799,bike,484.56,88.72,503.18,118.17,0.3388,,,,,0
335,18,car,865.81,59.87,959.59,112.26,0.3623,,,,,0
335,2830,bike,607.69,91.12,629.89,135.72,0.4293,,,,,0
335,2509,bike,780.82,70.83,809.36,112.02,0.2221,,,,,0
336,14,car,1083.88,60.73,1196.74,150.29,0.6777,,,,,0
336,16,car,1182.83,62.36,1279.44,159.7,0.8021,,,,,0
336,886,bike,351.67,109.06,369.53,139.71,0.8084,,,,,0
336,861,bike,671.18,448.43,787.18,624.0,0.9122,main_carriageway,91.15,27.22,0.286,0
336,1154,car,269.81,166.69,347.6,242.44,0.9448,main_carriageway,6.79,6.73,0.704,0
336,27,bus,955.38,41.94,1031.78,110.37,0.6636,,,,,0
336,1361,car,588.5,145.72,702.35,241.37,0.9141,main_carriageway,13.88,9.8,0.577,0
336,1372,bike,410.09,140.2,444.33,209.61,0.8571,main_carriageway,5.7,4.14,0.587,0
336,1200,bike,1001.88,123.63,1065.79,226.66,0.9142,main_carriageway,28.91,8.61,0.285,0
336,1620,car,488.31,115.1,571.95,192.61,0.9121,main_carriageway,5.45,4.35,0.624,0
336,25,car,705.66,49.09,786.49,99.81,0.5715,,,,,0
336,975,rickshaw,832.71,140.01,957.8,271.58,0.7393,main_carriageway,39.76,13.23,0.316,0
336,1790,car,866.52,82.33,970.12,153.0,0.8325,,,,,0
336,1900,car,611.09,99.1,702.23,173.4,0.8854,,,,,0
336,2072,car,325.85,146.15,396.82,211.71,0.9102,main_carriageway,3.77,5.48,0.824,0
336,2318,bike,565.65,110.34,591.19,156.53,0.7908,,,,,0
336,2392,bike,538.63,80.14,557.12,113.64,0.4529,,,,,0
336,2522,car,245.83,135.88,284.87,171.43,0.7515,,,,,0
336,2627,car,305.39,117.5,345.59,156.34,0.7265,,,,,0
336,2428,car,459.16,95.36,483.81,124.46,0.2942,,,,,0
336,2589,bike,576.79,89.41,595.41,123.13,0.4776,,,,,0
336,2715,bike,609.22,84.04,634.18,119.97,0.374,,,,,0
336,2166,car,42.88,220.58,103.1,293.04,0.6405,opposite_carriageway,4.88,-7.9,0.851,0
336,2441,car,87.59,204.25,141.27,247.32,0.7068,opposite_carriageway,5.7,-5.64,0.704,0
336,2253,bike,303.31,89.19,322.47,118.88,0.438,,,,,0
336,2799,bike,485.47,88.29,503.19,116.16,0.3747,,,,,0
336,18,car,864.41,59.07,955.23,110.42,0.2485,,,,,0
336,2509,bike,780.6,70.96,809.28,112.39,0.2748,,,,,0
337,14,car,1083.8,60.7,1196.7,150.41,0.7119,,,,,0
337,16,car,1182.8,62.36,1279.48,159.7,0.8124,,,,,0
337,886,bike,351.85,109.03,369.84,140.08,0.797,,,,,0
337,861,bike,715.78,476.41,823.98,624.0,0.8338,main_carriageway,122.76,9.98,0.081,0
337,1154,car,271.04,167.42,350.23,244.42,0.9503,main_carriageway,8.14,7.87,0.695,0
337,27,bus,954.15,41.58,1031.51,110.96,0.5867,,,,,0
337,1361,car,593.0,148.04,707.58,243.86,0.9212,main_carriageway,17.28,11.08,0.54,0
337,1372,bike,411.46,139.26,446.81,211.07,0.8656,main_carriageway,6.86,4.98,0.588,0
337,1200,bike,1011.27,124.82,1075.96,228.92,0.9094,main_carriageway,35.55,9.77,0.265,0
337,1620,car,490.01,116.25,573.61,193.61,0.9221,main_carriageway,6.56,4.77,0.588,0
337,25,car,705.59,49.13,786.43,99.82,0.5741,,,,,0
337,975,rickshaw,845.07,142.31,971.53,275.26,0.6165,main_carriageway,49.01,15.47,0.301,0
337,1790,car,869.34,81.54,971.37,151.65,0.5534,,,,,0
337,1900,car,612.36,99.87,706.06,176.13,0.8568,,,,,0
337,2072,car,327.03,146.57,398.83,212.9,0.9216,main_carriageway,5.1,6.14,0.769,0
337,2318,bike,566.73,109.7,593.08,157.47,0.8729,,,,,0
337,2392,bike,540.27,80.85,558.25,113.2,0.5442,,,,,0
337,2522,car,245.1,136.07,285.05,172.55,0.7675,,,,,0
337,2627,car,305.07,117.75,345.6,156.96,0.7253,,,,,0
337,2428,bike,461.47,95.11,486.4,124.83,0.2837,,,,,0
337,2166,car,44.54,219.91,103.91,291.28,0.7874,opposite_carriageway,5.78,-9.24,0.848,0
337,2441,car,87.07,201.68,142.44,246.37,0.6655,opposite_carriageway,5.53,-6.25,0.749,0
337,2253,bike,303.21,88.86,322.63,119.18,0.4154,,,,,0
337,2799,bike,486.15,87.78,503.75,115.33,0.3208,,,,,0
337,18,car,866.9,58.59,963.12,113.16,0.3963,,,,,0
337,2509,bike,780.47,71.02,809.27,112.65,0.3279,,,,,0
337,2830,bike,610.7,92.04,633.34,137.74,0.3577,,,,,0
338,14,car,1083.8,60.69,1196.64,150.46,0.7133,,,,,0
338,16,car,1182.77,62.36,1279.51,159.7,0.8127,,,,,0
338,886,bike,351.93,109.02,369.92,140.23,0.7973,,,,,0
338,861,bike,728.21,485.56,838.01,624.0,0.8408,main_carriageway,119.12,1.6,0.013,0
338,1154,car,271.44,167.69,351.21,245.14,0.9506,main_carriageway,7.21,6.61,0.676,0
338,27,bus,953.7,41.44,1031.39,111.19,0.5846,,,,,0
338,1361,car,594.49,148.9,709.6,244.77,0.9211,main_carriageway,15.89,9.19,0.501,0
338,1372,bike,411.96,138.89,447.69,211.59,0.8659,main_carriageway,6.3,4.52,0.583,0
338,1200,bike,1014.64,125.26,1079.67,229.72,0.9099,main_carriageway,31.51,8.6,0.263,0
338,1620,car,490.63,116.69,574.23,193.95,0.9226,main_carriageway,6.09,3.96,0.545,0
338,25,car,705.59,49.16,786.45,99.82,0.5726,,,,,0
338,975,rickshaw,849.49,143.14,976.57,276.72,0.6158,main_carriageway,42.49,13.41,0.301,0
338,1790,car,870.55,81.24,971.63,151.15,0.5496,,,,,0
338,1900,car,612.78,100.14,707.44,177.06,0.8578,,,,,0
338,2072,car,327.49,146.75,399.53,213.3,0.9212,main_carriageway,4.88,5.06,0.72,0
338,2318,bike,567.12,109.46,593.73,157.8,0.8723,,,,,0
338,2392,bike,540.78,81.07,558.66,113.05,0.54,,,,,0
338,2522,car,244.87,136.15,285.07,172.95,0.7687,,,,,0
338,2627,car,304.98,117.86,345.57,157.16,0.7262,,,,,0
338,2428,bike,462.37,95.14,487.19,124.95,0.2768,,,,,0
338,2166,car,45.05,219.61,104.24,290.71,0.7816,opposite_carriageway,4.94,-7.77,0.844,0
338,2441,car,87.05,200.84,142.78,246.07,0.6578,opposite_carriageway,4.65,-5.33,0.754,0
338,2253,bike,303.2,88.73,322.66,119.29,0.4176,,,,,0
338,2799,bike,486.32,87.62,503.96,115.06,0.3186,,,,,0
338,18,car,867.78,58.41,965.97,114.23,0.3965,,,,,0
338,2509,bike,780.42,71.04,809.27,112.74,0.3253,,,,,0
338,2868,bike,669.1,80.36,690.19,108.26,0.3214,,,,,0
338,2830,bike,611.23,92.19,633.87,138.13,0.3616,,,,,0
339,14,car,1083.76,60.68,1196.56,150.51,0.7312,,,,,0
339,16,car,1182.71,62.32,1279.54,159.7,0.8197,,,,,0
339,886,bike,352.14,108.84,370.15,140.24,0.8205,,,,,0
339,861,bike,764.7,513.53,862.25,624.0,0.9012,main_carriageway,120.08,0.0,0.0,0
339,1154,car,272.48,168.13,354.03,247.37,0.9483,main_carriageway,7.3,7.2,0.702,0
339,27,bus,953.85,41.39,1031.46,111.17,0.5835,,,,,0
339,1361,car,596.18,149.89,714.35,248.17,0.912,main_carriageway,15.42,9.89,0.54,0
339,1372,bike,413.49,139.67,449.37,212.74,0.8637,main_carriageway,6.5,4.26,0.548,0
339,1200,bike,1021.12,125.77,1087.29,231.97,0.9241,main_carriageway,30.38,8.19,0.26,0
339,1620,car,491.66,117.13,576.21,195.19,0.9298,main_carriageway,6.19,3.75,0.518,0
339,25,car,705.67,49.16,786.38,99.67,0.5853,,,,,0
339,975,rickshaw,857.55,145.09,987.86,282.23,0.8652,main_carriageway,42.42,15.12,0.336,0
339,1790,car,874.22,80.97,968.8,146.16,0.4949,,,,,0
339,1900,car,615.13,100.19,710.31,177.39,0.8029,,,,,0
339,2072,car,327.84,148.23,400.38,215.28,0.9307,main_carriageway,4.2,5.49,0.794,0
339,2318,bike,568.14,108.53,595.54,158.38,0.8927,,,,,0
339,2392,bike,541.72,81.88,559.26,113.15,0.5341,,,,,0
339,2522,car,244.76,136.16,285.18,173.27,0.786,,,,,0
339,2627,car,305.03,117.88,345.64,157.2,0.7467,,,,,0
339,2428,bike,461.95,94.74,487.22,125.17,0.2892,,,,,0
339,2166,car,46.71,220.8,104.63,290.02,0.6271,opposite_carriageway,4.38,-5.67,0.791,0
339,2441,car,86.53,198.47,143.21,244.47,0.644,,,,,0
339,2253,bike,303.26,88.93,322.61,119.45,0.426,,,,,0
339,2799,bike,487.85,87.26,505.38,114.62,0.4393,,,,,0
339,18,car,867.79,58.49,966.62,114.91,0.4243,,,,,0
339,2509,bike,780.33,70.86,809.43,112.91,0.3475,,,,,0
339,2868,bike,669.51,78.93,690.85,107.18,0.3638,,,,,0
339,2894,rickshaw,821.89,118.11,939.13,228.87,0.3719,,,,,0
339,2589,bike,581.23,88.96,600.24,123.05,0.3764,,,,,0
339,2715,bike,610.66,86.53,638.94,128.79,0.4077,,,,,0
340,14,car,1083.9,60.68,1196.57,150.54,0.736,,,,,0
340,16,car,1182.63,62.29,1279.55,159.69,0.8223,,,,,0
340,886,bike,352.38,108.72,370.58,140.62,0.8137,,,,,0
340,1154,car,274.17,169.98,356.0,249.44,0.942,main_carriageway,8.46,8.64,0.715,0
340,27,bus,953.82,41.4,1031.3,111.14,0.6155,,,,,0
340,1361,car,599.54,150.86,720.89,251.6,0.9276,main_carriageway,18.98,12.33,0.545,0
340,1372,bike,415.6,142.15,451.02,214.03,0.8852,main_carriageway,7.89,5.05,0.539,0
340,1200,bike,1030.88,128.14,1097.52,234.89,0.9417,main_carriageway,37.49,10.16,0.262,0
340,1620,car,493.69,117.62,579.16,196.42,0.9187,main_carriageway,8.18,4.43,0.476,0
340,25,car,705.84,49.0,786.47,99.4,0.6176,,,,,0
340,975,rickshaw,869.65,148.1,1001.21,286.22,0.8777,main_carriageway,50.68,17.59,0.328,0
340,1790,car,873.45,81.63,966.35,145.31,0.4044,,,,,0
340,1900,car,620.77,100.93,708.88,171.26,0.8715,,,,,0
340,2072,car,328.98,150.31,401.2,216.92,0.9286,main_carriageway,4.74,6.59,0.812,0
340,2318,bike,570.2,109.02,597.83,159.25,0.9177,,,,,0
340,2392,bike,543.26,83.21,560.59,113.82,0.5611,,,,,0
340,2522,car,244.63,136.66,285.05,173.92,0.8003,,,,,0
340,2627,car,305.14,118.16,345.82,157.53,0.7636,,,,,0
340,2428,bike,461.78,95.51,487.14,125.92,0.2756,,,,,0
340,2166,car,48.87,222.37,104.33,288.04,0.672,opposite_carriageway,4.8,-6.61,0.809,0
340,2441,car,86.87,196.43,144.73,243.6,0.6029,,,,,0
340,2253,bike,303.34,88.9,322.63,119.55,0.5052,,,,,0
340,2799,bike,489.02,87.26,506.53,114.52,0.42,,,,,0
340,18,car,866.74,58.44,963.2,113.72,0.5202,,,,,0
340,2509,bike,780.27,70.72,809.64,113.13,0.3763,,,,,0
340,2868,bike,670.3,78.17,691.82,106.72,0.2221,,,,,0
340,2894,rickshaw,830.03,119.88,949.38,232.58,0.6147,,,,,0
340,2589,bike,583.02,89.85,601.36,122.29,0.4682,,,,,0
340,2715,bike,612.56,86.84,639.71,128.38,0.5529,,,,,0
340,2159,car,264.99,98.31,289.53,135.51,0.2591,,,,,0
341,14,car,1083.98,60.68,1196.52,150.54,0.7366,,,,,0
341,16,car,1182.59,62.27,1279.57,159.69,0.8223,,,,,0
341,886,bike,352.48,108.66,370.72,140.76,0.8147,,,,,0
341,1154,car,274.78,170.7,356.7,250.2,0.9423,main_carriageway,7.03,7.76,0.741,0
341,27,bus,953.83,41.41,1031.22,111.14,0.6166,,,,,0
341,1361,car,600.7,151.2,723.36,252.84,0.9278,main_carriageway,16.61,11.47,0.568,0
341,1372,bike,416.33,143.11,451.61,214.48,0.8849,main_carriageway,6.76,4.87,0.585,0
341,1200,bike,1034.38,128.99,1101.24,235.93,0.941,main_carriageway,33.97,9.27,0.263,0
341,1620,car,494.4,117.8,580.26,196.83,0.9186,main_carriageway,7.2,4.22,0.506,0
341,25,car,705.89,48.95,786.53,99.3,0.617,,,,,0
341,975,rickshaw,874.05,149.22,1006.15,287.63,0.8788,main_carriageway,44.84,16.05,0.337,0
341,1790,car,872.98,82.03,965.46,145.16,0.4067,,,,,0
341,1900,car,622.58,101.21,708.47,168.8,0.872,,,,,0
341,2072,car,329.18,150.47,401.93,217.52,0.9283,main_carriageway,4.22,5.81,0.809,0
341,2318,bike,570.96,109.22,598.66,159.56,0.9175,,,,,0
341,2392,bike,543.76,83.74,561.06,114.06,0.5578,,,,,0
341,2522,car,244.64,136.8,285.0,174.13,0.8027,,,,,0
341,2627,car,305.2,118.26,345.87,157.61,0.7657,,,,,0
341,2428,bike,461.64,95.76,487.11,126.2,0.2787,,,,,0
341,2166,car,49.45,222.93,104.34,287.41,0.6704,opposite_carriageway,3.91,-5.63,0.822,0
341,2441,car,87.03,195.67,145.22,243.3,0.6036,,,,,0
341,2253,bike,303.42,88.88,322.61,119.55,0.5062,,,,,0
341,2799,bike,489.41,87.28,506.93,114.51,0.4195,,,,,0
341,18,car,866.39,58.4,961.78,113.26,0.5225,,,,,0
341,2509,bike,780.25,70.68,809.73,113.2,0.3762,,,,,0
341,2868,bike,670.59,78.07,692.1,106.65,0.2255,,,,,0
341,2894,rickshaw,832.5,120.17,952.97,233.86,0.6219,,,,,0
341,2589,bike,583.58,90.16,601.8,122.05,0.467,,,,,0
341,2715,bike,613.43,86.92,639.8,128.15,0.5529,,,,,0
341,2159,car,264.99,98.52,289.44,135.62,0.2565,,,,,0
342,14,car,1083.94,60.71,1196.43,150.65,0.7072,,,,,0
342,16,car,1182.62,62.33,1279.62,159.73,0.8115,,,,,0
342,886,bike,352.75,108.57,370.99,140.82,0.8224,,,,,0
342,1154,car,275.37,171.36,358.57,252.07,0.934,main_carriageway,6.34,7.65,0.77,0
342,27,bus,953.74,41.43,1031.03,111.1,0.6504,,,,,0
342,1361,car,603.78,152.92,728.3,256.08,0.9306,main_carriageway,15.75,12.22,0.613,0
342,1372,bike,417.64,144.46,452.99,215.87,0.8783,main_carriageway,6.18,4.8,0.613,0
342,1200,bike,1041.89,128.93,1110.51,238.63,0.9206,main_carriageway,32.59,9.71,0.286,0
342,1620,car,495.07,117.21,582.9,198.05,0.9226,main_carriageway,7.18,4.44,0.526,0
342,25,car,706.24,48.05,787.84,99.05,0.6077,,,,,0
342,975,rickshaw,884.07,151.04,1018.26,291.51,0.6916,main_carriageway,42.87,16.25,0.354,0
342,1790,car,872.67,82.52,962.66,143.3,0.5066,,,,,0
342,1900,car,621.43,101.72,714.49,174.75,0.8731,,,,,0
342,2072,car,329.72,150.4,403.9,218.94,0.9215,main_carriageway,3.88,6.04,0.841,0
342,2318,bike,571.61,107.79,600.69,160.81,0.8878,,,,,0
342,2392,bike,546.01,84.86,563.16,114.65,0.6462,,,,,0
342,2522,car,244.5,137.21,284.89,174.68,0.7869,,,,,0
342,2627,car,305.25,118.33,346.12,157.9,0.7795,,,,,0
342,2428,bike,461.75,96.09,487.37,126.63,0.3032,,,,,0
342,2166,car,50.73,219.2,107.06,285.38,0.6154,opposite_carriageway,4.67,-5.9,0.784,0
342,2441,car,89.5,195.86,146.15,242.54,0.5245,,,,,0
342,2253,bike,303.45,88.51,322.86,119.69,0.4483,,,,,0
342,2799,bike,490.47,87.35,507.97,114.29,0.4459,,,,,0
342,18,car,865.36,58.44,959.69,112.95,0.4804,,,,,0
342,2509,bike,780.28,70.87,809.66,113.2,0.3531,,,,,0
342,2868,bike,671.85,78.66,693.05,106.77,0.3245,,,,,0
342,2894,rickshaw,839.08,121.37,961.06,236.4,0.4679,,,,,0
342,2589,bike,584.01,90.84,601.83,121.51,0.5045,,,,,0
342,2715,bike,615.43,87.84,641.14,128.65,0.5863,,,,,0
342,2159,car,264.93,98.6,289.41,135.75,0.282,,,,,0
342,2915,bike,649.09,70.76,665.76,102.57,0.3573,,,,,0
343,14,car,1083.86,60.49,1195.71,149.81,0.6166,,,,,0
343,16,car,1182.62,62.55,1279.49,159.73,0.8145,,,,,0
343,886,bike,353.18,108.44,371.53,140.96,0.8137,,,,,0
343,1154,car,276.01,170.26,362.38,254.14,0.9164,main_carriageway,7.87,9.0,0.753,0
343,27,bus,953.46,41.43,1030.83,111.15,0.6203,,,,,0
343,1361,car,608.03,154.52,733.8,258.34,0.9034,main_carriageway,18.87,13.57,0.584,0
343,1372,bike,419.7,145.42,455.33,217.3,0.8634,main_carriageway,7.69,5.71,0.596,0
343,1200,bike,1051.2,128.61,1121.9,241.82,0.9118,main_carriageway,39.4,12.1,0.294,0
343,1620,car,496.06,117.13,585.72,199.79,0.9194,main_carriageway,8.46,5.84,0.568,0
343,25,car,706.45,47.67,788.49,99.0,0.6566,,,,,0
343,975,rickshaw,896.05,153.96,1034.88,299.55,0.9126,main_carriageway,52.44,22.83,0.399,0
343,1790,car,872.34,82.36,962.8,142.76,0.4387,,,,,0
343,1900,car,623.21,102.22,719.74,177.81,0.8993,,,,,0
343,2072,car,329.83,150.67,405.64,220.91,0.9138,main_carriageway,4.23,7.61,0.874,0
343,2318,bike,572.27,105.54,603.13,162.05,0.7733,,,,,0
343,2392,bike,547.76,83.91,565.6,114.76,0.6858,,,,,0
343,2522,car,243.62,137.31,285.05,175.92,0.7815,,,,,0
343,2627,car,305.17,118.25,346.22,158.07,0.7734,,,,,0
343,2428,car,462.38,96.81,487.69,126.77,0.2385,,,,,0
343,2166,car,51.63,216.25,109.41,284.27,0.6893,opposite_carriageway,5.88,-6.44,0.739,0
343,2441,car,90.44,195.28,146.62,241.79,0.6013,,,,,0
343,2253,bike,303.51,88.42,323.05,119.95,0.4553,,,,,0
343,2799,bike,492.43,86.09,510.94,114.72,0.3586,,,,,0
343,18,car,864.47,58.34,959.72,113.67,0.5559,,,,,0
343,2509,bike,780.25,70.81,809.83,113.35,0.3758,,,,,0
343,2868,bike,672.73,78.61,694.47,107.51,0.3757,,,,,0
343,2894,rickshaw,845.01,121.43,970.86,240.41,0.8169,,,,,0
343,2715,bike,616.25,90.12,645.07,136.95,0.7615,,,,,0
343,2159,car,264.94,98.72,289.46,135.99,0.2865,,,,,0
343,2915,bike,649.33,70.83,666.09,102.8,0.47,,,,,0
343,2923,car,0.5,213.2,43.9,276.66,0.3327,,,,,0
344,14,car,1083.82,60.4,1195.49,149.48,0.6192,,,,,0
344,16,car,1182.61,62.63,1279.47,159.73,0.8141,,,,,0
344,886,bike,353.33,108.31,371.72,140.99,0.8148,,,,,0
344,1154,car,276.21,169.81,363.75,254.92,0.9163,main_carriageway,6.73,7.55,0.747,0
344,27,bus,953.34,41.44,1030.77,111.17,0.6213,,,,,0
344,1361,car,609.46,155.1,735.89,259.13,0.9037,main_carriageway,17.41,10.96,0.533,0
344,1372,bike,420.42,145.76,456.17,217.81,0.8631,main_carriageway,6.87,5.07,0.594,0
344,1200,bike,1054.63,128.47,1126.04,242.98,0.9129,main_carriageway,36.13,11.01,0.291,0
344,1620,car,496.44,117.1,586.71,200.44,0.9194,main_carriageway,7.64,5.25,0.566,0
344,25,car,706.55,47.53,788.73,98.98,0.6573,,,,,0
344,975,rickshaw,900.47,155.01,1040.91,302.55,0.9124,main_carriageway,47.99,20.32,0.39,0
344,1790,car,871.95,82.33,963.09,142.55,0.4311,,,,,0
344,1900,car,623.82,102.42,721.75,178.97,0.8997,,,,,0
344,2072,car,330.01,150.74,406.32,221.65,0.9133,main_carriageway,4.05,6.37,0.844,0
344,2318,bike,572.54,104.67,604.0,162.53,0.7737,,,,,0
344,2392,bike,548.33,83.58,566.47,114.81,0.6872,,,,,0
344,2522,car,243.34,137.35,285.07,176.41,0.7869,,,,,0
344,2627,car,305.18,118.21,346.22,158.09,0.7763,,,,,0
344,2428,car,462.54,97.08,487.81,126.79,0.236,,,,,0
344,2166,car,51.91,215.12,110.24,283.95,0.6899,opposite_carriageway,5.4,-6.07,0.747,0
344,2441,car,90.83,195.12,146.71,241.55,0.6003,,,,,0
344,2253,bike,303.56,88.4,323.09,120.04,0.4565,,,,,0
344,2799,bike,493.16,85.66,511.97,114.88,0.3595,,,,,0
344,18,car,864.28,58.29,959.75,113.99,0.5572,,,,,0
344,2509,bike,780.22,70.78,809.91,113.41,0.3769,,,,,0
344,2868,bike,673.05,78.67,694.89,107.77,0.3768,,,,,0
344,2894,rickshaw,846.89,121.25,973.93,241.72,0.814,main_carriageway,29.9,12.85,0.395,0
344,2715,bike,616.77,90.96,646.29,139.97,0.7602,,,,,0
344,2159,car,264.95,98.82,289.45,136.07,0.2887,,,,,0
344,2915,bike,649.4,70.85,666.19,102.88,0.4705,,,,,0
344,2923,car,0.61,213.3,43.87,276.52,0.3419,,,,,0
345,14,car,1083.21,60.41,1195.38,149.72,0.6449,,,,,0
345,16,car,1182.47,62.51,1279.49,159.69,0.8189,,,,,0
345,886,bike,353.73,108.46,371.99,140.99,0.8243,,,,,0
345,1154,car,276.6,167.53,368.27,256.87,0.9075,main_carriageway,7.35,7.43,0.711,0
345,27,bus,953.71,41.69,1030.41,110.5,0.58,,,,,0
345,1361,car,613.44,155.86,743.5,262.75,0.8772,main_carriageway,18.26,11.15,0.521,0
345,1372,bike,422.46,146.46,458.4,218.89,0.8434,main_carriageway,7.12,4.86,0.564,0
345,1200,bike,1062.73,129.03,1135.74,246.34,0.9173,main_carriageway,35.04,11.45,0.311,0
345,1620,car,497.73,118.19,588.89,202.48,0.9142,main_carriageway,6.88,6.06,0.661,0
345,25,car,706.62,47.48,788.81,98.96,0.6257,,,,,0
345,975,rickshaw,910.82,156.09,1052.85,305.22,0.9065,main_carriageway,46.4,19.0,0.379,0
345,1790,car,877.13,82.49,965.28,140.25,0.5352,,,,,0
345,1900,car,626.69,103.81,725.2,180.46,0.8956,main_carriageway,11.12,9.2,0.637,0
345,2072,car,331.45,150.75,408.4,222.63,0.9046,main_carriageway,4.83,5.71,0.763,0
345,2318,bike,575.13,105.08,606.55,163.32,0.8419,,,,,0
345,2392,bike,549.68,83.33,568.16,115.23,0.5699,,,,,0
345,2522,car,243.17,137.62,284.88,176.79,0.804,,,,,0
345,2627,car,304.82,118.48,346.47,159.09,0.7855,,,,,0
345,2166,car,53.7,215.9,110.79,282.99,0.7403,opposite_carriageway,5.65,-5.05,0.667,0
345,2441,car,91.62,194.59,147.21,241.1,0.7024,,,,,0
345,2253,bike,303.45,88.15,323.22,120.35,0.437,,,,,0
345,2799,bike,493.9,85.51,513.2,115.73,0.4074,,,,,0
345,18,car,863.29,58.36,957.94,114.0,0.5962,,,,,0
345,2509,bike,780.17,70.73,809.97,113.46,0.417,,,,,0
345,2868,bike,674.57,79.06,696.21,107.99,0.3975,,,,,0
345,2894,rickshaw,848.01,119.36,980.22,245.93,0.8626,main_carriageway,24.41,13.35,0.48,0
345,2715,bike,617.91,91.32,647.17,140.67,0.8832,,,,,0
345,2159,car,264.76,98.85,289.51,136.6,0.3335,,,,,0
345,2915,bike,649.86,71.1,666.65,103.12,0.5767,,,,,0
345,2923,car,0.86,212.57,44.12,275.71,0.4901,,,,,0
346,14,car,1082.62,60.26,1195.54,149.93,0.5673,,,,,0
346,16,car,1182.48,62.56,1279.51,159.68,0.7934,,,,,0
346,886,bike,354.23,108.64,372.67,141.52,0.825,,,,,0
346,1154,car,279.13,170.28,370.08,258.87,0.9173,main_carriageway,8.87,8.67,0.699,0
346,27,bus,953.8,41.77,1030.27,110.12,0.6192,,,,,0
346,1361,car,617.49,155.94,752.48,266.81,0.881,main_carriageway,22.96,13.97,0.52,0
346,1372,bike,423.85,146.91,460.43,220.67,0.8422,main_carriageway,8.17,6.19,0.604,0
346,1200,bike,1073.15,130.09,1148.12,250.8,0.9301,main_carriageway,42.83,14.87,0.328,0
346,1620,car,499.4,119.15,591.69,204.58,0.9151,main_carriageway,8.22,7.75,0.686,0
346,25,car,706.96,48.59,786.69,98.34,0.5849,,,,,0
346,975,rickshaw,923.19,158.67,1068.99,311.77,0.9452,main_carriageway,55.99,24.14,0.396,0
346,1790,car,879.07,83.8,965.73,139.56,0.3967,,,,,0
346,1900,car,632.16,105.35,726.51,177.89,0.8978,,,,,0
346,2072,car,332.26,150.6,410.42,223.88,0.8853,main_carriageway,5.79,6.36,0.74,0
346,2318,bike,577.51,107.1,608.33,164.63,0.8531,,,,,0
346,2392,bike,550.63,81.43,570.28,115.1,0.4412,,,,,0
346,2522,car,243.0,137.76,284.92,177.26,0.8,,,,,0
346,2627,car,304.7,118.9,346.46,159.73,0.7885,,,,,0
346,2166,car,54.34,214.07,111.56,281.29,0.683,opposite_carriageway,6.05,-6.12,0.711,0
346,2441,car,92.97,194.34,147.49,240.05,0.7801,,,,,0
346,2253,bike,303.42,88.02,323.27,120.52,0.4723,,,,,0
346,2799,bike,495.03,85.07,514.72,116.03,0.4226,,,,,0
346,18,car,865.12,58.14,962.9,115.6,0.6436,,,,,0
346,2509,bike,780.21,70.96,809.9,113.45,0.3962,,,,,0
346,2868,bike,675.41,78.72,697.56,108.55,0.4818,,,,,0
346,2894,rickshaw,854.45,121.05,987.09,249.39,0.8031,main_carriageway,28.03,15.53,0.485,0
346,2715,bike,619.66,91.32,647.6,139.09,0.8136,,,,,0
346,2159,car,264.84,99.32,289.48,136.98,0.2526,,,,,0
346,2915,bike,650.56,71.11,667.36,103.14,0.633,,,,,0
346,2923,car,2.49,213.16,43.88,273.33,0.6119,,,,,0
346,2428,car,462.39,95.99,488.77,126.75,0.2996,,,,,0
347,14,car,1083.86,60.55,1196.66,150.39,0.5643,,,,,0
347,16,car,1182.47,62.59,1279.53,159.67,0.7887,,,,,0
347,886,bike,354.41,108.7,372.92,141.73,0.8223,,,,,0
347,1154,car,280.07,171.28,370.76,259.6,0.9174,main_carriageway,8.44,7.53,0.666,0
347,27,bus,953.75,41.8,1030.28,109.97,0.6217,,,,,0
347,1361,car,618.93,155.94,755.84,268.32,0.8813,main_carriageway,21.35,12.24,0.497,0
347,1372,bike,424.33,147.05,461.14,221.31,0.8423,main_carriageway,7.42,5.44,0.591,0
347,1200,bike,1077.02,130.53,1152.64,252.47,0.9303,main_carriageway,38.63,13.84,0.337,0
347,1620,car,500.06,119.51,592.71,205.35,0.9149,main_carriageway,7.4,7.3,0.702,0
347,25,car,707.0,49.01,785.96,98.11,0.585,,,,,0
347,975,rickshaw,927.71,159.66,1074.89,314.21,0.9446,main_carriageway,50.14,22.7,0.412,0
347,1790,car,879.38,84.14,966.5,139.32,0.3921,,,,,0
347,1900,car,633.9,105.94,727.1,176.83,0.8976,,,,,0
347,2072,car,332.58,150.54,411.0,224.28,0.8853,main_carriageway,4.98,5.34,0.731,0
347,2318,bike,578.43,107.84,608.92,165.12,0.8533,,,,,0
347,2392,bike,550.93,80.69,571.1,115.05,0.4409,,,,,0
347,2522,car,242.98,137.8,284.89,177.39,0.8005,,,,,0
347,2627,car,304.67,119.07,346.43,159.99,0.7872,,,,,0
347,2166,car,54.52,213.31,111.85,280.67,0.6848,opposite_carriageway,4.29,-4.71,0.739,0
347,2441,car,93.51,194.26,147.55,239.69,0.7827,,,,,0
347,2253,bike,303.43,87.94,323.28,120.57,0.4737,,,,,0
347,2799,bike,495.46,84.9,515.26,116.16,0.4201,,,,,0
347,18,car,865.7,58.05,964.88,116.34,0.6454,,,,,0
347,2509,bike,780.22,71.05,809.88,113.44,0.395,,,,,0
347,2868,bike,675.74,78.63,697.96,108.76,0.4804,,,,,0
347,2894,rickshaw,857.12,121.46,989.17,250.64,0.7931,main_carriageway,23.08,14.24,0.525,0
347,2715,bike,620.38,91.3,647.62,138.47,0.8145,,,,,0
347,2159,car,264.88,99.48,289.46,137.12,0.2512,,,,,0
347,2915,bike,650.79,71.12,667.58,103.15,0.6317,,,,,0
347,2923,car,2.92,213.3,43.87,272.56,0.6106,,,,,0
347,2428,car,462.22,95.72,488.98,126.68,0.3032,,,,,0
348,14,car,1084.14,60.68,1196.72,150.51,0.5759,,,,,0
348,16,car,1182.4,62.64,1279.47,159.65,0.7701,,,,,0
348,886,bike,354.92,108.95,373.4,141.99,0.8092,,,,,0
348,1154,car,282.1,174.33,372.43,262.17,0.9064,main_carriageway,8.07,8.03,0.705,0
348,27,bus,953.8,41.78,1030.45,109.83,0.6144,,,,,0
348,1361,car,623.43,159.32,760.31,271.55,0.8925,main_carriageway,20.95,13.21,0.533,0
348,1372,bike,425.86,147.42,463.21,222.68,0.8514,main_carriageway,7.02,5.38,0.608,0
348,1200,bike,1086.3,133.16,1161.63,254.37,0.9431,main_carriageway,37.41,12.55,0.318,0
348,1620,car,501.45,120.07,595.4,207.21,0.9227,main_carriageway,7.53,7.42,0.702,0
348,25,car,706.84,48.94,785.94,98.02,0.5847,,,,,0
348,975,rickshaw,940.97,163.84,1088.4,318.0,0.879,main_carriageway,49.22,18.45,0.351,0
348,1790,car,874.52,85.58,973.15,148.86,0.4361,,,,,0
348,1900,car,636.45,107.07,729.84,177.21,0.8935,,,,,0
348,2072,car,333.91,151.3,413.13,226.01,0.8783,main_carriageway,5.78,5.1,0.661,0
348,2318,bike,580.0,109.14,609.97,165.67,0.8273,,,,,0
348,2392,bike,551.87,81.75,571.74,115.75,0.5189,,,,,0
348,2522,car,243.4,138.77,285.36,178.45,0.785,,,,,0
348,2627,car,305.02,119.81,346.26,160.22,0.7854,,,,,0
348,2166,car,53.98,208.21,113.89,279.15,0.6856,opposite_carriageway,3.42,-5.12,0.832,0
348,2441,car,95.02,193.67,148.47,238.87,0.7735,,,,,0
348,2253,bike,303.46,88.13,323.23,120.74,0.4712,,,,,0
348,2799,bike,496.36,85.08,515.93,115.88,0.3936,,,,,0
348,18,car,866.76,58.14,963.54,114.97,0.5678,,,,,0
348,2509,bike,780.25,71.26,809.82,113.48,0.3616,,,,,0
348,2868,bike,676.79,80.14,698.23,109.31,0.4317,,,,,0
348,2894,car,865.86,122.39,998.08,253.14,0.7331,main_carriageway,24.04,12.73,0.468,0
348,2715,bike,622.85,91.71,647.56,134.64,0.8355,,,,,0
348,2915,bike,651.29,71.07,667.97,102.85,0.65,,,,,0
348,2923,car,4.53,216.52,43.37,272.03,0.7383,,,,,0
348,2428,bike,462.41,95.93,488.81,126.47,0.221,,,,,0
348,2961,car,298.95,55.11,323.4,84.83,0.3366,,,,,0
348,2962,rickshaw,874.27,125.02,988.23,254.05,0.4244,,,,,0
348,2589,bike,588.35,87.44,608.99,122.58,0.3703,,,,,0
349,14,car,1083.0,60.13,1196.11,150.26,0.6951,,,,,0
349,16,car,1182.22,62.56,1279.47,159.68,0.808,,,,,0
349,886,bike,355.55,109.34,374.0,142.43,0.8138,,,,,0
349,1154,car,283.55,176.3,375.69,266.07,0.8934,main_carriageway,9.64,11.15,0.756,0
349,27,bus,954.19,41.62,1031.29,109.91,0.6348,,,,,0
349,1361,car,628.65,160.18,768.79,274.74,0.8957,main_carriageway,26.05,15.61,0.514,0
349,1372,bike,427.63,147.71,465.84,224.45,0.8799,main_carriageway,8.44,6.64,0.618,0
349,1200,bike,1096.92,134.3,1174.18,258.18,0.9094,main_carriageway,45.22,15.2,0.319,0
349,1620,car,502.81,120.54,597.51,208.53,0.9185,main_carriageway,8.58,8.09,0.686,0
349,25,car,706.96,48.87,785.94,97.77,0.5821,,,,,0
349,975,rickshaw,954.93,167.83,1106.01,325.25,0.8502,main_carriageway,59.78,22.7,0.355,0
349,1790,car,873.25,86.04,976.05,153.15,0.6568,,,,,0
349,1900,car,637.96,108.3,736.03,181.56,0.9321,main_carriageway,14.21,2.59,0.179,0
349,2072,car,335.6,151.63,416.28,228.03,0.8297,main_carriageway,7.78,6.38,0.634,0
349,2318,bike,582.13,108.18,612.45,165.82,0.7712,,,,,0
349,2392,bike,553.07,81.46,573.39,116.31,0.3957,,,,,0
349,2522,car,243.23,139.21,285.45,179.15,0.7887,,,,,0
349,2627,car,305.47,120.46,346.4,160.5,0.7857,,,,,0
349,2166,car,54.4,205.15,114.81,277.33,0.6546,opposite_carriageway,3.53,-6.62,0.882,0
349,2441,car,97.02,192.94,149.77,237.72,0.6308,opposite_carriageway,4.62,-3.83,0.638,0
349,2253,bike,303.36,88.04,323.16,120.8,0.5241,,,,,0
349,2799,bike,497.21,84.73,516.85,115.49,0.5382,,,,,0
349,18,car,867.02,58.36,962.61,114.51,0.5588,,,,,0
349,2509,bike,780.2,71.38,809.72,113.51,0.3563,,,,,0
349,2868,bike,679.16,82.57,700.0,110.36,0.3073,,,,,0
349,2894,car,876.86,124.69,1008.85,255.96,0.8672,main_carriageway,32.45,14.24,0.402,0
349,2715,bike,624.41,92.57,649.15,135.67,0.7861,,,,,0
349,2915,bike,651.55,70.65,668.31,102.55,0.5972,,,,,0
349,2923,car,6.18,216.3,44.17,269.84,0.4387,opposite_carriageway,2.94,-6.68,0.916,0
349,2428,car,464.77,96.1,491.67,127.08,0.3867,,,,,0
349,2961,car,298.96,55.01,323.44,84.76,0.3656,,,,,0
349,2970,bike,584.44,94.65,611.2,143.31,0.5065,,,,,0
349,2589,bike,589.45,87.83,610.75,124.15,0.2458,,,,,0
349,2159,car,264.7,98.88,289.7,137.36,0.2688,,,,,0
350,14,car,1082.51,59.92,1195.9,150.16,0.6952,,,,,0
350,16,car,1182.13,62.53,1279.5,159.69,0.808,,,,,0
350,886,bike,355.8,109.48,374.2,142.59,0.814,,,,,0
350,1154,car,284.13,177.04,376.81,267.5,0.8931,main_carriageway,8.04,10.63,0.798,0
350,27,bus,954.37,41.56,1031.71,109.95,0.6374,,,,,0
350,1361,car,630.42,160.42,772.04,275.88,0.8961,main_carriageway,22.76,13.13,0.5,0
350,1372,bike,428.23,147.81,466.84,225.09,0.8801,main_carriageway,7.11,6.2,0.657,0
350,1200,bike,1100.7,134.73,1178.79,259.57,0.9102,main_carriageway,40.51,13.23,0.31,0
350,1620,car,503.34,120.69,598.22,208.99,0.9185,main_carriageway,7.47,6.51,0.657,0
350,25,car,706.96,48.85,786.0,97.69,0.5838,,,,,0
350,975,rickshaw,959.84,169.29,1112.55,327.91,0.8484,main_carriageway,54.36,22.69,0.385,0
350,1790,car,873.21,86.2,976.72,154.84,0.6606,,,,,0
350,1900,car,638.3,108.73,738.41,183.15,0.9313,main_carriageway,12.41,2.69,0.212,0
350,2072,car,336.3,151.74,417.34,228.78,0.8299,main_carriageway,6.9,6.15,0.666,0
350,2318,bike,582.94,107.72,613.3,165.86,0.7716,,,,,0
350,2392,bike,553.51,81.35,573.97,116.53,0.3952,,,,,0
350,2522,car,243.17,139.37,285.47,179.39,0.7888,,,,,0
350,2627,car,305.64,120.7,346.46,160.59,0.785,,,,,0
350,2166,car,54.67,204.01,114.98,276.66,0.6553,opposite_carriageway,2.58,-6.33,0.926,0
350,2441,car,97.8,192.7,150.18,237.32,0.6317,,,,,0
350,2253,bike,303.34,88.01,323.11,120.82,0.5232,,,,,0
350,2799,bike,497.49,84.62,517.2,115.33,0.5371,,,,,0
350,18,car,867.07,58.46,962.21,114.37,0.5591,,,,,0
350,2509,bike,780.17,71.42,809.69,113.52,0.3569,,,,,0
350,2868,bike,679.91,83.48,700.75,110.76,0.307,,,,,0
350,2894,car,881.12,125.56,1012.48,256.92,0.867,main_carriageway,32.68,10.99,0.319,0
350,2715,bike,624.96,92.87,649.68,136.01,0.7861,,,,,0
350,2915,bike,651.63,70.48,668.44,102.45,0.6,,,,,0
350,2923,car,6.49,216.14,44.63,269.16,0.4337,opposite_carriageway,3.07,-6.55,0.905,0
350,2428,car,465.61,96.16,492.74,127.31,0.3878,,,,,0
350,2961,car,298.96,55.0,323.44,84.75,0.3637,,,,,0
350,2589,bike,589.87,87.99,611.37,124.7,0.2407,,,,,0
350,2159,car,264.7,98.71,289.72,137.37,0.269,,,,,0
351,14,car,1082.17,60.38,1194.37,149.44,0.789,,,,,0
351,16,car,1181.94,62.35,1279.58,159.73,0.8405,,,,,0
351,886,bike,356.17,109.84,374.43,142.81,0.8113,,,,,0
351,1154,car,285.89,177.77,380.28,270.13,0.9061,main_carriageway,8.48,11.26,0.799,0
351,27,bus,954.19,41.54,1031.76,110.02,0.6499,,,,,0
351,1361,car,634.85,162.94,779.03,280.11,0.8634,main_carriageway,21.96,13.3,0.518,0
351,1372,bike,429.29,147.96,468.73,226.88,0.8816,main_carriageway,6.87,6.21,0.671,0
351,1200,bike,1110.46,135.52,1189.97,262.38,0.8869,main_carriageway,39.58,11.58,0.281,0
351,1620,car,505.53,122.45,599.78,209.99,0.9239,main_carriageway,7.11,5.41,0.606,0
351,25,car,707.05,48.76,786.24,97.59,0.6365,,,,,0
351,975,car,972.38,170.89,1129.39,333.38,0.7477,main_carriageway,54.79,21.61,0.367,0
351,1790,car,869.77,87.11,979.93,161.94,0.9002,,,,,0
351,1900,car,638.59,109.32,742.89,186.61,0.938,main_carriageway,11.4,8.72,0.607,0
351,2072,car,337.62,153.47,418.67,230.65,0.7913,main_carriageway,6.8,6.77,0.705,0
351,2318,bike,583.78,105.04,615.59,166.36,0.8143,,,,,0
351,2392,bike,555.04,80.66,575.9,116.59,0.2945,,,,,0
351,2522,car,243.15,139.77,285.38,179.76,0.7801,,,,,0
351,2627,car,305.88,121.78,346.65,161.55,0.7782,,,,,0
351,2166,car,55.29,200.05,116.49,274.77,0.7793,opposite_carriageway,2.94,-6.52,0.912,0
351,2441,car,98.94,191.93,150.74,236.26,0.5133,,,,,0
351,2253,bike,303.44,88.46,323.04,121.04,0.5424,,,,,0
351,2799,bike,497.34,84.93,517.43,115.83,0.4998,,,,,0
351,18,car,864.94,59.07,958.59,114.72,0.5331,,,,,0
351,2509,bike,780.19,71.35,809.8,113.54,0.366,,,,,0
351,2868,bike,683.86,84.36,704.94,110.96,0.3148,,,,,0
351,2894,rickshaw,887.84,127.41,1020.66,261.37,0.6236,main_carriageway,33.48,11.98,0.337,0
351,2715,bike,626.11,93.36,651.37,137.55,0.7342,,,,,0
351,2915,bike,651.75,70.4,668.51,102.22,0.5937,,,,,0
351,2923,car,7.67,214.97,46.34,268.11,0.374,opposite_carriageway,3.82,-5.22,0.807,0
351,2428,car,466.57,96.3,493.85,127.45,0.3833,,,,,0
351,2961,car,298.95,55.12,323.5,84.94,0.3578,,,,,0
351,2589,bike,590.49,88.73,612.4,126.18,0.2675,,,,,0
351,2159,bike,265.15,97.85,290.79,137.61,0.3208,,,,,0
351,2962,car,894.48,128.24,1012.76,262.12,0.6438,,,,,0
352,14,car,1082.93,60.6,1194.92,149.46,0.7961,,,,,0
352,16,car,1182.19,62.45,1279.66,159.62,0.8433,,,,,0
352,886,bike,356.7,110.32,374.82,143.09,0.7963,,,,,0
352,1154,car,288.5,180.2,383.66,273.17,0.9074,main_carriageway,10.67,13.57,0.786,0
352,27,bus,953.21,41.47,1031.51,110.49,0.675,,,,,0
352,1361,car,639.16,165.44,787.04,285.26,0.8954,main_carriageway,25.71,16.94,0.55,0
352,1372,bike,431.02,149.11,470.65,228.22,0.8918,main_carriageway,8.1,6.91,0.649,0
352,1200,bike,1124.12,139.97,1204.04,266.86,0.8753,main_carriageway,49.25,14.39,0.28,0
352,1620,car,508.17,123.43,603.29,211.74,0.9399,main_carriageway,9.35,6.39,0.564,0
352,25,car,706.92,48.6,786.33,97.48,0.6548,,,,,0
352,975,car,987.93,174.28,1149.17,340.13,0.7362,main_carriageway,67.25,25.92,0.36,0
352,1790,car,869.65,87.98,982.07,165.96,0.9288,,,,,0
352,1900,car,639.48,110.24,747.28,190.05,0.9253,main_carriageway,12.88,13.22,0.716,0
352,2072,car,337.55,152.22,422.15,233.32,0.8813,main_carriageway,8.06,9.04,0.746,0
352,2318,bike,586.17,106.33,617.9,167.69,0.7978,,,,,0
352,2392,bike,557.42,80.93,578.03,116.68,0.4679,,,,,0
352,2522,car,243.51,140.21,285.58,180.02,0.8109,,,,,0
352,2627,car,306.11,122.52,346.85,162.16,0.7712,,,,,0
352,2166,car,57.16,199.62,116.89,273.21,0.8033,opposite_carriageway,3.84,-7.46,0.889,0
352,2441,car,101.6,193.11,150.81,235.02,0.5887,opposite_carriageway,5.67,-4.67,0.635,0
352,2253,bike,303.54,89.3,322.85,121.36,0.5565,,,,,0
352,2799,bike,498.58,85.35,518.8,116.15,0.5449,,,,,0
352,18,car,863.06,59.48,955.24,115.11,0.5178,,,,,0
352,2509,bike,780.12,71.23,809.83,113.57,0.3919,,,,,0
352,2868,bike,685.24,85.67,706.53,112.02,0.5398,,,,,0
352,2894,rickshaw,898.33,128.96,1032.13,264.81,0.7375,main_carriageway,42.09,14.17,0.319,0
352,2715,bike,627.63,94.36,653.43,139.9,0.7993,,,,,0
352,2915,bike,652.06,70.85,668.78,102.49,0.6315,,,,,0
352,2923,car,9.49,217.51,46.38,267.2,0.4306,opposite_carriageway,4.54,-5.36,0.763,0
352,2428,car,466.19,96.06,493.41,127.16,0.3473,,,,,0
352,2961,car,299.06,55.2,323.65,85.09,0.3494,,,,,0
352,2589,bike,590.81,88.78,613.54,127.81,0.3266,,,,,0
352,2159,bike,265.43,97.55,291.41,138.01,0.425,,,,,0
352,2962,car,905.52,129.79,1025.04,265.01,0.3558,,,,,0
353,14,car,1083.19,60.68,1195.1,149.46,0.797,,,,,0
353,16,car,1182.29,62.48,1279.71,159.58,0.8439,,,,,0
353,886,bike,356.88,110.5,374.95,143.16,0.7977,,,,,0
353,1154,car,289.41,181.11,384.91,274.28,0.9078,main_carriageway,9.9,12.11,0.774,0
353,27,bus,952.81,41.44,1031.44,110.67,0.6758,,,,,0
353,1361,car,640.6,166.37,790.08,287.14,0.8957,main_carriageway,23.47,15.59,0.553,0
353,1372,bike,431.62,149.53,471.35,228.7,0.8908,main_carriageway,6.95,6.02,0.655,0
353,1200,bike,1129.07,141.65,1209.3,268.49,0.8775,main_carriageway,45.22,14.12,0.298,0
353,1620,car,509.1,123.79,604.57,212.38,0.9402,main_carriageway,8.41,5.17,0.524,0
353,25,car,706.84,48.55,786.41,97.44,0.6555,,,,,0
353,975,car,993.42,175.55,1156.69,342.58,0.7418,main_carriageway,60.37,24.58,0.377,0
353,1790,car,870.23,88.31,982.26,167.55,0.9286,,,,,0
353,1900,car,639.72,110.58,748.88,191.33,0.9266,main_carriageway,11.15,14.12,0.785,0
353,2072,car,337.58,151.68,423.29,234.36,0.8836,main_carriageway,6.92,8.35,0.77,0
353,2318,bike,587.08,106.86,618.7,168.17,0.7989,,,,,0
353,2392,bike,558.34,81.04,578.76,116.69,0.4726,,,,,0
353,2522,car,243.66,140.37,285.64,180.08,0.8111,,,,,0
353,2627,car,306.18,122.8,346.95,162.35,0.7728,,,,,0
353,2166,car,57.95,199.38,116.92,272.68,0.8041,opposite_carriageway,3.5,-6.47,0.88,0
353,2441,car,102.45,193.59,150.83,234.6,0.5891,opposite_carriageway,4.9,-4.27,0.657,0
353,2253,bike,303.57,89.58,322.8,121.48,0.5608,,,,,0
353,2799,bike,498.98,85.54,519.34,116.28,0.5437,,,,,0
353,18,car,862.82,59.63,953.63,115.2,0.5188,,,,,0
353,2509,bike,780.1,71.19,809.84,113.58,0.3924,,,,,0
353,2868,bike,685.61,86.12,707.22,112.4,0.5414,,,,,0
353,2894,rickshaw,902.43,129.48,1036.09,266.06,0.746,main_carriageway,37.29,12.92,0.327,0
353,2715,bike,628.23,94.72,654.12,140.79,0.7985,,,,,0
353,2915,bike,652.16,71.03,668.9,102.6,0.6317,,,,,0
353,2923,car,9.88,218.49,46.56,266.93,0.441,opposite_carriageway,4.27,-5.1,0.767,0
353,2428,car,466.01,95.96,493.21,127.05,0.3501,,,,,0
353,2961,car,299.08,55.19,323.71,85.14,0.3565,,,,,0
353,2589,bike,590.96,88.82,613.92,128.36,0.3258,,,,,0
353,2159,bike,265.57,97.42,291.64,138.15,0.4227,,,,,0
353,2962,car,908.99,130.21,1029.0,265.93,0.3403,,,,,0
354,14,car,1083.13,60.65,1195.91,150.27,0.7483,,,,,0
354,16,car,1181.65,62.6,1279.03,159.4,0.8403,,,,,0
354,886,bike,357.91,110.52,376.07,143.42,0.7549,,,,,0
354,1154,car,290.57,181.73,388.13,276.79,0.9124,main_carriageway,9.73,10.72,0.74,0
354,27,bus,952.78,41.48,1031.71,110.9,0.7157,,,,,0
354,1361,car,647.09,167.81,799.6,290.8,0.894,main_carriageway,24.62,16.06,0.546,0
354,1372,bike,433.17,149.93,473.01,229.34,0.9123,main_carriageway,6.36,4.89,0.61,0
354,1200,bike,1139.58,143.6,1220.84,271.7,0.9147,main_carriageway,44.66,13.52,0.29,0
354,1620,car,510.18,124.45,606.69,213.99,0.9307,main_carriageway,8.28,5.46,0.551,0
354,25,car,706.67,47.72,788.36,98.04,0.6898,,,,,0
354,975,rickshaw,1006.75,177.97,1173.85,347.95,0.7248,main_carriageway,59.83,22.7,0.355,0
354,1790,car,871.48,89.24,981.92,168.79,0.9275,,,,,0
354,1900,car,641.03,110.72,753.84,194.53,0.9324,main_carriageway,10.44,12.97,0.779,0
354,2072,car,339.24,152.39,424.88,235.27,0.8876,main_carriageway,6.12,7.24,0.764,0
354,2318,bike,589.38,107.5,621.0,168.97,0.8198,,,,,0
354,2392,bike,560.32,81.47,580.22,116.16,0.623,,,,,0
354,2522,car,243.79,140.71,285.92,180.57,0.8198,,,,,0
354,2627,car,306.14,122.85,347.21,162.61,0.7549,,,,,0
354,2166,car,59.13,195.9,119.09,271.34,0.7691,opposite_carriageway,4.5,-5.99,0.799,0
354,2441,car,103.42,192.38,151.94,233.55,0.6173,,,,,0
354,2253,bike,303.6,89.9,322.78,121.7,0.519,,,,,0
354,2799,bike,501.88,86.92,521.79,117.31,0.5348,,,,,0
354,18,car,862.24,59.91,951.54,115.36,0.5353,,,,,0
354,2509,bike,780.09,71.03,809.89,113.52,0.3842,,,,,0
354,2868,bike,685.89,86.77,707.99,113.13,0.5409,,,,,0
354,2894,rickshaw,908.55,127.22,1047.91,271.12,0.8993,main_carriageway,35.38,15.16,0.394,0
354,2715,bike,629.68,95.34,655.81,142.26,0.8654,,,,,0
354,2915,bike,652.51,70.95,669.08,102.02,0.498,,,,,0
354,2923,car,8.96,217.07,46.98,266.22,0.3986,,,,,0
354,2961,car,299.21,55.24,323.93,85.33,0.343,,,,,0
354,2159,bike,265.59,97.38,291.85,138.51,0.3936,,,,,0
354,2962,car,915.42,128.09,1042.02,271.54,0.3327,,,,,0
354,3015,bike,482.08,99.61,497.17,130.2,0.4106,,,,,0
355,14,car,1083.6,60.73,1196.53,150.58,0.6874,,,,,0
355,16,car,1181.37,62.97,1278.45,159.12,0.7701,,,,,0
355,886,bike,358.33,110.73,376.59,143.89,0.7437,,,,,0
355,1154,car,292.16,183.27,391.81,280.52,0.9288,main_carriageway,11.51,13.02,0.749,0
355,27,bus,952.21,41.54,1031.37,111.13,0.7004,,,,,0
355,1361,car,653.21,169.86,809.54,295.54,0.9127,main_carriageway,30.14,19.66,0.546,0
355,1372,bike,434.87,150.82,475.59,232.19,0.8945,main_carriageway,7.7,7.1,0.678,0
355,1200,bike,1153.37,145.43,1235.7,274.46,0.9092,main_carriageway,54.79,14.89,0.262,0
355,1620,car,512.31,125.65,610.02,216.21,0.9031,main_carriageway,10.38,7.22,0.571,0
355,25,car,706.79,47.57,788.93,98.28,0.6649,,,,,0
355,975,car,1025.55,185.58,1195.84,357.3,0.6356,main_carriageway,74.5,29.39,0.367,0
355,1790,car,873.46,89.93,982.36,169.39,0.9186,,,,,0
355,1900,car,643.17,110.96,760.36,198.45,0.9378,main_carriageway,13.41,15.3,0.752,0
355,2072,car,342.69,156.02,426.32,236.67,0.8315,main_carriageway,7.69,7.89,0.716,0
355,2318,bike,592.23,111.01,622.71,170.24,0.7923,,,,,0
355,2392,bike,562.66,81.82,582.54,116.21,0.5472,,,,,0
355,2522,car,243.66,141.33,286.66,182.09,0.8493,,,,,0
355,2627,car,306.19,123.01,347.44,162.82,0.7899,,,,,0
355,2166,car,62.48,200.83,117.79,270.35,0.7765,opposite_carriageway,5.31,-6.31,0.765,0
355,2441,car,104.48,191.0,153.31,232.59,0.6136,opposite_carriageway,4.91,-4.73,0.694,0
355,2253,bike,303.48,90.52,322.61,122.11,0.4086,,,,,0
355,2799,bike,503.49,88.17,523.07,118.15,0.5471,,,,,0
355,18,car,862.78,60.0,950.8,115.29,0.4894,,,,,0
355,2509,bike,780.13,71.02,809.91,113.49,0.3744,,,,,0
355,2868,bike,686.64,87.87,709.4,114.56,0.5866,,,,,0
355,2715,bike,631.29,96.19,658.15,144.65,0.8744,,,,,0
355,2915,bike,652.85,70.19,669.78,102.02,0.5779,,,,,0
355,2923,car,7.75,215.09,47.9,266.04,0.4036,,,,,0
355,2961,car,299.33,55.61,323.9,85.58,0.3209,,,,,0
355,2159,bike,265.38,97.58,291.75,138.91,0.3604,,,,,0
355,3015,bike,483.0,99.66,498.08,130.2,0.3856,,,,,0
356,14,car,1083.82,60.76,1196.7,150.68,0.6892,,,,,0
356,16,car,1181.18,63.08,1278.35,159.01,0.7741,,,,,0
356,886,bike,358.49,110.78,376.76,144.04,0.7471,,,,,0
356,1154,car,292.77,183.8,393.12,281.9,0.9285,main_carriageway,9.86,11.77,0.767,0
356,27,bus,952.0,41.57,1031.25,111.22,0.7011,,,,,0
356,1361,car,655.37,170.66,813.32,297.27,0.9126,main_carriageway,27.4,17.16,0.531,0
356,1372,bike,435.51,151.13,476.49,233.24,0.8949,main_carriageway,6.99,6.36,0.673,0
356,1200,bike,1158.29,146.06,1241.23,275.39,0.9085,main_carriageway,49.54,13.01,0.254,0
356,1620,car,513.04,126.08,611.23,217.02,0.9034,main_carriageway,9.48,7.03,0.596,0
356,25,car,706.86,47.51,789.11,98.37,0.6641,,,,,0
356,975,car,1032.12,188.45,1204.36,360.8,0.6489,main_carriageway,67.35,27.42,0.377,0
356,1790,car,874.66,90.13,982.19,169.53,0.9176,,,,,0
356,1900,car,644.1,111.03,762.64,199.91,0.9373,main_carriageway,12.63,13.3,0.725,0
356,2072,car,343.89,157.38,426.88,237.16,0.8318,main_carriageway,7.24,6.51,0.669,0
356,2318,bike,593.23,112.33,623.3,170.71,0.7927,,,,,0
356,2392,bike,563.44,81.96,583.4,116.23,0.5454,,,,,0
356,2522,car,243.62,141.55,286.89,182.65,0.8483,,,,,0
356,2627,car,306.19,123.04,347.57,162.87,0.7873,,,,,0
356,2166,car,63.74,202.86,117.23,270.05,0.7765,opposite_carriageway,4.59,-4.72,0.717,0
356,2441,car,104.89,190.53,153.72,232.27,0.6147,,,,,0
356,2253,bike,303.41,90.7,322.58,122.25,0.4114,,,,,0
356,2799,bike,504.08,88.64,523.49,118.47,0.5485,,,,,0
356,18,car,863.33,60.0,950.37,115.23,0.4823,,,,,0
356,2509,bike,780.15,71.03,809.92,113.48,0.3734,,,,,0
356,2868,bike,686.83,88.27,710.04,115.07,0.5793,,,,,0
356,2715,bike,631.93,96.49,658.98,145.51,0.8738,,,,,0
356,2915,bike,652.98,69.9,670.02,102.03,0.5753,,,,,0
356,2923,car,7.05,214.41,48.42,266.01,0.4035,,,,,0
356,2961,car,299.38,55.73,323.89,85.67,0.3238,,,,,0
356,2159,bike,265.28,97.67,291.69,139.07,0.3591,,,,,0
356,3015,bike,483.28,99.67,498.36,130.21,0.3842,,,,,0
356,3029,bike,347.78,77.63,362.33,103.16,0.3073,,,,,0
356,2589,bike,593.32,92.92,620.03,138.95,0.349,,,,,0
356,2894,rickshaw,921.07,131.4,1062.21,278.51,0.9116,main_carriageway,44.84,21.59,0.434,0
357,14,car,1083.92,60.82,1196.74,150.79,0.6512,,,,,0
357,16,car,1180.63,63.08,1278.16,159.01,0.7421,,,,,0
357,886,bike,358.66,110.65,377.11,144.35,0.6834,,,,,0
357,1154,car,295.31,186.24,397.24,285.82,0.9227,main_carriageway,10.19,12.65,0.779,0
357,27,bus,952.05,41.55,1031.29,111.18,0.6778,,,,,0
357,1361,car,660.41,172.45,822.23,301.81,0.9021,main_carriageway,28.22,16.55,0.506,0
357,1372,bike,437.5,151.8,478.56,234.44,0.8859,main_carriageway,7.19,6.22,0.654,0
357,1200,bike,1170.9,147.76,1254.85,278.75,0.8481,main_carriageway,48.8,11.89,0.237,0
357,1620,car,513.92,126.42,613.37,218.43,0.9015,main_carriageway,7.91,6.69,0.646,0
357,25,car,706.8,47.49,789.23,98.54,0.6768,,,,,0
357,975,car,1044.59,188.98,1224.16,367.63,0.6831,main_carriageway,65.83,27.5,0.385,0
357,1790,car,876.87,90.42,983.12,169.68,0.8846,,,,,0
357,1900,car,645.41,111.79,766.7,203.22,0.9526,main_carriageway,12.68,13.17,0.721,0
357,2072,car,344.64,158.49,429.0,239.08,0.7994,main_carriageway,6.97,5.76,0.637,0
357,2318,bike,595.11,112.52,625.56,171.72,0.8665,,,,,0
357,2392,bike,564.55,81.89,584.86,116.45,0.5157,,,,,0
357,2522,car,243.78,142.17,286.82,183.03,0.8687,,,,,0
357,2627,car,305.84,123.09,347.53,163.19,0.832,,,,,0
357,2166,car,67.42,210.09,115.84,269.89,0.8046,,,,,0
357,2441,car,105.75,189.44,154.49,231.26,0.576,,,,,0
357,2253,bike,303.35,91.02,322.62,122.66,0.4031,,,,,0
357,2799,bike,504.67,86.85,525.15,118.37,0.5761,,,,,0
357,18,car,863.86,60.04,948.99,114.59,0.4907,,,,,0
357,2509,bike,780.08,70.91,809.98,113.55,0.3964,,,,,0
357,2868,bike,689.3,89.06,713.23,116.14,0.5245,,,,,0
357,2715,bike,633.8,96.58,660.77,145.41,0.9188,,,,,0
357,2915,bike,653.15,69.18,670.2,101.63,0.5788,,,,,0
357,2961,car,299.39,55.95,323.88,85.95,0.3305,,,,,0
357,2159,bike,264.42,98.28,291.1,140.24,0.4421,,,,,0
357,2950,truck,4.0,242.04,72.06,466.47,0.4375,,,,,0
357,3015,bike,483.59,99.29,498.9,130.24,0.3055,,,,,0
357,3029,bike,348.06,77.41,362.98,103.59,0.3489,,,,,0
357,2589,bike,596.1,92.82,620.95,134.99,0.3797,,,,,0
357,2894,rickshaw,933.14,135.21,1073.56,282.43,0.9089,main_carriageway,49.1,21.06,0.394,0
357,2428,car,471.86,98.18,498.65,128.59,0.3406,,,,,0
358,14,car,1083.96,60.89,1196.45,150.73,0.6536,,,,,0
358,16,car,1181.57,63.06,1278.97,158.8,0.811,,,,,0
358,886,bike,358.85,110.65,377.4,144.54,0.6632,,,,,0
358,1154,car,298.32,188.47,401.63,289.12,0.9055,main_carriageway,12.81,14.84,0.757,0
358,27,bus,952.33,41.55,1031.44,111.14,0.6995,,,,,0
358,1361,car,664.51,174.36,831.68,307.34,0.9112,main_carriageway,32.75,20.2,0.525,0
358,1372,bike,439.53,152.65,481.15,236.74,0.8507,main_carriageway,8.85,8.04,0.672,0
358,1200,bike,1188.91,151.47,1265.41,269.65,0.7753,main_carriageway,57.98,1.16,0.02,0
358,1620,car,514.76,126.84,616.16,220.68,0.8966,main_carriageway,8.62,8.3,0.693,0
358,25,car,707.72,48.76,788.01,98.32,0.628,,,,,0
358,975,rickshaw,1064.29,189.45,1253.38,377.21,0.8619,main_carriageway,83.78,34.63,0.382,0
358,1790,car,878.89,90.0,985.37,169.93,0.8758,,,,,0
358,1900,car,648.19,112.44,773.83,207.95,0.9285,main_carriageway,16.71,16.62,0.705,0
358,2072,car,345.94,158.76,432.78,241.5,0.826,main_carriageway,8.93,7.14,0.625,0
358,2318,bike,597.38,112.94,628.12,172.69,0.83,,,,,0
358,2392,bike,566.55,81.0,587.91,117.3,0.6051,,,,,0
358,2522,car,243.57,141.92,287.09,183.29,0.8743,,,,,0
358,2627,car,305.52,123.06,347.71,163.63,0.8387,,,,,0
358,2166,car,69.91,211.98,116.35,268.46,0.6945,opposite_carriageway,5.69,-4.22,0.595,0
358,2441,car,106.87,188.13,155.45,229.92,0.5042,opposite_carriageway,4.52,-4.68,0.719,0
358,2253,bike,303.29,91.11,322.86,123.11,0.3295,,,,,0
358,2799,bike,505.22,84.76,527.08,118.63,0.67,,,,,0
358,18,car,865.53,59.6,946.96,112.04,0.5015,,,,,0
358,2509,bike,780.18,71.16,809.9,113.54,0.3644,,,,,0
358,2868,bike,690.28,88.39,715.61,117.05,0.6714,,,,,0
358,2715,bike,635.1,97.04,662.55,146.87,0.9224,,,,,0
358,2915,bike,653.23,68.82,670.43,102.0,0.575,,,,,0
358,2961,car,299.4,56.0,323.91,86.11,0.3379,,,,,0
358,2159,bike,263.89,97.81,291.11,140.81,0.3246,,,,,0
358,3015,bike,482.97,99.16,498.65,130.48,0.317,,,,,0
358,3029,bike,348.15,77.22,363.26,103.73,0.3533,,,,,0
358,2589,bike,597.68,89.08,621.32,129.25,0.4661,,,,,0
358,2894,rickshaw,944.96,138.87,1085.61,286.84,0.9217,main_carriageway,50.05,22.03,0.403,0
358,2428,car,472.32,98.8,499.5,129.29,0.3203,,,,,0
359,14,car,1084.01,60.91,1196.3,150.71,0.6565,,,,,0
359,16,car,1181.91,63.05,1279.3,158.72,0.8136,,,,,0
359,886,bike,358.9,110.66,377.49,144.61,0.6605,,,,,0
359,1154,car,299.37,189.29,403.29,290.3,0.9057,main_carriageway,11.98,13.51,0.748,0
359,27,bus,952.47,41.55,1031.48,111.12,0.6994,,,,,0
359,1361,car,665.76,175.03,835.41,309.39,0.9117,main_carriageway,27.24,18.59,0.564,0
359,1372,bike,440.3,152.96,482.05,237.61,0.8495,main_carriageway,8.08,8.27,0.715,0
359,1200,bike,1194.93,152.79,1269.48,267.12,0.7725,main_carriageway,51.99,-4.58,-0.088,0
359,1620,car,515.05,126.98,617.14,221.5,0.8969,main_carriageway,7.66,7.51,0.7,0
359,25,car,708.0,49.26,787.61,98.24,0.6281,,,,,0
359,975,rickshaw,1071.51,189.54,1264.45,380.78,0.8636,main_carriageway,77.68,32.83,0.389,0
359,1790,car,879.86,89.84,986.0,169.99,0.8762,,,,,0
359,1900,car,649.47,112.68,776.17,209.75,0.9292,main_carriageway,15.38,15.22,0.703,0
359,2072,car,346.34,158.88,434.23,242.42,0.8292,main_carriageway,8.22,7.15,0.656,0
359,2318,bike,598.19,113.08,629.05,173.05,0.831,,,,,0
359,2392,bike,567.28,80.67,589.04,117.61,0.6052,,,,,0
359,2522,car,243.51,141.84,287.17,183.38,0.8746,,,,,0
359,2627,car,305.38,123.03,347.77,163.79,0.8399,,,,,0
359,2166,car,70.46,212.43,116.76,267.99,0.692,,,,,0
359,2441,car,107.29,187.63,155.79,229.43,0.5039,,,,,0
359,2253,bike,303.26,91.16,322.96,123.28,0.3257,,,,,0
359,2799,bike,505.45,83.96,527.75,118.73,0.6691,,,,,0
359,18,car,866.28,59.44,946.18,111.13,0.5041,,,,,0
359,2509,bike,780.22,71.26,809.87,113.53,0.3649,,,,,0
359,2868,bike,690.62,88.09,716.48,117.37,0.6684,,,,,0
359,2715,bike,635.56,97.19,663.16,147.4,0.9229,,,,,0
359,2915,bike,653.32,68.66,670.47,102.15,0.5774,,,,,0
359,2961,car,299.41,56.01,323.89,86.17,0.3368,,,,,0
359,2159,bike,263.72,97.65,291.07,141.01,0.3254,,,,,0
359,3015,bike,482.75,99.16,498.67,130.58,0.3202,,,,,0
359,3029,bike,348.18,77.16,363.34,103.77,0.3526,,,,,0
359,2589,bike,598.21,87.71,621.44,127.19,0.4667,,,,,0
359,2894,rickshaw,949.32,140.22,1089.75,288.46,0.9215,main_carriageway,50.28,22.4,0.407,0
359,2428,car,472.45,99.01,499.92,129.54,0.3155,,,,,0
360,14,car,1083.53,60.92,1195.55,150.62,0.6356,,,,,0
360,16,car,1182.26,63.32,1279.39,158.67,0.8207,,,,,0
360,886,bike,359.03,110.66,377.65,144.63,0.6631,,,,,0
360,1154,car,301.48,191.21,406.23,292.82,0.9159,main_carriageway,11.87,12.3,0.72,0
360,27,bus,953.45,41.95,1031.29,110.48,0.6941,,,,,0
360,1361,car,673.64,176.61,847.98,314.54,0.93,main_carriageway,29.43,19.0,0.542,0
360,1372,bike,442.72,155.1,484.26,239.35,0.902,main_carriageway,8.26,7.16,0.655,0
360,1200,bike,1209.92,154.99,1264.88,232.82,0.6302,main_carriageway,42.87,-41.64,-0.697,0
360,1620,car,517.11,127.51,620.91,223.63,0.9055,main_carriageway,7.85,7.42,0.687,0
360,25,car,707.74,49.59,786.68,98.0,0.5921,,,,,0
360,975,car,1084.51,191.48,1280.0,389.68,0.7822,main_carriageway,71.56,32.38,0.412,0
360,1790,car,881.46,90.35,987.35,170.63,0.8665,,,,,0
360,1900,car,652.04,113.48,780.43,212.48,0.9545,main_carriageway,14.47,14.03,0.696,0
360,2072,car,348.32,159.79,437.75,244.78,0.8156,main_carriageway,8.53,8.11,0.689,0
360,2318,bike,600.92,116.66,631.02,174.69,0.8071,,,,,0
360,2392,bike,568.47,79.78,590.6,117.27,0.6567,,,,,0
360,2522,car,243.55,142.49,287.02,183.83,0.8747,,,,,0
360,2627,car,305.28,123.19,347.95,164.34,0.844,,,,,0
360,2166,car,70.06,209.08,118.85,267.43,0.6747,,,,,0
360,2441,car,107.98,186.34,156.78,228.67,0.4885,,,,,0
360,2253,bike,303.18,91.97,323.08,124.23,0.2328,,,,,0
360,2799,bike,506.99,82.84,529.76,119.01,0.7068,,,,,0
360,18,car,867.84,59.44,947.43,111.0,0.553,,,,,0
360,2509,bike,780.41,71.92,809.62,113.56,0.2545,,,,,0
360,2868,bike,692.1,88.33,718.97,118.5,0.7709,,,,,0
360,2715,bike,637.19,97.78,665.04,148.7,0.849,,,,,0
360,2915,bike,653.21,68.9,670.35,102.7,0.5723,,,,,0
360,2961,car,299.52,56.88,323.66,86.65,0.323,,,,,0
360,2159,bike,263.72,97.63,291.41,141.72,0.2297,,,,,0
360,3029,bike,348.44,77.38,363.45,103.71,0.3495,,,,,0
360,2589,bike,598.11,86.68,622.1,128.01,0.4037,,,,,0
360,2894,rickshaw,961.18,143.8,1101.92,292.72,0.9392,main_carriageway,53.32,21.6,0.375,0
360,2428,car,472.55,98.44,500.93,129.76,0.3386,,,,,0
360,2950,car,2.44,228.12,78.44,477.43,0.3563,,,,,0
361,14,car,1083.1,60.89,1195.09,150.63,0.6699,,,,,0
361,16,car,1181.98,63.24,1279.42,158.82,0.8111,,,,,0
361,886,bike,359.33,111.05,378.18,145.39,0.6328,,,,,0
361,1154,car,303.41,192.57,411.25,297.25,0.9373,main_carriageway,14.39,15.35,0.73,0
361,27,bus,954.41,42.06,1031.56,110.01,0.7437,,,,,0
361,1361,car,680.79,179.67,859.98,320.79,0.9307,main_carriageway,36.04,23.52,0.547,0
361,1372,bike,445.58,156.66,487.43,241.31,0.9052,main_carriageway,10.5,8.07,0.609,0
361,1200,bike,1224.34,157.58,1268.99,217.19,0.5313,main_carriageway,46.9,-58.2,-0.779,0
361,1620,car,519.87,128.07,624.87,225.02,0.9056,main_carriageway,10.24,8.0,0.616,0
361,25,car,707.54,49.63,786.3,97.81,0.5678,,,,,0
361,975,rickshaw,1097.81,196.14,1280.0,398.57,0.931,main_carriageway,70.67,37.77,0.471,0
361,1790,car,882.52,89.69,989.45,171.16,0.8729,,,,,0
361,1900,car,654.15,114.07,786.0,216.72,0.9484,main_carriageway,16.71,16.81,0.709,0
361,2072,car,349.46,160.59,439.85,246.19,0.8262,main_carriageway,9.27,9.03,0.698,0
361,2318,bike,602.66,116.32,634.31,177.6,0.7937,,,,,0
361,2392,bike,569.29,78.73,591.95,117.22,0.6378,,,,,0
361,2522,car,243.56,142.67,287.22,184.2,0.8887,,,,,0
361,2627,car,305.34,123.51,348.47,165.15,0.8486,,,,,0
361,2166,car,67.48,197.53,123.88,265.99,0.6768,opposite_carriageway,5.2,-4.06,0.616,0
361,2441,car,108.66,184.94,157.29,227.31,0.4491,opposite_carriageway,3.67,-4.96,0.804,0
361,2253,bike,303.02,92.44,323.05,124.77,0.2198,,,,,0
361,2799,bike,509.47,84.14,531.26,119.33,0.6355,,,,,0
361,18,car,867.98,59.48,949.19,112.26,0.6166,,,,,0
361,2509,bike,780.49,72.04,809.61,113.56,0.2314,,,,,0
361,2868,bike,694.34,88.25,722.68,119.64,0.6685,,,,,0
361,2715,bike,639.39,98.16,667.57,149.85,0.8042,,,,,0
361,2915,bike,653.58,68.44,670.69,101.91,0.3684,,,,,0
361,2961,car,299.58,57.22,323.56,86.84,0.3272,,,,,0
361,2159,bike,263.96,97.91,291.63,142.22,0.2502,,,,,0
361,3029,bike,348.29,77.13,363.46,103.7,0.3792,,,,,0
361,2589,bike,599.66,86.07,623.99,128.18,0.5454,,,,,0
361,2894,rickshaw,973.45,144.69,1117.35,297.36,0.8931,main_carriageway,53.76,18.85,0.331,0
361,2428,car,472.57,97.85,501.7,129.89,0.3466,,,,,0
361,3077,bike,443.23,88.74,460.23,113.71,0.3547,,,,,0
361,2950,car,4.43,228.39,76.82,461.8,0.4776,,,,,0
362,14,car,1082.95,60.87,1194.88,150.63,0.6703,,,,,0
362,16,car,1181.86,63.21,1279.45,158.87,0.8113,,,,,0
362,886,bike,359.4,111.17,378.38,145.67,0.631,,,,,0
362,1154,car,304.1,193.04,413.05,298.86,0.9368,main_carriageway,12.3,13.04,0.727,0
362,27,bus,954.77,42.09,1031.64,109.83,0.7432,,,,,0
362,1361,car,683.21,180.81,864.65,323.1,0.9308,main_carriageway,32.61,21.29,0.547,0
362,1372,bike,446.6,157.23,488.61,242.01,0.9052,main_carriageway,9.58,7.57,0.62,0
362,1200,bike,1226.81,158.11,1270.31,213.32,0.5304,main_carriageway,35.68,-65.43,-0.878,0
362,1620,car,520.81,128.27,626.39,225.5,0.9052,main_carriageway,9.95,7.07,0.579,0
362,25,car,707.41,49.64,786.22,97.73,0.567,,,,,0
362,975,rickshaw,1103.57,197.9,1280.0,401.93,0.9308,main_carriageway,57.41,34.3,0.513,0
362,1790,car,883.05,89.42,990.07,171.33,0.8728,,,,,0
362,1900,car,655.27,114.28,787.7,218.3,0.9486,main_carriageway,15.43,15.08,0.699,0
362,2072,car,349.76,160.89,440.63,246.67,0.8282,main_carriageway,8.38,7.59,0.672,0
362,2318,bike,603.32,116.19,635.44,178.65,0.7936,,,,,0
362,2392,bike,569.57,78.33,592.41,117.2,0.6371,,,,,0
362,2522,car,243.58,142.72,287.29,184.32,0.8878,,,,,0
362,2627,car,305.37,123.63,348.65,165.44,0.8479,,,,,0
362,2166,car,66.85,193.42,125.4,265.46,0.6785,opposite_carriageway,4.5,-4.43,0.702,0
362,2441,car,109.02,184.6,157.32,226.81,0.4593,,,,,0
362,2253,bike,302.93,92.6,323.07,124.96,0.2185,,,,,0
362,2799,bike,510.51,84.69,531.7,119.45,0.6344,,,,,0
362,18,car,868.1,59.5,949.76,112.72,0.6168,,,,,0
362,2509,bike,780.52,72.08,809.61,113.56,0.2316,,,,,0
362,2868,bike,695.06,88.21,724.18,120.06,0.6672,,,,,0
362,2715,bike,640.23,98.29,668.46,150.26,0.8041,,,,,0
362,2915,bike,653.68,68.27,670.85,101.61,0.3684,,,,,0
362,2961,car,299.61,57.34,323.51,86.9,0.3264,,,,,0
362,2159,bike,264.1,98.04,291.68,142.41,0.2487,,,,,0
362,3029,bike,348.22,77.05,363.46,103.7,0.3786,,,,,0
362,2589,bike,600.25,85.82,624.66,128.26,0.5457,,,,,0
362,2894,rickshaw,977.98,144.97,1122.86,299.05,0.8957,main_carriageway,47.07,16.62,0.333,0
362,2428,car,472.53,97.63,501.98,129.94,0.3456,,,,,0
362,3077,bike,443.28,88.69,460.33,113.75,0.3544,,,,,0
362,2950,car,4.92,229.47,76.32,456.11,0.4873,,,,,0
363,14,car,1083.16,60.82,1194.97,150.61,0.7236,,,,,0
363,16,car,1181.59,63.13,1279.67,159.25,0.8245,,,,,0
363,886,bike,359.58,111.2,378.8,146.04,0.6877,,,,,0
363,1154,car,305.84,195.02,416.88,302.73,0.9201,main_carriageway,11.38,13.61,0.767,0
363,27,bus,954.77,42.05,1031.57,109.74,0.7365,,,,,0
363,1361,car,691.69,183.95,876.05,328.07,0.934,main_carriageway,35.77,20.73,0.501,0
363,1372,bike,448.86,158.33,491.38,243.96,0.8699,main_carriageway,9.78,7.22,0.594,0
363,1620,car,522.66,128.46,629.79,227.06,0.9086,main_carriageway,10.76,6.38,0.51,0
363,25,car,707.36,49.52,786.53,97.73,0.5882,,,,,0
363,975,rickshaw,1115.71,202.4,1280.0,406.18,0.9422,main_carriageway,39.02,28.97,0.596,0
363,1790,car,884.13,90.55,990.58,172.17,0.8639,,,,,0
363,1900,car,660.21,116.02,792.68,220.41,0.8959,main_carriageway,15.43,12.46,0.628,0
363,2072,car,352.0,161.26,445.5,249.2,0.8344,main_carriageway,9.39,7.7,0.634,0
363,2318,bike,604.85,115.1,638.22,179.99,0.7996,,,,,0
363,2392,bike,571.35,77.23,594.81,117.08,0.7335,,,,,0
363,2522,car,243.61,143.68,287.32,185.32,0.8854,,,,,0
363,2627,car,305.53,123.97,348.91,165.88,0.8575,,,,,0
363,2166,car,66.91,189.54,127.03,264.54,0.5077,,,,,0
363,2441,car,109.12,183.2,158.48,226.71,0.4562,,,,,0
363,2253,bike,302.87,92.81,323.16,125.36,0.3097,,,,,0
363,2799,bike,512.17,84.43,533.13,119.15,0.6891,,,,,0
363,18,car,869.69,59.38,953.9,114.07,0.7069,,,,,0
363,2509,bike,780.37,71.7,809.7,113.54,0.2247,,,,,0
363,2868,bike,696.15,87.44,726.76,120.89,0.7339,,,,,0
363,2715,bike,641.59,98.19,669.89,150.5,0.8588,,,,,0
363,2915,bike,653.86,68.16,671.16,101.54,0.3746,,,,,0
363,2961,car,299.59,57.4,323.71,87.35,0.3119,,,,,0
363,2159,bike,264.2,98.62,291.84,143.28,0.3119,,,,,0
363,3029,bike,348.16,77.02,363.6,103.91,0.3933,,,,,0
363,2589,bike,602.1,85.82,626.16,128.1,0.6535,,,,,0
363,2894,rickshaw,986.33,141.76,1136.57,302.16,0.9368,main_carriageway,46.17,15.32,0.315,0
363,2428,car,472.51,96.47,503.3,130.33,0.3393,,,,,0
363,3077,bike,443.81,88.39,461.1,113.84,0.3682,,,,,0
363,2950,car,5.38,223.87,79.51,455.47,0.4347,,,,,0
364,14,car,1083.64,60.78,1195.12,150.36,0.7151,,,,,0
364,16,car,1181.2,63.22,1279.61,159.63,0.8112,,,,,0
364,886,bike,359.85,111.6,379.26,146.73,0.7084,,,,,0
364,1154,car,308.5,197.09,421.01,306.17,0.9268,main_carriageway,13.42,15.87,0.763,0
364,27,bus,954.68,41.98,1031.5,109.71,0.7513,,,,,0
364,1361,car,701.56,187.59,890.92,335.15,0.9248,main_carriageway,45.65,25.76,0.491,0
364,1372,bike,451.43,159.46,494.2,245.86,0.8929,main_carriageway,11.64,8.25,0.578,0
364,1620,car,524.68,129.43,634.16,230.26,0.9122,main_carriageway,13.32,8.76,0.549,0
364,25,car,707.55,49.64,786.66,97.71,0.5718,,,,,0
364,975,rickshaw,1132.26,208.68,1280.0,410.18,0.891,main_carriageway,38.15,29.4,0.61,0
364,1790,car,886.05,91.96,991.97,173.07,0.8529,,,,,0
364,1900,car,663.9,117.42,799.72,225.14,0.8953,main_carriageway,18.99,15.39,0.63,0
364,2072,car,355.58,161.72,451.13,251.58,0.7568,main_carriageway,13.07,9.16,0.574,0
364,2318,bike,607.95,115.61,641.4,180.75,0.8148,main_carriageway,11.05,7.7,0.572,0
364,2392,bike,573.22,77.31,596.68,117.22,0.7803,,,,,0
364,2522,car,243.7,144.13,287.43,185.87,0.8887,,,,,0
364,2627,car,305.66,124.69,348.92,166.39,0.8766,,,,,0
364,2166,car,69.93,194.42,125.12,263.29,0.5409,opposite_carriageway,3.92,-4.7,0.768,0
364,2441,car,109.04,181.25,159.26,225.94,0.4708,,,,,0
364,2253,bike,302.9,93.73,322.87,125.64,0.353,,,,,0
364,2799,bike,514.8,86.06,534.64,119.06,0.6094,,,,,0
364,18,car,868.53,59.14,955.2,115.58,0.6729,,,,,0
364,2509,bike,780.29,71.85,809.56,113.61,0.2398,,,,,0
364,2868,bike,697.88,87.69,729.0,121.8,0.7118,,,,,0
364,2715,bike,643.01,98.37,671.81,151.59,0.8721,,,,,0
364,2915,bike,653.96,68.13,671.3,101.33,0.3465,,,,,0
364,2961,car,300.29,60.48,322.78,88.32,0.2971,,,,,0
364,3029,bike,348.36,77.54,363.72,104.15,0.3944,,,,,0
364,2589,bike,603.64,86.21,627.45,128.44,0.7379,,,,,0
364,2894,rickshaw,998.17,141.41,1153.73,308.42,0.8845,main_carriageway,56.41,19.96,0.334,0
364,2428,car,473.7,97.01,504.33,130.77,0.2798,,,,,0
364,3077,bike,444.88,88.62,462.07,113.94,0.2761,,,,,0
364,2950,car,7.48,221.02,81.23,445.54,0.5557,opposite_carriageway,6.33,-20.93,0.957,0
364,3094,bike,486.89,98.91,506.02,132.06,0.4087,,,,,0
365,14,car,1083.85,60.76,1195.18,150.27,0.7157,,,,,0
365,16,car,1181.03,63.26,1279.61,159.78,0.8118,,,,,0
365,886,bike,359.93,111.75,379.44,146.97,0.7076,,,,,0
365,1154,car,309.44,197.84,422.5,307.4,0.9267,main_carriageway,12.12,14.58,0.769,0
365,27,bus,954.63,41.95,1031.47,109.69,0.7502,,,,,0
365,1361,car,705.01,188.9,896.61,337.77,0.925,main_carriageway,40.0,23.23,0.502,0
365,1372,bike,452.38,159.86,495.16,246.54,0.893,main_carriageway,10.28,7.19,0.573,0
365,1620,car,525.45,129.81,635.74,231.43,0.9123,main_carriageway,11.59,7.8,0.558,0
365,25,car,707.59,49.68,786.77,97.71,0.5727,,,,,0
365,975,rickshaw,1140.2,211.02,1280.0,411.12,0.8923,main_carriageway,27.84,21.44,0.61,0
365,1790,car,886.72,92.44,992.52,173.37,0.8533,,,,,0
365,1900,car,665.5,117.93,802.1,226.89,0.8953,main_carriageway,17.57,14.41,0.634,0
365,2072,car,356.86,161.89,453.17,252.45,0.7602,main_carriageway,11.98,7.67,0.539,0
365,2318,bike,609.15,115.81,642.58,181.01,0.8134,main_carriageway,9.89,6.32,0.538,0
365,2392,bike,573.88,77.35,597.3,117.26,0.7776,,,,,0
365,2522,car,243.75,144.3,287.44,186.07,0.888,,,,,0
365,2627,car,305.7,124.96,348.95,166.57,0.8761,,,,,0
365,2166,car,71.19,196.72,124.18,262.85,0.5416,,,,,0
365,2441,car,109.1,180.48,159.4,225.65,0.47,,,,,0
365,2253,bike,302.91,94.09,322.77,125.75,0.3544,,,,,0
365,2799,bike,515.77,86.7,535.14,119.02,0.6093,,,,,0
365,18,car,868.13,59.06,955.61,116.18,0.6763,,,,,0
365,2509,bike,780.26,71.9,809.51,113.63,0.2399,,,,,0
365,2868,bike,698.55,87.8,729.79,122.13,0.7113,,,,,0
365,2715,bike,643.51,98.46,672.48,151.96,0.8723,,,,,0
365,2915,bike,653.95,68.11,671.37,101.23,0.3489,,,,,0
365,2961,car,300.55,61.65,322.44,88.68,0.2973,,,,,0
365,3029,bike,348.41,77.75,363.77,104.24,0.3944,,,,,0
365,2589,bike,604.25,86.37,627.83,128.53,0.7395,,,,,0
365,2894,rickshaw,1002.77,141.23,1159.89,310.76,0.8849,main_carriageway,49.78,18.04,0.341,0
365,2428,car,474.15,97.24,504.68,130.92,0.2825,,,,,0
365,3077,bike,445.24,88.72,462.36,113.97,0.2767,,,,,0
365,2950,car,7.69,219.86,82.38,442.26,0.5609,opposite_carriageway,4.59,-35.17,0.992,0
365,3094,bike,487.26,99.36,506.18,132.18,0.4097,,,,,0
366,14,car,1083.76,60.79,1195.0,150.28,0.7544,,,,,0
366,16,car,1181.13,63.47,1279.66,159.9,0.8207,,,,,0
366,886,bike,360.11,111.49,380.03,147.41,0.7266,,,,,0
366,1154,car,312.46,201.06,426.45,310.96,0.8919,main_carriageway,12.12,13.71,0.749,0
366,27,bus,954.79,41.89,1031.66,109.66,0.7715,,,,,0
366,1361,car,712.45,192.66,907.23,343.24,0.9354,main_carriageway,39.46,22.45,0.495,0
366,1372,bike,454.06,160.66,497.85,249.61,0.9193,main_carriageway,9.45,8.3,0.66,0
366,1620,car,526.31,130.05,638.66,233.64,0.9247,main_carriageway,10.11,8.62,0.649,0
366,25,car,707.8,49.76,786.82,97.59,0.5622,,,,,0
366,975,rickshaw,1155.18,219.77,1280.0,417.16,0.8984,main_carriageway,28.69,18.59,0.544,0
366,1790,car,888.0,92.81,994.26,174.05,0.8979,,,,,0
366,1900,car,668.65,119.52,806.55,229.89,0.8967,main_carriageway,17.52,13.17,0.601,0
366,2318,bike,611.31,115.89,644.83,181.27,0.805,main_carriageway,9.59,3.67,0.358,0
366,2392,bike,575.27,77.51,598.44,117.27,0.8077,,,,,0
366,2522,car,243.85,144.97,287.23,186.47,0.8858,,,,,0
366,2627,car,305.45,125.0,349.13,166.99,0.8811,,,,,0
366,2166,car,71.49,193.15,125.9,261.47,0.6053,,,,,0
366,2441,car,110.24,179.62,159.92,224.66,0.5404,,,,,0
366,2253,bike,302.78,94.28,322.66,125.92,0.4428,,,,,0
366,2799,bike,516.71,86.25,536.6,119.61,0.6075,,,,,0
366,18,car,868.13,59.05,956.58,116.9,0.691,,,,,0
366,2509,bike,780.38,72.13,809.38,113.49,0.2251,,,,,0
366,2868,bike,699.32,87.33,732.0,123.57,0.7749,,,,,0
366,2715,bike,644.4,98.04,674.11,153.33,0.8484,,,,,0
366,2915,bike,653.93,67.74,671.43,100.79,0.2195,,,,,0
366,2961,car,300.55,62.3,322.32,89.14,0.2918,,,,,0
366,3029,bike,348.42,78.0,363.88,104.57,0.4344,,,,,0
366,2589,bike,605.96,87.31,629.07,128.97,0.6458,,,,,0
366,2894,rickshaw,1013.79,142.01,1175.32,317.37,0.92,main_carriageway,49.15,20.01,0.377,0
366,3077,bike,446.17,87.85,463.94,114.12,0.3227,,,,,0
366,2950,car,6.65,218.27,82.86,441.47,0.3062,opposite_carriageway,4.13,-20.33,0.98,0
366,3094,bike,486.54,97.9,506.3,132.11,0.3689,,,,,0
367,14,car,1083.59,60.81,1194.94,150.46,0.7377,,,,,0
367,16,car,1181.12,63.54,1279.68,159.98,0.8191,,,,,0
367,886,bike,360.28,111.56,380.47,147.94,0.7118,,,,,0
367,1154,car,315.16,203.73,432.51,316.79,0.9123,main_carriageway,15.26,17.93,0.762,0
367,27,bus,954.93,41.89,1031.83,109.75,0.7928,,,,,0
367,1361,car,722.62,196.1,923.38,350.65,0.9522,main_carriageway,49.07,27.55,0.49,0
367,1372,bike,455.72,161.32,500.64,252.37,0.9367,main_carriageway,10.57,10.36,0.7,0
367,1620,car,528.66,130.85,642.45,235.69,0.9064,main_carriageway,11.96,10.19,0.649,0
367,25,car,707.87,49.78,787.37,97.84,0.5615,,,,,0
367,1790,car,889.71,93.37,996.37,174.81,0.9055,,,,,0
367,1900,car,672.85,120.62,813.7,233.68,0.9125,main_carriageway,21.79,15.38,0.577,0
367,2318,bike,613.95,115.7,648.3,182.82,0.8109,main_carriageway,11.74,4.17,0.335,0
367,2392,bike,576.54,77.92,599.54,117.43,0.8361,,,,,0
367,2522,car,243.83,145.2,287.75,187.29,0.8747,,,,,0
367,2627,car,305.12,124.97,349.5,167.62,0.8699,,,,,0
367,2166,car,71.94,189.73,127.58,260.05,0.5958,opposite_carriageway,3.63,-5.41,0.83,0
367,2441,car,111.25,179.69,159.35,223.54,0.546,,,,,0
367,2253,bike,302.73,94.24,322.86,126.25,0.3254,,,,,0
367,2799,bike,518.28,86.67,538.09,120.14,0.6762,,,,,0
367,18,car,868.11,59.07,957.47,117.59,0.7166,,,,,0
367,2509,bike,780.46,72.2,809.35,113.41,0.2046,,,,,0
367,2868,bike,700.16,86.5,734.59,125.27,0.7442,,,,,0
367,2715,bike,646.21,97.36,677.24,155.57,0.8897,,,,,0
367,2961,car,300.27,62.77,322.02,89.54,0.2377,,,,,0
367,3029,bike,348.19,77.71,363.98,104.75,0.4228,,,,,0
367,2589,bike,608.22,87.02,631.18,128.52,0.5961,,,,,0
367,2894,rickshaw,1029.81,146.12,1192.33,322.75,0.885,main_carriageway,60.65,23.7,0.364,0
367,3077,bike,447.32,87.54,465.36,114.29,0.3303,,,,,0
367,2950,car,7.24,225.32,80.71,435.67,0.4474,opposite_carriageway,3.35,-20.44,0.987,0
367,3094,bike,485.83,96.49,506.58,132.12,0.3048,,,,,0
367,2428,car,476.34,97.45,507.12,131.43,0.372,,,,,0
368,14,car,1083.55,60.81,1194.9,150.52,0.7379,,,,,0
368,16,car,1181.12,63.56,1279.7,160.0,0.8179,,,,,0
368,886,bike,360.33,111.59,380.63,148.14,0.712,,,,,0
368,1154,car,316.1,204.71,434.78,318.97,0.9117,main_carriageway,14.08,16.24,0.756,0
368,27,bus,955.01,41.89,1031.88,109.78,0.7947,,,,,0
368,1361,car,726.13,197.34,929.59,353.37,0.9524,main_carriageway,43.99,25.3,0.499,0
368,1372,bike,456.28,161.53,501.68,253.37,0.9365,main_carriageway,8.86,9.41,0.728,0
368,1620,car,529.51,131.16,643.83,236.43,0.9048,main_carriageway,10.45,9.37,0.668,0
368,25,car,708.03,49.84,787.72,97.92,0.5638,,,,,0
368,1790,car,890.3,93.58,997.15,175.05,0.9042,,,,,0
368,1900,car,674.54,121.02,816.22,235.05,0.9125,main_carriageway,18.94,14.64,0.612,0
368,2318,bike,614.91,115.62,649.52,183.34,0.8098,main_carriageway,10.68,3.35,0.299,0
368,2392,bike,576.98,78.06,599.92,117.48,0.8349,,,,,0
368,2522,car,243.85,145.28,287.92,187.58,0.875,,,,,0
368,2627,car,305.01,124.95,349.63,167.83,0.8706,,,,,0
368,2166,car,72.11,188.17,128.17,259.5,0.597,,,,,0
368,2441,car,111.6,179.72,158.97,223.12,0.5502,,,,,0
368,2253,bike,302.68,94.19,322.93,126.36,0.3188,,,,,0
368,2799,bike,518.88,86.84,538.57,120.36,0.6783,,,,,0
368,18,car,868.23,59.12,957.81,117.82,0.7222,,,,,0
368,2509,bike,780.46,72.15,809.39,113.43,0.2109,,,,,0
368,2868,bike,700.58,86.13,735.44,125.96,0.7463,,,,,0
368,2715,bike,646.94,97.06,678.35,156.44,0.8887,,,,,0
368,2961,car,300.14,62.93,321.91,89.69,0.2355,,,,,0
368,3029,bike,348.09,77.59,364.06,104.82,0.4222,,,,,0
368,2589,bike,609.05,86.87,631.93,128.35,0.5958,,,,,0
368,2894,rickshaw,1035.86,147.77,1198.53,324.72,0.8804,main_carriageway,55.74,22.56,0.375,0
368,3077,bike,447.74,87.42,465.85,114.34,0.331,,,,,0
368,2950,car,6.78,226.84,80.41,433.7,0.4535,opposite_carriageway,1.15,-21.77,0.999,0
368,3094,bike,485.58,96.03,506.79,132.12,0.3105,,,,,0
368,3131,rickshaw,1225.1,230.94,1280.0,427.32,0.602,,,,,0
368,3132,car,1224.46,230.51,1280.0,426.87,0.5523,,,,,0
368,2428,car,476.75,97.48,507.55,131.49,0.3667,,,,,0
369,14,car,1083.37,60.85,1194.62,150.5,0.751,,,,,0
369,16,car,1181.34,63.68,1279.77,159.97,0.8306,,,,,0
369,886,bike,360.78,111.48,381.12,148.16,0.7494,,,,,0
369,1154,car,318.64,206.28,438.8,321.93,0.9072,main_carriageway,13.97,15.76,0.748,0
369,27,bus,955.18,41.94,1031.99,109.88,0.8254,,,,,0
369,1361,car,733.85,199.84,943.99,360.39,0.9408,main_carriageway,42.68,25.24,0.509,0
369,1372,bike,458.51,162.84,504.5,255.75,0.9148,main_carriageway,8.69,9.89,0.751,0
369,1620,car,532.26,132.35,647.52,238.53,0.9163,main_carriageway,10.47,8.27,0.62,0
369,25,car,707.98,49.75,788.0,97.98,0.5623,,,,,0
369,1790,car,891.89,94.16,999.2,175.89,0.9028,,,,,0
369,1900,car,679.14,121.27,822.97,237.6,0.9223,main_carriageway,19.25,12.46,0.543,0
369,2318,bike,617.56,116.33,651.93,183.55,0.8705,main_carriageway,10.07,2.8,0.268,0
369,2392,bike,578.34,78.93,600.87,117.74,0.7635,,,,,0
369,2522,car,243.9,145.12,288.75,188.28,0.8596,,,,,0
369,2627,car,304.67,124.86,349.88,168.35,0.878,,,,,0
369,2166,car,73.55,187.53,128.3,257.47,0.5395,opposite_carriageway,3.4,-5.82,0.863,0
369,2441,car,112.27,179.65,159.39,222.91,0.5596,,,,,0
369,2253,bike,302.89,93.97,323.41,126.61,0.2175,,,,,0
369,2799,bike,519.87,86.26,539.73,120.01,0.7268,,,,,0
369,18,car,867.91,59.32,958.14,118.63,0.767,,,,,0
369,2509,bike,780.24,72.14,809.29,113.62,0.2662,,,,,0
369,2868,bike,702.89,87.07,737.11,126.77,0.7235,,,,,0
369,2715,bike,648.84,97.66,679.78,156.23,0.8935,,,,,0
369,2961,car,299.8,62.84,321.94,90.04,0.2348,,,,,0
369,3029,bike,347.76,77.6,363.99,105.12,0.4314,,,,,0
369,2589,bike,610.12,86.83,634.71,131.51,0.5093,,,,,0
369,2894,rickshaw,1047.36,149.94,1213.13,330.66,0.7449,main_carriageway,54.29,22.24,0.379,0
369,3077,bike,448.43,87.1,466.89,114.56,0.3399,,,,,0
369,2950,car,4.09,221.73,79.43,431.95,0.5667,opposite_carriageway,-2.59,-13.59,0.982,0
369,3094,bike,485.02,94.45,507.57,132.28,0.2899,,,,,0
369,2428,car,477.86,96.87,509.43,131.85,0.4005,,,,,0
369,2072,car,366.79,168.73,467.55,262.61,0.7538,main_carriageway,22.52,16.42,0.589,0
370,14,car,1081.92,61.0,1193.55,150.67,0.8113,,,,,0
370,16,car,1181.55,63.59,1279.94,159.87,0.8324,,,,,0
370,886,bike,361.26,111.6,381.54,148.19,0.7705,,,,,0
370,1154,car,321.47,208.45,444.53,326.71,0.9318,main_carriageway,17.03,19.31,0.75,0
370,27,bus,954.63,41.95,1031.59,109.93,0.842,,,,,0
370,1361,car,743.86,202.73,962.34,369.07,0.9378,main_carriageway,52.29,31.3,0.514,0
370,1372,bike,461.29,164.3,507.45,257.74,0.8414,main_carriageway,10.6,11.2,0.726,0
370,1620,car,535.91,133.71,651.85,240.19,0.9139,main_carriageway,13.28,8.76,0.55,0
370,25,car,708.25,49.97,788.7,98.34,0.6178,,,,,0
370,1790,car,893.92,94.75,1001.37,176.29,0.9061,,,,,0
370,1900,car,683.87,122.75,829.82,241.3,0.9285,main_carriageway,23.05,14.41,0.53,0
370,2318,bike,620.01,115.85,655.09,184.26,0.8213,main_carriageway,11.68,3.25,0.268,0
370,2392,bike,580.42,80.17,602.72,118.65,0.6918,,,,,0
370,2522,car,243.63,145.43,289.14,189.29,0.8235,,,,,0
370,2627,car,305.09,125.07,349.95,168.21,0.8753,,,,,0
370,2166,car,76.73,190.04,127.72,255.08,0.4984,opposite_carriageway,4.54,-7.77,0.863,0
370,2441,car,113.01,178.11,160.78,222.31,0.4792,,,,,0
370,2799,bike,520.93,85.12,541.58,120.15,0.8108,,,,,0
370,18,car,869.71,59.32,961.27,119.34,0.8145,,,,,0
370,2509,bike,780.03,71.82,809.4,113.81,0.2807,,,,,0
370,2868,bike,705.61,87.5,740.5,128.55,0.6229,,,,,0
370,2715,bike,650.28,98.78,681.4,157.68,0.8883,,,,,0
370,2961,car,299.55,62.84,322.06,90.52,0.2483,,,,,0
370,3029,bike,347.06,76.51,364.08,105.35,0.3684,,,,,0
370,2589,bike,611.62,86.2,637.43,133.27,0.3518,,,,,0
370,2894,rickshaw,1062.96,153.31,1231.3,336.7,0.8283,main_carriageway,65.8,25.94,0.367,0
370,3077,bike,449.14,86.26,468.6,115.31,0.4307,,,,,0
370,3094,bike,486.69,93.21,510.36,132.76,0.3334,,,,,0
370,2428,car,478.55,95.03,512.06,132.51,0.3042,,,,,0
370,2072,car,367.22,170.77,471.6,266.65,0.7304,main_carriageway,24.22,19.98,0.636,0
371,14,car,1081.29,61.1,1193.2,150.73,0.8155,,,,,0
371,16,car,1181.67,63.61,1279.96,159.83,0.8329,,,,,0
371,886,bike,361.45,111.67,381.68,148.19,0.7684,,,,,0
371,1154,car,322.45,209.24,446.67,328.44,0.9318,main_carriageway,15.11,17.48,0.757,0
371,27,bus,954.37,41.95,1031.44,109.95,0.8419,,,,,0
371,1361,car,747.37,203.8,969.41,372.31,0.9375,main_carriageway,48.55,29.07,0.514,0
371,1372,bike,462.37,164.56,508.7,258.38,0.8439,main_carriageway,9.58,8.77,0.675,0
371,1620,car,537.17,134.21,653.51,240.77,0.914,main_carriageway,12.86,7.13,0.485,0
371,25,car,708.48,50.18,789.03,98.46,0.6117,,,,,0
371,1790,car,894.58,94.96,1002.26,176.41,0.9065,,,,,0
371,1900,car,685.8,123.26,832.14,242.59,0.9286,main_carriageway,21.37,12.7,0.511,0
371,2318,bike,620.88,115.65,656.26,184.49,0.8229,main_carriageway,10.5,3.22,0.293,0
371,2392,bike,581.17,80.62,603.35,119.0,0.6912,,,,,0
371,2522,car,243.53,145.51,289.27,189.65,0.8236,,,,,0
371,2627,car,305.24,125.12,349.97,168.14,0.8744,,,,,0
371,2166,car,77.95,191.3,127.4,254.27,0.5018,opposite_carriageway,3.98,-7.2,0.875,0
371,2441,car,113.38,177.59,161.16,222.1,0.4821,,,,,0
371,2799,bike,521.3,84.69,542.25,120.21,0.8104,,,,,0
371,18,car,870.28,59.31,962.24,119.42,0.8139,,,,,0
371,2509,bike,779.88,71.49,809.48,113.86,0.3195,,,,,0
371,2868,bike,706.69,87.27,741.54,128.75,0.6239,,,,,0
371,2715,bike,650.79,99.2,681.96,158.21,0.8879,,,,,0
371,2961,car,299.45,62.82,322.11,90.71,0.2496,,,,,0
371,3029,bike,346.79,76.1,364.12,105.43,0.3561,,,,,0
371,2589,bike,612.19,85.95,638.43,133.96,0.3561,,,,,0
371,2894,rickshaw,1068.57,154.36,1238.06,338.91,0.8286,main_carriageway,58.76,21.54,0.344,0
371,3077,bike,449.39,85.94,469.22,115.65,0.4323,,,,,0
371,3094,bike,487.32,92.77,511.46,132.95,0.334,,,,,0
371,2428,car,478.87,94.33,512.96,132.77,0.302,,,,,0
371,2072,car,366.97,171.47,473.37,268.04,0.7355,main_carriageway,21.42,18.84,0.66,0
372,14,car,1080.87,61.24,1193.04,150.77,0.8133,,,,,0
372,16,car,1182.01,63.86,1279.81,159.58,0.8257,,,,,0
372,886,bike,362.26,111.98,382.22,148.24,0.771,,,,,0
372,1154,car,324.9,211.21,452.12,333.42,0.9041,main_carriageway,14.67,16.63,0.75,0
372,27,bus,953.79,41.98,1031.17,110.1,0.807,,,,,0
372,1361,car,758.08,208.01,984.12,378.73,0.9329,main_carriageway,48.1,28.08,0.504,0
372,1372,bike,463.6,165.1,511.76,262.74,0.8741,main_carriageway,9.5,10.37,0.737,0
372,1620,car,539.07,135.23,656.73,242.85,0.9094,main_carriageway,12.35,7.16,0.502,0
372,25,car,706.42,48.67,790.82,99.46,0.6759,,,,,0
372,1790,car,896.26,95.93,1003.55,176.68,0.91,,,,,0
372,1900,car,689.57,123.48,839.37,245.96,0.9428,main_carriageway,21.19,12.28,0.501,0
372,2318,bike,623.79,117.64,658.74,185.55,0.8265,main_carriageway,10.14,2.73,0.26,0
372,2392,bike,582.5,80.08,605.13,119.3,0.7637,,,,,0
372,2522,car,243.13,144.99,290.62,190.89,0.8147,,,,,0
372,2627,car,305.31,125.22,350.46,168.65,0.8754,,,,,0
372,2166,car,77.94,187.42,128.79,252.58,0.4487,opposite_carriageway,3.61,-7.47,0.901,0
372,2441,car,113.36,176.16,161.87,221.68,0.4209,,,,,0
372,2799,bike,522.36,84.18,544.09,121.24,0.8987,,,,,0
372,18,car,871.1,59.31,963.46,119.53,0.8167,,,,,0
372,2509,bike,780.0,71.46,809.62,113.87,0.323,,,,,0
372,2868,bike,709.44,89.1,744.13,130.38,0.7153,,,,,0
372,2715,bike,652.59,98.71,684.57,159.15,0.8682,,,,,0
372,2961,car,299.3,63.1,322.41,91.57,0.2619,,,,,0
372,3029,bike,346.53,75.67,364.12,105.42,0.3236,,,,,0
372,2589,bike,613.44,86.48,640.72,136.58,0.6036,,,,,0
372,2894,car,1082.0,154.4,1256.25,344.13,0.6548,main_carriageway,58.06,21.38,0.346,0
372,3077,bike,449.37,84.86,469.91,115.71,0.2533,,,,,0
372,3094,bike,490.3,92.0,514.91,133.56,0.4532,,,,,0
372,2072,car,372.54,172.98,479.6,270.27,0.6834,main_carriageway,22.72,18.69,0.635,0
372,2950,truck,6.2,215.63,78.11,411.62,0.2642,opposite_carriageway,-2.88,-30.64,0.996,0
373,14,car,1080.54,61.19,1193.37,151.03,0.8485,,,,,0
373,16,car,1182.01,63.88,1279.85,159.63,0.8251,,,,,0
373,886,bike,363.04,112.17,382.93,148.43,0.7863,,,,,0
373,1154,car,328.77,214.07,458.89,338.57,0.9113,main_carriageway,18.39,19.6,0.729,0
373,27,bus,953.68,41.97,1030.9,109.71,0.8161,,,,,0
373,1361,car,771.17,212.85,1004.72,388.63,0.947,main_carriageway,60.08,35.26,0.506,0
373,1372,bike,467.0,166.28,516.6,267.19,0.8646,main_carriageway,12.82,13.82,0.733,0
373,1620,car,541.41,135.96,660.88,245.31,0.9027,main_carriageway,14.47,8.88,0.523,0
373,25,car,705.35,47.74,791.87,100.08,0.7123,,,,,0
373,1790,car,897.81,96.06,1006.43,177.45,0.9148,,,,,0
373,1900,car,695.47,124.68,846.86,248.49,0.9408,main_carriageway,25.78,13.44,0.462,0
373,2318,bike,626.52,118.35,661.9,186.76,0.724,main_carriageway,12.0,3.42,0.274,0
373,2392,bike,583.54,79.59,606.49,119.45,0.7549,,,,,0
373,2522,car,242.87,144.59,291.26,191.46,0.8159,,,,,0
373,2627,car,305.43,125.46,350.83,169.18,0.8613,,,,,0
373,2166,car,78.86,185.77,129.74,251.2,0.3259,opposite_carriageway,4.16,-8.3,0.894,0
373,2441,car,115.21,175.21,162.7,219.98,0.3015,,,,,0
373,2799,bike,523.54,84.4,545.4,121.95,0.9114,,,,,0
373,18,car,871.15,59.24,964.05,119.66,0.8,,,,,0
373,2509,bike,779.94,71.28,809.87,114.1,0.3777,,,,,0
373,2868,bike,712.12,90.4,747.31,132.44,0.7976,,,,,0
373,2715,bike,654.61,99.09,687.1,160.44,0.8854,,,,,0
373,2961,car,299.13,63.02,322.62,92.05,0.261,,,,,0
373,3029,bike,346.6,75.45,364.45,105.57,0.3448,,,,,0
373,2589,bike,614.54,85.33,642.01,135.97,0.6599,,,,,0
373,2894,car,1096.81,154.54,1278.4,353.45,0.5572,main_carriageway,70.41,28.73,0.378,0
373,3094,bike,492.57,90.95,517.72,134.22,0.5351,,,,,0
373,2072,car,377.0,174.08,486.03,272.8,0.7974,main_carriageway,26.5,20.35,0.609,0
374,14,car,1080.36,61.17,1193.57,151.13,0.8477,,,,,0
374,16,car,1182.0,63.88,1279.85,159.65,0.8243,,,,,0
374,886,bike,363.34,112.24,383.16,148.49,0.7863,,,,,0
374,1154,car,330.07,215.14,461.54,340.5,0.9111,main_carriageway,17.08,18.57,0.736,0
374,27,bus,953.5,41.96,1030.85,109.61,0.811,,,,,0
374,1361,car,775.8,214.64,1012.59,392.29,0.9468,main_carriageway,55.27,31.9,0.5,0
374,1372,bike,468.3,166.71,518.38,268.89,0.8629,main_carriageway,11.84,13.14,0.743,0
374,1620,car,542.25,136.22,662.37,246.22,0.9028,main_carriageway,12.42,7.69,0.526,0
374,25,car,705.04,47.36,792.15,100.32,0.7123,,,,,0
374,1790,car,898.22,96.09,1007.58,177.72,0.9145,,,,,0
374,1900,car,697.68,125.11,849.6,249.38,0.9408,main_carriageway,22.58,11.78,0.462,0
374,2318,bike,627.43,118.6,663.07,187.18,0.7221,main_carriageway,10.51,3.63,0.327,0
374,2392,bike,583.89,79.38,606.95,119.51,0.7541,,,,,0
374,2522,car,242.8,144.43,291.46,191.67,0.8156,,,,,0
374,2627,car,305.49,125.54,350.96,169.37,0.8617,,,,,0
374,2166,car,79.23,185.2,130.04,250.73,0.3291,opposite_carriageway,3.71,-6.74,0.876,0
374,2441,car,115.86,174.73,162.98,219.34,0.3064,,,,,0
374,2799,bike,524.0,84.5,545.82,122.22,0.9113,,,,,0
374,18,car,871.08,59.21,964.28,119.68,0.7981,,,,,0
374,2509,bike,779.93,71.21,809.97,114.17,0.3774,,,,,0
374,2868,bike,713.14,90.89,748.43,133.2,0.797,,,,,0
374,2715,bike,655.34,99.22,688.02,160.91,0.8854,,,,,0
374,2961,car,299.08,62.97,322.68,92.22,0.262,,,,,0
374,3029,bike,346.63,75.38,364.58,105.62,0.345,,,,,0
374,2589,bike,614.95,84.88,642.43,135.7,0.6595,,,,,0
374,2894,car,1102.56,154.57,1280.0,356.97,0.578,main_carriageway,61.04,26.31,0.396,0
374,3094,bike,493.58,90.57,518.62,134.47,0.535,,,,,0
374,2072,car,378.58,174.44,488.6,273.73,0.7991,main_carriageway,16.42,11.12,0.561,0
375,14,car,1080.36,61.13,1193.73,151.04,0.8406,,,,,0
375,16,car,1181.77,63.65,1279.97,159.8,0.8241,,,,,0
375,886,bike,364.21,112.72,383.83,148.72,0.8082,,,,,0
375,1154,car,332.89,216.61,467.47,345.01,0.9211,main_carriageway,17.18,18.3,0.729,0
375,27,bus,953.6,41.96,1031.03,109.37,0.7656,,,,,0
375,1361,car,785.84,216.58,1031.4,400.18,0.9405,main_carriageway,55.52,31.11,0.489,0
375,1372,bike,471.18,166.27,520.7,266.93,0.9067,main_carriageway,11.57,9.19,0.622,0
375,1620,car,543.87,137.49,665.32,248.68,0.9027,main_carriageway,10.72,8.49,0.621,0
375,25,car,705.25,47.16,792.06,100.15,0.7031,,,,,0
375,1790,car,899.54,96.36,1010.4,178.82,0.8993,,,,,0
375,1900,car,702.09,126.36,856.1,252.34,0.9347,main_carriageway,22.25,11.04,0.444,0
375,2318,bike,631.25,120.66,665.95,187.24,0.7628,main_carriageway,11.05,2.98,0.26,0
375,2392,bike,585.57,79.01,608.64,119.46,0.7806,,,,,0
375,2522,car,243.17,145.37,291.77,192.44,0.8178,,,,,0
375,2627,car,305.32,125.77,351.27,170.08,0.8661,,,,,0
375,2166,car,79.21,184.1,130.25,249.82,0.3995,,,,,0
375,2441,car,116.11,173.45,163.39,218.55,0.359,,,,,0
375,2799,bike,525.82,85.41,547.14,122.51,0.8623,,,,,0
375,18,car,871.2,59.24,964.78,119.82,0.8364,,,,,0
375,2509,bike,779.97,71.22,810.1,114.25,0.3222,,,,,0
375,2868,bike,714.57,91.26,751.39,135.68,0.7975,,,,,0
375,2715,bike,657.34,99.88,689.99,161.17,0.904,,,,,0
375,2961,car,298.96,62.9,322.84,92.6,0.2572,,,,,0
375,3029,bike,346.58,75.35,364.64,105.7,0.302,,,,,0
375,2589,bike,615.07,85.01,643.69,138.52,0.7429,,,,,0
375,2894,car,1111.37,157.78,1280.0,363.57,0.8698,main_carriageway,48.55,26.87,0.484,0
375,3094,bike,495.34,91.79,519.73,135.17,0.5476,,,,,0
375,2072,car,381.94,174.66,492.36,273.63,0.8054,main_carriageway,17.74,6.98,0.366,0
376,14,car,1080.05,61.13,1193.82,151.2,0.8343,,,,,0
376,16,car,1181.88,63.55,1280.0,159.66,0.8287,,,,,0
376,886,bike,365.16,113.33,384.53,149.03,0.7671,,,,,0
376,1154,car,336.01,219.32,473.83,350.8,0.9288,main_carriageway,20.36,22.36,0.739,0
376,27,bus,953.49,41.95,1031.28,109.38,0.7621,,,,,0
376,1361,car,798.67,221.0,1055.68,412.78,0.9416,main_carriageway,68.78,40.47,0.507,0
376,1372,bike,476.08,169.12,524.07,266.43,0.8773,main_carriageway,14.54,8.05,0.484,0
376,1620,car,546.33,137.78,670.64,251.71,0.8746,main_carriageway,13.15,10.94,0.64,0
376,25,car,705.75,47.21,791.82,99.9,0.6794,,,,,0
376,1790,car,901.15,96.48,1013.4,179.69,0.9081,,,,,0
376,1900,car,707.66,128.08,864.1,256.14,0.9299,main_carriageway,26.91,13.55,0.45,0
376,2318,bike,635.98,123.33,668.54,184.47,0.6302,main_carriageway,13.69,-0.02,-0.001,0
376,2392,bike,587.66,79.06,610.59,119.3,0.8415,,,,,0
376,2522,car,242.79,144.87,292.53,193.09,0.814,,,,,0
376,2627,car,305.37,126.25,351.65,170.89,0.8659,,,,,0
376,2166,car,80.19,183.8,131.22,249.5,0.5757,,,,,0
376,2441,car,117.93,174.26,163.78,218.11,0.4085,,,,,0
376,2799,bike,527.72,85.86,548.7,122.43,0.8202,,,,,0
376,18,car,871.2,59.21,965.74,120.27,0.8602,,,,,0
376,2509,bike,780.14,71.36,810.33,114.35,0.3408,,,,,0
376,2868,bike,716.0,91.01,754.81,138.5,0.8246,,,,,0
376,2715,bike,659.77,100.57,692.38,161.94,0.9058,,,,,0
376,2961,car,298.74,63.11,323.07,93.48,0.2299,,,,,0
376,3029,bike,346.61,75.38,364.95,106.14,0.2728,,,,,0
376,2589,bike,616.99,86.62,645.72,140.59,0.8186,,,,,0
376,2894,rickshaw,1121.89,163.89,1280.0,371.81,0.6863,main_carriageway,47.63,32.9,0.568,0
376,3094,bike,497.07,92.91,521.05,136.06,0.5355,,,,,0
376,2072,car,384.93,176.03,497.79,276.84,0.7238,main_carriageway,21.19,8.8,0.384,0
376,3213,car,803.99,60.15,865.82,108.93,0.3178,,,,,0
377,14,car,1079.79,61.1,1193.88,151.27,0.8385,,,,,0
377,16,car,1181.98,63.57,1280.0,159.6,0.8323,,,,,0
377,886,bike,365.56,113.54,384.78,149.09,0.7753,,,,,0
377,1154,car,337.12,220.3,476.21,352.97,0.9287,main_carriageway,18.15,19.55,0.733,0
377,27,bus,953.48,41.91,1031.49,109.24,0.7527,,,,,0
377,1361,car,803.29,222.64,1064.99,417.57,0.9411,main_carriageway,63.04,38.84,0.525,0
377,1372,bike,477.88,170.23,525.26,266.1,0.8769,main_carriageway,13.89,3.36,0.235,0
377,1620,car,547.21,137.85,672.59,252.91,0.8751,main_carriageway,12.0,10.06,0.642,0
377,25,car,706.13,47.24,791.78,99.77,0.6727,,,,,0
377,1790,car,901.65,96.54,1014.61,180.02,0.9085,main_carriageway,8.23,3.34,0.376,0
377,1900,car,709.67,128.63,866.99,257.5,0.93,main_carriageway,23.86,11.54,0.435,0
377,2318,bike,637.42,124.37,669.5,183.44,0.6314,main_carriageway,12.2,-2.11,-0.17,0
377,2392,bike,588.43,79.1,611.29,119.22,0.8365,,,,,0
377,2522,car,242.72,144.77,292.77,193.3,0.8176,,,,,0
377,2627,car,305.41,126.42,351.81,171.18,0.8658,,,,,0
377,2166,car,80.7,183.8,131.61,249.37,0.5519,,,,,0
377,2441,car,118.55,174.43,163.96,217.99,0.4286,,,,,0
377,2799,bike,528.41,85.98,549.28,122.43,0.8216,,,,,0
377,18,car,871.19,59.2,966.16,120.4,0.8506,,,,,0
377,2509,bike,780.18,71.4,810.45,114.39,0.3436,,,,,0
377,2868,bike,716.67,90.86,756.01,139.64,0.8245,,,,,0
377,2715,bike,660.67,100.85,693.19,162.21,0.9059,,,,,0
377,2961,car,298.68,63.24,323.13,93.84,0.2194,,,,,0
377,3029,bike,346.61,75.42,365.06,106.29,0.2505,,,,,0
377,2589,bike,617.75,87.34,646.39,141.35,0.816,,,,,0
377,2894,rickshaw,1127.08,166.58,1280.0,374.7,0.6694,main_carriageway,34.41,30.57,0.664,0
377,3094,bike,497.78,93.35,521.44,136.44,0.5349,,,,,0
377,2072,car,385.87,176.51,499.95,278.1,0.7219,main_carriageway,16.84,7.83,0.422,0
377,3213,car,804.13,60.08,865.93,108.83,0.3347,,,,,0
377,3225,car,1144.18,165.75,1278.93,373.25,0.3675,,,,,0
378,14,car,1079.8,61.12,1193.97,151.25,0.8429,,,,,0
378,16,car,1182.01,63.6,1279.98,159.61,0.8379,,,,,0
378,886,bike,365.9,113.59,385.23,149.45,0.733,,,,,0
378,1154,car,339.91,222.68,482.36,358.72,0.9339,main_carriageway,17.31,20.15,0.759,0
378,27,bus,953.45,41.93,1031.27,108.8,0.7761,,,,,0
378,1361,car,818.81,229.6,1083.69,425.73,0.945,main_carriageway,63.31,37.1,0.506,0
378,1372,bike,481.98,172.22,529.0,267.09,0.9075,main_carriageway,13.69,-0.1,-0.007,0
378,1620,car,549.49,138.62,675.65,254.56,0.8661,main_carriageway,11.42,9.25,0.629,0
378,25,car,706.11,47.38,791.4,99.74,0.737,,,,,0
378,1790,car,902.62,96.56,1017.59,181.34,0.9084,main_carriageway,7.99,3.89,0.438,0
378,1900,car,714.38,129.74,874.63,260.8,0.9503,main_carriageway,23.34,12.31,0.467,0
378,2318,bike,640.02,124.53,673.49,185.47,0.7376,main_carriageway,12.54,-1.29,-0.102,0
378,2392,bike,589.38,79.22,612.48,119.52,0.8175,,,,,0
378,2522,car,242.25,144.89,293.39,194.62,0.8111,,,,,0
378,2627,car,305.34,126.36,352.33,171.66,0.8697,,,,,0
378,2166,car,80.34,183.43,131.84,249.52,0.5064,,,,,0
378,2441,car,118.99,173.22,164.57,217.19,0.5502,,,,,0
378,2799,bike,529.97,85.64,551.23,122.58,0.7599,,,,,0
378,18,car,870.42,59.07,966.78,121.17,0.8691,,,,,0
378,2509,bike,780.14,71.12,810.71,114.41,0.3691,,,,,0
378,2868,bike,718.23,91.09,758.62,141.9,0.8489,,,,,0
378,2715,bike,662.8,101.19,695.83,163.58,0.9122,,,,,0
378,2961,car,298.75,63.51,323.42,94.51,0.2178,,,,,0
378,3029,bike,346.74,75.6,365.13,106.35,0.2611,,,,,0
378,2589,bike,619.01,88.6,647.34,142.3,0.798,,,,,0
378,2894,rickshaw,1139.13,171.96,1280.0,378.76,0.3435,main_carriageway,21.96,25.31,0.755,0
378,3094,bike,497.5,94.35,520.76,136.45,0.4446,,,,,0
378,2072,car,388.8,180.1,505.11,283.55,0.7996,main_carriageway,15.44,10.75,0.571,0
378,3213,car,803.92,60.02,865.71,108.76,0.3775,,,,,0
378,3225,car,1153.62,171.77,1280.0,378.26,0.6443,,,,,0
379,14,car,1079.8,61.12,1193.99,151.15,0.851,,,,,0
379,16,car,1181.74,63.51,1280.0,159.84,0.8371,,,,,0
379,886,bike,366.27,113.63,385.7,149.79,0.7347,,,,,0
379,1154,car,343.67,225.68,490.35,365.44,0.9077,main_carriageway,21.2,24.94,0.762,0
379,27,bus,953.32,41.99,1030.66,108.02,0.7505,,,,,0
379,1361,car,832.44,233.89,1112.29,440.54,0.945,main_carriageway,78.17,48.25,0.525,0
379,1372,bike,486.48,174.43,534.63,271.0,0.9117,main_carriageway,17.21,2.11,0.122,0
379,1620,car,553.69,140.01,682.01,257.53,0.9184,main_carriageway,15.54,11.31,0.588,0
379,25,car,706.48,47.5,791.12,99.46,0.7392,,,,,0
379,1790,car,904.93,96.65,1021.71,182.64,0.9203,main_carriageway,10.42,4.92,0.427,0
379,1900,car,721.38,131.47,884.11,264.35,0.9335,main_carriageway,29.11,14.97,0.457,0
379,2318,bike,644.15,126.42,675.65,183.02,0.5651,main_carriageway,14.65,-4.16,-0.273,0
379,2392,bike,590.66,78.46,614.61,120.16,0.845,,,,,0
379,2522,car,240.98,142.36,294.9,195.25,0.809,,,,,0
379,2627,car,305.66,126.43,352.6,171.72,0.8661,,,,,0
379,2166,car,79.6,182.35,131.67,248.67,0.4757,,,,,0
379,2441,car,118.88,170.86,165.5,216.21,0.542,,,,,0
379,2799,bike,531.7,85.06,553.54,123.11,0.7406,,,,,0
379,18,car,870.11,58.94,967.25,121.52,0.8546,,,,,0
379,2509,bike,780.14,70.89,810.85,114.34,0.4071,,,,,0
379,2868,bike,720.73,92.23,761.33,143.81,0.8283,,,,,0
379,2715,bike,665.03,102.21,698.21,164.62,0.8901,,,,,0
379,3029,bike,347.11,76.11,365.19,106.29,0.2631,,,,,0
379,2589,bike,621.36,90.11,649.0,142.61,0.7322,,,,,0
379,2072,car,392.29,182.31,511.57,288.14,0.8353,main_carriageway,18.34,14.41,0.618,0
379,3213,car,803.99,60.05,865.53,108.58,0.3928,,,,,0
379,3225,rickshaw,1167.9,177.56,1280.0,376.99,0.7076,,,,,0
379,2915,bike,656.27,67.56,674.48,101.97,0.2752,,,,,0
379,2428,bike,487.75,95.73,523.22,136.55,0.4557,,,,,0
380,14,car,1079.76,61.12,1194.04,151.1,0.8512,,,,,0
380,16,car,1181.64,63.47,1280.0,159.93,0.8373,,,,,0
380,886,bike,366.39,113.65,385.85,149.99,0.7291,,,,,0
380,1154,car,344.96,226.78,493.39,367.93,0.9082,main_carriageway,18.99,22.92,0.77,0
380,27,bus,953.16,42.0,1030.59,107.74,0.7517,,,,,0
380,1361,car,837.26,235.47,1123.16,446.08,0.945,main_carriageway,71.59,45.9,0.54,0
380,1372,bike,487.99,175.22,536.7,272.34,0.9112,main_carriageway,16.4,5.41,0.313,0
380,1620,car,555.08,140.49,684.44,258.6,0.9182,main_carriageway,15.16,9.92,0.547,0
380,25,car,706.64,47.56,791.0,99.35,0.7398,,,,,0
380,1790,car,905.72,96.67,1023.27,183.11,0.9202,main_carriageway,9.52,4.29,0.411,0
380,1900,car,723.85,132.05,887.68,265.62,0.9336,main_carriageway,26.67,13.28,0.446,0
380,2318,bike,645.5,127.09,676.49,182.09,0.5637,main_carriageway,12.39,-5.15,-0.384,0
380,2392,bike,591.09,78.16,615.39,120.4,0.8458,,,,,0
380,2522,car,240.68,141.46,295.34,195.48,0.8118,,,,,0
380,2627,car,305.79,126.44,352.7,171.73,0.8673,,,,,0
380,2166,car,79.37,182.11,131.71,248.32,0.4948,,,,,0
380,2441,car,119.22,170.57,165.52,215.88,0.542,,,,,0
380,2799,bike,532.34,84.84,554.37,123.3,0.7406,,,,,0
380,18,car,869.98,58.89,967.42,121.64,0.856,,,,,0
380,2509,bike,780.12,70.8,810.92,114.31,0.4101,,,,,0
380,2868,bike,721.8,92.69,762.22,144.51,0.8282,,,,,0
380,2715,bike,665.8,102.59,699.1,164.99,0.8909,,,,,0
380,3029,bike,347.25,76.31,365.2,106.26,0.262,,,,,0
380,2589,bike,622.22,90.66,649.56,142.67,0.7308,,,,,0
380,2072,car,393.43,183.07,514.01,289.81,0.8341,main_carriageway,16.57,16.18,0.699,0
380,3213,car,804.01,60.06,865.5,108.53,0.3936,,,,,0
380,3225,rickshaw,1172.48,179.22,1280.0,376.42,0.7169,,,,,0
380,2915,bike,656.36,67.65,674.55,102.03,0.2746,,,,,0
380,2428,bike,488.38,95.82,523.4,136.78,0.4567,,,,,0
381,14,car,1079.92,61.15,1194.2,151.08,0.847,,,,,0
381,16,car,1181.61,63.53,1279.94,159.97,0.8374,,,,,0
381,886,bike,366.85,113.93,386.37,150.42,0.8135,,,,,0
381,1154,car,348.42,228.09,501.63,374.06,0.8947,main_carriageway,20.11,23.26,0.757,0
381,27,bus,953.18,42.04,1030.3,107.12,0.7221,,,,,0
381,1361,car,852.63,239.96,1147.83,456.9,0.937,main_carriageway,73.06,44.12,0.517,0
381,1372,bike,490.67,175.59,540.44,274.19,0.879,main_carriageway,15.48,7.76,0.448,0
381,1620,car,557.47,141.32,689.56,261.67,0.9398,main_carriageway,15.03,9.96,0.552,0
381,25,car,706.82,47.79,790.82,99.38,0.7207,,,,,0
381,1790,car,907.17,96.83,1026.5,184.58,0.919,main_carriageway,9.56,4.89,0.455,0
381,1900,car,728.94,133.85,894.36,268.4,0.9276,main_carriageway,25.77,12.26,0.43,0
381,2318,bike,648.8,127.21,681.17,183.32,0.3608,main_carriageway,12.72,-1.15,-0.09,0
381,2392,bike,592.45,79.01,616.62,120.96,0.7945,,,,,0
381,2522,car,240.48,141.43,295.46,196.17,0.7858,,,,,0
381,2627,car,305.84,126.81,353.28,172.64,0.8458,,,,,0
381,2166,car,80.06,181.83,132.16,247.14,0.3862,,,,,0
381,2441,car,116.62,163.4,168.44,215.17,0.5594,,,,,0
381,2799,bike,534.08,85.55,555.74,123.43,0.7666,,,,,0
381,18,car,870.1,58.87,967.85,121.8,0.8614,,,,,0
381,2509,bike,780.13,70.94,810.77,114.19,0.3842,,,,,0
381,2868,bike,723.82,94.94,765.03,148.54,0.8871,,,,,0
381,2715,bike,667.71,103.39,701.12,165.96,0.9075,,,,,0
381,3029,bike,347.39,76.59,365.38,106.58,0.2658,,,,,0
381,2589,bike,623.69,90.89,651.13,143.12,0.6892,,,,,0
381,2072,car,398.6,184.83,520.37,292.08,0.8025,main_carriageway,18.12,15.24,0.644,0
381,3213,car,804.1,60.08,865.51,108.47,0.3849,,,,,0
381,2915,bike,656.55,68.23,674.59,102.27,0.395,,,,,0
381,3131,car,1215.18,183.53,1275.99,396.97,0.5521,,,,,0
381,3132,rickshaw,1215.47,184.01,1277.09,398.99,0.5472,,,,,0
381,3094,bike,501.09,96.49,523.3,136.99,0.4734,,,,,0
382,14,car,1080.16,61.21,1194.34,151.04,0.8394,,,,,0
382,16,car,1181.6,63.51,1279.98,160.05,0.8296,,,,,0
382,886,bike,367.43,114.23,386.98,150.77,0.7994,,,,,0
382,1154,car,353.02,230.75,510.72,381.2,0.8903,main_carriageway,25.21,28.23,0.746,0
382,27,bus,953.07,41.9,1030.78,107.17,0.621,,,,,0
382,1361,car,870.42,246.52,1176.36,470.45,0.9315,main_carriageway,89.25,52.88,0.51,0
382,1372,bike,495.19,175.93,546.98,278.2,0.8033,main_carriageway,19.52,12.1,0.527,0
382,1620,car,561.34,142.47,695.02,263.85,0.9388,main_carriageway,18.28,10.94,0.514,0
382,25,car,707.64,49.07,789.39,99.04,0.7097,,,,,0
382,1790,car,910.05,97.19,1030.07,185.41,0.9015,main_carriageway,11.93,5.39,0.412,0
382,1900,car,735.07,135.4,905.16,273.34,0.9333,main_carriageway,31.79,15.84,0.446,0
382,2392,bike,595.17,80.89,618.89,121.79,0.6881,,,,,0
382,2522,car,241.03,142.49,295.27,196.7,0.8075,,,,,0
382,2627,car,306.45,127.4,353.54,172.9,0.8492,,,,,0
382,2166,car,83.09,182.69,133.31,245.05,0.6109,,,,,0
382,2441,car,116.84,161.14,169.15,214.35,0.45,,,,,0
382,2799,bike,535.69,85.26,557.63,123.72,0.7891,,,,,0
382,18,car,870.46,58.9,968.46,121.92,0.8596,,,,,0
382,2509,bike,779.9,70.87,810.52,114.15,0.3809,,,,,0
382,2868,bike,725.94,96.04,769.28,153.42,0.9264,,,,,0
382,2715,bike,669.71,103.38,703.56,166.79,0.9101,,,,,0
382,3029,bike,347.52,76.73,365.74,107.07,0.262,,,,,0
382,2589,bike,625.76,91.1,653.17,143.27,0.6698,,,,,0
382,2072,car,403.92,185.91,528.57,294.96,0.8459,main_carriageway,23.34,16.86,0.586,0
382,3213,car,804.33,59.89,865.87,108.31,0.4035,,,,,0
382,2915,bike,657.02,68.9,675.13,102.81,0.4115,,,,,0
382,3132,car,1226.33,187.71,1280.0,393.33,0.5878,,,,,0
382,3094,bike,502.3,97.85,524.1,137.45,0.4425,,,,,0
383,14,car,1080.2,61.23,1194.4,151.03,0.8418,,,,,0
383,16,car,1181.57,63.47,1279.99,160.08,0.8314,,,,,0
383,886,bike,367.66,114.33,387.19,150.85,0.8027,,,,,0
383,1154,car,354.79,231.73,514.08,383.88,0.89,main_carriageway,23.3,25.16,0.734,0
383,27,bus,952.88,41.83,1031.07,107.23,0.6166,,,,,0
383,1361,car,876.88,249.26,1187.61,475.69,0.931,main_carriageway,80.99,49.96,0.525,0
383,1372,bike,496.95,176.05,549.28,278.96,0.8076,main_carriageway,17.62,11.87,0.559,0
383,1620,car,562.63,142.87,697.13,264.62,0.9389,main_carriageway,17.31,10.06,0.502,0
383,25,car,707.85,49.56,788.93,98.92,0.7087,,,,,0
383,1790,car,911.09,97.34,1031.36,185.7,0.9009,main_carriageway,11.12,4.36,0.365,0
383,1900,car,737.17,135.99,909.25,275.16,0.9333,main_carriageway,28.71,14.36,0.447,0
383,2392,bike,596.15,81.64,619.76,122.11,0.6857,,,,,0
383,2522,car,241.32,142.97,295.08,196.88,0.8084,,,,,0
383,2627,car,306.7,127.64,353.62,172.99,0.8494,,,,,0
383,2166,car,83.93,182.87,133.83,244.3,0.6113,,,,,0
383,2441,car,117.14,160.28,169.16,214.04,0.4566,,,,,0
383,2799,bike,536.28,85.19,558.29,123.83,0.7891,,,,,0
383,18,car,870.6,58.92,968.71,121.93,0.861,,,,,0
383,2509,bike,779.82,70.83,810.42,114.13,0.3822,,,,,0
383,2868,bike,726.98,96.44,770.68,155.27,0.9262,,,,,0
383,2715,bike,670.42,103.37,704.42,167.06,0.9102,,,,,0
383,3029,bike,347.55,76.79,365.88,107.26,0.2508,,,,,0
383,2589,bike,626.54,91.24,653.9,143.32,0.6658,,,,,0
383,2072,car,405.61,186.38,531.67,296.02,0.85,main_carriageway,21.68,12.47,0.499,0
383,3213,car,804.37,59.84,866.0,108.25,0.4033,,,,,0
383,2915,bike,657.15,69.18,675.33,103.02,0.4163,,,,,0
383,3132,car,1230.52,188.13,1280.0,391.34,0.5981,,,,,0
383,3094,bike,502.77,98.34,524.42,137.6,0.4462,,,,,0
384,14,car,1080.13,61.36,1194.19,150.99,0.783,,,,,0
384,16,car,1181.62,63.51,1279.95,160.07,0.7844,,,,,0
384,886,bike,368.02,114.37,387.5,150.78,0.8217,,,,,0
384,1154,car,358.48,235.27,521.46,390.78,0.9205,main_carriageway,22.96,25.34,0.741,0
384,27,bus,951.98,41.58,1031.58,108.1,0.4905,,,,,0
384,1361,car,892.41,254.82,1217.52,490.87,0.9424,main_carriageway,82.6,50.33,0.52,0
384,1372,bike,501.85,175.99,554.99,278.86,0.8419,main_carriageway,17.87,7.86,0.403,0
384,1620,car,565.61,144.37,701.27,266.99,0.9231,main_carriageway,15.59,9.46,0.519,0
384,25,car,706.68,49.37,788.96,99.45,0.7152,,,,,0
384,1790,car,913.05,98.01,1033.57,186.45,0.9109,main_carriageway,9.99,3.81,0.356,0
384,1900,car,743.32,137.52,917.55,278.04,0.9284,main_carriageway,27.69,13.69,0.443,0
384,2392,bike,597.65,82.13,621.33,122.39,0.7017,,,,,0
384,2522,car,242.36,146.18,294.53,198.38,0.833,,,,,0
384,2627,car,306.97,128.06,353.79,173.33,0.8576,,,,,0
384,2166,car,84.92,183.05,134.39,243.49,0.5734,opposite_carriageway,4.02,-5.18,0.79,0
384,2441,car,118.25,161.66,167.78,213.43,0.4379,,,,,0
384,2799,bike,537.29,84.57,559.83,124.12,0.8624,,,,,0
384,18,car,870.47,59.01,968.37,121.89,0.8734,,,,,0
384,2509,bike,779.78,70.72,810.28,113.91,0.3461,,,,,0
384,2868,bike,727.78,96.89,774.42,161.4,0.8646,,,,,0
384,2715,bike,672.04,103.61,706.96,168.92,0.9127,,,,,0
384,3029,bike,347.28,76.29,366.02,107.42,0.2456,,,,,0
384,2589,bike,627.63,91.3,655.56,144.66,0.7533,,,,,0
384,2072,car,406.99,187.95,535.46,299.19,0.8835,main_carriageway,19.3,11.05,0.497,0
384,3213,car,803.81,59.82,865.88,108.54,0.4178,,,,,0
384,2915,bike,656.71,68.64,675.46,103.59,0.4989,,,,,0
384,3094,bike,503.95,98.93,525.65,138.1,0.4315,,,,,0
384,2428,bike,488.35,96.48,521.44,135.9,0.3585,,,,,0
385,14,car,1080.14,61.44,1194.19,150.99,0.7868,,,,,0
385,16,car,1181.67,63.59,1279.92,160.1,0.7938,,,,,0
385,886,bike,368.67,114.57,388.1,150.64,0.8442,,,,,0
385,1154,car,362.54,239.22,531.34,400.49,0.9088,main_carriageway,27.77,32.56,0.761,0
385,27,bus,951.16,41.51,1031.73,108.8,0.4934,,,,,0
385,1361,car,911.27,262.14,1250.38,508.61,0.9488,main_carriageway,100.62,62.53,0.528,0
385,1372,bike,506.81,177.9,560.19,279.65,0.8028,main_carriageway,21.15,7.31,0.327,0
385,1620,car,568.41,144.96,706.96,270.03,0.9025,main_carriageway,17.92,11.43,0.538,0
385,25,car,706.13,49.24,788.93,99.66,0.73,,,,,0
385,1790,car,914.51,98.28,1036.9,187.68,0.9045,main_carriageway,11.21,4.57,0.378,0
385,1900,car,749.91,139.0,928.79,282.68,0.9438,main_carriageway,33.58,17.06,0.453,0
385,2392,bike,598.93,81.98,622.93,122.67,0.6778,,,,,0
385,2522,car,242.47,146.97,294.99,199.52,0.8296,,,,,0
385,2627,car,307.03,128.05,354.29,173.75,0.842,,,,,0
385,2166,car,86.06,180.93,136.51,242.74,0.3116,opposite_carriageway,5.74,-5.58,0.697,0
385,2441,car,118.5,159.66,168.54,212.54,0.4222,,,,,0
385,2799,bike,538.67,84.98,561.12,124.49,0.8604,,,,,0
385,18,car,870.04,59.0,968.36,122.25,0.8899,,,,,0
385,2509,bike,779.78,70.51,810.23,113.71,0.2517,,,,,0
385,2868,bike,730.61,97.49,778.26,165.21,0.8992,,,,,0
385,2715,bike,675.35,104.55,710.53,170.57,0.8993,,,,,0
385,3029,bike,347.41,76.29,366.5,108.07,0.3425,,,,,0
385,2589,bike,629.48,92.07,657.54,145.9,0.7948,,,,,0
385,2072,car,411.17,189.26,543.82,303.65,0.8461,main_carriageway,23.77,13.84,0.503,0
385,3213,car,803.24,59.84,865.84,108.95,0.4123,,,,,0
385,2915,bike,656.57,67.75,675.78,103.87,0.5883,,,,,0
385,3094,bike,505.01,98.91,527.31,139.03,0.4262,,,,,0
385,2428,bike,489.04,95.72,521.65,135.54,0.4569,,,,,0
386,14,car,1080.13,61.47,1194.23,151.0,0.785,,,,,0
386,16,car,1181.7,63.64,1279.88,160.11,0.7924,,,,,0
386,886,bike,368.88,114.63,388.35,150.57,0.8435,,,,,0
386,1154,car,364.07,240.71,534.97,404.18,0.9086,main_carriageway,24.5,30.12,0.776,0
386,27,bus,950.86,41.49,1031.75,109.01,0.496,,,,,0
386,1361,car,918.52,264.99,1262.62,515.34,0.9484,main_carriageway,90.34,58.44,0.543,0
386,1372,bike,508.35,178.58,562.23,279.92,0.8001,main_carriageway,19.73,5.73,0.279,0
386,1620,car,569.35,145.15,709.06,271.13,0.9023,main_carriageway,15.69,9.46,0.516,0
386,25,car,705.9,49.16,788.92,99.73,0.7308,,,,,0
386,1790,car,914.85,98.37,1038.24,188.12,0.9045,main_carriageway,9.71,3.54,0.343,0
386,1900,car,752.11,139.57,933.1,284.4,0.9438,main_carriageway,30.95,16.0,0.459,0
386,2392,bike,599.35,81.91,623.51,122.77,0.6774,,,,,0
386,2522,car,242.52,147.25,295.16,199.93,0.8308,,,,,0
386,2627,car,307.28,128.53,354.03,173.78,0.8424,,,,,0
386,2166,car,86.44,180.16,137.19,242.49,0.3095,opposite_carriageway,5.7,-4.65,0.632,0
386,2441,car,118.78,158.97,168.64,212.23,0.4209,,,,,0
386,2799,bike,539.21,85.21,561.54,124.63,0.8604,,,,,0
386,18,car,869.86,58.97,968.36,122.43,0.8893,,,,,0
386,2509,bike,779.79,70.43,810.2,113.64,0.2533,,,,,0
386,2868,bike,732.03,97.74,779.42,166.81,0.8977,,,,,0
386,2715,bike,676.6,104.91,711.8,171.18,0.8993,,,,,0
386,3029,bike,347.49,76.3,366.66,108.26,0.3488,,,,,0
386,2589,bike,630.18,92.34,658.23,146.36,0.7947,,,,,0
386,2072,car,412.6,189.74,547.09,305.27,0.8479,main_carriageway,20.36,13.19,0.544,0
386,3213,car,803.01,59.86,865.8,109.1,0.4099,,,,,0
386,2915,bike,656.54,67.44,675.84,103.99,0.5835,,,,,0
386,3094,bike,505.38,98.91,527.93,139.39,0.4275,,,,,0
386,2428,bike,489.38,95.46,521.4,135.42,0.4619,,,,,0
386,3299,bike,833.03,74.54,880.15,123.06,0.3097,,,,,0
387,14,car,1080.48,61.47,1194.59,151.06,0.7929,,,,,0
387,16,car,1181.71,63.57,1279.93,160.13,0.7914,,,,,0
387,886,bike,369.08,114.64,388.73,150.74,0.8405,,,,,0
387,1154,car,367.53,244.16,543.51,412.85,0.8971,main_carriageway,23.65,31.65,0.801,0
387,27,bus,951.27,41.5,1032.05,108.88,0.514,,,,,0
387,1361,car,928.87,270.16,1280.0,531.48,0.9353,main_carriageway,81.05,61.03,0.602,0
387,1372,bike,513.88,179.22,568.96,281.68,0.7776,main_carriageway,20.34,3.48,0.169,0
387,1620,car,572.28,145.97,714.42,273.79,0.8977,main_carriageway,15.17,9.94,0.548,0
387,25,car,705.86,48.96,788.98,99.58,0.7257,,,,,0
387,1790,car,917.45,98.58,1042.37,189.14,0.9283,main_carriageway,9.85,3.73,0.354,0
387,1900,car,758.7,140.7,944.09,288.62,0.9458,main_carriageway,31.28,15.28,0.439,0
387,2392,bike,600.65,82.31,624.85,122.98,0.6515,,,,,0
387,2522,car,242.98,148.44,295.22,200.6,0.843,,,,,0
387,2627,car,307.43,128.69,354.15,173.94,0.8373,,,,,0
387,2166,car,89.23,182.71,136.88,241.05,0.6123,opposite_carriageway,4.86,-4.0,0.636,0
387,2441,car,121.3,160.46,168.79,211.52,0.421,,,,,0
387,2799,bike,540.14,85.47,562.46,125.0,0.9017,,,,,0
387,18,car,870.02,58.94,968.37,122.32,0.8845,,,,,0
387,2509,bike,779.82,70.33,810.18,113.61,0.238,,,,,0
387,2868,bike,734.81,98.73,782.48,170.07,0.9061,,,,,0
387,2715,bike,678.11,105.51,713.46,171.93,0.8559,,,,,0
387,3029,bike,347.46,76.34,366.79,108.66,0.3217,,,,,0
387,2589,bike,631.79,92.91,659.29,145.97,0.846,,,,,0
387,2072,car,417.34,191.01,557.33,310.48,0.8497,main_carriageway,21.09,15.52,0.593,0
387,3213,car,802.97,59.84,865.81,109.11,0.3887,,,,,0
387,2915,bike,657.42,67.9,676.23,103.9,0.5188,,,,,0
387,3094,bike,507.19,99.67,529.58,139.98,0.5062,,,,,0
387,2428,bike,490.24,95.5,521.01,134.76,0.4093,,,,,0
387,3299,bike,833.12,74.4,880.55,123.24,0.3127,,,,,0
388,14,car,1080.65,61.45,1194.81,151.13,0.8225,,,,,0
388,16,car,1181.73,63.51,1279.99,160.14,0.8005,,,,,0
388,886,bike,369.37,114.88,389.31,151.27,0.8347,,,,,0
388,1154,car,373.24,248.11,553.89,421.4,0.9199,main_carriageway,29.13,37.52,0.79,0
388,27,bus,951.53,41.48,1032.42,108.95,0.6154,,,,,0
388,1361,car,937.73,278.63,1280.0,556.6,0.9209,main_carriageway,76.62,80.91,0.726,0
388,1372,bike,521.83,180.04,579.02,282.63,0.7294,main_carriageway,27.31,3.67,0.133,0
388,1620,car,575.91,146.63,721.59,277.33,0.9011,main_carriageway,18.87,12.71,0.559,0
388,25,car,705.81,48.85,789.3,99.68,0.754,,,,,0
388,1790,car,920.48,99.49,1046.47,190.72,0.9338,main_carriageway,12.25,5.02,0.379,0
388,1900,car,767.14,142.91,957.21,294.07,0.9291,main_carriageway,38.96,18.91,0.437,0
388,2392,bike,603.84,84.83,627.28,123.81,0.585,,,,,0
388,2522,car,243.43,149.58,295.41,201.38,0.8666,,,,,0
388,2627,car,307.22,129.08,354.5,174.94,0.8475,,,,,0
388,2166,car,91.73,183.83,137.9,240.21,0.584,opposite_carriageway,5.93,-4.09,0.567,0
388,2441,car,122.67,161.25,168.89,211.22,0.3407,,,,,0
388,2799,bike,541.77,86.94,563.7,125.78,0.8696,,,,,0
388,18,car,870.53,58.94,968.63,122.07,0.8958,,,,,0
388,2868,bike,737.69,99.67,785.66,173.01,0.8685,,,,,0
388,2715,bike,679.45,106.98,715.41,173.9,0.8489,,,,,0
388,3029,bike,347.55,76.85,367.0,109.53,0.3575,,,,,0
388,2589,bike,633.85,93.04,661.34,145.96,0.8713,,,,,0
388,2072,car,420.76,192.91,566.41,317.02,0.8518,main_carriageway,24.94,21.0,0.644,0
388,3213,car,802.64,59.77,866.01,109.45,0.3855,,,,,0
388,2915,bike,658.64,71.23,676.15,104.91,0.3184,,,,,0
388,3094,bike,509.53,101.71,531.02,140.69,0.5306,,,,,0
388,2428,bike,493.42,96.34,523.49,134.76,0.3707,,,,,0
388,3299,bike,833.12,73.88,881.08,123.25,0.34,,,,,0
388,3077,bike,460.54,84.05,482.02,117.14,0.2672,,,,,0
389,14,car,1080.73,61.44,1194.87,151.16,0.8223,,,,,0
389,16,car,1181.76,63.49,1279.99,160.15,0.8002,,,,,0
389,886,bike,369.44,114.96,389.56,151.48,0.8346,,,,,0
389,1154,car,375.44,249.57,557.75,424.57,0.9201,main_carriageway,26.62,33.79,0.785,0
389,27,bus,951.6,41.47,1032.53,108.98,0.6144,,,,,0
389,1361,car,943.06,281.89,1280.0,566.24,0.9206,main_carriageway,56.57,75.37,0.8,0
389,1372,bike,524.18,180.33,583.24,282.95,0.7297,main_carriageway,25.29,4.09,0.16,0
389,1620,car,577.13,146.86,724.29,278.61,0.9009,main_carriageway,17.27,11.62,0.558,0
389,25,car,705.79,48.8,789.43,99.71,0.7543,,,,,0
389,1790,car,921.53,99.81,1047.99,191.3,0.9336,main_carriageway,11.45,4.85,0.39,0
389,1900,car,770.06,143.71,962.23,296.08,0.9292,main_carriageway,35.71,18.04,0.451,0
389,2392,bike,604.99,85.78,628.24,124.11,0.5772,,,,,0
389,2522,car,243.56,149.98,295.52,201.66,0.8664,,,,,0
389,2627,car,307.17,129.21,354.61,175.31,0.8488,,,,,0
389,2166,car,92.56,184.25,138.27,239.94,0.5879,opposite_carriageway,5.76,-3.55,0.525,0
389,2441,car,123.16,161.45,168.89,211.13,0.3448,,,,,0
389,2799,bike,542.31,87.47,564.13,126.06,0.8702,,,,,0
389,18,car,870.67,58.94,968.77,121.98,0.8957,,,,,0
389,2868,bike,739.05,99.98,786.58,174.1,0.8685,,,,,0
389,2715,bike,679.77,107.58,716.12,174.58,0.8492,,,,,0
389,3029,bike,347.59,77.02,367.06,109.86,0.3529,,,,,0
389,2589,bike,634.56,93.06,662.08,145.93,0.8707,,,,,0
389,2072,car,421.91,193.52,569.95,319.52,0.8522,main_carriageway,24.71,20.33,0.635,0
389,3213,car,802.54,59.75,866.08,109.56,0.3855,,,,,0
389,2915,bike,659.13,72.55,676.09,105.3,0.3141,,,,,0
389,3094,bike,510.42,102.49,531.48,140.93,0.531,,,,,0
389,2428,bike,494.61,96.64,524.44,134.76,0.3699,,,,,0
389,3299,bike,833.13,73.73,881.26,123.25,0.344,,,,,0
389,3321,bike,515.7,182.07,568.97,252.13,0.5158,,,,,0
389,3077,bike,460.96,84.07,482.09,117.17,0.2626,,,,,0
390,14,car,1081.15,61.46,1195.16,151.04,0.7654,,,,,0
390,16,car,1183.06,65.54,1280.0,161.05,0.7702,,,,,0
390,886,bike,369.61,115.39,389.97,152.21,0.8321,,,,,0
390,1154,car,379.73,251.58,569.85,434.39,0.9179,main_carriageway,27.85,33.9,0.773,0
390,27,bus,951.77,41.47,1032.76,108.95,0.6611,,,,,0
390,1361,car,950.86,289.23,1280.0,586.6,0.9201,main_carriageway,34.61,77.99,0.914,0
390,1372,bike,530.02,182.16,592.2,285.91,0.6975,main_carriageway,27.61,6.26,0.221,0
390,1620,car,580.11,147.63,729.34,280.9,0.8946,main_carriageway,17.04,10.87,0.538,0
390,25,car,707.41,50.48,788.11,99.42,0.7197,,,,,0
390,1790,car,923.58,100.76,1050.37,192.36,0.9,main_carriageway,11.27,4.68,0.384,0
390,1900,car,776.67,145.62,973.25,301.0,0.9325,main_carriageway,35.61,18.32,0.457,0
390,2392,bike,608.58,86.8,631.36,124.59,0.6722,,,,,0
390,2522,car,243.26,149.42,296.09,201.99,0.8573,,,,,0
390,2627,car,307.31,129.56,354.78,175.65,0.852,,,,,0
390,2166,car,95.59,186.44,138.79,238.55,0.6726,opposite_carriageway,5.91,-4.19,0.579,0
390,2441,car,123.34,160.87,169.11,210.84,0.3217,,,,,0
390,2799,bike,543.77,86.6,566.19,126.4,0.8319,,,,,0
390,18,car,870.92,59.15,968.48,121.76,0.8735,,,,,0
390,2868,bike,741.62,100.74,788.91,175.37,0.8696,,,,,0
390,2715,bike,680.7,108.12,718.83,177.59,0.8288,,,,,0
390,3029,bike,347.59,76.91,367.2,110.14,0.3831,,,,,0
390,2589,bike,636.91,94.14,664.24,146.57,0.7304,,,,,0
390,2072,car,425.73,193.9,576.82,321.92,0.8538,main_carriageway,23.78,18.27,0.609,0
390,3213,car,801.95,59.65,866.13,110.01,0.3748,,,,,0
390,3094,bike,509.97,99.37,532.71,141.12,0.572,,,,,0
390,2428,bike,495.53,96.68,525.29,134.9,0.3925,,,,,0
390,3321,bike,521.03,182.61,575.08,253.53,0.7174,,,,,0
390,3077,bike,461.86,84.3,482.56,117.3,0.3958,,,,,0
390,2961,car,297.83,66.28,323.67,99.18,0.2485,,,,,0
391,14,car,1081.6,61.49,1195.45,150.92,0.7691,,,,,0
391,16,car,1182.47,64.7,1279.81,160.51,0.7711,,,,,0
391,886,bike,370.36,115.19,390.88,152.24,0.8274,,,,,0
391,1154,car,386.55,257.25,582.1,445.39,0.927,main_carriageway,34.81,41.21,0.764,0
391,27,bus,952.63,41.5,1033.11,108.4,0.7248,,,,,0
391,1361,car,964.64,297.21,1280.0,606.36,0.9167,main_carriageway,31.75,91.02,0.944,0
391,1372,bike,531.77,186.49,587.54,276.74,0.7064,main_carriageway,24.37,-3.18,-0.129,0
391,1620,car,585.36,148.88,735.45,282.41,0.9192,main_carriageway,21.2,11.28,0.47,0
391,25,car,708.23,51.11,787.98,99.27,0.6954,,,,,0
391,1790,car,928.55,102.61,1053.87,192.39,0.8978,main_carriageway,14.66,4.27,0.28,0
391,1900,car,784.25,146.53,988.35,307.54,0.9289,main_carriageway,43.69,23.14,0.468,0
391,2392,bike,610.99,86.27,634.06,124.97,0.679,,,,,0
391,2522,car,243.17,150.02,296.32,202.91,0.8716,,,,,0
391,2627,car,307.53,129.86,355.04,175.93,0.8472,,,,,0
391,2166,car,97.86,188.19,139.2,237.29,0.646,opposite_carriageway,6.72,-5.2,0.612,0
391,2441,car,123.74,159.78,169.54,209.87,0.3486,,,,,0
391,2799,bike,545.42,85.92,568.35,126.73,0.7622,,,,,0
391,18,car,871.17,58.86,968.99,121.7,0.8955,,,,,0
391,2868,bike,745.57,101.97,791.91,176.14,0.9018,,,,,0
391,2715,bike,683.49,109.4,722.5,179.52,0.8753,,,,,0
391,3029,bike,347.7,77.12,367.14,110.19,0.3836,,,,,0
391,2589,bike,639.53,94.9,667.3,147.95,0.7603,,,,,0
391,2072,car,432.71,198.23,583.52,325.07,0.8795,main_carriageway,28.27,19.8,0.574,0
391,3213,car,801.42,59.56,866.19,110.42,0.4371,,,,,0
391,3094,bike,511.21,98.64,534.37,141.28,0.6099,,,,,0
391,2428,bike,496.0,96.56,525.41,134.92,0.3866,,,,,0
391,3077,bike,463.34,84.07,484.06,117.36,0.3337,,,,,0
391,2961,car,298.06,66.6,323.56,99.43,0.2446,,,,,0
392,14,car,1081.76,61.5,1195.56,150.88,0.7688,,,,,0
392,16,car,1182.25,64.38,1279.72,160.3,0.771,,,,,0
392,886,bike,370.62,115.05,391.23,152.24,0.8274,,,,,0
392,1154,car,389.16,259.41,586.67,449.54,0.9271,main_carriageway,32.39,36.69,0.75,0
392,27,bus,952.91,41.51,1033.28,108.19,0.7256,,,,,0
392,1361,car,973.64,300.27,1280.0,613.84,0.917,main_carriageway,22.38,82.36,0.965,0
392,1372,bike,531.76,188.14,585.56,272.87,0.7051,main_carriageway,17.24,-8.81,-0.455,0
392,1620,car,587.14,149.33,737.79,282.9,0.919,main_carriageway,19.12,9.11,0.43,0
392,25,car,708.45,51.34,788.03,99.22,0.692,,,,,0
392,1790,car,930.09,103.3,1055.36,192.38,0.8977,main_carriageway,12.81,3.24,0.245,0
392,1900,car,786.92,146.84,994.05,309.97,0.9288,main_carriageway,39.09,21.35,0.479,0
392,2392,bike,611.9,86.07,634.93,125.1,0.6788,,,,,0
392,2522,car,243.13,150.24,296.39,203.24,0.8716,,,,,0
392,2627,car,307.59,129.97,355.15,176.03,0.847,,,,,0
392,2166,car,98.47,188.87,139.48,236.89,0.6509,opposite_carriageway,5.92,-4.16,0.575,0
392,2441,car,123.9,159.38,169.65,209.5,0.3492,,,,,0
392,2799,bike,546.03,85.66,569.13,126.85,0.7623,,,,,0
392,18,car,871.28,58.76,969.15,121.68,0.8958,,,,,0
392,2868,bike,747.21,102.43,792.82,176.35,0.9018,,,,,0
392,2715,bike,684.38,109.87,723.99,180.22,0.875,main_carriageway,8.4,8.29,0.702,0
392,3029,bike,347.77,77.22,367.09,110.19,0.3836,,,,,0
392,2589,bike,640.42,95.17,668.43,148.45,0.7607,,,,,0
392,2072,car,435.02,199.87,586.13,326.12,0.8789,main_carriageway,23.24,15.64,0.558,0
392,3213,car,801.25,59.52,866.19,110.56,0.4373,,,,,0
392,3094,bike,511.65,98.37,534.94,141.33,0.6087,,,,,0
392,2428,bike,496.23,96.52,525.24,134.9,0.3824,,,,,0
392,3077,bike,463.92,84.01,484.55,117.38,0.3349,,,,,0
392,2961,car,298.21,66.72,323.46,99.51,0.2447,,,,,0
393,14,car,1081.97,61.45,1195.69,150.84,0.7705,,,,,0
393,16,car,1183.29,65.75,1280.0,161.06,0.7635,,,,,0
393,886,bike,371.23,115.21,392.11,152.95,0.8081,,,,,0
393,1154,car,393.98,262.28,597.84,458.9,0.9062,main_carriageway,32.35,37.5,0.757,0
393,27,bus,953.09,41.55,1033.12,107.8,0.7425,,,,,0
393,1361,car,994.63,308.65,1280.0,621.34,0.9166,main_carriageway,28.45,64.74,0.916,0
393,1620,car,590.95,150.24,745.24,286.35,0.9335,main_carriageway,19.35,9.02,0.423,0
393,25,car,707.11,49.8,789.75,99.61,0.6877,,,,,0
393,1790,car,933.83,103.83,1060.39,193.34,0.9044,main_carriageway,13.64,2.62,0.189,0
393,1900,car,794.59,149.61,1005.18,314.97,0.949,main_carriageway,37.71,20.9,0.485,0
393,2392,bike,613.37,85.21,637.09,125.76,0.6395,,,,,0
393,2522,car,243.51,151.87,296.16,204.13,0.8998,,,,,0
393,2627,car,307.98,130.74,355.41,176.45,0.8572,,,,,0
393,2166,car,98.88,188.52,140.14,236.41,0.6324,opposite_carriageway,4.69,-3.8,0.629,0
393,2441,car,124.27,158.43,170.52,209.23,0.3182,,,,,0
393,2799,bike,547.73,86.56,570.57,127.32,0.7038,,,,,0
393,18,car,871.51,58.97,968.97,121.64,0.8996,,,,,0
393,2868,bike,750.26,102.92,795.81,177.78,0.8854,,,,,0
393,2715,bike,688.18,111.08,729.1,183.09,0.8554,main_carriageway,11.21,9.19,0.634,0
393,3029,bike,347.5,77.57,366.88,110.66,0.2787,,,,,0
393,2589,bike,641.52,96.22,669.65,149.58,0.7424,,,,,0
393,2072,car,440.11,204.22,593.03,330.99,0.8614,main_carriageway,22.98,13.97,0.519,0
393,3213,car,800.93,59.51,866.25,110.88,0.4391,,,,,0
393,3094,bike,512.26,97.9,536.55,143.11,0.6413,,,,,0
393,2428,bike,496.7,96.68,524.76,134.67,0.4435,,,,,0
393,3077,bike,464.52,83.39,485.49,117.56,0.3482,,,,,0
393,3321,bike,525.72,191.17,578.76,258.69,0.4153,,,,,0
394,14,car,1081.76,61.38,1195.57,150.84,0.7801,,,,,0
394,16,car,1182.61,64.72,1279.83,160.47,0.7725,,,,,0
394,886,bike,372.5,115.74,393.62,154.1,0.7526,,,,,0
394,1154,car,400.38,266.44,611.93,470.68,0.9168,main_carriageway,39.56,46.11,0.759,0
394,27,bus,953.29,41.55,1033.4,107.72,0.712,,,,,0
394,1361,car,1024.99,321.82,1280.0,622.79,0.8991,main_carriageway,40.96,56.55,0.81,0
394,1620,car,595.48,150.88,753.86,290.01,0.9228,main_carriageway,23.96,11.4,0.43,0
394,25,car,707.94,50.79,788.91,99.32,0.6998,,,,,0
394,1790,car,938.3,104.25,1065.06,193.45,0.9063,main_carriageway,16.92,2.15,0.126,0
394,1900,car,803.93,151.59,1020.87,321.61,0.9438,main_carriageway,46.26,25.53,0.483,0
394,2392,bike,615.38,85.2,639.07,125.69,0.656,,,,,0
394,2522,car,243.79,152.46,296.42,204.59,0.8942,,,,,0
394,2627,car,308.44,131.1,355.99,176.68,0.8718,,,,,0
394,2166,car,99.77,187.49,141.0,234.82,0.6296,opposite_carriageway,4.97,-5.12,0.718,0
394,2441,car,124.82,156.89,171.51,208.39,0.3707,,,,,0
394,2799,bike,549.49,86.14,572.41,127.18,0.7844,,,,,0
394,18,car,871.95,59.1,969.27,121.62,0.8991,,,,,0
394,2868,bike,754.33,103.96,799.65,179.33,0.8958,,,,,0
394,2715,bike,693.95,111.85,733.53,180.13,0.8325,main_carriageway,15.8,5.55,0.332,0
394,3029,bike,347.49,77.99,366.75,110.88,0.2418,,,,,0
394,2589,bike,643.84,96.76,672.15,150.1,0.7808,,,,,0
394,2072,car,445.13,204.11,606.88,337.99,0.8962,main_carriageway,30.07,18.47,0.523,0
394,3213,car,800.89,59.51,866.52,111.14,0.4158,,,,,0
394,3094,bike,512.98,97.11,538.42,144.41,0.5771,,,,,0
394,2428,bike,499.03,97.48,528.89,137.98,0.4695,,,,,0
394,3077,bike,465.28,82.74,486.6,117.66,0.229,,,,,0
394,2915,bike,660.09,66.22,679.86,104.05,0.4293,,,,,0
395,14,car,1081.69,61.35,1195.53,150.84,0.7812,,,,,0
395,16,car,1182.35,64.34,1279.75,160.24,0.7733,,,,,0
395,886,bike,373.17,115.35,394.39,154.17,0.7561,,,,,0
395,1154,car,402.82,268.0,617.18,475.17,0.9174,main_carriageway,35.21,40.78,0.757,0
395,27,bus,953.36,41.56,1033.62,107.72,0.7154,,,,,0
395,1361,car,1040.17,326.76,1280.0,622.78,0.9001,main_carriageway,44.65,36.18,0.63,0
395,1620,car,596.95,151.11,757.24,291.36,0.9228,main_carriageway,22.37,10.46,0.424,0
395,25,car,708.15,51.18,788.69,99.19,0.7,,,,,0
395,1790,car,939.74,104.37,1066.92,193.48,0.9061,main_carriageway,16.36,1.12,0.068,0
395,1900,car,807.26,152.33,1026.79,324.06,0.9438,main_carriageway,42.06,23.06,0.481,0
395,2392,bike,615.78,84.77,639.62,125.78,0.6571,,,,,0
395,2522,car,243.86,152.68,296.54,204.76,0.8948,,,,,0
395,2627,car,308.51,131.22,356.26,176.76,0.873,,,,,0
395,2166,car,99.91,187.06,141.41,234.28,0.6309,,,,,0
395,2441,car,125.06,156.23,171.85,208.07,0.3576,,,,,0
395,2799,bike,550.1,85.94,573.05,127.16,0.7835,,,,,0
395,18,car,872.09,59.15,969.41,121.6,0.8991,,,,,0
395,2868,bike,756.0,104.34,800.92,179.86,0.8961,,,,,0
395,2715,bike,695.89,112.11,735.29,178.89,0.8307,,,,,0
395,3029,bike,347.49,78.13,366.69,110.93,0.2413,,,,,0
395,2589,bike,644.65,96.97,673.13,150.27,0.7796,,,,,0
395,2072,car,446.91,204.07,612.06,340.57,0.896,main_carriageway,28.21,18.65,0.551,0
395,3213,car,800.91,59.51,866.62,111.23,0.4166,,,,,0
395,3094,bike,513.2,96.8,539.12,144.91,0.5762,,,,,0
395,2428,bike,499.84,97.76,530.29,139.15,0.4739,,,,,0
395,3077,bike,465.56,82.51,486.98,117.7,0.2298,,,,,0
395,2915,bike,660.08,65.61,680.24,103.88,0.4277,,,,,0
396,14,car,1081.52,61.32,1195.43,150.87,0.8081,,,,,0
396,16,car,1182.26,64.23,1279.71,160.16,0.7916,,,,,0
396,886,bike,373.69,114.98,395.05,154.29,0.745,,,,,0
396,1154,car,409.46,274.36,629.68,487.44,0.9191,main_carriageway,35.24,42.05,0.766,0
396,27,bus,952.73,41.54,1033.65,108.13,0.7324,,,,,0
396,1361,car,1072.35,340.87,1280.0,620.96,0.8395,main_carriageway,53.86,14.6,0.262,0
396,1620,car,599.93,152.04,763.88,295.02,0.925,main_carriageway,21.5,12.61,0.506,0
396,25,car,706.9,49.75,790.15,99.49,0.7329,,,,,0
396,1790,car,943.3,104.58,1071.64,193.85,0.9149,main_carriageway,16.26,1.46,0.089,0
396,1900,car,816.14,154.41,1039.08,328.16,0.9513,main_carriageway,41.31,20.62,0.447,0
396,2392,bike,616.58,84.03,640.9,126.21,0.6277,,,,,0
396,2522,car,243.89,152.76,297.31,205.54,0.8983,,,,,0
396,2627,car,308.4,131.28,356.61,177.07,0.8825,,,,,0
396,2166,car,98.25,180.1,144.22,232.78,0.6063,,,,,0
396,2441,car,123.74,153.13,172.3,207.06,0.3735,,,,,0
396,2799,bike,551.1,85.26,574.72,127.81,0.8236,,,,,0
396,18,car,871.95,59.18,969.1,121.5,0.899,,,,,0
396,2868,bike,758.58,104.57,803.93,181.27,0.8876,main_carriageway,12.51,5.13,0.379,0
396,2715,bike,699.54,111.8,739.82,178.68,0.8166,,,,,0
396,3029,bike,347.39,78.11,366.73,111.15,0.232,,,,,0
396,2589,bike,646.06,96.8,675.03,151.3,0.829,,,,,0
396,2072,car,450.32,206.33,620.53,346.9,0.8894,main_carriageway,27.31,21.83,0.624,0
396,3213,car,801.05,59.47,866.68,111.08,0.4502,,,,,0
396,3094,bike,512.65,96.78,539.13,144.82,0.6595,,,,,0
396,2915,bike,660.44,64.91,680.83,103.48,0.2973,,,,,0
397,14,car,1080.93,61.31,1194.98,150.91,0.814,,,,,0
397,16,car,1182.28,64.15,1279.76,160.12,0.7936,,,,,0
397,886,bike,374.57,115.81,395.33,153.98,0.7265,,,,,0
397,1154,car,417.66,281.2,646.08,502.62,0.8934,main_carriageway,43.96,53.08,0.77,0
397,27,bus,952.98,41.72,1034.22,108.61,0.7578,,,,,0
397,1620,car,605.48,153.38,773.18,298.87,0.9419,main_carriageway,26.87,15.97,0.511,0
397,25,car,707.46,50.7,789.1,99.26,0.7159,,,,,0
397,1790,car,945.97,105.64,1074.53,194.15,0.9208,main_carriageway,17.53,1.77,0.1,0
397,1900,car,826.27,156.27,1056.67,335.11,0.9388,main_carriageway,50.99,25.14,0.442,0
397,2392,bike,618.51,83.78,643.33,126.92,0.7445,,,,,0
397,2522,car,244.06,153.42,298.01,206.61,0.9084,,,,,0
397,2627,car,308.62,131.77,356.91,177.43,0.8828,,,,,0
397,2166,car,97.69,175.9,145.64,231.2,0.6472,opposite_carriageway,2.69,-5.69,0.904,0
397,2441,car,123.45,150.57,173.03,205.87,0.244,,,,,0
397,2799,bike,552.61,85.7,576.46,128.68,0.8326,,,,,0
397,18,car,872.5,59.39,969.41,121.42,0.9099,,,,,0
397,2868,bike,761.18,104.06,806.94,181.98,0.9214,main_carriageway,14.04,5.63,0.372,0
397,2715,bike,701.16,111.72,736.83,170.49,0.7738,,,,,0
397,3029,bike,347.31,78.53,366.86,111.95,0.234,,,,,0
397,2589,bike,647.93,96.6,677.29,152.13,0.8501,,,,,0
397,2072,car,455.98,208.93,630.83,352.87,0.8691,main_carriageway,32.83,26.75,0.632,0
397,3213,car,801.63,59.46,866.61,110.52,0.449,,,,,0
397,3094,bike,512.99,96.56,540.24,145.05,0.6485,,,,,0
397,2915,bike,661.65,64.47,682.16,103.27,0.3382,,,,,0
397,2428,bike,500.16,97.27,531.15,140.38,0.3897,,,,,0
398,14,car,1080.71,61.3,1194.84,150.93,0.8142,,,,,0
398,16,car,1182.28,64.12,1279.77,160.1,0.7934,,,,,0
398,886,bike,374.87,116.13,395.4,153.83,0.724,,,,,0
398,1154,car,420.86,283.79,652.12,508.32,0.8926,main_carriageway,40.58,49.42,0.773,0
398,27,bus,953.09,41.8,1034.44,108.78,0.7585,,,,,0
398,1620,car,607.3,153.86,776.83,300.25,0.9422,main_carriageway,23.97,13.9,0.502,0
398,25,car,707.4,50.89,788.85,99.19,0.72,,,,,0
398,1790,car,946.5,106.0,1075.84,194.23,0.9215,main_carriageway,14.06,0.89,0.063,0
398,1900,car,829.71,156.94,1063.43,337.7,0.9389,main_carriageway,46.69,22.73,0.438,0
398,2392,bike,619.22,83.7,644.19,127.18,0.7477,,,,,0
398,2522,car,244.08,153.62,298.31,207.0,0.9085,,,,,0
398,2627,car,308.63,131.95,357.07,177.57,0.8827,,,,,0
398,2166,car,97.52,174.27,146.1,230.59,0.6501,opposite_carriageway,2.3,-5.82,0.93,0
398,2441,car,123.29,149.43,173.3,205.42,0.245,,,,,0
398,2799,bike,553.17,85.93,577.07,128.99,0.8344,,,,,0
398,18,car,872.63,59.47,969.56,121.39,0.9092,,,,,0
398,2868,bike,762.2,103.85,807.93,182.19,0.9214,main_carriageway,12.03,4.41,0.344,0
398,2715,bike,701.58,111.64,735.32,166.84,0.7737,,,,,0
398,3029,bike,347.27,78.71,366.92,112.31,0.2312,,,,,0
398,2589,bike,648.64,96.5,678.05,152.37,0.8543,,,,,0
398,2072,car,457.86,209.75,634.88,355.07,0.8704,main_carriageway,29.8,24.08,0.629,0
398,3213,car,801.82,59.45,866.6,110.3,0.452,,,,,0
398,3094,bike,513.0,96.44,540.82,145.12,0.6469,,,,,0
398,2915,bike,662.06,64.31,682.6,103.14,0.3339,,,,,0
398,3394,bike,698.85,113.45,755.39,185.86,0.3788,,,,,0
398,3395,car,1193.77,376.01,1278.53,618.22,0.3856,,,,,0
398,3396,bike,601.6,79.3,623.95,113.68,0.3512,,,,,0
398,3397,bike,1192.36,376.05,1278.67,619.97,0.3476,,,,,0
398,2428,bike,500.32,97.14,530.89,140.58,0.3875,,,,,0
399,14,car,1080.51,61.33,1194.72,150.91,0.7952,,,,,0
399,16,car,1182.28,64.19,1279.71,160.1,0.7831,,,,,0
399,886,bike,376.12,116.78,396.17,153.37,0.7719,,,,,0
399,1154,car,427.47,290.67,667.46,523.92,0.9126,main_carriageway,41.31,53.24,0.79,0
399,27,bus,952.18,41.92,1033.8,109.03,0.7623,,,,,0
399,1620,car,612.11,154.91,784.31,302.76,0.9389,main_carriageway,23.54,12.75,0.476,0
399,25,car,707.33,50.93,788.87,99.15,0.7188,,,,,0
399,1790,car,949.0,105.99,1079.2,194.21,0.9296,main_carriageway,12.42,0.76,0.061,0
399,1900,car,838.93,159.48,1079.34,344.79,0.9324,main_carriageway,46.74,23.18,0.444,0
399,2392,bike,621.14,84.55,645.84,127.41,0.7955,,,,,0
399,2522,car,243.82,153.84,298.26,207.39,0.906,,,,,0
399,2627,car,308.76,132.21,357.5,177.92,0.8836,,,,,0
399,2166,car,97.95,172.97,146.54,229.58,0.6842,,,,,0
399,2441,car,120.12,142.89,174.51,204.32,0.2516,,,,,0
399,2799,bike,555.08,87.27,578.29,129.07,0.8727,,,,,0
399,18,car,872.75,59.5,969.9,121.44,0.9059,,,,,0
399,2868,bike,766.0,104.25,811.63,183.19,0.866,main_carriageway,11.83,3.86,0.31,0
399,2715,bike,704.24,112.37,737.07,165.17,0.7908,,,,,0
399,3029,bike,347.07,78.57,367.02,112.71,0.2166,,,,,0
399,2589,bike,651.18,96.28,680.74,152.35,0.7986,,,,,0
399,2072,car,460.19,211.61,643.32,361.78,0.8682,main_carriageway,25.75,23.79,0.679,0
399,3213,car,801.96,59.45,866.57,110.13,0.448,,,,,0
399,3094,bike,514.48,96.7,542.91,146.22,0.5955,,,,,0
399,2915,bike,661.06,64.98,681.04,102.44,0.2814,,,,,0
399,3394,bike,702.1,114.75,759.76,188.5,0.5262,,,,,0
399,3396,bike,602.7,78.89,624.11,111.88,0.5444,,,,,0
399,2428,bike,500.46,96.44,529.92,139.29,0.2982,,,,,0
400,14,car,1080.33,61.37,1194.63,150.92,0.788,,,,,0
400,16,car,1182.37,64.37,1279.66,160.1,0.7949,,,,,0
400,886,bike,376.5,116.96,397.33,154.99,0.7883,,,,,0
400,1154,car,436.08,298.09,685.97,541.06,0.9008,main_carriageway,51.02,65.89,0.791,0
400,27,bus,951.73,41.97,1033.75,109.3,0.7322,,,,,0
400,1620,car,617.1,155.45,792.83,305.4,0.9292,main_carriageway,27.87,14.04,0.45,0
400,25,car,706.33,49.52,790.41,99.42,0.7117,,,,,0
400,1790,car,953.99,106.53,1086.86,195.86,0.8419,main_carriageway,17.09,2.38,0.138,0
400,1900,car,849.2,162.49,1097.97,353.75,0.9468,main_carriageway,56.56,29.69,0.465,0
400,2392,bike,623.54,85.3,648.13,128.19,0.7743,,,,,0
400,2522,car,243.29,153.88,299.21,209.16,0.8826,,,,,0
400,2627,car,308.7,132.56,358.28,178.95,0.871,,,,,0
400,2166,car,98.85,173.05,146.9,229.15,0.6525,,,,,0
400,2799,bike,556.65,88.16,579.69,129.6,0.8769,,,,,0
400,18,car,872.73,59.55,969.99,121.46,0.9009,,,,,0
400,2868,bike,769.97,105.68,815.36,184.97,0.8642,main_carriageway,14.2,5.11,0.338,0
400,3029,bike,347.43,79.06,367.29,113.08,0.2933,,,,,0
400,2589,bike,654.1,96.84,684.05,153.74,0.8027,,,,,0
400,2072,car,467.75,215.46,652.43,366.03,0.874,main_carriageway,30.6,25.46,0.64,0
400,3213,car,802.08,59.46,866.44,109.97,0.4466,,,,,0
400,3094,bike,518.31,97.76,546.45,147.28,0.6489,,,,,0
400,3394,bike,710.36,115.5,764.46,184.27,0.7482,,,,,0
400,3396,bike,603.69,79.59,624.36,111.45,0.6532,,,,,0
400,2428,bike,502.01,93.94,531.93,138.44,0.6368,,,,,0
401,14,car,1080.23,61.37,1194.67,150.93,0.7863,,,,,0
401,16,car,1182.43,64.43,1279.68,160.1,0.7924,,,,,0
401,886,bike,376.64,117.02,397.75,155.57,0.7903,,,,,0
401,1154,car,439.44,300.9,692.85,547.38,0.9006,main_carriageway,46.58,59.94,0.79,0
401,27,bus,951.5,41.99,1033.75,109.42,0.7302,,,,,0
401,1620,car,618.58,155.67,796.2,306.4,0.9293,main_carriageway,25.49,11.38,0.408,0
401,25,car,706.03,48.99,790.9,99.53,0.7134,,,,,0
401,1790,car,955.48,106.72,1089.93,196.47,0.842,main_carriageway,15.24,2.62,0.169,0
401,1900,car,852.79,163.6,1105.06,357.11,0.9467,main_carriageway,51.32,28.95,0.491,0
401,2392,bike,624.44,85.61,648.9,128.47,0.773,,,,,0
401,2522,car,243.17,153.88,299.46,209.77,0.8823,,,,,0
401,2627,car,308.63,132.68,358.61,179.35,0.8709,,,,,0
401,2166,car,99.21,173.12,146.98,229.0,0.6517,,,,,0
401,2799,bike,557.17,88.46,580.18,129.78,0.8772,,,,,0
401,18,car,872.67,59.56,970.09,121.47,0.9014,,,,,0
401,2868,bike,771.51,106.17,816.58,185.62,0.864,main_carriageway,12.79,4.35,0.322,0
401,3029,bike,347.55,79.21,367.39,113.25,0.2842,,,,,0
401,2589,bike,655.18,97.09,685.23,154.3,0.8015,,,,,0
401,2072,car,470.24,216.89,656.06,367.63,0.873,main_carriageway,27.73,20.73,0.599,0
401,3213,car,802.13,59.46,866.39,109.9,0.4476,,,,,0
401,3094,bike,519.83,98.15,547.7,147.67,0.6446,,,,,0
401,3394,bike,712.68,115.68,765.9,182.79,0.7491,,,,,0
401,3396,bike,603.95,79.76,624.43,111.38,0.6538,,,,,0
401,2428,bike,502.77,92.99,532.5,138.13,0.6394,,,,,0
402,14,car,1079.92,61.38,1194.6,150.96,0.7988,,,,,0
402,16,car,1183.58,66.12,1279.98,161.0,0.807,,,,,0
402,886,bike,377.19,117.21,398.26,155.72,0.8346,,,,,0
402,1154,car,446.11,307.6,709.99,564.2,0.8866,main_carriageway,46.18,61.58,0.8,0
402,27,bus,951.38,41.95,1033.93,109.54,0.7,,,,,0
402,1620,car,623.85,156.92,804.95,309.64,0.9476,main_carriageway,25.07,10.77,0.395,0
402,25,car,705.98,48.82,790.93,99.54,0.7241,,,,,0
402,1790,car,956.24,106.11,1095.47,198.84,0.8691,main_carriageway,15.61,4.69,0.288,0
402,1900,car,862.69,165.99,1121.76,364.11,0.9337,main_carriageway,50.76,29.0,0.496,0
402,2392,bike,626.17,85.49,650.65,128.92,0.73,,,,,0
402,2522,car,242.86,154.84,299.36,211.16,0.8873,,,,,0
402,2627,car,309.51,132.7,359.97,179.61,0.8737,,,,,0
402,2166,car,100.16,173.36,147.31,228.29,0.6432,,,,,0
402,2799,bike,558.6,89.54,581.5,130.43,0.8373,,,,,0
402,18,car,872.44,59.37,970.39,121.55,0.8997,,,,,0
402,2868,bike,774.27,106.79,819.9,187.53,0.8655,main_carriageway,13.03,5.55,0.392,0
402,3029,bike,347.41,79.15,367.43,113.54,0.2446,,,,,0
402,2589,bike,657.17,98.64,686.65,154.57,0.789,,,,,0
402,2072,car,475.83,219.02,666.96,373.72,0.8773,main_carriageway,27.99,20.85,0.597,0
402,3213,car,802.55,59.4,866.21,109.37,0.448,,,,,0
402,3094,bike,523.94,102.8,549.21,148.2,0.7148,,,,,0
402,3394,bike,716.49,116.17,770.53,183.54,0.3481,,,,,0
402,3396,bike,604.66,79.07,625.79,111.86,0.6391,,,,,0
402,2428,bike,504.72,93.36,532.37,135.85,0.6657,,,,,0
402,2441,bus,117.96,138.97,174.65,203.24,0.2644,,,,,0
402,2715,bike,714.22,115.39,748.03,167.99,0.8109,,,,,0
403,14,car,1079.83,61.35,1194.74,150.97,0.7812,,,,,0
403,16,car,1184.0,66.64,1280.0,161.35,0.8067,,,,,0
403,886,bike,378.11,117.23,399.45,156.32,0.8312,,,,,0
403,1154,car,457.91,316.39,730.9,581.05,0.8798,main_carriageway,57.91,72.73,0.782,0
403,27,bus,950.28,41.73,1033.84,110.34,0.6871,,,,,0
403,1620,car,630.85,157.96,816.29,313.3,0.9377,main_carriageway,31.5,13.05,0.383,0
403,25,car,705.81,48.62,791.08,99.71,0.7611,,,,,0
403,1790,car,962.76,107.31,1101.99,199.46,0.8605,main_carriageway,21.21,5.23,0.239,0
403,1900,car,874.03,168.2,1142.9,373.12,0.9253,main_carriageway,61.89,35.42,0.497,0
403,2392,bike,627.94,84.86,653.11,129.72,0.7389,,,,,0
403,2522,car,243.12,154.99,300.17,211.99,0.8904,,,,,0
403,2627,car,310.04,132.83,360.96,179.94,0.8712,,,,,0
403,2166,car,101.82,173.46,148.07,227.04,0.5371,,,,,0
403,2799,bike,560.57,89.5,584.1,131.27,0.7958,,,,,0
403,18,car,872.11,59.24,970.49,121.65,0.9011,,,,,0
403,2868,bike,777.4,107.28,823.23,188.49,0.9263,main_carriageway,15.25,6.3,0.382,0
403,3029,bike,347.19,78.31,367.59,113.47,0.2687,,,,,0
403,2589,bike,658.95,97.31,689.52,155.14,0.8341,,,,,0
403,2072,car,479.93,218.78,679.78,380.52,0.8735,main_carriageway,33.49,25.45,0.605,0
403,3213,car,802.76,59.34,866.08,109.0,0.4417,,,,,0
403,3094,bike,526.93,106.76,550.25,148.7,0.7112,,,,,0
403,3396,bike,606.59,78.14,628.42,112.25,0.6364,,,,,0
403,2428,bike,508.07,94.3,534.46,134.61,0.5643,,,,,0
403,2715,bike,718.5,115.84,751.93,166.13,0.8113,,,,,0
403,3077,bike,470.09,84.31,491.79,119.77,0.2838,,,,,0
404,14,car,1079.76,61.33,1194.84,150.97,0.7814,,,,,0
404,16,car,1184.17,66.82,1280.0,161.47,0.8066,,,,,0
404,886,bike,378.56,117.52,399.87,156.73,0.8289,,,,,0
404,1154,car,462.35,319.75,738.9,587.1,0.8793,main_carriageway,53.16,63.18,0.765,0
404,27,bus,949.96,41.65,1033.78,110.63,0.6897,,,,,0
404,1620,car,633.09,158.32,820.78,314.62,0.9379,main_carriageway,28.72,11.86,0.382,0
404,25,car,705.83,48.56,791.03,99.76,0.7595,,,,,0
404,1790,car,964.9,107.76,1104.63,199.71,0.8614,main_carriageway,20.67,5.5,0.257,0
404,1900,car,877.96,169.01,1151.03,376.5,0.9252,main_carriageway,55.36,31.71,0.497,0
404,2392,bike,628.58,84.61,653.96,130.03,0.7396,,,,,0
404,2522,car,243.28,155.05,300.44,212.27,0.8904,,,,,0
404,2627,car,310.16,132.88,361.41,180.09,0.8715,,,,,0
404,2166,car,103.1,174.1,148.7,226.64,0.5388,,,,,0
404,2799,bike,561.23,89.47,585.08,131.58,0.7955,,,,,0
404,18,car,871.96,59.19,970.52,121.69,0.9011,,,,,0
404,2868,bike,778.55,107.49,824.4,188.8,0.9254,main_carriageway,12.66,5.61,0.405,0
404,3029,bike,347.11,77.95,367.64,113.44,0.2686,,,,,0
404,2589,bike,659.56,96.83,690.55,155.33,0.8341,,,,,0
404,2072,car,481.43,218.61,684.49,382.9,0.8746,main_carriageway,31.21,21.12,0.561,0
404,3213,car,802.86,59.33,866.0,108.81,0.441,,,,,0
404,3094,bike,527.93,108.14,550.56,148.86,0.7121,,,,,0
404,3396,bike,607.31,77.79,629.3,112.4,0.6358,,,,,0
404,2428,bike,509.07,94.57,535.1,134.17,0.5713,,,,,0
404,2715,bike,719.68,115.99,753.53,165.48,0.8123,,,,,0
404,3077,bike,470.22,84.45,492.02,119.91,0.2845,,,,,0
405,14,car,1080.21,61.37,1195.21,150.96,0.7755,,,,,0
405,16,car,1184.42,67.1,1280.0,161.49,0.8065,,,,,0
405,886,bike,379.1,117.73,400.39,157.03,0.8527,,,,,0
405,1154,car,469.6,326.02,759.16,605.21,0.883,main_carriageway,53.36,64.15,0.769,0
405,27,bus,950.7,41.8,1033.59,110.11,0.7552,,,,,0
405,1620,car,637.73,159.66,828.31,317.31,0.9487,main_carriageway,28.05,11.91,0.391,0
405,25,car,705.88,48.63,790.83,99.82,0.7552,,,,,0
405,1790,car,969.06,110.04,1108.39,201.03,0.8174,main_carriageway,18.3,5.17,0.272,0
405,1900,car,889.44,171.63,1172.55,386.1,0.9473,main_carriageway,57.41,32.35,0.491,0
405,2392,bike,630.07,84.28,655.7,130.49,0.7728,,,,,0
405,2522,car,243.8,156.22,300.55,213.17,0.8846,,,,,0
405,2627,car,309.99,133.4,361.44,180.7,0.8557,,,,,0
405,2166,car,103.89,174.3,149.31,226.29,0.4325,,,,,0
405,2799,bike,562.66,89.49,586.99,132.27,0.8146,,,,,0
405,18,car,871.98,59.18,970.57,121.66,0.8998,,,,,0
405,2868,bike,782.87,108.59,828.49,189.88,0.8728,main_carriageway,13.02,4.91,0.353,0
405,3029,bike,347.44,78.77,368.11,114.74,0.2515,,,,,0
405,2589,bike,661.92,97.8,693.32,157.32,0.8372,,,,,0
405,2072,car,487.84,221.19,691.57,385.27,0.8448,main_carriageway,29.62,19.24,0.545,0
405,3213,car,803.07,59.38,865.37,108.11,0.4473,,,,,0
405,3094,bike,529.31,108.43,552.0,149.14,0.7149,,,,,0
405,3396,bike,608.05,77.06,630.63,112.89,0.646,,,,,0
405,2428,bike,509.95,93.59,536.74,134.77,0.6022,,,,,0
405,2715,bike,723.84,116.58,760.04,167.12,0.7951,,,,,0
405,3077,bike,470.45,83.41,493.02,120.2,0.3366,,,,,0
406,14,car,1081.26,61.34,1195.98,150.85,0.7702,,,,,0
406,16,car,1184.45,67.15,1280.0,161.52,0.8022,,,,,0
406,886,bike,379.78,118.14,401.1,157.65,0.8448,,,,,0
406,1154,car,485.81,336.81,779.7,617.68,0.8697,main_carriageway,66.61,70.3,0.726,0
406,27,bus,951.14,41.89,1033.55,109.92,0.7613,,,,,0
406,1620,car,644.08,160.72,839.5,321.29,0.9525,main_carriageway,34.4,14.89,0.397,0
406,25,car,704.71,47.25,791.77,100.05,0.7459,,,,,0
406,1790,car,973.52,110.71,1112.45,200.36,0.8333,main_carriageway,20.28,3.89,0.188,0
406,1900,car,903.08,174.62,1195.84,395.84,0.9396,main_carriageway,70.54,38.73,0.481,0
406,2392,bike,632.59,84.63,658.03,130.69,0.7891,,,,,0
406,2522,car,244.67,156.98,302.07,214.56,0.8827,,,,,0
406,2627,car,310.03,133.75,361.83,181.22,0.8639,,,,,0
406,2166,car,104.38,175.17,148.57,224.92,0.4969,,,,,0
406,2799,bike,564.47,89.24,589.02,132.46,0.8238,,,,,0
406,18,car,872.05,59.12,970.8,121.66,0.9014,,,,,0
406,2868,bike,787.43,109.31,833.36,191.55,0.8471,main_carriageway,16.35,5.93,0.341,0
406,3029,bike,347.45,78.82,368.22,115.18,0.2164,,,,,0
406,2589,bike,664.78,97.75,696.64,158.03,0.8526,,,,,0
406,2072,car,501.67,231.07,698.36,386.88,0.867,main_carriageway,36.87,19.25,0.463,0
406,3213,car,801.86,59.41,865.36,108.92,0.4465,,,,,0
406,3094,bike,530.87,105.61,554.97,149.4,0.6228,,,,,0
406,3396,bike,609.48,76.19,633.25,114.11,0.7143,,,,,0
406,2428,bike,510.17,92.89,537.59,135.85,0.6495,,,,,0
406,2715,bike,724.79,117.55,760.9,167.03,0.7773,,,,,0
406,3077,bike,471.78,82.89,494.97,120.32,0.3329,,,,,0
407,14,car,1081.66,61.33,1196.19,150.8,0.7708,,,,,0
407,16,car,1184.47,67.16,1280.0,161.53,0.8025,,,,,0
407,886,bike,380.05,118.3,401.32,157.86,0.8461,,,,,0
407,1154,car,491.32,340.93,788.06,622.26,0.8703,main_carriageway,61.64,58.06,0.686,0
407,27,bus,951.32,41.93,1033.49,109.87,0.7609,,,,,0
407,1620,car,646.01,161.09,843.95,322.76,0.9526,main_carriageway,30.58,13.12,0.394,0
407,25,car,704.43,46.73,791.96,100.13,0.7456,,,,,0
407,1790,car,974.69,110.96,1114.22,200.04,0.8318,main_carriageway,18.6,1.2,0.064,0
407,1900,car,907.96,175.72,1204.74,399.46,0.9397,main_carriageway,64.12,35.35,0.483,0
407,2392,bike,633.55,84.78,658.85,130.75,0.79,,,,,0
407,2522,car,244.99,157.29,302.61,215.06,0.8832,,,,,0
407,2627,car,310.01,133.9,362.03,181.42,0.8637,,,,,0
407,2166,car,104.35,175.48,148.49,224.45,0.4966,,,,,0
407,2799,bike,565.12,89.16,589.75,132.56,0.8242,,,,,0
407,18,car,872.05,59.1,970.91,121.66,0.9014,,,,,0
407,2868,bike,789.14,109.57,835.04,192.12,0.846,main_carriageway,15.0,4.59,0.293,0
407,3029,bike,347.5,78.87,368.22,115.33,0.2187,,,,,0
407,2589,bike,665.81,97.73,697.88,158.28,0.8529,,,,,0
407,2072,car,506.04,234.86,701.29,387.26,0.8681,main_carriageway,32.27,13.54,0.387,0
407,3213,car,801.37,59.42,865.4,109.21,0.4457,,,,,0
407,3094,bike,531.52,104.59,555.94,149.48,0.6236,,,,,0
407,3396,bike,610.05,75.89,634.18,114.59,0.715,,,,,0
407,2428,bike,510.36,92.65,537.72,136.27,0.6492,,,,,0
407,2715,bike,724.83,117.9,761.23,166.98,0.7768,,,,,0
407,3077,bike,472.2,82.69,495.74,120.36,0.3352,,,,,0
408,14,car,1081.67,61.38,1196.15,150.84,0.7719,,,,,0
408,16,car,1184.46,67.15,1280.0,161.56,0.8062,,,,,0
408,886,bike,380.66,118.33,401.82,157.75,0.8667,,,,,0
408,1154,car,507.4,346.35,806.37,624.0,0.881,main_carriageway,62.48,42.95,0.566,0
408,27,bus,951.36,41.99,1033.35,109.87,0.7578,,,,,0
408,1620,car,652.17,160.8,854.21,324.79,0.9307,main_carriageway,29.62,11.49,0.362,0
408,25,car,704.42,46.53,791.84,100.16,0.714,,,,,0
408,1790,car,981.29,112.45,1120.25,200.2,0.8583,main_carriageway,18.39,0.74,0.04,0
408,1900,car,920.74,178.17,1226.3,408.2,0.935,main_carriageway,65.05,35.08,0.475,0
408,2392,bike,635.04,85.34,660.26,131.03,0.791,,,,,0
408,2522,car,245.1,157.4,303.69,216.22,0.8772,,,,,0
408,2627,car,310.4,134.01,362.92,181.77,0.8478,,,,,0
408,2166,car,107.28,178.02,148.9,223.49,0.524,,,,,0
408,2799,bike,566.65,89.3,591.4,133.05,0.84,,,,,0
408,18,car,872.1,59.11,971.11,121.71,0.9061,,,,,0
408,2868,bike,792.24,110.81,838.17,193.25,0.8702,main_carriageway,14.89,4.76,0.304,0
408,2589,bike,668.12,97.82,700.58,158.9,0.8501,,,,,0
408,2072,car,507.69,237.22,715.61,398.28,0.841,main_carriageway,31.79,17.76,0.488,0
408,3213,car,798.93,59.23,866.43,111.09,0.3991,,,,,0
408,3094,bike,533.13,104.07,557.85,149.92,0.6427,,,,,0
408,3396,bike,611.31,75.23,635.55,114.57,0.7032,,,,,0
408,2428,bike,512.5,95.38,538.27,136.68,0.6506,,,,,0
408,2715,bike,727.44,119.37,763.99,168.01,0.8253,,,,,0
408,3077,bike,473.1,82.31,497.08,120.33,0.314,,,,,0
408,2441,bus,116.85,138.57,172.89,201.43,0.2645,opposite_carriageway,-3.15,-5.63,0.873,0
409,14,car,1081.64,61.37,1196.39,151.08,0.7556,,,,,0
409,16,car,1184.29,66.86,1280.0,161.61,0.7995,,,,,0
409,886,bike,381.89,118.97,402.88,158.21,0.8548,,,,,0
409,1154,car,531.61,360.98,825.88,624.0,0.8871,main_carriageway,78.12,36.9,0.427,0
409,27,bus,951.26,42.04,1033.2,109.88,0.739,,,,,0
409,1620,car,660.04,162.85,865.65,328.44,0.9388,main_carriageway,35.91,13.82,0.359,0
409,25,car,705.6,48.75,789.31,99.96,0.7091,,,,,0
409,1790,car,989.66,113.67,1128.59,200.08,0.8715,main_carriageway,24.36,0.37,0.015,0
409,1900,car,936.44,183.38,1252.87,421.02,0.9391,main_carriageway,80.16,44.52,0.486,0
409,2392,bike,636.97,85.67,662.09,131.31,0.7705,,,,,0
409,2522,car,245.27,157.75,304.9,217.84,0.8942,main_carriageway,3.22,5.57,0.865,0
409,2627,car,310.6,134.27,364.17,182.92,0.8378,,,,,0
409,2166,car,109.94,179.03,150.16,222.52,0.5724,,,,,0
409,2799,bike,568.58,89.52,593.25,133.29,0.8432,,,,,0
409,18,car,872.19,59.12,971.34,121.75,0.9138,,,,,0
409,2868,bike,795.48,111.86,842.62,196.32,0.8715,main_carriageway,17.58,7.52,0.393,0
409,2589,bike,670.9,99.33,703.07,159.92,0.8352,,,,,0
409,2072,car,514.88,243.51,731.56,409.68,0.8719,main_carriageway,40.26,26.78,0.554,0
409,3213,car,799.81,59.45,866.73,110.95,0.4016,,,,,0
409,3094,bike,534.57,103.04,560.01,150.84,0.6588,,,,,0
409,3396,bike,612.48,75.23,636.07,114.15,0.5641,,,,,0
409,2428,bike,513.73,97.81,540.06,140.43,0.5737,,,,,0
409,2715,bike,730.71,120.47,767.34,168.72,0.8574,,,,,0
409,3077,bike,474.2,83.23,498.16,120.76,0.3584,,,,,0
409,3528,rickshaw,59.97,226.18,131.05,315.71,0.4684,,,,,0
409,3529,bike,1.1,223.09,25.35,269.59,0.3862,,,,,0
409,2441,bus,116.07,138.74,172.37,201.0,0.2636,opposite_carriageway,-4.02,-4.87,0.771,0
410,14,car,1081.68,61.36,1196.5,151.16,0.7569,,,,,0
410,16,car,1184.22,66.75,1280.0,161.63,0.8001,,,,,0
410,886,bike,382.37,119.2,403.24,158.38,0.8527,,,,,0
410,1154,car,538.4,366.32,834.96,624.0,0.8866,main_carriageway,72.3,18.79,0.252,0
410,27,bus,951.19,42.06,1033.13,109.88,0.7393,,,,,0
410,1620,car,662.48,163.62,870.22,329.75,0.9386,main_carriageway,33.33,12.44,0.35,0
410,25,car,705.98,49.61,788.36,99.88,0.7058,,,,,0
410,1790,car,992.17,114.22,1132.02,200.0,0.8714,main_carriageway,23.37,-1.03,-0.044,0
410,1900,car,942.12,185.37,1262.96,425.8,0.9391,main_carriageway,71.55,39.7,0.485,0
410,2392,bike,637.68,85.78,662.71,131.39,0.7684,,,,,0
410,2522,car,245.37,157.83,305.3,218.43,0.8939,main_carriageway,3.16,5.26,0.857,0
410,2627,car,310.65,134.37,364.62,183.34,0.8389,,,,,0
410,2166,car,110.76,179.43,150.67,222.18,0.5749,,,,,0
410,2799,bike,569.29,89.59,593.89,133.37,0.843,,,,,0
410,18,car,872.19,59.12,971.44,121.75,0.9135,,,,,0
410,2868,bike,796.59,112.24,844.23,197.47,0.8741,main_carriageway,14.73,7.59,0.458,0
410,2589,bike,671.88,99.89,703.93,160.29,0.8344,,,,,0
410,2072,car,517.01,245.91,738.24,414.03,0.8714,main_carriageway,37.92,28.76,0.604,0
410,3213,car,800.14,59.53,866.8,110.92,0.4,,,,,0
410,3094,bike,535.17,102.63,560.7,151.18,0.6577,,,,,0
410,3396,bike,612.98,75.34,636.04,113.98,0.5618,,,,,0
410,2428,bike,514.25,98.7,540.61,141.8,0.5743,,,,,0
410,2715,bike,731.74,120.86,768.59,168.97,0.8571,,,,,0
410,3077,bike,474.52,83.57,498.62,120.93,0.3571,,,,,0
410,3528,rickshaw,60.55,226.94,130.81,315.3,0.4666,,,,,0
410,3529,bike,1.28,223.29,25.32,269.37,0.3929,,,,,0
410,2441,bus,115.64,138.81,172.35,200.81,0.2572,opposite_carriageway,-4.3,-4.61,0.731,0
410,3539,bike,1031.47,74.89,1076.76,112.6,0.3036,,,,,0
411,14,car,1081.84,61.27,1196.86,151.26,0.7098,,,,,0
411,16,car,1184.18,66.55,1280.0,161.63,0.7945,,,,,0
411,886,bike,383.46,119.47,404.24,158.49,0.8525,,,,,0
411,1154,car,553.06,378.73,847.55,624.0,0.8612,main_carriageway,67.55,6.32,0.093,0
411,27,bus,950.97,42.06,1032.87,109.84,0.7549,,,,,0
411,1620,car,669.54,164.23,881.77,332.85,0.9277,main_carriageway,33.87,11.56,0.323,0
411,25,car,706.12,49.97,788.0,99.84,0.6837,,,,,0
411,1790,car,996.55,116.03,1138.41,201.84,0.8869,main_carriageway,24.49,1.48,0.06,0
411,1900,car,950.29,189.22,1279.83,436.84,0.9392,main_carriageway,65.6,41.0,0.53,0
411,2392,bike,639.46,85.6,664.71,131.64,0.76,,,,,0
411,2522,car,245.4,157.78,305.92,219.21,0.8936,,,,,0
411,2627,car,311.25,134.42,365.63,183.67,0.8369,,,,,0
411,2166,car,113.16,179.07,151.68,220.09,0.5121,opposite_carriageway,5.95,-4.83,0.631,0
411,2799,bike,570.79,90.02,595.31,133.69,0.8797,,,,,0
411,18,car,872.1,59.13,971.49,121.8,0.9155,,,,,0
411,2868,bike,800.89,112.36,848.97,198.22,0.8077,main_carriageway,14.54,6.67,0.417,0
411,2589,bike,674.03,99.86,706.35,160.84,0.8556,,,,,0
411,2072,car,523.78,250.18,753.6,424.01,0.876,main_carriageway,38.68,37.13,0.693,0
411,3213,car,801.21,59.62,866.95,110.48,0.3065,,,,,0
411,3094,bike,536.02,101.78,562.24,152.13,0.6867,,,,,0
411,3396,bike,614.4,76.33,636.13,113.06,0.6188,,,,,0
411,2428,bike,515.71,98.33,542.76,143.1,0.6139,,,,,0
411,2715,bike,734.57,120.75,771.46,168.58,0.8938,,,,,0
411,3077,bike,475.59,85.08,499.26,121.3,0.4201,,,,,0
411,3528,rickshaw,58.81,216.65,134.83,312.43,0.4401,,,,,0
411,3529,bike,2.12,222.25,25.93,267.91,0.3967,,,,,0
411,3539,bike,1031.14,74.99,1076.5,112.76,0.2929,,,,,0
412,14,car,1082.71,61.25,1197.06,150.96,0.6668,,,,,0
412,16,car,1184.22,66.49,1280.0,161.58,0.7893,,,,,0
412,886,bike,384.06,119.14,405.3,158.99,0.8392,,,,,0
412,1154,car,572.76,390.69,867.24,624.0,0.858,main_carriageway,80.31,1.74,0.022,0
412,27,bus,950.96,42.11,1032.75,109.83,0.7808,,,,,0
412,1620,car,677.72,166.8,891.41,335.05,0.9217,main_carriageway,39.59,12.29,0.297,0
412,25,car,706.37,50.3,787.86,99.84,0.6847,,,,,0
412,1790,car,999.36,116.83,1146.81,205.47,0.8771,main_carriageway,28.63,5.43,0.186,0
412,1900,car,956.97,193.53,1280.0,450.99,0.9442,main_carriageway,62.14,51.53,0.638,0
412,2392,bike,642.65,87.14,667.41,132.11,0.7321,,,,,0
412,2522,car,245.71,158.65,306.71,220.72,0.8913,main_carriageway,2.41,5.66,0.92,0
412,2627,car,311.89,134.66,366.82,184.31,0.8493,,,,,0
412,2166,car,114.72,178.35,152.94,218.87,0.5394,opposite_carriageway,7.41,-5.58,0.602,0
412,2799,bike,572.82,90.77,596.98,133.72,0.8659,,,,,0
412,18,car,872.09,59.22,971.38,121.8,0.9198,,,,,0
412,2868,bike,802.97,113.35,851.67,198.44,0.8778,main_carriageway,15.23,6.32,0.383,0
412,2589,bike,677.37,100.26,710.06,161.9,0.8858,,,,,0
412,2072,car,526.31,254.38,775.05,442.3,0.896,main_carriageway,47.01,55.04,0.76,0
412,3213,car,801.71,59.68,867.06,110.45,0.3249,,,,,0
412,3094,bike,537.28,101.45,564.23,153.5,0.7416,,,,,0
412,3396,bike,615.84,77.63,637.41,114.14,0.7043,,,,,0
412,2428,bike,517.9,98.81,544.12,142.53,0.6192,,,,,0
412,2715,bike,738.26,122.31,775.48,170.27,0.8777,,,,,0
412,3077,bike,476.35,86.19,499.77,121.76,0.4966,,,,,0
412,3528,rickshaw,59.87,213.45,136.03,309.57,0.2363,,,,,0
412,3529,bike,3.19,220.5,27.9,267.87,0.3867,,,,,0
412,2509,bike,780.36,70.97,809.74,112.82,0.2232,,,,,0
